solid OpenSCAD_Model
  facet normal 0.0654217 -0.997858 0
    outer loop
      vertex 68.5 -2.5 0
      vertex 69.0221 -2.46577 22.9
      vertex 68.5 -2.5 22.9
    endloop
  endfacet
  facet normal 0.0654217 -0.997858 0
    outer loop
      vertex 69.0221 -2.46577 22.9
      vertex 68.5 -2.5 0
      vertex 69.0221 -2.46577 0
    endloop
  endfacet
  facet normal 0.321498 -0.94691 0
    outer loop
      vertex 69.5353 -2.36371 0
      vertex 70.0307 -2.19551 22.9
      vertex 69.5353 -2.36371 22.9
    endloop
  endfacet
  facet normal 0.321498 -0.94691 0
    outer loop
      vertex 70.0307 -2.19551 22.9
      vertex 69.5353 -2.36371 0
      vertex 70.0307 -2.19551 0
    endloop
  endfacet
  facet normal 0 -1 0
    outer loop
      vertex 1.5 -2.5 22.9
      vertex 28 -2.5 21.7
      vertex 28 -2.5 22.9
    endloop
  endfacet
  facet normal 0 -1 -0
    outer loop
      vertex 28 -2.5 21.7
      vertex 1.5 -2.5 0
      vertex 42 -2.5 21.7
    endloop
  endfacet
  facet normal 0 -1 0
    outer loop
      vertex 1.5 -2.5 0
      vertex 28 -2.5 21.7
      vertex 1.5 -2.5 22.9
    endloop
  endfacet
  facet normal 0 -1 0
    outer loop
      vertex 42 -2.5 21.7
      vertex 68.5 -2.5 22.9
      vertex 42 -2.5 22.9
    endloop
  endfacet
  facet normal 0 -1 0
    outer loop
      vertex 68.5 -2.5 0
      vertex 42 -2.5 21.7
      vertex 1.5 -2.5 0
    endloop
  endfacet
  facet normal 0 -1 0
    outer loop
      vertex 42 -2.5 21.7
      vertex 68.5 -2.5 0
      vertex 68.5 -2.5 22.9
    endloop
  endfacet
  facet normal 0.19505 -0.980793 0
    outer loop
      vertex 69.0221 -2.46577 0
      vertex 69.5353 -2.36371 22.9
      vertex 69.0221 -2.46577 22.9
    endloop
  endfacet
  facet normal 0.19505 -0.980793 0
    outer loop
      vertex 69.5353 -2.36371 22.9
      vertex 69.0221 -2.46577 0
      vertex 69.5353 -2.36371 0
    endloop
  endfacet
  facet normal -0.659345 -0.751841 0
    outer loop
      vertex -1.32843 -1.32843 0
      vertex -0.935043 -1.67342 22.9
      vertex -1.32843 -1.32843 22.9
    endloop
  endfacet
  facet normal -0.659345 -0.751841 -0
    outer loop
      vertex -0.935043 -1.67342 22.9
      vertex -1.32843 -1.32843 0
      vertex -0.935043 -1.67342 0
    endloop
  endfacet
  facet normal -1 0 0
    outer loop
      vertex -2.5 88.5 0
      vertex -2.5 21 9
      vertex -2.5 88.5 22.9
    endloop
  endfacet
  facet normal -1 0 0
    outer loop
      vertex -2.5 1.5 0
      vertex -2.5 21 9
      vertex -2.5 88.5 0
    endloop
  endfacet
  facet normal -1 0 0
    outer loop
      vertex -2.5 1.5 22.9
      vertex -2.5 8 9
      vertex -2.5 1.5 0
    endloop
  endfacet
  facet normal -1 -0 0
    outer loop
      vertex -2.5 21 9
      vertex -2.5 1.5 0
      vertex -2.5 8 9
    endloop
  endfacet
  facet normal -1 0 0
    outer loop
      vertex -2.5 21 17.6
      vertex -2.5 88.5 22.9
      vertex -2.5 21 9
    endloop
  endfacet
  facet normal -1 0 0
    outer loop
      vertex -2.5 1.5 22.9
      vertex -2.5 21 17.6
      vertex -2.5 8 17.6
    endloop
  endfacet
  facet normal -1 0 0
    outer loop
      vertex -2.5 21 17.6
      vertex -2.5 1.5 22.9
      vertex -2.5 88.5 22.9
    endloop
  endfacet
  facet normal -1 0 0
    outer loop
      vertex -2.5 8 9
      vertex -2.5 1.5 22.9
      vertex -2.5 8 17.6
    endloop
  endfacet
  facet normal 0 0 1
    outer loop
      vertex 72.1955 90.0307 22.9
      vertex 70.4914 89.6305 22.9
      vertex 70.5 89.5 22.9
    endloop
  endfacet
  facet normal 0 0 1
    outer loop
      vertex 70.935 91.6734 22.9
      vertex 70.4659 89.7588 22.9
      vertex 70.4914 89.6305 22.9
    endloop
  endfacet
  facet normal 0 0 1
    outer loop
      vertex 70.935 91.6734 22.9
      vertex 70.4239 89.8827 22.9
      vertex 70.4659 89.7588 22.9
    endloop
  endfacet
  facet normal 0 0 1
    outer loop
      vertex 70.935 91.6734 22.9
      vertex 70.366 90 22.9
      vertex 70.4239 89.8827 22.9
    endloop
  endfacet
  facet normal 0 0 1
    outer loop
      vertex 70.935 91.6734 22.9
      vertex 70.2934 90.1088 22.9
      vertex 70.366 90 22.9
    endloop
  endfacet
  facet normal 0 0 1
    outer loop
      vertex 70.935 91.6734 22.9
      vertex 70.2071 90.2071 22.9
      vertex 70.2934 90.1088 22.9
    endloop
  endfacet
  facet normal 0 0 1
    outer loop
      vertex 70.935 91.6734 22.9
      vertex 70.1088 90.2934 22.9
      vertex 70.2071 90.2071 22.9
    endloop
  endfacet
  facet normal 0 0 1
    outer loop
      vertex 69.7588 90.4659 22.9
      vertex 70.5 91.9641 22.9
      vertex 70.0307 92.1955 22.9
    endloop
  endfacet
  facet normal 0 0 1
    outer loop
      vertex 70.935 91.6734 22.9
      vertex 70 90.366 22.9
      vertex 70.1088 90.2934 22.9
    endloop
  endfacet
  facet normal 0 0 1
    outer loop
      vertex 70.935 91.6734 22.9
      vertex 69.8827 90.4239 22.9
      vertex 70 90.366 22.9
    endloop
  endfacet
  facet normal 0 0 1
    outer loop
      vertex 70.5 91.9641 22.9
      vertex 69.7588 90.4659 22.9
      vertex 69.8827 90.4239 22.9
    endloop
  endfacet
  facet normal 0 0 1
    outer loop
      vertex 70.0307 92.1955 22.9
      vertex 69.6305 90.4914 22.9
      vertex 69.7588 90.4659 22.9
    endloop
  endfacet
  facet normal 0 0 1
    outer loop
      vertex 69.5 90.5 22.9
      vertex 70.0307 92.1955 22.9
      vertex 69.5353 92.3637 22.9
    endloop
  endfacet
  facet normal 0 0 1
    outer loop
      vertex 70.0307 92.1955 22.9
      vertex 69.5 90.5 22.9
      vertex 69.6305 90.4914 22.9
    endloop
  endfacet
  facet normal 0 0 1
    outer loop
      vertex 69.0221 92.4658 22.9
      vertex 69.5 90.5 22.9
      vertex 69.5353 92.3637 22.9
    endloop
  endfacet
  facet normal 0 0 1
    outer loop
      vertex 68.5 92.5 22.9
      vertex 69.5 90.5 22.9
      vertex 69.0221 92.4658 22.9
    endloop
  endfacet
  facet normal -0 0 1
    outer loop
      vertex 1.5 92.5 22.9
      vertex 69.5 90.5 22.9
      vertex 68.5 92.5 22.9
    endloop
  endfacet
  facet normal 0 0 1
    outer loop
      vertex 0.5 90.5 22.9
      vertex 1.5 92.5 22.9
      vertex 0.97789 92.4658 22.9
    endloop
  endfacet
  facet normal 0 0 1
    outer loop
      vertex 1.5 92.5 22.9
      vertex 0.5 90.5 22.9
      vertex 69.5 90.5 22.9
    endloop
  endfacet
  facet normal -0 0 1
    outer loop
      vertex 0.464722 92.3637 22.9
      vertex 0.5 90.5 22.9
      vertex 0.97789 92.4658 22.9
    endloop
  endfacet
  facet normal -0 0 1
    outer loop
      vertex -0.0307312 92.1955 22.9
      vertex 0.5 90.5 22.9
      vertex 0.464722 92.3637 22.9
    endloop
  endfacet
  facet normal 0 0 1
    outer loop
      vertex 0.5 90.5 22.9
      vertex -0.0307312 92.1955 22.9
      vertex 0.369476 90.4914 22.9
    endloop
  endfacet
  facet normal 0 0 1
    outer loop
      vertex 0.369476 90.4914 22.9
      vertex -0.0307312 92.1955 22.9
      vertex 0.24118 90.4659 22.9
    endloop
  endfacet
  facet normal -0 0 1
    outer loop
      vertex -0.5 91.9641 22.9
      vertex 0.24118 90.4659 22.9
      vertex -0.0307312 92.1955 22.9
    endloop
  endfacet
  facet normal 0 0 1
    outer loop
      vertex 0.24118 90.4659 22.9
      vertex -0.5 91.9641 22.9
      vertex 0.11731 90.4239 22.9
    endloop
  endfacet
  facet normal -0 0 1
    outer loop
      vertex -0.935043 91.6734 22.9
      vertex 0.11731 90.4239 22.9
      vertex -0.5 91.9641 22.9
    endloop
  endfacet
  facet normal 0 0 1
    outer loop
      vertex 0.11731 90.4239 22.9
      vertex -0.935043 91.6734 22.9
      vertex 0 90.366 22.9
    endloop
  endfacet
  facet normal 0 0 1
    outer loop
      vertex 0 90.366 22.9
      vertex -0.935043 91.6734 22.9
      vertex -0.108765 90.2934 22.9
    endloop
  endfacet
  facet normal -0 0 1
    outer loop
      vertex -1.32843 91.3284 22.9
      vertex -0.108765 90.2934 22.9
      vertex -0.935043 91.6734 22.9
    endloop
  endfacet
  facet normal 0 0 1
    outer loop
      vertex -0.108765 90.2934 22.9
      vertex -1.32843 91.3284 22.9
      vertex -0.207108 90.2071 22.9
    endloop
  endfacet
  facet normal 0 0 1
    outer loop
      vertex -0.207108 90.2071 22.9
      vertex -1.32843 91.3284 22.9
      vertex -0.29335 90.1088 22.9
    endloop
  endfacet
  facet normal -0 0 1
    outer loop
      vertex -1.67342 90.935 22.9
      vertex -0.29335 90.1088 22.9
      vertex -1.32843 91.3284 22.9
    endloop
  endfacet
  facet normal 0 0 1
    outer loop
      vertex -0.29335 90.1088 22.9
      vertex -1.67342 90.935 22.9
      vertex -0.366028 90 22.9
    endloop
  endfacet
  facet normal 0 0 1
    outer loop
      vertex -0.366028 90 22.9
      vertex -1.67342 90.935 22.9
      vertex -0.423874 89.8827 22.9
    endloop
  endfacet
  facet normal -0 0 1
    outer loop
      vertex -1.9641 90.5 22.9
      vertex -0.423874 89.8827 22.9
      vertex -1.67342 90.935 22.9
    endloop
  endfacet
  facet normal 0 0 1
    outer loop
      vertex -0.5 89.5 22.9
      vertex -2.5 88.5 22.9
      vertex -0.5 0.5 22.9
    endloop
  endfacet
  facet normal 0 0 1
    outer loop
      vertex -0.423874 89.8827 22.9
      vertex -1.9641 90.5 22.9
      vertex -0.465927 89.7588 22.9
    endloop
  endfacet
  facet normal -0 0 1
    outer loop
      vertex -2.5 1.5 22.9
      vertex -0.5 0.5 22.9
      vertex -2.5 88.5 22.9
    endloop
  endfacet
  facet normal -0 0 1
    outer loop
      vertex -2.19551 90.0307 22.9
      vertex -0.465927 89.7588 22.9
      vertex -1.9641 90.5 22.9
    endloop
  endfacet
  facet normal -0 -0 1
    outer loop
      vertex -2.46577 0.97789 22.9
      vertex -0.5 0.5 22.9
      vertex -2.5 1.5 22.9
    endloop
  endfacet
  facet normal 0 0 1
    outer loop
      vertex -0.465927 89.7588 22.9
      vertex -2.19551 90.0307 22.9
      vertex -0.49144 89.6305 22.9
    endloop
  endfacet
  facet normal 0 0 1
    outer loop
      vertex -0.5 0.5 22.9
      vertex -0.935043 -1.67342 22.9
      vertex -0.5 -1.9641 22.9
    endloop
  endfacet
  facet normal 0 0 1
    outer loop
      vertex -0.49144 89.6305 22.9
      vertex -2.19551 90.0307 22.9
      vertex -0.5 89.5 22.9
    endloop
  endfacet
  facet normal 0 0 1
    outer loop
      vertex -0.5 0.5 22.9
      vertex -1.32843 -1.32843 22.9
      vertex -0.935043 -1.67342 22.9
    endloop
  endfacet
  facet normal -0 0 1
    outer loop
      vertex -2.36371 89.5353 22.9
      vertex -0.5 89.5 22.9
      vertex -2.19551 90.0307 22.9
    endloop
  endfacet
  facet normal 0 0 1
    outer loop
      vertex -0.5 0.5 22.9
      vertex -1.67342 -0.935043 22.9
      vertex -1.32843 -1.32843 22.9
    endloop
  endfacet
  facet normal 0 0 1
    outer loop
      vertex -2.46577 89.0221 22.9
      vertex -0.5 89.5 22.9
      vertex -2.36371 89.5353 22.9
    endloop
  endfacet
  facet normal 0 0 1
    outer loop
      vertex -0.5 0.5 22.9
      vertex -1.9641 -0.5 22.9
      vertex -1.67342 -0.935043 22.9
    endloop
  endfacet
  facet normal 0 0 1
    outer loop
      vertex -0.5 89.5 22.9
      vertex -2.46577 89.0221 22.9
      vertex -2.5 88.5 22.9
    endloop
  endfacet
  facet normal 0 0 1
    outer loop
      vertex -0.5 0.5 22.9
      vertex -2.19551 -0.0307312 22.9
      vertex -1.9641 -0.5 22.9
    endloop
  endfacet
  facet normal 0 0 1
    outer loop
      vertex -0.5 0.5 22.9
      vertex -2.36371 0.464722 22.9
      vertex -2.19551 -0.0307312 22.9
    endloop
  endfacet
  facet normal 0 0 1
    outer loop
      vertex -0.5 0.5 22.9
      vertex -2.46577 0.97789 22.9
      vertex -2.36371 0.464722 22.9
    endloop
  endfacet
  facet normal 0 0 1
    outer loop
      vertex 70.5 89.5 22.9
      vertex 72.5 88.5 22.9
      vertex 72.4658 89.0221 22.9
    endloop
  endfacet
  facet normal 0 0 1
    outer loop
      vertex 72.5 88.5 22.9
      vertex 70.5 89.5 22.9
      vertex 72.5 1.5 22.9
    endloop
  endfacet
  facet normal -0 0 1
    outer loop
      vertex 70.5 89.5 22.9
      vertex 72.4658 89.0221 22.9
      vertex 72.3637 89.5353 22.9
    endloop
  endfacet
  facet normal 0 0 1
    outer loop
      vertex 70.5 0.5 22.9
      vertex 72.5 1.5 22.9
      vertex 70.5 89.5 22.9
    endloop
  endfacet
  facet normal 0 0 1
    outer loop
      vertex 70.5 89.5 22.9
      vertex 72.3637 89.5353 22.9
      vertex 72.1955 90.0307 22.9
    endloop
  endfacet
  facet normal 0 0 1
    outer loop
      vertex 72.5 1.5 22.9
      vertex 70.5 0.5 22.9
      vertex 72.4658 0.97789 22.9
    endloop
  endfacet
  facet normal 0 0 1
    outer loop
      vertex 70.4914 89.6305 22.9
      vertex 72.1955 90.0307 22.9
      vertex 71.9641 90.5 22.9
    endloop
  endfacet
  facet normal 0 0 1
    outer loop
      vertex 72.4658 0.97789 22.9
      vertex 70.5 0.5 22.9
      vertex 72.3637 0.464722 22.9
    endloop
  endfacet
  facet normal 0 0 1
    outer loop
      vertex 70.4914 89.6305 22.9
      vertex 71.9641 90.5 22.9
      vertex 71.6734 90.935 22.9
    endloop
  endfacet
  facet normal 0 0 1
    outer loop
      vertex 72.3637 0.464722 22.9
      vertex 70.5 0.5 22.9
      vertex 72.1955 -0.0307312 22.9
    endloop
  endfacet
  facet normal 0 0 1
    outer loop
      vertex 70.4914 89.6305 22.9
      vertex 71.6734 90.935 22.9
      vertex 71.3284 91.3284 22.9
    endloop
  endfacet
  facet normal -0 0 1
    outer loop
      vertex 70.4914 0.369476 22.9
      vertex 72.1955 -0.0307312 22.9
      vertex 70.5 0.5 22.9
    endloop
  endfacet
  facet normal 0 0 1
    outer loop
      vertex 70.4914 89.6305 22.9
      vertex 71.3284 91.3284 22.9
      vertex 70.935 91.6734 22.9
    endloop
  endfacet
  facet normal -0 0 1
    outer loop
      vertex 70.4659 0.24118 22.9
      vertex 72.1955 -0.0307312 22.9
      vertex 70.4914 0.369476 22.9
    endloop
  endfacet
  facet normal 0 0 1
    outer loop
      vertex 69.8827 90.4239 22.9
      vertex 70.935 91.6734 22.9
      vertex 70.5 91.9641 22.9
    endloop
  endfacet
  facet normal 0 0 1
    outer loop
      vertex 72.1955 -0.0307312 22.9
      vertex 70.4659 0.24118 22.9
      vertex 71.9641 -0.5 22.9
    endloop
  endfacet
  facet normal -0 0 1
    outer loop
      vertex 70.4239 0.11731 22.9
      vertex 71.9641 -0.5 22.9
      vertex 70.4659 0.24118 22.9
    endloop
  endfacet
  facet normal 0 0 1
    outer loop
      vertex 71.9641 -0.5 22.9
      vertex 70.4239 0.11731 22.9
      vertex 71.6734 -0.935043 22.9
    endloop
  endfacet
  facet normal -0 0 1
    outer loop
      vertex 70.366 0 22.9
      vertex 71.6734 -0.935043 22.9
      vertex 70.4239 0.11731 22.9
    endloop
  endfacet
  facet normal -0 0 1
    outer loop
      vertex 70.2934 -0.108765 22.9
      vertex 71.6734 -0.935043 22.9
      vertex 70.366 0 22.9
    endloop
  endfacet
  facet normal 0 0 1
    outer loop
      vertex 71.6734 -0.935043 22.9
      vertex 70.2934 -0.108765 22.9
      vertex 71.3284 -1.32843 22.9
    endloop
  endfacet
  facet normal -0 0 1
    outer loop
      vertex 70.2071 -0.207108 22.9
      vertex 71.3284 -1.32843 22.9
      vertex 70.2934 -0.108765 22.9
    endloop
  endfacet
  facet normal -0 0 1
    outer loop
      vertex 70.1088 -0.29335 22.9
      vertex 71.3284 -1.32843 22.9
      vertex 70.2071 -0.207108 22.9
    endloop
  endfacet
  facet normal 0 0 1
    outer loop
      vertex 71.3284 -1.32843 22.9
      vertex 70.1088 -0.29335 22.9
      vertex 70.935 -1.67342 22.9
    endloop
  endfacet
  facet normal -0 0 1
    outer loop
      vertex 70 -0.366028 22.9
      vertex 70.935 -1.67342 22.9
      vertex 70.1088 -0.29335 22.9
    endloop
  endfacet
  facet normal -0 0 1
    outer loop
      vertex 69.8827 -0.423874 22.9
      vertex 70.935 -1.67342 22.9
      vertex 70 -0.366028 22.9
    endloop
  endfacet
  facet normal 0 0 1
    outer loop
      vertex 70.935 -1.67342 22.9
      vertex 69.8827 -0.423874 22.9
      vertex 70.5 -1.9641 22.9
    endloop
  endfacet
  facet normal -0 0 1
    outer loop
      vertex 69.7588 -0.465927 22.9
      vertex 70.5 -1.9641 22.9
      vertex 69.8827 -0.423874 22.9
    endloop
  endfacet
  facet normal 0 0 1
    outer loop
      vertex 70.5 -1.9641 22.9
      vertex 69.7588 -0.465927 22.9
      vertex 70.0307 -2.19551 22.9
    endloop
  endfacet
  facet normal -0 0 1
    outer loop
      vertex 69.6305 -0.49144 22.9
      vertex 70.0307 -2.19551 22.9
      vertex 69.7588 -0.465927 22.9
    endloop
  endfacet
  facet normal -0 0 1
    outer loop
      vertex 69.5 -0.5 22.9
      vertex 70.0307 -2.19551 22.9
      vertex 69.6305 -0.49144 22.9
    endloop
  endfacet
  facet normal 0 0 1
    outer loop
      vertex 70.0307 -2.19551 22.9
      vertex 69.5 -0.5 22.9
      vertex 69.5353 -2.36371 22.9
    endloop
  endfacet
  facet normal 0 0 1
    outer loop
      vertex 69.5 -0.5 22.9
      vertex 69.0221 -2.46577 22.9
      vertex 69.5353 -2.36371 22.9
    endloop
  endfacet
  facet normal 0 0 1
    outer loop
      vertex 69.5 -0.5 22.9
      vertex 68.5 -2.5 22.9
      vertex 69.0221 -2.46577 22.9
    endloop
  endfacet
  facet normal -0 0 1
    outer loop
      vertex 42 -0.5 22.9
      vertex 68.5 -2.5 22.9
      vertex 69.5 -0.5 22.9
    endloop
  endfacet
  facet normal 0 0 1
    outer loop
      vertex 68.5 -2.5 22.9
      vertex 42 -0.5 22.9
      vertex 42 -2.5 22.9
    endloop
  endfacet
  facet normal 0 0 1
    outer loop
      vertex 28 -0.5 22.9
      vertex 1.5 -2.5 22.9
      vertex 28 -2.5 22.9
    endloop
  endfacet
  facet normal -0 0 1
    outer loop
      vertex 0.5 -0.5 22.9
      vertex 1.5 -2.5 22.9
      vertex 28 -0.5 22.9
    endloop
  endfacet
  facet normal 0 0 1
    outer loop
      vertex 1.5 -2.5 22.9
      vertex 0.5 -0.5 22.9
      vertex 0.97789 -2.46577 22.9
    endloop
  endfacet
  facet normal 0 0 1
    outer loop
      vertex 0.5 -0.5 22.9
      vertex 0.464722 -2.36371 22.9
      vertex 0.97789 -2.46577 22.9
    endloop
  endfacet
  facet normal 0 0 1
    outer loop
      vertex -0.0307312 -2.19551 22.9
      vertex 0.5 -0.5 22.9
      vertex 0.369476 -0.49144 22.9
    endloop
  endfacet
  facet normal 0 0 1
    outer loop
      vertex -0.0307312 -2.19551 22.9
      vertex 0.369476 -0.49144 22.9
      vertex 0.24118 -0.465927 22.9
    endloop
  endfacet
  facet normal 0 0 1
    outer loop
      vertex -0.5 -1.9641 22.9
      vertex 0.24118 -0.465927 22.9
      vertex 0.11731 -0.423874 22.9
    endloop
  endfacet
  facet normal 0 0 1
    outer loop
      vertex -0.5 -1.9641 22.9
      vertex 0.11731 -0.423874 22.9
      vertex 0 -0.366028 22.9
    endloop
  endfacet
  facet normal 0 0 1
    outer loop
      vertex 0.5 -0.5 22.9
      vertex -0.0307312 -2.19551 22.9
      vertex 0.464722 -2.36371 22.9
    endloop
  endfacet
  facet normal 0 0 1
    outer loop
      vertex -0.5 -1.9641 22.9
      vertex 0 -0.366028 22.9
      vertex -0.108765 -0.29335 22.9
    endloop
  endfacet
  facet normal 0 0 1
    outer loop
      vertex -0.5 -1.9641 22.9
      vertex -0.108765 -0.29335 22.9
      vertex -0.207108 -0.207108 22.9
    endloop
  endfacet
  facet normal 0 0 1
    outer loop
      vertex -0.5 -1.9641 22.9
      vertex -0.207108 -0.207108 22.9
      vertex -0.29335 -0.108765 22.9
    endloop
  endfacet
  facet normal 0 0 1
    outer loop
      vertex -0.5 -1.9641 22.9
      vertex -0.29335 -0.108765 22.9
      vertex -0.366028 0 22.9
    endloop
  endfacet
  facet normal 0 0 1
    outer loop
      vertex -0.5 -1.9641 22.9
      vertex -0.366028 0 22.9
      vertex -0.423874 0.11731 22.9
    endloop
  endfacet
  facet normal 0 0 1
    outer loop
      vertex -0.5 -1.9641 22.9
      vertex -0.423874 0.11731 22.9
      vertex -0.465927 0.24118 22.9
    endloop
  endfacet
  facet normal 0 0 1
    outer loop
      vertex -0.5 -1.9641 22.9
      vertex -0.465927 0.24118 22.9
      vertex -0.49144 0.369476 22.9
    endloop
  endfacet
  facet normal 0 0 1
    outer loop
      vertex 0.24118 -0.465927 22.9
      vertex -0.5 -1.9641 22.9
      vertex -0.0307312 -2.19551 22.9
    endloop
  endfacet
  facet normal 0 0 1
    outer loop
      vertex -0.5 -1.9641 22.9
      vertex -0.49144 0.369476 22.9
      vertex -0.5 0.5 22.9
    endloop
  endfacet
  facet normal 1 0 0
    outer loop
      vertex 72.5 20 9
      vertex 72.5 88.5 22.9
      vertex 72.5 20 17.6
    endloop
  endfacet
  facet normal 1 -0 0
    outer loop
      vertex 72.5 1.5 22.9
      vertex 72.5 20 17.6
      vertex 72.5 88.5 22.9
    endloop
  endfacet
  facet normal 1 0 0
    outer loop
      vertex 72.5 7 17.6
      vertex 72.5 1.5 22.9
      vertex 72.5 7 9
    endloop
  endfacet
  facet normal 1 0 0
    outer loop
      vertex 72.5 20 17.6
      vertex 72.5 1.5 22.9
      vertex 72.5 7 17.6
    endloop
  endfacet
  facet normal 1 0 0
    outer loop
      vertex 72.5 88.5 22.9
      vertex 72.5 20 9
      vertex 72.5 88.5 0
    endloop
  endfacet
  facet normal 1 0 0
    outer loop
      vertex 72.5 1.5 0
      vertex 72.5 20 9
      vertex 72.5 7 9
    endloop
  endfacet
  facet normal 1 0 0
    outer loop
      vertex 72.5 20 9
      vertex 72.5 1.5 0
      vertex 72.5 88.5 0
    endloop
  endfacet
  facet normal 1 0 0
    outer loop
      vertex 72.5 1.5 0
      vertex 72.5 7 9
      vertex 72.5 1.5 22.9
    endloop
  endfacet
  facet normal -0.195135 0.980776 0
    outer loop
      vertex 0.97789 92.4658 0
      vertex 0.464722 92.3637 22.9
      vertex 0.97789 92.4658 22.9
    endloop
  endfacet
  facet normal -0.195135 0.980776 0
    outer loop
      vertex 0.464722 92.3637 22.9
      vertex 0.97789 92.4658 0
      vertex 0.464722 92.3637 0
    endloop
  endfacet
  facet normal -0.89689 0.442253 0
    outer loop
      vertex -2.19551 90.0307 0
      vertex -1.9641 90.5 22.9
      vertex -1.9641 90.5 0
    endloop
  endfacet
  facet normal -0.89689 0.442253 0
    outer loop
      vertex -1.9641 90.5 22.9
      vertex -2.19551 90.0307 0
      vertex -2.19551 90.0307 22.9
    endloop
  endfacet
  facet normal 0 1 0
    outer loop
      vertex 68.5 92.5 22.9
      vertex 58 92.5 14.5255
      vertex 1.5 92.5 22.9
    endloop
  endfacet
  facet normal 0 1 0
    outer loop
      vertex 68.5 92.5 22.9
      vertex 60.2627 92.5 12.2627
      vertex 58 92.5 14.5255
    endloop
  endfacet
  facet normal 0 1 0
    outer loop
      vertex 68.5 92.5 22.9
      vertex 60.5387 92.5 11.948
      vertex 60.2627 92.5 12.2627
    endloop
  endfacet
  facet normal 0 1 0
    outer loop
      vertex 68.5 92.5 22.9
      vertex 60.7713 92.5 11.6
      vertex 60.5387 92.5 11.948
    endloop
  endfacet
  facet normal 0 1 0
    outer loop
      vertex 68.5 92.5 22.9
      vertex 60.9564 92.5 11.2246
      vertex 60.7713 92.5 11.6
    endloop
  endfacet
  facet normal 0 1 0
    outer loop
      vertex 68.5 92.5 22.9
      vertex 61.091 92.5 10.8282
      vertex 60.9564 92.5 11.2246
    endloop
  endfacet
  facet normal 0 1 0
    outer loop
      vertex 68.5 92.5 22.9
      vertex 61.1726 92.5 10.4177
      vertex 61.091 92.5 10.8282
    endloop
  endfacet
  facet normal 0 1 -0
    outer loop
      vertex 68.5 92.5 0
      vertex 61.1726 92.5 10.4177
      vertex 68.5 92.5 22.9
    endloop
  endfacet
  facet normal 0 1 0
    outer loop
      vertex 61.1726 92.5 10.4177
      vertex 68.5 92.5 0
      vertex 61.2 92.5 10
    endloop
  endfacet
  facet normal 0 1 0
    outer loop
      vertex 61.2 92.5 10
      vertex 68.5 92.5 0
      vertex 61.1726 92.5 9.58232
    endloop
  endfacet
  facet normal 0 1 0
    outer loop
      vertex 61.1726 92.5 9.58232
      vertex 68.5 92.5 0
      vertex 61.091 92.5 9.17178
    endloop
  endfacet
  facet normal 0 1 0
    outer loop
      vertex 61.091 92.5 9.17178
      vertex 68.5 92.5 0
      vertex 60.9564 92.5 8.77542
    endloop
  endfacet
  facet normal 0 1 0
    outer loop
      vertex 58.4177 92.5 6.82738
      vertex 68.5 92.5 0
      vertex 58 92.5 6.8
    endloop
  endfacet
  facet normal 0 1 0
    outer loop
      vertex 58.8282 92.5 6.90904
      vertex 68.5 92.5 0
      vertex 58.4177 92.5 6.82738
    endloop
  endfacet
  facet normal 0 1 0
    outer loop
      vertex 59.2246 92.5 7.04359
      vertex 68.5 92.5 0
      vertex 58.8282 92.5 6.90904
    endloop
  endfacet
  facet normal 0 1 0
    outer loop
      vertex 59.6 92.5 7.22873
      vertex 68.5 92.5 0
      vertex 59.2246 92.5 7.04359
    endloop
  endfacet
  facet normal 0 1 0
    outer loop
      vertex 59.948 92.5 7.46127
      vertex 68.5 92.5 0
      vertex 59.6 92.5 7.22873
    endloop
  endfacet
  facet normal 0 1 0
    outer loop
      vertex 60.2627 92.5 7.73726
      vertex 68.5 92.5 0
      vertex 59.948 92.5 7.46127
    endloop
  endfacet
  facet normal 0 1 0
    outer loop
      vertex 60.5387 92.5 8.05197
      vertex 68.5 92.5 0
      vertex 60.2627 92.5 7.73726
    endloop
  endfacet
  facet normal 0 1 0
    outer loop
      vertex 60.7713 92.5 8.40001
      vertex 68.5 92.5 0
      vertex 60.5387 92.5 8.05197
    endloop
  endfacet
  facet normal 0 1 0
    outer loop
      vertex 60.9564 92.5 8.77542
      vertex 68.5 92.5 0
      vertex 60.7713 92.5 8.40001
    endloop
  endfacet
  facet normal 0 1 -0
    outer loop
      vertex 55.7373 92.5 12.2627
      vertex 1.5 92.5 22.9
      vertex 58 92.5 14.5255
    endloop
  endfacet
  facet normal 0 1 -0
    outer loop
      vertex 55.4613 92.5 11.948
      vertex 1.5 92.5 22.9
      vertex 55.7373 92.5 12.2627
    endloop
  endfacet
  facet normal 0 1 -0
    outer loop
      vertex 55.2287 92.5 11.6
      vertex 1.5 92.5 22.9
      vertex 55.4613 92.5 11.948
    endloop
  endfacet
  facet normal 0 1 -0
    outer loop
      vertex 55.0436 92.5 11.2246
      vertex 1.5 92.5 22.9
      vertex 55.2287 92.5 11.6
    endloop
  endfacet
  facet normal 0 1 -0
    outer loop
      vertex 54.909 92.5 10.8282
      vertex 1.5 92.5 22.9
      vertex 55.0436 92.5 11.2246
    endloop
  endfacet
  facet normal 0 1 -0
    outer loop
      vertex 54.8274 92.5 10.4177
      vertex 1.5 92.5 22.9
      vertex 54.909 92.5 10.8282
    endloop
  endfacet
  facet normal 0 1 -0
    outer loop
      vertex 54.8 92.5 10
      vertex 1.5 92.5 22.9
      vertex 54.8274 92.5 10.4177
    endloop
  endfacet
  facet normal 0 1 0
    outer loop
      vertex 1.5 92.5 0
      vertex 54.8 92.5 10
      vertex 54.8274 92.5 9.58232
    endloop
  endfacet
  facet normal 0 1 0
    outer loop
      vertex 1.5 92.5 0
      vertex 54.8274 92.5 9.58232
      vertex 54.909 92.5 9.17178
    endloop
  endfacet
  facet normal 0 1 0
    outer loop
      vertex 1.5 92.5 0
      vertex 54.909 92.5 9.17178
      vertex 55.0436 92.5 8.77542
    endloop
  endfacet
  facet normal 0 1 0
    outer loop
      vertex 1.5 92.5 0
      vertex 55.0436 92.5 8.77542
      vertex 55.2287 92.5 8.40001
    endloop
  endfacet
  facet normal 0 1 0
    outer loop
      vertex 1.5 92.5 0
      vertex 55.2287 92.5 8.40001
      vertex 55.4613 92.5 8.05197
    endloop
  endfacet
  facet normal 0 1 0
    outer loop
      vertex 1.5 92.5 0
      vertex 55.4613 92.5 8.05197
      vertex 55.7373 92.5 7.73726
    endloop
  endfacet
  facet normal 0 1 0
    outer loop
      vertex 1.5 92.5 0
      vertex 55.7373 92.5 7.73726
      vertex 56.052 92.5 7.46127
    endloop
  endfacet
  facet normal 0 1 0
    outer loop
      vertex 1.5 92.5 0
      vertex 56.052 92.5 7.46127
      vertex 56.4 92.5 7.22873
    endloop
  endfacet
  facet normal 0 1 0
    outer loop
      vertex 1.5 92.5 0
      vertex 56.4 92.5 7.22873
      vertex 56.7754 92.5 7.04359
    endloop
  endfacet
  facet normal 0 1 0
    outer loop
      vertex 68.5 92.5 0
      vertex 56.7754 92.5 7.04359
      vertex 57.1718 92.5 6.90904
    endloop
  endfacet
  facet normal 0 1 0
    outer loop
      vertex 68.5 92.5 0
      vertex 57.5823 92.5 6.82738
      vertex 58 92.5 6.8
    endloop
  endfacet
  facet normal 0 1 0
    outer loop
      vertex 68.5 92.5 0
      vertex 57.1718 92.5 6.90904
      vertex 57.5823 92.5 6.82738
    endloop
  endfacet
  facet normal 0 1 0
    outer loop
      vertex 56.7754 92.5 7.04359
      vertex 68.5 92.5 0
      vertex 1.5 92.5 0
    endloop
  endfacet
  facet normal 0 1 0
    outer loop
      vertex 54.8 92.5 10
      vertex 1.5 92.5 0
      vertex 1.5 92.5 22.9
    endloop
  endfacet
  facet normal 0.94691 0.321498 0
    outer loop
      vertex 72.3637 89.5353 22.9
      vertex 72.1955 90.0307 0
      vertex 72.1955 90.0307 22.9
    endloop
  endfacet
  facet normal 0.94691 0.321498 0
    outer loop
      vertex 72.1955 90.0307 0
      vertex 72.3637 89.5353 22.9
      vertex 72.3637 89.5353 0
    endloop
  endfacet
  facet normal -0.555562 -0.831475 0
    outer loop
      vertex -0.935043 -1.67342 0
      vertex -0.5 -1.9641 22.9
      vertex -0.935043 -1.67342 22.9
    endloop
  endfacet
  facet normal -0.555562 -0.831475 -0
    outer loop
      vertex -0.5 -1.9641 22.9
      vertex -0.935043 -1.67342 0
      vertex -0.5 -1.9641 0
    endloop
  endfacet
  facet normal -0.555588 0.831458 0
    outer loop
      vertex -0.5 91.9641 0
      vertex -0.935043 91.6734 22.9
      vertex -0.5 91.9641 22.9
    endloop
  endfacet
  facet normal -0.555588 0.831458 0
    outer loop
      vertex -0.935043 91.6734 22.9
      vertex -0.5 91.9641 0
      vertex -0.935043 91.6734 0
    endloop
  endfacet
  facet normal 0.195124 0.980779 -0
    outer loop
      vertex 69.5353 92.3637 0
      vertex 69.0221 92.4658 22.9
      vertex 69.5353 92.3637 22.9
    endloop
  endfacet
  facet normal 0.195124 0.980779 0
    outer loop
      vertex 69.0221 92.4658 22.9
      vertex 69.5353 92.3637 0
      vertex 69.0221 92.4658 0
    endloop
  endfacet
  facet normal -0.0653634 0.997862 0
    outer loop
      vertex 1.5 92.5 0
      vertex 0.97789 92.4658 22.9
      vertex 1.5 92.5 22.9
    endloop
  endfacet
  facet normal -0.0653634 0.997862 0
    outer loop
      vertex 0.97789 92.4658 22.9
      vertex 1.5 92.5 0
      vertex 0.97789 92.4658 0
    endloop
  endfacet
  facet normal -0.321467 0.946921 0
    outer loop
      vertex 0.464722 92.3637 0
      vertex -0.0307312 92.1955 22.9
      vertex 0.464722 92.3637 22.9
    endloop
  endfacet
  facet normal -0.321467 0.946921 0
    outer loop
      vertex -0.0307312 92.1955 22.9
      vertex 0.464722 92.3637 0
      vertex -0.0307312 92.1955 0
    endloop
  endfacet
  facet normal -0.751841 -0.659345 0
    outer loop
      vertex -1.32843 -1.32843 0
      vertex -1.67342 -0.935043 22.9
      vertex -1.67342 -0.935043 0
    endloop
  endfacet
  facet normal -0.751841 -0.659345 0
    outer loop
      vertex -1.67342 -0.935043 22.9
      vertex -1.32843 -1.32843 0
      vertex -1.32843 -1.32843 22.9
    endloop
  endfacet
  facet normal -0.831475 -0.555562 0
    outer loop
      vertex -1.67342 -0.935043 0
      vertex -1.9641 -0.5 22.9
      vertex -1.9641 -0.5 0
    endloop
  endfacet
  facet normal -0.831475 -0.555562 0
    outer loop
      vertex -1.9641 -0.5 22.9
      vertex -1.67342 -0.935043 0
      vertex -1.67342 -0.935043 22.9
    endloop
  endfacet
  facet normal -0.980793 0.19505 0
    outer loop
      vertex -2.46577 89.0221 0
      vertex -2.36371 89.5353 22.9
      vertex -2.36371 89.5353 0
    endloop
  endfacet
  facet normal -0.980793 0.19505 0
    outer loop
      vertex -2.36371 89.5353 22.9
      vertex -2.46577 89.0221 0
      vertex -2.46577 89.0221 22.9
    endloop
  endfacet
  facet normal 0.980779 0.195124 0
    outer loop
      vertex 72.4658 89.0221 22.9
      vertex 72.3637 89.5353 0
      vertex 72.3637 89.5353 22.9
    endloop
  endfacet
  facet normal 0.980779 0.195124 0
    outer loop
      vertex 72.3637 89.5353 0
      vertex 72.4658 89.0221 22.9
      vertex 72.4658 89.0221 0
    endloop
  endfacet
  facet normal -0.442277 -0.896879 0
    outer loop
      vertex -0.5 -1.9641 0
      vertex -0.0307312 -2.19551 22.9
      vertex -0.5 -1.9641 22.9
    endloop
  endfacet
  facet normal -0.442277 -0.896879 -0
    outer loop
      vertex -0.0307312 -2.19551 22.9
      vertex -0.5 -1.9641 0
      vertex -0.0307312 -2.19551 0
    endloop
  endfacet
  facet normal 0.0653646 0.997861 -0
    outer loop
      vertex 69.0221 92.4658 0
      vertex 68.5 92.5 22.9
      vertex 69.0221 92.4658 22.9
    endloop
  endfacet
  facet normal 0.0653646 0.997861 0
    outer loop
      vertex 68.5 92.5 22.9
      vertex 69.0221 92.4658 0
      vertex 68.5 92.5 0
    endloop
  endfacet
  facet normal 0.896898 0.442238 0
    outer loop
      vertex 72.1955 90.0307 22.9
      vertex 71.9641 90.5 0
      vertex 71.9641 90.5 22.9
    endloop
  endfacet
  facet normal 0.896898 0.442238 0
    outer loop
      vertex 71.9641 90.5 0
      vertex 72.1955 90.0307 22.9
      vertex 72.1955 90.0307 0
    endloop
  endfacet
  facet normal 0.555626 0.831432 -0
    outer loop
      vertex 70.935 91.6734 0
      vertex 70.5 91.9641 22.9
      vertex 70.935 91.6734 22.9
    endloop
  endfacet
  facet normal 0.555626 0.831432 0
    outer loop
      vertex 70.5 91.9641 22.9
      vertex 70.935 91.6734 0
      vertex 70.5 91.9641 0
    endloop
  endfacet
  facet normal -0.659355 0.751831 0
    outer loop
      vertex -0.935043 91.6734 0
      vertex -1.32843 91.3284 22.9
      vertex -0.935043 91.6734 22.9
    endloop
  endfacet
  facet normal -0.659355 0.751831 0
    outer loop
      vertex -1.32843 91.3284 22.9
      vertex -0.935043 91.6734 0
      vertex -1.32843 91.3284 0
    endloop
  endfacet
  facet normal -0.980791 -0.195062 0
    outer loop
      vertex -2.36371 0.464722 0
      vertex -2.46577 0.97789 22.9
      vertex -2.46577 0.97789 0
    endloop
  endfacet
  facet normal -0.980791 -0.195062 0
    outer loop
      vertex -2.46577 0.97789 22.9
      vertex -2.36371 0.464722 0
      vertex -2.36371 0.464722 22.9
    endloop
  endfacet
  facet normal 0.442253 -0.89689 0
    outer loop
      vertex 70.0307 -2.19551 0
      vertex 70.5 -1.9641 22.9
      vertex 70.0307 -2.19551 22.9
    endloop
  endfacet
  facet normal 0.442253 -0.89689 0
    outer loop
      vertex 70.5 -1.9641 22.9
      vertex 70.0307 -2.19551 0
      vertex 70.5 -1.9641 0
    endloop
  endfacet
  facet normal 0.659332 -0.751852 0
    outer loop
      vertex 70.935 -1.67342 0
      vertex 71.3284 -1.32843 22.9
      vertex 70.935 -1.67342 22.9
    endloop
  endfacet
  facet normal 0.659332 -0.751852 0
    outer loop
      vertex 71.3284 -1.32843 22.9
      vertex 70.935 -1.67342 0
      vertex 71.3284 -1.32843 0
    endloop
  endfacet
  facet normal 0.997861 0.0653646 0
    outer loop
      vertex 72.5 88.5 22.9
      vertex 72.4658 89.0221 0
      vertex 72.4658 89.0221 22.9
    endloop
  endfacet
  facet normal 0.997861 0.0653646 0
    outer loop
      vertex 72.4658 89.0221 0
      vertex 72.5 88.5 22.9
      vertex 72.5 88.5 0
    endloop
  endfacet
  facet normal 0.321498 0.94691 -0
    outer loop
      vertex 70.0307 92.1955 0
      vertex 69.5353 92.3637 22.9
      vertex 70.0307 92.1955 22.9
    endloop
  endfacet
  facet normal 0.321498 0.94691 0
    outer loop
      vertex 69.5353 92.3637 22.9
      vertex 70.0307 92.1955 0
      vertex 69.5353 92.3637 0
    endloop
  endfacet
  facet normal 0.5556 -0.83145 0
    outer loop
      vertex 70.5 -1.9641 0
      vertex 70.935 -1.67342 22.9
      vertex 70.5 -1.9641 22.9
    endloop
  endfacet
  facet normal 0.5556 -0.83145 0
    outer loop
      vertex 70.935 -1.67342 22.9
      vertex 70.5 -1.9641 0
      vertex 70.935 -1.67342 0
    endloop
  endfacet
  facet normal -0.442261 0.896886 0
    outer loop
      vertex -0.0307312 92.1955 0
      vertex -0.5 91.9641 22.9
      vertex -0.0307312 92.1955 22.9
    endloop
  endfacet
  facet normal -0.442261 0.896886 0
    outer loop
      vertex -0.5 91.9641 22.9
      vertex -0.0307312 92.1955 0
      vertex -0.5 91.9641 0
    endloop
  endfacet
  facet normal 0.980776 -0.195135 0
    outer loop
      vertex 72.3637 0.464722 22.9
      vertex 72.4658 0.97789 0
      vertex 72.4658 0.97789 22.9
    endloop
  endfacet
  facet normal 0.980776 -0.195135 0
    outer loop
      vertex 72.4658 0.97789 0
      vertex 72.3637 0.464722 22.9
      vertex 72.3637 0.464722 0
    endloop
  endfacet
  facet normal -0.94691 0.321498 0
    outer loop
      vertex -2.36371 89.5353 0
      vertex -2.19551 90.0307 22.9
      vertex -2.19551 90.0307 0
    endloop
  endfacet
  facet normal -0.94691 0.321498 0
    outer loop
      vertex -2.19551 90.0307 22.9
      vertex -2.36371 89.5353 0
      vertex -2.36371 89.5353 22.9
    endloop
  endfacet
  facet normal -0.321467 -0.946921 0
    outer loop
      vertex -0.0307312 -2.19551 0
      vertex 0.464722 -2.36371 22.9
      vertex -0.0307312 -2.19551 22.9
    endloop
  endfacet
  facet normal -0.321467 -0.946921 -0
    outer loop
      vertex 0.464722 -2.36371 22.9
      vertex -0.0307312 -2.19551 0
      vertex 0.464722 -2.36371 0
    endloop
  endfacet
  facet normal -0.0654205 -0.997858 0
    outer loop
      vertex 0.97789 -2.46577 0
      vertex 1.5 -2.5 22.9
      vertex 0.97789 -2.46577 22.9
    endloop
  endfacet
  facet normal -0.0654205 -0.997858 -0
    outer loop
      vertex 1.5 -2.5 22.9
      vertex 0.97789 -2.46577 0
      vertex 1.5 -2.5 0
    endloop
  endfacet
  facet normal 0.896886 -0.442261 0
    outer loop
      vertex 71.9641 -0.5 22.9
      vertex 72.1955 -0.0307312 0
      vertex 72.1955 -0.0307312 22.9
    endloop
  endfacet
  facet normal 0.896886 -0.442261 0
    outer loop
      vertex 72.1955 -0.0307312 0
      vertex 71.9641 -0.5 22.9
      vertex 71.9641 -0.5 0
    endloop
  endfacet
  facet normal -0.997858 0.0654217 0
    outer loop
      vertex -2.5 88.5 0
      vertex -2.46577 89.0221 22.9
      vertex -2.46577 89.0221 0
    endloop
  endfacet
  facet normal -0.997858 0.0654217 0
    outer loop
      vertex -2.46577 89.0221 22.9
      vertex -2.5 88.5 0
      vertex -2.5 88.5 22.9
    endloop
  endfacet
  facet normal -0.83145 0.5556 0
    outer loop
      vertex -1.9641 90.5 0
      vertex -1.67342 90.935 22.9
      vertex -1.67342 90.935 0
    endloop
  endfacet
  facet normal -0.83145 0.5556 0
    outer loop
      vertex -1.67342 90.935 22.9
      vertex -1.9641 90.5 0
      vertex -1.9641 90.5 22.9
    endloop
  endfacet
  facet normal 0.659343 0.751842 -0
    outer loop
      vertex 71.3284 91.3284 0
      vertex 70.935 91.6734 22.9
      vertex 71.3284 91.3284 22.9
    endloop
  endfacet
  facet normal 0.659343 0.751842 0
    outer loop
      vertex 70.935 91.6734 22.9
      vertex 71.3284 91.3284 0
      vertex 70.935 91.6734 0
    endloop
  endfacet
  facet normal 0.442238 0.896898 -0
    outer loop
      vertex 70.5 91.9641 0
      vertex 70.0307 92.1955 22.9
      vertex 70.5 91.9641 22.9
    endloop
  endfacet
  facet normal 0.442238 0.896898 0
    outer loop
      vertex 70.0307 92.1955 22.9
      vertex 70.5 91.9641 0
      vertex 70.0307 92.1955 0
    endloop
  endfacet
  facet normal 0.831458 -0.555588 0
    outer loop
      vertex 71.6734 -0.935043 22.9
      vertex 71.9641 -0.5 0
      vertex 71.9641 -0.5 22.9
    endloop
  endfacet
  facet normal 0.831458 -0.555588 0
    outer loop
      vertex 71.9641 -0.5 0
      vertex 71.6734 -0.935043 22.9
      vertex 71.6734 -0.935043 0
    endloop
  endfacet
  facet normal -0.946921 -0.321467 0
    outer loop
      vertex -2.19551 -0.0307312 0
      vertex -2.36371 0.464722 22.9
      vertex -2.36371 0.464722 0
    endloop
  endfacet
  facet normal -0.946921 -0.321467 0
    outer loop
      vertex -2.36371 0.464722 22.9
      vertex -2.19551 -0.0307312 0
      vertex -2.19551 -0.0307312 22.9
    endloop
  endfacet
  facet normal 0.751842 0.659343 0
    outer loop
      vertex 71.6734 90.935 22.9
      vertex 71.3284 91.3284 0
      vertex 71.3284 91.3284 22.9
    endloop
  endfacet
  facet normal 0.751842 0.659343 0
    outer loop
      vertex 71.3284 91.3284 0
      vertex 71.6734 90.935 22.9
      vertex 71.6734 90.935 0
    endloop
  endfacet
  facet normal -0.195062 -0.980791 0
    outer loop
      vertex 0.464722 -2.36371 0
      vertex 0.97789 -2.46577 22.9
      vertex 0.464722 -2.36371 22.9
    endloop
  endfacet
  facet normal -0.195062 -0.980791 -0
    outer loop
      vertex 0.97789 -2.46577 22.9
      vertex 0.464722 -2.36371 0
      vertex 0.97789 -2.46577 0
    endloop
  endfacet
  facet normal 0.946921 -0.321467 0
    outer loop
      vertex 72.1955 -0.0307312 22.9
      vertex 72.3637 0.464722 0
      vertex 72.3637 0.464722 22.9
    endloop
  endfacet
  facet normal 0.946921 -0.321467 0
    outer loop
      vertex 72.3637 0.464722 0
      vertex 72.1955 -0.0307312 22.9
      vertex 72.1955 -0.0307312 0
    endloop
  endfacet
  facet normal -0.997858 -0.0654205 0
    outer loop
      vertex -2.46577 0.97789 0
      vertex -2.5 1.5 22.9
      vertex -2.5 1.5 0
    endloop
  endfacet
  facet normal -0.997858 -0.0654205 0
    outer loop
      vertex -2.5 1.5 22.9
      vertex -2.46577 0.97789 0
      vertex -2.46577 0.97789 22.9
    endloop
  endfacet
  facet normal 0.831432 0.555626 0
    outer loop
      vertex 71.9641 90.5 22.9
      vertex 71.6734 90.935 0
      vertex 71.6734 90.935 22.9
    endloop
  endfacet
  facet normal 0.831432 0.555626 0
    outer loop
      vertex 71.6734 90.935 0
      vertex 71.9641 90.5 22.9
      vertex 71.9641 90.5 0
    endloop
  endfacet
  facet normal -0.751852 0.659332 0
    outer loop
      vertex -1.67342 90.935 0
      vertex -1.32843 91.3284 22.9
      vertex -1.32843 91.3284 0
    endloop
  endfacet
  facet normal -0.751852 0.659332 0
    outer loop
      vertex -1.32843 91.3284 22.9
      vertex -1.67342 90.935 0
      vertex -1.67342 90.935 22.9
    endloop
  endfacet
  facet normal -0.896879 -0.442277 0
    outer loop
      vertex -1.9641 -0.5 0
      vertex -2.19551 -0.0307312 22.9
      vertex -2.19551 -0.0307312 0
    endloop
  endfacet
  facet normal -0.896879 -0.442277 0
    outer loop
      vertex -2.19551 -0.0307312 22.9
      vertex -1.9641 -0.5 0
      vertex -1.9641 -0.5 22.9
    endloop
  endfacet
  facet normal 0.751831 -0.659355 0
    outer loop
      vertex 71.3284 -1.32843 22.9
      vertex 71.6734 -0.935043 0
      vertex 71.6734 -0.935043 22.9
    endloop
  endfacet
  facet normal 0.751831 -0.659355 0
    outer loop
      vertex 71.6734 -0.935043 0
      vertex 71.3284 -1.32843 22.9
      vertex 71.3284 -1.32843 0
    endloop
  endfacet
  facet normal 0 0 -1
    outer loop
      vertex 10.8 74.9215 0
      vertex 11.6 76.3072 0
      vertex 10.887 74.8634 0
    endloop
  endfacet
  facet normal -0 0 -1
    outer loop
      vertex 11.6 76.3072 0
      vertex 10.8 74.9215 0
      vertex 11.513 76.3653 0
    endloop
  endfacet
  facet normal 0 0 -1
    outer loop
      vertex 10.7061 74.9678 0
      vertex 11.513 76.3653 0
      vertex 10.8 74.9215 0
    endloop
  endfacet
  facet normal 0 0 -1
    outer loop
      vertex 11.2 77 0
      vertex 11.1932 79.6669 0
      vertex 11.2 79.7713 0
    endloop
  endfacet
  facet normal -0 0 -1
    outer loop
      vertex 11.513 76.3653 0
      vertex 10.7061 74.9678 0
      vertex 11.4343 76.4343 0
    endloop
  endfacet
  facet normal 0 0 -1
    outer loop
      vertex 11.2 77 0
      vertex 11.1727 79.5642 0
      vertex 11.1932 79.6669 0
    endloop
  endfacet
  facet normal 0 0 -1
    outer loop
      vertex 10.6071 75.0015 0
      vertex 11.4343 76.4343 0
      vertex 10.7061 74.9678 0
    endloop
  endfacet
  facet normal 0 0 -1
    outer loop
      vertex 11.2 77 0
      vertex 11.1391 79.4651 0
      vertex 11.1727 79.5642 0
    endloop
  endfacet
  facet normal -0 0 -1
    outer loop
      vertex 11.4343 76.4343 0
      vertex 10.6071 75.0015 0
      vertex 11.3653 76.513 0
    endloop
  endfacet
  facet normal 0 0 -1
    outer loop
      vertex 11.2 77 0
      vertex 11.0928 79.3713 0
      vertex 11.1391 79.4651 0
    endloop
  endfacet
  facet normal 0 0 -1
    outer loop
      vertex 10.5044 75.0219 0
      vertex 11.3653 76.513 0
      vertex 10.6071 75.0015 0
    endloop
  endfacet
  facet normal 0 0 -1
    outer loop
      vertex 11.2 77 0
      vertex 11.0347 79.2843 0
      vertex 11.0928 79.3713 0
    endloop
  endfacet
  facet normal -0 0 -1
    outer loop
      vertex 11.3653 76.513 0
      vertex 10.5044 75.0219 0
      vertex 11.3072 76.6 0
    endloop
  endfacet
  facet normal 0 0 -1
    outer loop
      vertex 11.2 77 0
      vertex 10.9657 79.2056 0
      vertex 11.0347 79.2843 0
    endloop
  endfacet
  facet normal 0 0 -1
    outer loop
      vertex 10.4 75.0287 0
      vertex 11.3072 76.6 0
      vertex 10.5044 75.0219 0
    endloop
  endfacet
  facet normal 0 0 -1
    outer loop
      vertex 11.2 77 0
      vertex 10.887 79.1366 0
      vertex 10.9657 79.2056 0
    endloop
  endfacet
  facet normal 0 0 -1
    outer loop
      vertex 9.49282 76.6 0
      vertex 11.3072 76.6 0
      vertex 10.4 75.0287 0
    endloop
  endfacet
  facet normal 0 0 -1
    outer loop
      vertex 11.2 77 0
      vertex 10.8 79.0785 0
      vertex 10.887 79.1366 0
    endloop
  endfacet
  facet normal 0 0 -1
    outer loop
      vertex 11.3072 76.6 0
      vertex 9.49282 76.6 0
      vertex 11.2609 76.6939 0
    endloop
  endfacet
  facet normal 0 0 -1
    outer loop
      vertex 9.59316 77.1044 0
      vertex 11.2 77 0
      vertex 9.6 77 0
    endloop
  endfacet
  facet normal 0 -0 -1
    outer loop
      vertex 9.5391 76.6939 0
      vertex 11.2609 76.6939 0
      vertex 9.49282 76.6 0
    endloop
  endfacet
  facet normal 0 0 -1
    outer loop
      vertex 11.2 77 0
      vertex 10.7061 79.0322 0
      vertex 10.8 79.0785 0
    endloop
  endfacet
  facet normal 0 0 -1
    outer loop
      vertex 11.2609 76.6939 0
      vertex 9.5391 76.6939 0
      vertex 11.2273 76.7929 0
    endloop
  endfacet
  facet normal 0 0 -1
    outer loop
      vertex 9.57274 77.2071 0
      vertex 11.2 77 0
      vertex 9.59316 77.1044 0
    endloop
  endfacet
  facet normal 0 -0 -1
    outer loop
      vertex 9.57274 76.7929 0
      vertex 11.2273 76.7929 0
      vertex 9.5391 76.6939 0
    endloop
  endfacet
  facet normal 0 0 -1
    outer loop
      vertex 11.2 77 0
      vertex 10.6071 78.9985 0
      vertex 10.7061 79.0322 0
    endloop
  endfacet
  facet normal 0 0 -1
    outer loop
      vertex 9.49282 76.6 0
      vertex 10.4 75.0287 0
      vertex 10.2956 75.0219 0
    endloop
  endfacet
  facet normal 0 0 -1
    outer loop
      vertex 9.5391 77.3061 0
      vertex 11.2 77 0
      vertex 9.57274 77.2071 0
    endloop
  endfacet
  facet normal 0 0 -1
    outer loop
      vertex 9.43468 76.513 0
      vertex 10.2956 75.0219 0
      vertex 10.1929 75.0015 0
    endloop
  endfacet
  facet normal 0 0 -1
    outer loop
      vertex 11.2 77 0
      vertex 10.5044 78.9781 0
      vertex 10.6071 78.9985 0
    endloop
  endfacet
  facet normal 0 0 -1
    outer loop
      vertex 9.36569 76.4343 0
      vertex 10.1929 75.0015 0
      vertex 10.0939 74.9678 0
    endloop
  endfacet
  facet normal 0 0 -1
    outer loop
      vertex 9.49282 77.4 0
      vertex 11.2 77 0
      vertex 9.5391 77.3061 0
    endloop
  endfacet
  facet normal 0 0 -1
    outer loop
      vertex 9.28701 76.3653 0
      vertex 10.0939 74.9678 0
      vertex 10 74.9215 0
    endloop
  endfacet
  facet normal 0 0 -1
    outer loop
      vertex 11.2 77 0
      vertex 10.4 78.9713 0
      vertex 10.5044 78.9781 0
    endloop
  endfacet
  facet normal 0 0 -1
    outer loop
      vertex 9.2 76.3072 0
      vertex 10 74.9215 0
      vertex 9.91299 74.8634 0
    endloop
  endfacet
  facet normal 0 0 -1
    outer loop
      vertex 11.2 77 0
      vertex 9.49282 77.4 0
      vertex 10.4 78.9713 0
    endloop
  endfacet
  facet normal 0 0 -1
    outer loop
      vertex 9.10615 76.2609 0
      vertex 9.91299 74.8634 0
      vertex 9.83432 74.7944 0
    endloop
  endfacet
  facet normal -0 0 -1
    outer loop
      vertex 10.4 78.9713 0
      vertex 9.49282 77.4 0
      vertex 10.2956 78.9781 0
    endloop
  endfacet
  facet normal 0 0 -1
    outer loop
      vertex 9.00706 76.2273 0
      vertex 9.83432 74.7944 0
      vertex 9.76532 74.7157 0
    endloop
  endfacet
  facet normal 0 0 -1
    outer loop
      vertex 9.43468 77.487 0
      vertex 10.2956 78.9781 0
      vertex 9.49282 77.4 0
    endloop
  endfacet
  facet normal 0 0 -1
    outer loop
      vertex 8.90442 76.2068 0
      vertex 9.76532 74.7157 0
      vertex 9.70718 74.6287 0
    endloop
  endfacet
  facet normal -0 0 -1
    outer loop
      vertex 10.2956 78.9781 0
      vertex 9.43468 77.487 0
      vertex 10.1929 78.9985 0
    endloop
  endfacet
  facet normal 0 0 -1
    outer loop
      vertex 8.8 76.2 0
      vertex 9.70718 74.6287 0
      vertex 9.6609 74.5349 0
    endloop
  endfacet
  facet normal 0 0 -1
    outer loop
      vertex 9.36569 77.5657 0
      vertex 10.1929 78.9985 0
      vertex 9.43468 77.487 0
    endloop
  endfacet
  facet normal 0 0 -1
    outer loop
      vertex 8.69558 76.2068 0
      vertex 9.6609 74.5349 0
      vertex 9.62726 74.4358 0
    endloop
  endfacet
  facet normal -0 0 -1
    outer loop
      vertex 10.1929 78.9985 0
      vertex 9.36569 77.5657 0
      vertex 10.0939 79.0322 0
    endloop
  endfacet
  facet normal 0 0 -1
    outer loop
      vertex 8.59295 76.2273 0
      vertex 9.62726 74.4358 0
      vertex 9.60684 74.3331 0
    endloop
  endfacet
  facet normal 0 0 -1
    outer loop
      vertex 9.28701 77.6347 0
      vertex 10.0939 79.0322 0
      vertex 9.36569 77.5657 0
    endloop
  endfacet
  facet normal 0 0 -1
    outer loop
      vertex 8.49385 76.2609 0
      vertex 9.60684 74.3331 0
      vertex 9.6 74.2287 0
    endloop
  endfacet
  facet normal -0 0 -1
    outer loop
      vertex 10.0939 79.0322 0
      vertex 9.28701 77.6347 0
      vertex 10 79.0785 0
    endloop
  endfacet
  facet normal 0 0 -1
    outer loop
      vertex 9.2 77.6928 0
      vertex 10 79.0785 0
      vertex 9.28701 77.6347 0
    endloop
  endfacet
  facet normal -0 0 -1
    outer loop
      vertex 10 79.0785 0
      vertex 9.2 77.6928 0
      vertex 9.91299 79.1366 0
    endloop
  endfacet
  facet normal 0 0 -1
    outer loop
      vertex 68.5 -2.5 0
      vertex 72.5 1.5 0
      vertex 72.4658 0.97789 0
    endloop
  endfacet
  facet normal 0 0 -1
    outer loop
      vertex 72.5 1.5 0
      vertex 14.2347 73.7417 0
      vertex 72.5 88.5 0
    endloop
  endfacet
  facet normal 0 0 -1
    outer loop
      vertex 68.5 -2.5 0
      vertex 72.4658 0.97789 0
      vertex 72.3637 0.464722 0
    endloop
  endfacet
  facet normal 0 -0 -1
    outer loop
      vertex 14.2928 73.8287 0
      vertex 72.5 88.5 0
      vertex 14.2347 73.7417 0
    endloop
  endfacet
  facet normal 0 0 -1
    outer loop
      vertex 68.5 -2.5 0
      vertex 72.3637 0.464722 0
      vertex 72.1955 -0.0307312 0
    endloop
  endfacet
  facet normal 0 -0 -1
    outer loop
      vertex 15.8928 76.6 0
      vertex 72.5 88.5 0
      vertex 14.2928 73.8287 0
    endloop
  endfacet
  facet normal 0 0 -1
    outer loop
      vertex 68.5 -2.5 0
      vertex 72.1955 -0.0307312 0
      vertex 71.9641 -0.5 0
    endloop
  endfacet
  facet normal 0 -0 -1
    outer loop
      vertex 15.9391 76.6939 0
      vertex 72.5 88.5 0
      vertex 15.8928 76.6 0
    endloop
  endfacet
  facet normal 0 0 -1
    outer loop
      vertex 68.5 -2.5 0
      vertex 71.9641 -0.5 0
      vertex 71.6734 -0.935043 0
    endloop
  endfacet
  facet normal 0 -0 -1
    outer loop
      vertex 15.9727 76.7929 0
      vertex 72.5 88.5 0
      vertex 15.9391 76.6939 0
    endloop
  endfacet
  facet normal 0 0 -1
    outer loop
      vertex 68.5 -2.5 0
      vertex 71.6734 -0.935043 0
      vertex 71.3284 -1.32843 0
    endloop
  endfacet
  facet normal 0 0 -1
    outer loop
      vertex 72.5 88.5 0
      vertex 68.5 92.5 0
      vertex 72.4658 89.0221 0
    endloop
  endfacet
  facet normal 0 0 -1
    outer loop
      vertex 68.5 -2.5 0
      vertex 71.3284 -1.32843 0
      vertex 70.935 -1.67342 0
    endloop
  endfacet
  facet normal 0 0 -1
    outer loop
      vertex 72.3637 89.5353 0
      vertex 68.5 92.5 0
      vertex 72.1955 90.0307 0
    endloop
  endfacet
  facet normal 0 0 -1
    outer loop
      vertex 68.5 -2.5 0
      vertex 70.935 -1.67342 0
      vertex 70.5 -1.9641 0
    endloop
  endfacet
  facet normal -0 0 -1
    outer loop
      vertex 72.5 1.5 0
      vertex 68.5 -2.5 0
      vertex 14 73.5359 0
    endloop
  endfacet
  facet normal 0 0 -1
    outer loop
      vertex 68.5 -2.5 0
      vertex 70.5 -1.9641 0
      vertex 70.0307 -2.19551 0
    endloop
  endfacet
  facet normal 0 0 -1
    outer loop
      vertex 71.9641 90.5 0
      vertex 68.5 92.5 0
      vertex 71.6734 90.935 0
    endloop
  endfacet
  facet normal 0 0 -1
    outer loop
      vertex 68.5 -2.5 0
      vertex 70.0307 -2.19551 0
      vertex 69.5353 -2.36371 0
    endloop
  endfacet
  facet normal 0 0 -1
    outer loop
      vertex 70.935 91.6734 0
      vertex 68.5 92.5 0
      vertex 70.5 91.9641 0
    endloop
  endfacet
  facet normal 0 0 -1
    outer loop
      vertex 68.5 -2.5 0
      vertex 69.5353 -2.36371 0
      vertex 69.0221 -2.46577 0
    endloop
  endfacet
  facet normal 0 0 -1
    outer loop
      vertex 70.5 91.9641 0
      vertex 68.5 92.5 0
      vertex 70.0307 92.1955 0
    endloop
  endfacet
  facet normal 0 0 -1
    outer loop
      vertex 70.0307 92.1955 0
      vertex 68.5 92.5 0
      vertex 69.5353 92.3637 0
    endloop
  endfacet
  facet normal 0 0 -1
    outer loop
      vertex 69.5353 92.3637 0
      vertex 68.5 92.5 0
      vertex 69.0221 92.4658 0
    endloop
  endfacet
  facet normal 0 0 -1
    outer loop
      vertex 71.3284 91.3284 0
      vertex 68.5 92.5 0
      vertex 70.935 91.6734 0
    endloop
  endfacet
  facet normal 0 0 -1
    outer loop
      vertex 68.5 92.5 0
      vertex 15.9932 76.8956 0
      vertex 16 77 0
    endloop
  endfacet
  facet normal 0 0 -1
    outer loop
      vertex 68.5 92.5 0
      vertex 15.9727 76.7929 0
      vertex 15.9932 76.8956 0
    endloop
  endfacet
  facet normal -0 0 -1
    outer loop
      vertex 72.5 88.5 0
      vertex 15.9727 76.7929 0
      vertex 68.5 92.5 0
    endloop
  endfacet
  facet normal 0 0 -1
    outer loop
      vertex 72.4658 89.0221 0
      vertex 68.5 92.5 0
      vertex 72.3637 89.5353 0
    endloop
  endfacet
  facet normal 0 0 -1
    outer loop
      vertex 72.1955 90.0307 0
      vertex 68.5 92.5 0
      vertex 71.9641 90.5 0
    endloop
  endfacet
  facet normal 0 0 -1
    outer loop
      vertex 15.8928 76.6 0
      vertex 14.2928 73.8287 0
      vertex 15.8347 76.513 0
    endloop
  endfacet
  facet normal 0 -0 -1
    outer loop
      vertex 14.3391 73.9226 0
      vertex 15.8347 76.513 0
      vertex 14.2928 73.8287 0
    endloop
  endfacet
  facet normal 0 0 -1
    outer loop
      vertex 15.8347 76.513 0
      vertex 14.3391 73.9226 0
      vertex 15.7657 76.4343 0
    endloop
  endfacet
  facet normal 0 0 -1
    outer loop
      vertex 15.7657 76.4343 0
      vertex 14.3727 74.0217 0
      vertex 15.687 76.3653 0
    endloop
  endfacet
  facet normal 0 -0 -1
    outer loop
      vertex 14.3932 74.1243 0
      vertex 15.687 76.3653 0
      vertex 14.3727 74.0217 0
    endloop
  endfacet
  facet normal 0 0 -1
    outer loop
      vertex 15.687 76.3653 0
      vertex 14.3932 74.1243 0
      vertex 15.6 76.3072 0
    endloop
  endfacet
  facet normal 0 -0 -1
    outer loop
      vertex 14.4 74.2287 0
      vertex 15.6 76.3072 0
      vertex 14.3932 74.1243 0
    endloop
  endfacet
  facet normal 0 0 -1
    outer loop
      vertex 15.6 76.3072 0
      vertex 14.4 74.2287 0
      vertex 15.5061 76.2609 0
    endloop
  endfacet
  facet normal 0 0 -1
    outer loop
      vertex 15.5061 76.2609 0
      vertex 14.3932 74.3331 0
      vertex 15.4071 76.2273 0
    endloop
  endfacet
  facet normal 0 0 -1
    outer loop
      vertex 14.3727 74.4358 0
      vertex 15.4071 76.2273 0
      vertex 14.3932 74.3331 0
    endloop
  endfacet
  facet normal 0 0 -1
    outer loop
      vertex 15.4071 76.2273 0
      vertex 14.3727 74.4358 0
      vertex 15.3044 76.2068 0
    endloop
  endfacet
  facet normal 0 0 -1
    outer loop
      vertex 15.3044 76.2068 0
      vertex 14.3391 74.5349 0
      vertex 15.2 76.2 0
    endloop
  endfacet
  facet normal 0 0 -1
    outer loop
      vertex 14.2928 74.6287 0
      vertex 15.2 76.2 0
      vertex 14.3391 74.5349 0
    endloop
  endfacet
  facet normal -0 0 -1
    outer loop
      vertex 15.2 76.2 0
      vertex 14.2928 74.6287 0
      vertex 15.0956 76.2068 0
    endloop
  endfacet
  facet normal -0 0 -1
    outer loop
      vertex 14.8939 76.2609 0
      vertex 14.087 74.8634 0
      vertex 14.8 76.3072 0
    endloop
  endfacet
  facet normal 0 0 -1
    outer loop
      vertex 14.087 74.8634 0
      vertex 14.8939 76.2609 0
      vertex 14.1657 74.7944 0
    endloop
  endfacet
  facet normal -0 0 -1
    outer loop
      vertex 14.9929 76.2273 0
      vertex 14.1657 74.7944 0
      vertex 14.8939 76.2609 0
    endloop
  endfacet
  facet normal 0 0 -1
    outer loop
      vertex 14.1657 74.7944 0
      vertex 14.9929 76.2273 0
      vertex 14.2347 74.7157 0
    endloop
  endfacet
  facet normal -0 0 -1
    outer loop
      vertex 15.0956 76.2068 0
      vertex 14.2347 74.7157 0
      vertex 14.9929 76.2273 0
    endloop
  endfacet
  facet normal 0 0 -1
    outer loop
      vertex 14.2347 74.7157 0
      vertex 15.0956 76.2068 0
      vertex 14.2928 74.6287 0
    endloop
  endfacet
  facet normal 0 0 -1
    outer loop
      vertex 14.3391 74.5349 0
      vertex 15.3044 76.2068 0
      vertex 14.3727 74.4358 0
    endloop
  endfacet
  facet normal 0 0 -1
    outer loop
      vertex 14.3932 74.3331 0
      vertex 15.5061 76.2609 0
      vertex 14.4 74.2287 0
    endloop
  endfacet
  facet normal 0 -0 -1
    outer loop
      vertex 14.3727 74.0217 0
      vertex 15.7657 76.4343 0
      vertex 14.3391 73.9226 0
    endloop
  endfacet
  facet normal 0 0 -1
    outer loop
      vertex 71.6734 90.935 0
      vertex 68.5 92.5 0
      vertex 71.3284 91.3284 0
    endloop
  endfacet
  facet normal 0 0 -1
    outer loop
      vertex 72.5 1.5 0
      vertex 14.1657 73.663 0
      vertex 14.2347 73.7417 0
    endloop
  endfacet
  facet normal 0 0 -1
    outer loop
      vertex 72.5 1.5 0
      vertex 14.087 73.594 0
      vertex 14.1657 73.663 0
    endloop
  endfacet
  facet normal 0 0 -1
    outer loop
      vertex 72.5 1.5 0
      vertex 14 73.5359 0
      vertex 14.087 73.594 0
    endloop
  endfacet
  facet normal 0 0 -1
    outer loop
      vertex 68.5 -2.5 0
      vertex 13.9061 73.4896 0
      vertex 14 73.5359 0
    endloop
  endfacet
  facet normal 0 0 -1
    outer loop
      vertex 1.5 -2.5 0
      vertex 13.9061 73.4896 0
      vertex 68.5 -2.5 0
    endloop
  endfacet
  facet normal 0 0 -1
    outer loop
      vertex -2.5 1.5 0
      vertex 13.9061 73.4896 0
      vertex 1.5 -2.5 0
    endloop
  endfacet
  facet normal 0 0 -1
    outer loop
      vertex 13.9061 73.4896 0
      vertex -2.5 1.5 0
      vertex 13.8071 73.456 0
    endloop
  endfacet
  facet normal 0 0 -1
    outer loop
      vertex 13.8071 73.456 0
      vertex -2.5 1.5 0
      vertex 13.7044 73.4356 0
    endloop
  endfacet
  facet normal 0 0 -1
    outer loop
      vertex 13.7044 73.4356 0
      vertex -2.5 1.5 0
      vertex 13.6 73.4287 0
    endloop
  endfacet
  facet normal 0 -0 -1
    outer loop
      vertex 10.4 73.4287 0
      vertex 13.6 73.4287 0
      vertex -2.5 1.5 0
    endloop
  endfacet
  facet normal 0 0 -1
    outer loop
      vertex 13.6 73.4287 0
      vertex 10.4 73.4287 0
      vertex 13.4956 73.4356 0
    endloop
  endfacet
  facet normal 0 -0 -1
    outer loop
      vertex 10.5044 73.4356 0
      vertex 13.4956 73.4356 0
      vertex 10.4 73.4287 0
    endloop
  endfacet
  facet normal 0 -0 -1
    outer loop
      vertex 10.6071 73.456 0
      vertex 13.3929 73.456 0
      vertex 10.5044 73.4356 0
    endloop
  endfacet
  facet normal 0 0 -1
    outer loop
      vertex 13.3929 73.456 0
      vertex 10.6071 73.456 0
      vertex 13.2939 73.4896 0
    endloop
  endfacet
  facet normal 0 0 -1
    outer loop
      vertex 14.4068 76.8956 0
      vertex 12.7932 76.8956 0
      vertex 12.8 77 0
    endloop
  endfacet
  facet normal 0 0 -1
    outer loop
      vertex 12.8068 74.3331 0
      vertex 12.7727 76.7929 0
      vertex 12.7932 76.8956 0
    endloop
  endfacet
  facet normal 0 0 -1
    outer loop
      vertex 12.8068 74.3331 0
      vertex 12.7391 76.6939 0
      vertex 12.7727 76.7929 0
    endloop
  endfacet
  facet normal 0 0 -1
    outer loop
      vertex 12.8068 74.3331 0
      vertex 12.6928 76.6 0
      vertex 12.7391 76.6939 0
    endloop
  endfacet
  facet normal 0 0 -1
    outer loop
      vertex 12.8068 74.3331 0
      vertex 12.6347 76.513 0
      vertex 12.6928 76.6 0
    endloop
  endfacet
  facet normal 0 0 -1
    outer loop
      vertex 11.2 74.2287 0
      vertex 12.8 74.2287 0
      vertex 12.8068 74.1243 0
    endloop
  endfacet
  facet normal 0 0 -1
    outer loop
      vertex 12.8068 74.3331 0
      vertex 12.5657 76.4343 0
      vertex 12.6347 76.513 0
    endloop
  endfacet
  facet normal 0 0 -1
    outer loop
      vertex 12.8068 74.3331 0
      vertex 12.487 76.3653 0
      vertex 12.5657 76.4343 0
    endloop
  endfacet
  facet normal 0 0 -1
    outer loop
      vertex 12.8068 74.3331 0
      vertex 12.4 76.3072 0
      vertex 12.487 76.3653 0
    endloop
  endfacet
  facet normal 0 0 -1
    outer loop
      vertex 12.8068 74.3331 0
      vertex 12.3061 76.2609 0
      vertex 12.4 76.3072 0
    endloop
  endfacet
  facet normal 0 0 -1
    outer loop
      vertex 11.1932 74.1243 0
      vertex 12.8068 74.1243 0
      vertex 12.8273 74.0217 0
    endloop
  endfacet
  facet normal 0 0 -1
    outer loop
      vertex 12.8068 74.3331 0
      vertex 12.2071 76.2273 0
      vertex 12.3061 76.2609 0
    endloop
  endfacet
  facet normal 0 0 -1
    outer loop
      vertex 12.8068 74.3331 0
      vertex 12.1044 76.2068 0
      vertex 12.2071 76.2273 0
    endloop
  endfacet
  facet normal 0 0 -1
    outer loop
      vertex 12.8068 74.3331 0
      vertex 12 76.2 0
      vertex 12.1044 76.2068 0
    endloop
  endfacet
  facet normal 0 0 -1
    outer loop
      vertex 11.1727 74.0217 0
      vertex 12.8273 74.0217 0
      vertex 12.8609 73.9226 0
    endloop
  endfacet
  facet normal 0 0 -1
    outer loop
      vertex 11.1932 74.3331 0
      vertex 12.8068 74.3331 0
      vertex 11.2 74.2287 0
    endloop
  endfacet
  facet normal 0 0 -1
    outer loop
      vertex 11.1727 74.4358 0
      vertex 12.8068 74.3331 0
      vertex 11.1932 74.3331 0
    endloop
  endfacet
  facet normal 0 0 -1
    outer loop
      vertex 11.1391 74.5349 0
      vertex 12.8068 74.3331 0
      vertex 11.1727 74.4358 0
    endloop
  endfacet
  facet normal 0 0 -1
    outer loop
      vertex 11.1391 73.9226 0
      vertex 12.8609 73.9226 0
      vertex 12.9072 73.8287 0
    endloop
  endfacet
  facet normal 0 0 -1
    outer loop
      vertex 11.0928 74.6287 0
      vertex 12.8068 74.3331 0
      vertex 11.1391 74.5349 0
    endloop
  endfacet
  facet normal 0 0 -1
    outer loop
      vertex 12.8068 74.3331 0
      vertex 11.0928 74.6287 0
      vertex 12 76.2 0
    endloop
  endfacet
  facet normal -0 0 -1
    outer loop
      vertex 12 76.2 0
      vertex 11.0928 74.6287 0
      vertex 11.8956 76.2068 0
    endloop
  endfacet
  facet normal 0 0 -1
    outer loop
      vertex 11.0347 74.7157 0
      vertex 11.8956 76.2068 0
      vertex 11.0928 74.6287 0
    endloop
  endfacet
  facet normal -0 0 -1
    outer loop
      vertex 11.8956 76.2068 0
      vertex 11.0347 74.7157 0
      vertex 11.7929 76.2273 0
    endloop
  endfacet
  facet normal -0 0 -1
    outer loop
      vertex 11.6939 76.2609 0
      vertex 10.887 74.8634 0
      vertex 11.6 76.3072 0
    endloop
  endfacet
  facet normal 0 0 -1
    outer loop
      vertex 10.887 74.8634 0
      vertex 11.6939 76.2609 0
      vertex 10.9657 74.7944 0
    endloop
  endfacet
  facet normal -0 0 -1
    outer loop
      vertex 11.7929 76.2273 0
      vertex 10.9657 74.7944 0
      vertex 11.6939 76.2609 0
    endloop
  endfacet
  facet normal 0 0 -1
    outer loop
      vertex 10.9657 74.7944 0
      vertex 11.7929 76.2273 0
      vertex 11.0347 74.7157 0
    endloop
  endfacet
  facet normal 0 0 -1
    outer loop
      vertex 11.0928 73.8287 0
      vertex 12.9072 73.8287 0
      vertex 12.9653 73.7417 0
    endloop
  endfacet
  facet normal 0 -0 -1
    outer loop
      vertex 10.7061 73.4896 0
      vertex 13.2939 73.4896 0
      vertex 10.6071 73.456 0
    endloop
  endfacet
  facet normal 0 0 -1
    outer loop
      vertex 12.8068 74.1243 0
      vertex 11.1932 74.1243 0
      vertex 11.2 74.2287 0
    endloop
  endfacet
  facet normal 0 0 -1
    outer loop
      vertex 12.8273 74.0217 0
      vertex 11.1727 74.0217 0
      vertex 11.1932 74.1243 0
    endloop
  endfacet
  facet normal 0 0 -1
    outer loop
      vertex 12.8609 73.9226 0
      vertex 11.1391 73.9226 0
      vertex 11.1727 74.0217 0
    endloop
  endfacet
  facet normal 0 0 -1
    outer loop
      vertex 12.9072 73.8287 0
      vertex 11.0928 73.8287 0
      vertex 11.1391 73.9226 0
    endloop
  endfacet
  facet normal 0 0 -1
    outer loop
      vertex 12.9653 73.7417 0
      vertex 11.0347 73.7417 0
      vertex 11.0928 73.8287 0
    endloop
  endfacet
  facet normal -0 0 -1
    outer loop
      vertex 12.9653 73.7417 0
      vertex 10.9657 73.663 0
      vertex 11.0347 73.7417 0
    endloop
  endfacet
  facet normal 0 0 -1
    outer loop
      vertex 13.0343 73.663 0
      vertex 10.9657 73.663 0
      vertex 12.9653 73.7417 0
    endloop
  endfacet
  facet normal 0 -0 -1
    outer loop
      vertex 10.9657 73.663 0
      vertex 13.0343 73.663 0
      vertex 10.887 73.594 0
    endloop
  endfacet
  facet normal 0 0 -1
    outer loop
      vertex 13.2939 73.4896 0
      vertex 10.7061 73.4896 0
      vertex 13.2 73.5359 0
    endloop
  endfacet
  facet normal 0 -0 -1
    outer loop
      vertex 10.8 73.5359 0
      vertex 13.2 73.5359 0
      vertex 10.7061 73.4896 0
    endloop
  endfacet
  facet normal 0 0 -1
    outer loop
      vertex 13.113 73.594 0
      vertex 10.887 73.594 0
      vertex 13.0343 73.663 0
    endloop
  endfacet
  facet normal 0 -0 -1
    outer loop
      vertex 10.887 73.594 0
      vertex 13.113 73.594 0
      vertex 10.8 73.5359 0
    endloop
  endfacet
  facet normal 0 0 -1
    outer loop
      vertex 13.2 73.5359 0
      vertex 10.8 73.5359 0
      vertex 13.113 73.594 0
    endloop
  endfacet
  facet normal 0 0 -1
    outer loop
      vertex 13.4956 73.4356 0
      vertex 10.5044 73.4356 0
      vertex 13.3929 73.456 0
    endloop
  endfacet
  facet normal -0 0 -1
    outer loop
      vertex 10.4 73.4287 0
      vertex -2.5 1.5 0
      vertex 10.2956 73.4356 0
    endloop
  endfacet
  facet normal -0 0 -1
    outer loop
      vertex 10.2956 73.4356 0
      vertex -2.5 1.5 0
      vertex 10.1929 73.456 0
    endloop
  endfacet
  facet normal -0 0 -1
    outer loop
      vertex 10.1929 73.456 0
      vertex -2.5 1.5 0
      vertex 10.0939 73.4896 0
    endloop
  endfacet
  facet normal -0 0 -1
    outer loop
      vertex 10.0939 73.4896 0
      vertex -2.5 1.5 0
      vertex 10 73.5359 0
    endloop
  endfacet
  facet normal -0 0 -1
    outer loop
      vertex 10 73.5359 0
      vertex -2.5 1.5 0
      vertex 9.91299 73.594 0
    endloop
  endfacet
  facet normal -0 0 -1
    outer loop
      vertex 11.2 77 0
      vertex 9.59316 76.8956 0
      vertex 9.6 77 0
    endloop
  endfacet
  facet normal 0 0 -1
    outer loop
      vertex 11.2068 76.8956 0
      vertex 9.59316 76.8956 0
      vertex 11.2 77 0
    endloop
  endfacet
  facet normal 0 -0 -1
    outer loop
      vertex 9.59316 76.8956 0
      vertex 11.2068 76.8956 0
      vertex 9.57274 76.7929 0
    endloop
  endfacet
  facet normal 0 0 -1
    outer loop
      vertex 11.2273 76.7929 0
      vertex 9.57274 76.7929 0
      vertex 11.2068 76.8956 0
    endloop
  endfacet
  facet normal 0 0 -1
    outer loop
      vertex 10.2956 75.0219 0
      vertex 9.43468 76.513 0
      vertex 9.49282 76.6 0
    endloop
  endfacet
  facet normal 0 0 -1
    outer loop
      vertex 8.4 76.3072 0
      vertex 9.6 74.2287 0
      vertex 9.60684 74.1243 0
    endloop
  endfacet
  facet normal 0 0 -1
    outer loop
      vertex 10.1929 75.0015 0
      vertex 9.36569 76.4343 0
      vertex 9.43468 76.513 0
    endloop
  endfacet
  facet normal 0 0 -1
    outer loop
      vertex 10.0939 74.9678 0
      vertex 9.28701 76.3653 0
      vertex 9.36569 76.4343 0
    endloop
  endfacet
  facet normal 0 0 -1
    outer loop
      vertex 10 74.9215 0
      vertex 9.2 76.3072 0
      vertex 9.28701 76.3653 0
    endloop
  endfacet
  facet normal 0 0 -1
    outer loop
      vertex 9.91299 74.8634 0
      vertex 9.10615 76.2609 0
      vertex 9.2 76.3072 0
    endloop
  endfacet
  facet normal 0 0 -1
    outer loop
      vertex 8.31299 76.3653 0
      vertex 9.60684 74.1243 0
      vertex 9.62726 74.0217 0
    endloop
  endfacet
  facet normal 0 0 -1
    outer loop
      vertex 9.83432 74.7944 0
      vertex 9.00706 76.2273 0
      vertex 9.10615 76.2609 0
    endloop
  endfacet
  facet normal 0 0 -1
    outer loop
      vertex 9.76532 74.7157 0
      vertex 8.90442 76.2068 0
      vertex 9.00706 76.2273 0
    endloop
  endfacet
  facet normal 0 0 -1
    outer loop
      vertex 9.70718 74.6287 0
      vertex 8.8 76.2 0
      vertex 8.90442 76.2068 0
    endloop
  endfacet
  facet normal 0 0 -1
    outer loop
      vertex 8.23431 76.4343 0
      vertex 9.62726 74.0217 0
      vertex 9.6609 73.9226 0
    endloop
  endfacet
  facet normal 0 0 -1
    outer loop
      vertex 9.6609 74.5349 0
      vertex 8.69558 76.2068 0
      vertex 8.8 76.2 0
    endloop
  endfacet
  facet normal 0 0 -1
    outer loop
      vertex 9.62726 74.4358 0
      vertex 8.59295 76.2273 0
      vertex 8.69558 76.2068 0
    endloop
  endfacet
  facet normal 0 0 -1
    outer loop
      vertex 9.60684 74.3331 0
      vertex 8.49385 76.2609 0
      vertex 8.59295 76.2273 0
    endloop
  endfacet
  facet normal 0 0 -1
    outer loop
      vertex 8.16532 76.513 0
      vertex 9.6609 73.9226 0
      vertex 9.70718 73.8287 0
    endloop
  endfacet
  facet normal 0 0 -1
    outer loop
      vertex 9.6 74.2287 0
      vertex 8.4 76.3072 0
      vertex 8.49385 76.2609 0
    endloop
  endfacet
  facet normal 0 0 -1
    outer loop
      vertex 9.60684 74.1243 0
      vertex 8.31299 76.3653 0
      vertex 8.4 76.3072 0
    endloop
  endfacet
  facet normal 0 0 -1
    outer loop
      vertex 9.62726 74.0217 0
      vertex 8.23431 76.4343 0
      vertex 8.31299 76.3653 0
    endloop
  endfacet
  facet normal 0 0 -1
    outer loop
      vertex 9.6609 73.9226 0
      vertex 8.16532 76.513 0
      vertex 8.23431 76.4343 0
    endloop
  endfacet
  facet normal 0 0 -1
    outer loop
      vertex 9.70718 73.8287 0
      vertex 8.10718 76.6 0
      vertex 8.16532 76.513 0
    endloop
  endfacet
  facet normal 0 0 -1
    outer loop
      vertex 8.0609 76.6939 0
      vertex -2.5 88.5 0
      vertex 8.02726 76.7929 0
    endloop
  endfacet
  facet normal 0 0 -1
    outer loop
      vertex 8.10718 76.6 0
      vertex -2.5 88.5 0
      vertex 8.0609 76.6939 0
    endloop
  endfacet
  facet normal 0 0 -1
    outer loop
      vertex 9.70718 73.8287 0
      vertex -2.5 88.5 0
      vertex 8.10718 76.6 0
    endloop
  endfacet
  facet normal 0 0 -1
    outer loop
      vertex -2.5 88.5 0
      vertex 9.70718 73.8287 0
      vertex -2.5 1.5 0
    endloop
  endfacet
  facet normal -0 0 -1
    outer loop
      vertex 9.76532 73.7417 0
      vertex -2.5 1.5 0
      vertex 9.70718 73.8287 0
    endloop
  endfacet
  facet normal -0 0 -1
    outer loop
      vertex 9.83432 73.663 0
      vertex -2.5 1.5 0
      vertex 9.76532 73.7417 0
    endloop
  endfacet
  facet normal -0 0 -1
    outer loop
      vertex 9.91299 73.594 0
      vertex -2.5 1.5 0
      vertex 9.83432 73.663 0
    endloop
  endfacet
  facet normal 0 0 -1
    outer loop
      vertex 15.9932 77.1044 0
      vertex 68.5 92.5 0
      vertex 16 77 0
    endloop
  endfacet
  facet normal 0 0 -1
    outer loop
      vertex 15.9727 77.2071 0
      vertex 68.5 92.5 0
      vertex 15.9932 77.1044 0
    endloop
  endfacet
  facet normal 0 0 -1
    outer loop
      vertex 15.9391 77.3061 0
      vertex 68.5 92.5 0
      vertex 15.9727 77.2071 0
    endloop
  endfacet
  facet normal 0 0 -1
    outer loop
      vertex 15.8928 77.4 0
      vertex 68.5 92.5 0
      vertex 15.9391 77.3061 0
    endloop
  endfacet
  facet normal 0 0 -1
    outer loop
      vertex 14.2928 80.1713 0
      vertex 15.8928 77.4 0
      vertex 15.8347 77.487 0
    endloop
  endfacet
  facet normal 0 0 -1
    outer loop
      vertex 14.3391 80.0774 0
      vertex 15.8347 77.487 0
      vertex 15.7657 77.5657 0
    endloop
  endfacet
  facet normal 0 0 -1
    outer loop
      vertex 14.3727 79.9783 0
      vertex 15.7657 77.5657 0
      vertex 15.687 77.6347 0
    endloop
  endfacet
  facet normal 0 0 -1
    outer loop
      vertex 14.3932 79.8757 0
      vertex 15.687 77.6347 0
      vertex 15.6 77.6928 0
    endloop
  endfacet
  facet normal 0 0 -1
    outer loop
      vertex 14.4 79.7713 0
      vertex 15.6 77.6928 0
      vertex 15.5061 77.7391 0
    endloop
  endfacet
  facet normal 0 0 -1
    outer loop
      vertex 14.3932 79.6669 0
      vertex 15.5061 77.7391 0
      vertex 15.4071 77.7727 0
    endloop
  endfacet
  facet normal 0 0 -1
    outer loop
      vertex 14.3932 79.6669 0
      vertex 15.4071 77.7727 0
      vertex 15.3044 77.7932 0
    endloop
  endfacet
  facet normal 0 0 -1
    outer loop
      vertex 14.3932 79.6669 0
      vertex 15.3044 77.7932 0
      vertex 15.2 77.8 0
    endloop
  endfacet
  facet normal 0 0 -1
    outer loop
      vertex 14.3932 79.6669 0
      vertex 15.2 77.8 0
      vertex 15.0956 77.7932 0
    endloop
  endfacet
  facet normal 0 0 -1
    outer loop
      vertex 14.3932 79.6669 0
      vertex 15.0956 77.7932 0
      vertex 14.9929 77.7727 0
    endloop
  endfacet
  facet normal 0 0 -1
    outer loop
      vertex 12.7932 77.1044 0
      vertex 14.4068 77.1044 0
      vertex 14.4 77 0
    endloop
  endfacet
  facet normal 0 0 -1
    outer loop
      vertex 14.3932 79.6669 0
      vertex 14.4273 77.2071 0
      vertex 14.4068 77.1044 0
    endloop
  endfacet
  facet normal 0 0 -1
    outer loop
      vertex 14.3932 79.6669 0
      vertex 14.4609 77.3061 0
      vertex 14.4273 77.2071 0
    endloop
  endfacet
  facet normal 0 0 -1
    outer loop
      vertex 14.3932 79.6669 0
      vertex 14.5072 77.4 0
      vertex 14.4609 77.3061 0
    endloop
  endfacet
  facet normal 0 0 -1
    outer loop
      vertex 14.3932 79.6669 0
      vertex 14.5653 77.487 0
      vertex 14.5072 77.4 0
    endloop
  endfacet
  facet normal 0 0 -1
    outer loop
      vertex 14.3932 79.6669 0
      vertex 14.6343 77.5657 0
      vertex 14.5653 77.487 0
    endloop
  endfacet
  facet normal 0 0 -1
    outer loop
      vertex 14.3932 79.6669 0
      vertex 14.713 77.6347 0
      vertex 14.6343 77.5657 0
    endloop
  endfacet
  facet normal 0 0 -1
    outer loop
      vertex 14.3932 79.6669 0
      vertex 14.8 77.6928 0
      vertex 14.713 77.6347 0
    endloop
  endfacet
  facet normal 0 0 -1
    outer loop
      vertex 14.3932 79.6669 0
      vertex 14.8939 77.7391 0
      vertex 14.8 77.6928 0
    endloop
  endfacet
  facet normal 0 0 -1
    outer loop
      vertex 14.3932 79.6669 0
      vertex 14.9929 77.7727 0
      vertex 14.8939 77.7391 0
    endloop
  endfacet
  facet normal 0 0 -1
    outer loop
      vertex 15.6 77.6928 0
      vertex 14.4 79.7713 0
      vertex 14.3932 79.8757 0
    endloop
  endfacet
  facet normal 0 0 -1
    outer loop
      vertex 15.687 77.6347 0
      vertex 14.3932 79.8757 0
      vertex 14.3727 79.9783 0
    endloop
  endfacet
  facet normal 0 0 -1
    outer loop
      vertex 15.7657 77.5657 0
      vertex 14.3727 79.9783 0
      vertex 14.3391 80.0774 0
    endloop
  endfacet
  facet normal 0 0 -1
    outer loop
      vertex 14.2928 80.1713 0
      vertex 15.8347 77.487 0
      vertex 14.3391 80.0774 0
    endloop
  endfacet
  facet normal 0 0 -1
    outer loop
      vertex 15.8928 77.4 0
      vertex 14.2928 80.1713 0
      vertex 68.5 92.5 0
    endloop
  endfacet
  facet normal 0 0 -1
    outer loop
      vertex 14.2347 80.2583 0
      vertex 68.5 92.5 0
      vertex 14.2928 80.1713 0
    endloop
  endfacet
  facet normal 0 0 -1
    outer loop
      vertex 14.1657 80.337 0
      vertex 68.5 92.5 0
      vertex 14.2347 80.2583 0
    endloop
  endfacet
  facet normal 0 0 -1
    outer loop
      vertex 14.087 80.406 0
      vertex 68.5 92.5 0
      vertex 14.1657 80.337 0
    endloop
  endfacet
  facet normal 0 0 -1
    outer loop
      vertex 14 80.4641 0
      vertex 68.5 92.5 0
      vertex 14.087 80.406 0
    endloop
  endfacet
  facet normal 0 0 -1
    outer loop
      vertex 1.5 92.5 0
      vertex 14 80.4641 0
      vertex 13.9061 80.5104 0
    endloop
  endfacet
  facet normal 0 0 -1
    outer loop
      vertex 1.5 92.5 0
      vertex 13.9061 80.5104 0
      vertex 13.8071 80.544 0
    endloop
  endfacet
  facet normal 0 0 -1
    outer loop
      vertex 1.5 92.5 0
      vertex 13.8071 80.544 0
      vertex 13.7044 80.5644 0
    endloop
  endfacet
  facet normal 0 0 -1
    outer loop
      vertex 1.5 92.5 0
      vertex 13.7044 80.5644 0
      vertex 13.6 80.5713 0
    endloop
  endfacet
  facet normal 0 0 -1
    outer loop
      vertex 1.5 92.5 0
      vertex 13.6 80.5713 0
      vertex 13.4956 80.5644 0
    endloop
  endfacet
  facet normal 0 0 -1
    outer loop
      vertex 10.5044 80.5644 0
      vertex 13.4956 80.5644 0
      vertex 13.3929 80.544 0
    endloop
  endfacet
  facet normal 0 0 -1
    outer loop
      vertex 12.3061 77.7391 0
      vertex 13.113 79.1366 0
      vertex 12.4 77.6928 0
    endloop
  endfacet
  facet normal -0 0 -1
    outer loop
      vertex 13.113 79.1366 0
      vertex 12.3061 77.7391 0
      vertex 13.0343 79.2056 0
    endloop
  endfacet
  facet normal 0 0 -1
    outer loop
      vertex 12.2071 77.7727 0
      vertex 13.0343 79.2056 0
      vertex 12.3061 77.7391 0
    endloop
  endfacet
  facet normal -0 0 -1
    outer loop
      vertex 13.0343 79.2056 0
      vertex 12.2071 77.7727 0
      vertex 12.9653 79.2843 0
    endloop
  endfacet
  facet normal 0 0 -1
    outer loop
      vertex 12.1044 77.7932 0
      vertex 12.9653 79.2843 0
      vertex 12.2071 77.7727 0
    endloop
  endfacet
  facet normal -0 0 -1
    outer loop
      vertex 12.9653 79.2843 0
      vertex 12.1044 77.7932 0
      vertex 12.9072 79.3713 0
    endloop
  endfacet
  facet normal 0 0 -1
    outer loop
      vertex 12 77.8 0
      vertex 12.9072 79.3713 0
      vertex 12.1044 77.7932 0
    endloop
  endfacet
  facet normal 0 0 -1
    outer loop
      vertex 11.2 79.7713 0
      vertex 12.9072 79.3713 0
      vertex 12 77.8 0
    endloop
  endfacet
  facet normal 0 0 -1
    outer loop
      vertex 12.9072 79.3713 0
      vertex 11.2 79.7713 0
      vertex 12.8609 79.4651 0
    endloop
  endfacet
  facet normal 0 0 -1
    outer loop
      vertex 12.8609 79.4651 0
      vertex 11.2 79.7713 0
      vertex 12.8273 79.5642 0
    endloop
  endfacet
  facet normal 0 0 -1
    outer loop
      vertex 12.8273 79.5642 0
      vertex 11.2 79.7713 0
      vertex 12.8068 79.6669 0
    endloop
  endfacet
  facet normal 0 0 -1
    outer loop
      vertex 12.8068 79.6669 0
      vertex 11.2 79.7713 0
      vertex 12.8 79.7713 0
    endloop
  endfacet
  facet normal 0 0 -1
    outer loop
      vertex 12.8 79.7713 0
      vertex 11.2 79.7713 0
      vertex 12.8068 79.8757 0
    endloop
  endfacet
  facet normal 0 0 -1
    outer loop
      vertex 11.1932 79.8757 0
      vertex 12.8068 79.8757 0
      vertex 11.2 79.7713 0
    endloop
  endfacet
  facet normal 0 0 -1
    outer loop
      vertex 11.2 79.7713 0
      vertex 12 77.8 0
      vertex 11.8956 77.7932 0
    endloop
  endfacet
  facet normal 0 0 -1
    outer loop
      vertex 11.2 79.7713 0
      vertex 11.8956 77.7932 0
      vertex 11.7929 77.7727 0
    endloop
  endfacet
  facet normal 0 0 -1
    outer loop
      vertex 11.2 79.7713 0
      vertex 11.7929 77.7727 0
      vertex 11.6939 77.7391 0
    endloop
  endfacet
  facet normal 0 0 -1
    outer loop
      vertex 12.8068 79.8757 0
      vertex 11.1932 79.8757 0
      vertex 12.8273 79.9783 0
    endloop
  endfacet
  facet normal 0 0 -1
    outer loop
      vertex 11.2 79.7713 0
      vertex 11.6939 77.7391 0
      vertex 11.6 77.6928 0
    endloop
  endfacet
  facet normal 0 0 -1
    outer loop
      vertex 11.2 79.7713 0
      vertex 11.6 77.6928 0
      vertex 11.513 77.6347 0
    endloop
  endfacet
  facet normal 0 0 -1
    outer loop
      vertex 11.2 79.7713 0
      vertex 11.513 77.6347 0
      vertex 11.4343 77.5657 0
    endloop
  endfacet
  facet normal 0 0 -1
    outer loop
      vertex 11.2 79.7713 0
      vertex 11.4343 77.5657 0
      vertex 11.3653 77.487 0
    endloop
  endfacet
  facet normal 0 0 -1
    outer loop
      vertex 11.2 79.7713 0
      vertex 11.3653 77.487 0
      vertex 11.3072 77.4 0
    endloop
  endfacet
  facet normal 0 0 -1
    outer loop
      vertex 11.2 79.7713 0
      vertex 11.2068 77.1044 0
      vertex 11.2 77 0
    endloop
  endfacet
  facet normal 0 0 -1
    outer loop
      vertex 11.2 79.7713 0
      vertex 11.2273 77.2071 0
      vertex 11.2068 77.1044 0
    endloop
  endfacet
  facet normal 0 0 -1
    outer loop
      vertex 11.2 79.7713 0
      vertex 11.2609 77.3061 0
      vertex 11.2273 77.2071 0
    endloop
  endfacet
  facet normal 0 0 -1
    outer loop
      vertex 11.2 79.7713 0
      vertex 11.3072 77.4 0
      vertex 11.2609 77.3061 0
    endloop
  endfacet
  facet normal 0 0 -1
    outer loop
      vertex 11.1727 79.9783 0
      vertex 12.8273 79.9783 0
      vertex 11.1932 79.8757 0
    endloop
  endfacet
  facet normal 0 0 -1
    outer loop
      vertex 12.8273 79.9783 0
      vertex 11.1727 79.9783 0
      vertex 12.8609 80.0774 0
    endloop
  endfacet
  facet normal 0 0 -1
    outer loop
      vertex 11.1391 80.0774 0
      vertex 12.8609 80.0774 0
      vertex 11.1727 79.9783 0
    endloop
  endfacet
  facet normal 0 0 -1
    outer loop
      vertex 12.8609 80.0774 0
      vertex 11.1391 80.0774 0
      vertex 12.9072 80.1713 0
    endloop
  endfacet
  facet normal 0 0 -1
    outer loop
      vertex 11.0928 80.1713 0
      vertex 12.9072 80.1713 0
      vertex 11.1391 80.0774 0
    endloop
  endfacet
  facet normal 0 0 -1
    outer loop
      vertex 12.9072 80.1713 0
      vertex 11.0928 80.1713 0
      vertex 12.9653 80.2583 0
    endloop
  endfacet
  facet normal 0 0 -1
    outer loop
      vertex 11.0347 80.2583 0
      vertex 12.9653 80.2583 0
      vertex 11.0928 80.1713 0
    endloop
  endfacet
  facet normal 0 0 -1
    outer loop
      vertex 12.9653 80.2583 0
      vertex 11.0347 80.2583 0
      vertex 13.0343 80.337 0
    endloop
  endfacet
  facet normal 0 0 -1
    outer loop
      vertex 10.9657 80.337 0
      vertex 13.0343 80.337 0
      vertex 11.0347 80.2583 0
    endloop
  endfacet
  facet normal 0 0 -1
    outer loop
      vertex 13.0343 80.337 0
      vertex 10.9657 80.337 0
      vertex 13.113 80.406 0
    endloop
  endfacet
  facet normal 0 0 -1
    outer loop
      vertex 10.887 80.406 0
      vertex 13.113 80.406 0
      vertex 10.9657 80.337 0
    endloop
  endfacet
  facet normal 0 0 -1
    outer loop
      vertex 13.113 80.406 0
      vertex 10.887 80.406 0
      vertex 13.2 80.4641 0
    endloop
  endfacet
  facet normal 0 0 -1
    outer loop
      vertex 10.8 80.4641 0
      vertex 13.2 80.4641 0
      vertex 10.887 80.406 0
    endloop
  endfacet
  facet normal 0 0 -1
    outer loop
      vertex 13.2 80.4641 0
      vertex 10.8 80.4641 0
      vertex 13.2939 80.5104 0
    endloop
  endfacet
  facet normal 0 0 -1
    outer loop
      vertex 10.7061 80.5104 0
      vertex 13.2939 80.5104 0
      vertex 10.8 80.4641 0
    endloop
  endfacet
  facet normal 0 0 -1
    outer loop
      vertex 13.2939 80.5104 0
      vertex 10.7061 80.5104 0
      vertex 13.3929 80.544 0
    endloop
  endfacet
  facet normal 0 0 -1
    outer loop
      vertex 10.6071 80.544 0
      vertex 13.3929 80.544 0
      vertex 10.7061 80.5104 0
    endloop
  endfacet
  facet normal 0 0 -1
    outer loop
      vertex 10.5044 80.5644 0
      vertex 13.3929 80.544 0
      vertex 10.6071 80.544 0
    endloop
  endfacet
  facet normal 0 0 -1
    outer loop
      vertex 13.4956 80.5644 0
      vertex 10.5044 80.5644 0
      vertex 1.5 92.5 0
    endloop
  endfacet
  facet normal 0 0 -1
    outer loop
      vertex 1.5 92.5 0
      vertex 10.5044 80.5644 0
      vertex 10.4 80.5713 0
    endloop
  endfacet
  facet normal 0 0 -1
    outer loop
      vertex 1.5 92.5 0
      vertex 10.4 80.5713 0
      vertex 10.2956 80.5644 0
    endloop
  endfacet
  facet normal 0 0 -1
    outer loop
      vertex 1.5 92.5 0
      vertex 10.2956 80.5644 0
      vertex 10.1929 80.544 0
    endloop
  endfacet
  facet normal 0 0 -1
    outer loop
      vertex 9.10615 77.7391 0
      vertex 9.91299 79.1366 0
      vertex 9.2 77.6928 0
    endloop
  endfacet
  facet normal -0 0 -1
    outer loop
      vertex 9.91299 79.1366 0
      vertex 9.10615 77.7391 0
      vertex 9.83432 79.2056 0
    endloop
  endfacet
  facet normal 0 0 -1
    outer loop
      vertex 9.00706 77.7727 0
      vertex 9.83432 79.2056 0
      vertex 9.10615 77.7391 0
    endloop
  endfacet
  facet normal -0 0 -1
    outer loop
      vertex 9.83432 79.2056 0
      vertex 9.00706 77.7727 0
      vertex 9.76532 79.2843 0
    endloop
  endfacet
  facet normal 0 0 -1
    outer loop
      vertex 8.90442 77.7932 0
      vertex 9.76532 79.2843 0
      vertex 9.00706 77.7727 0
    endloop
  endfacet
  facet normal -0 0 -1
    outer loop
      vertex 9.76532 79.2843 0
      vertex 8.90442 77.7932 0
      vertex 9.70718 79.3713 0
    endloop
  endfacet
  facet normal 0 0 -1
    outer loop
      vertex 8.8 77.8 0
      vertex 9.70718 79.3713 0
      vertex 8.90442 77.7932 0
    endloop
  endfacet
  facet normal -0 0 -1
    outer loop
      vertex 9.70718 79.3713 0
      vertex 8.8 77.8 0
      vertex 9.6609 79.4651 0
    endloop
  endfacet
  facet normal 0 0 -1
    outer loop
      vertex 8.69558 77.7932 0
      vertex 9.6609 79.4651 0
      vertex 8.8 77.8 0
    endloop
  endfacet
  facet normal -0 0 -1
    outer loop
      vertex 9.6609 79.4651 0
      vertex 8.69558 77.7932 0
      vertex 9.62726 79.5642 0
    endloop
  endfacet
  facet normal 0 0 -1
    outer loop
      vertex 8.59295 77.7727 0
      vertex 9.62726 79.5642 0
      vertex 8.69558 77.7932 0
    endloop
  endfacet
  facet normal -0 0 -1
    outer loop
      vertex 9.62726 79.5642 0
      vertex 8.59295 77.7727 0
      vertex 9.60684 79.6669 0
    endloop
  endfacet
  facet normal 0 0 -1
    outer loop
      vertex 8.49385 77.7391 0
      vertex 9.60684 79.6669 0
      vertex 8.59295 77.7727 0
    endloop
  endfacet
  facet normal -0 0 -1
    outer loop
      vertex 9.60684 79.6669 0
      vertex 8.49385 77.7391 0
      vertex 9.6 79.7713 0
    endloop
  endfacet
  facet normal 0 0 -1
    outer loop
      vertex 8.4 77.6928 0
      vertex 9.6 79.7713 0
      vertex 8.49385 77.7391 0
    endloop
  endfacet
  facet normal -0 0 -1
    outer loop
      vertex 9.6 79.7713 0
      vertex 8.4 77.6928 0
      vertex 9.60684 79.8757 0
    endloop
  endfacet
  facet normal 0 0 -1
    outer loop
      vertex 8.31299 77.6347 0
      vertex 9.60684 79.8757 0
      vertex 8.4 77.6928 0
    endloop
  endfacet
  facet normal -0 0 -1
    outer loop
      vertex 9.60684 79.8757 0
      vertex 8.31299 77.6347 0
      vertex 9.62726 79.9783 0
    endloop
  endfacet
  facet normal 0 0 -1
    outer loop
      vertex 8.23431 77.5657 0
      vertex 9.62726 79.9783 0
      vertex 8.31299 77.6347 0
    endloop
  endfacet
  facet normal -0 0 -1
    outer loop
      vertex 9.62726 79.9783 0
      vertex 8.23431 77.5657 0
      vertex 9.6609 80.0774 0
    endloop
  endfacet
  facet normal 0 0 -1
    outer loop
      vertex 8.16532 77.487 0
      vertex 9.6609 80.0774 0
      vertex 8.23431 77.5657 0
    endloop
  endfacet
  facet normal 0 0 -1
    outer loop
      vertex -2.5 88.5 0
      vertex 9.6609 80.0774 0
      vertex 8.16532 77.487 0
    endloop
  endfacet
  facet normal 0 0 -1
    outer loop
      vertex -2.5 88.5 0
      vertex 8.16532 77.487 0
      vertex 8.10718 77.4 0
    endloop
  endfacet
  facet normal 0 0 -1
    outer loop
      vertex 8.02726 76.7929 0
      vertex -2.5 88.5 0
      vertex 8.00684 76.8956 0
    endloop
  endfacet
  facet normal 0 0 -1
    outer loop
      vertex 14 80.4641 0
      vertex 1.5 92.5 0
      vertex 68.5 92.5 0
    endloop
  endfacet
  facet normal 0 0 -1
    outer loop
      vertex 10.0939 80.5104 0
      vertex 1.5 92.5 0
      vertex 10.1929 80.544 0
    endloop
  endfacet
  facet normal 0 0 -1
    outer loop
      vertex 10 80.4641 0
      vertex 1.5 92.5 0
      vertex 10.0939 80.5104 0
    endloop
  endfacet
  facet normal 0 0 -1
    outer loop
      vertex 9.91299 80.406 0
      vertex 1.5 92.5 0
      vertex 10 80.4641 0
    endloop
  endfacet
  facet normal 0 0 -1
    outer loop
      vertex 9.83432 80.337 0
      vertex 1.5 92.5 0
      vertex 9.91299 80.406 0
    endloop
  endfacet
  facet normal 0 0 -1
    outer loop
      vertex -2.5 88.5 0
      vertex 9.83432 80.337 0
      vertex 9.76532 80.2583 0
    endloop
  endfacet
  facet normal 0 0 -1
    outer loop
      vertex -2.5 88.5 0
      vertex 9.76532 80.2583 0
      vertex 9.70718 80.1713 0
    endloop
  endfacet
  facet normal 0 0 -1
    outer loop
      vertex 9.6609 80.0774 0
      vertex -2.5 88.5 0
      vertex 9.70718 80.1713 0
    endloop
  endfacet
  facet normal 0 0 -1
    outer loop
      vertex -2.5 88.5 0
      vertex 8.10718 77.4 0
      vertex 8.0609 77.3061 0
    endloop
  endfacet
  facet normal 0 0 -1
    outer loop
      vertex -2.5 88.5 0
      vertex 8.0609 77.3061 0
      vertex 8.02726 77.2071 0
    endloop
  endfacet
  facet normal 0 0 -1
    outer loop
      vertex -2.5 88.5 0
      vertex 8.02726 77.2071 0
      vertex 8.00684 77.1044 0
    endloop
  endfacet
  facet normal 0 0 -1
    outer loop
      vertex 8.00684 76.8956 0
      vertex -2.5 88.5 0
      vertex 8 77 0
    endloop
  endfacet
  facet normal 0 0 -1
    outer loop
      vertex -2.5 1.5 0
      vertex 1.5 -2.5 0
      vertex 0.97789 -2.46577 0
    endloop
  endfacet
  facet normal 0 0 -1
    outer loop
      vertex 8 77 0
      vertex -2.5 88.5 0
      vertex 8.00684 77.1044 0
    endloop
  endfacet
  facet normal 0 0 -1
    outer loop
      vertex -2.5 1.5 0
      vertex 0.97789 -2.46577 0
      vertex 0.464722 -2.36371 0
    endloop
  endfacet
  facet normal 0 0 -1
    outer loop
      vertex 9.83432 80.337 0
      vertex -2.5 88.5 0
      vertex 1.5 92.5 0
    endloop
  endfacet
  facet normal 0 0 -1
    outer loop
      vertex -2.5 1.5 0
      vertex 0.464722 -2.36371 0
      vertex -0.0307312 -2.19551 0
    endloop
  endfacet
  facet normal 0 0 -1
    outer loop
      vertex 1.5 92.5 0
      vertex -2.5 88.5 0
      vertex 0.97789 92.4658 0
    endloop
  endfacet
  facet normal 0 0 -1
    outer loop
      vertex -2.5 1.5 0
      vertex -0.0307312 -2.19551 0
      vertex -0.5 -1.9641 0
    endloop
  endfacet
  facet normal 0 0 -1
    outer loop
      vertex 0.97789 92.4658 0
      vertex -2.5 88.5 0
      vertex 0.464722 92.3637 0
    endloop
  endfacet
  facet normal 0 0 -1
    outer loop
      vertex -2.5 1.5 0
      vertex -0.5 -1.9641 0
      vertex -0.935043 -1.67342 0
    endloop
  endfacet
  facet normal 0 0 -1
    outer loop
      vertex 0.464722 92.3637 0
      vertex -2.5 88.5 0
      vertex -0.0307312 92.1955 0
    endloop
  endfacet
  facet normal 0 0 -1
    outer loop
      vertex -2.5 1.5 0
      vertex -0.935043 -1.67342 0
      vertex -1.32843 -1.32843 0
    endloop
  endfacet
  facet normal 0 0 -1
    outer loop
      vertex -0.0307312 92.1955 0
      vertex -2.5 88.5 0
      vertex -0.5 91.9641 0
    endloop
  endfacet
  facet normal 0 0 -1
    outer loop
      vertex -2.5 1.5 0
      vertex -1.32843 -1.32843 0
      vertex -1.67342 -0.935043 0
    endloop
  endfacet
  facet normal 0 0 -1
    outer loop
      vertex -0.5 91.9641 0
      vertex -2.5 88.5 0
      vertex -0.935043 91.6734 0
    endloop
  endfacet
  facet normal 0 0 -1
    outer loop
      vertex -2.5 1.5 0
      vertex -1.67342 -0.935043 0
      vertex -1.9641 -0.5 0
    endloop
  endfacet
  facet normal 0 0 -1
    outer loop
      vertex -0.935043 91.6734 0
      vertex -2.5 88.5 0
      vertex -1.32843 91.3284 0
    endloop
  endfacet
  facet normal 0 0 -1
    outer loop
      vertex -2.5 1.5 0
      vertex -1.9641 -0.5 0
      vertex -2.19551 -0.0307312 0
    endloop
  endfacet
  facet normal 0 0 -1
    outer loop
      vertex -1.32843 91.3284 0
      vertex -2.5 88.5 0
      vertex -1.67342 90.935 0
    endloop
  endfacet
  facet normal 0 0 -1
    outer loop
      vertex -2.5 1.5 0
      vertex -2.19551 -0.0307312 0
      vertex -2.36371 0.464722 0
    endloop
  endfacet
  facet normal 0 0 -1
    outer loop
      vertex -1.67342 90.935 0
      vertex -2.5 88.5 0
      vertex -1.9641 90.5 0
    endloop
  endfacet
  facet normal 0 0 -1
    outer loop
      vertex -2.5 1.5 0
      vertex -2.36371 0.464722 0
      vertex -2.46577 0.97789 0
    endloop
  endfacet
  facet normal 0 0 -1
    outer loop
      vertex -1.9641 90.5 0
      vertex -2.5 88.5 0
      vertex -2.19551 90.0307 0
    endloop
  endfacet
  facet normal 0 0 -1
    outer loop
      vertex -2.19551 90.0307 0
      vertex -2.5 88.5 0
      vertex -2.36371 89.5353 0
    endloop
  endfacet
  facet normal 0 0 -1
    outer loop
      vertex -2.36371 89.5353 0
      vertex -2.5 88.5 0
      vertex -2.46577 89.0221 0
    endloop
  endfacet
  facet normal 0 0 -1
    outer loop
      vertex 14 74.9215 0
      vertex 14.8 76.3072 0
      vertex 14.087 74.8634 0
    endloop
  endfacet
  facet normal -0 0 -1
    outer loop
      vertex 14.8 76.3072 0
      vertex 14 74.9215 0
      vertex 14.713 76.3653 0
    endloop
  endfacet
  facet normal 0 0 -1
    outer loop
      vertex 13.9061 74.9678 0
      vertex 14.713 76.3653 0
      vertex 14 74.9215 0
    endloop
  endfacet
  facet normal 0 0 -1
    outer loop
      vertex 15.5061 77.7391 0
      vertex 14.3932 79.6669 0
      vertex 14.4 79.7713 0
    endloop
  endfacet
  facet normal -0 0 -1
    outer loop
      vertex 14.713 76.3653 0
      vertex 13.9061 74.9678 0
      vertex 14.6343 76.4343 0
    endloop
  endfacet
  facet normal 0 0 -1
    outer loop
      vertex 14.4068 77.1044 0
      vertex 14.3727 79.5642 0
      vertex 14.3932 79.6669 0
    endloop
  endfacet
  facet normal 0 0 -1
    outer loop
      vertex 13.8071 75.0015 0
      vertex 14.6343 76.4343 0
      vertex 13.9061 74.9678 0
    endloop
  endfacet
  facet normal 0 0 -1
    outer loop
      vertex 14.4068 77.1044 0
      vertex 14.3391 79.4651 0
      vertex 14.3727 79.5642 0
    endloop
  endfacet
  facet normal -0 0 -1
    outer loop
      vertex 14.6343 76.4343 0
      vertex 13.8071 75.0015 0
      vertex 14.5653 76.513 0
    endloop
  endfacet
  facet normal 0 0 -1
    outer loop
      vertex 14.4068 77.1044 0
      vertex 14.2928 79.3713 0
      vertex 14.3391 79.4651 0
    endloop
  endfacet
  facet normal 0 0 -1
    outer loop
      vertex 13.7044 75.0219 0
      vertex 14.5653 76.513 0
      vertex 13.8071 75.0015 0
    endloop
  endfacet
  facet normal 0 0 -1
    outer loop
      vertex 14.4068 77.1044 0
      vertex 14.2347 79.2843 0
      vertex 14.2928 79.3713 0
    endloop
  endfacet
  facet normal -0 0 -1
    outer loop
      vertex 14.5653 76.513 0
      vertex 13.7044 75.0219 0
      vertex 14.5072 76.6 0
    endloop
  endfacet
  facet normal 0 0 -1
    outer loop
      vertex 14.4068 77.1044 0
      vertex 14.1657 79.2056 0
      vertex 14.2347 79.2843 0
    endloop
  endfacet
  facet normal 0 0 -1
    outer loop
      vertex 13.6 75.0287 0
      vertex 14.5072 76.6 0
      vertex 13.7044 75.0219 0
    endloop
  endfacet
  facet normal 0 0 -1
    outer loop
      vertex 14.4068 77.1044 0
      vertex 14.087 79.1366 0
      vertex 14.1657 79.2056 0
    endloop
  endfacet
  facet normal 0 0 -1
    outer loop
      vertex 12.7932 76.8956 0
      vertex 14.5072 76.6 0
      vertex 13.6 75.0287 0
    endloop
  endfacet
  facet normal 0 0 -1
    outer loop
      vertex 14.4068 77.1044 0
      vertex 14 79.0785 0
      vertex 14.087 79.1366 0
    endloop
  endfacet
  facet normal 0 0 -1
    outer loop
      vertex 14.5072 76.6 0
      vertex 12.7932 76.8956 0
      vertex 14.4609 76.6939 0
    endloop
  endfacet
  facet normal 0 0 -1
    outer loop
      vertex 12.7932 77.1044 0
      vertex 14.4 77 0
      vertex 12.8 77 0
    endloop
  endfacet
  facet normal 0 0 -1
    outer loop
      vertex 14.4609 76.6939 0
      vertex 12.7932 76.8956 0
      vertex 14.4273 76.7929 0
    endloop
  endfacet
  facet normal 0 0 -1
    outer loop
      vertex 14.4068 77.1044 0
      vertex 13.9061 79.0322 0
      vertex 14 79.0785 0
    endloop
  endfacet
  facet normal 0 0 -1
    outer loop
      vertex 14.4273 76.7929 0
      vertex 12.7932 76.8956 0
      vertex 14.4068 76.8956 0
    endloop
  endfacet
  facet normal 0 0 -1
    outer loop
      vertex 14.4068 77.1044 0
      vertex 12.7932 77.1044 0
      vertex 12.7727 77.2071 0
    endloop
  endfacet
  facet normal 0 0 -1
    outer loop
      vertex 14.4068 76.8956 0
      vertex 12.8 77 0
      vertex 14.4 77 0
    endloop
  endfacet
  facet normal 0 0 -1
    outer loop
      vertex 14.4068 77.1044 0
      vertex 13.8071 78.9985 0
      vertex 13.9061 79.0322 0
    endloop
  endfacet
  facet normal 0 0 -1
    outer loop
      vertex 12.7932 76.8956 0
      vertex 13.6 75.0287 0
      vertex 13.4956 75.0219 0
    endloop
  endfacet
  facet normal 0 0 -1
    outer loop
      vertex 14.4068 77.1044 0
      vertex 13.7044 78.9781 0
      vertex 13.8071 78.9985 0
    endloop
  endfacet
  facet normal 0 0 -1
    outer loop
      vertex 12.7932 76.8956 0
      vertex 13.4956 75.0219 0
      vertex 13.3929 75.0015 0
    endloop
  endfacet
  facet normal 0 0 -1
    outer loop
      vertex 14.4068 77.1044 0
      vertex 13.6 78.9713 0
      vertex 13.7044 78.9781 0
    endloop
  endfacet
  facet normal 0 0 -1
    outer loop
      vertex 12.7932 76.8956 0
      vertex 13.3929 75.0015 0
      vertex 13.2939 74.9678 0
    endloop
  endfacet
  facet normal 0 0 -1
    outer loop
      vertex 14.4068 77.1044 0
      vertex 12.7727 77.2071 0
      vertex 12.7391 77.3061 0
    endloop
  endfacet
  facet normal 0 0 -1
    outer loop
      vertex 12.7932 76.8956 0
      vertex 13.2939 74.9678 0
      vertex 13.2 74.9215 0
    endloop
  endfacet
  facet normal 0 0 -1
    outer loop
      vertex 14.4068 77.1044 0
      vertex 12.7391 77.3061 0
      vertex 12.6928 77.4 0
    endloop
  endfacet
  facet normal 0 0 -1
    outer loop
      vertex 12.7932 76.8956 0
      vertex 13.2 74.9215 0
      vertex 13.113 74.8634 0
    endloop
  endfacet
  facet normal 0 0 -1
    outer loop
      vertex 14.4068 77.1044 0
      vertex 12.6928 77.4 0
      vertex 13.6 78.9713 0
    endloop
  endfacet
  facet normal 0 0 -1
    outer loop
      vertex 12.7932 76.8956 0
      vertex 13.113 74.8634 0
      vertex 13.0343 74.7944 0
    endloop
  endfacet
  facet normal -0 0 -1
    outer loop
      vertex 13.6 78.9713 0
      vertex 12.6928 77.4 0
      vertex 13.4956 78.9781 0
    endloop
  endfacet
  facet normal 0 0 -1
    outer loop
      vertex 12.7932 76.8956 0
      vertex 13.0343 74.7944 0
      vertex 12.9653 74.7157 0
    endloop
  endfacet
  facet normal 0 0 -1
    outer loop
      vertex 12.6347 77.487 0
      vertex 13.4956 78.9781 0
      vertex 12.6928 77.4 0
    endloop
  endfacet
  facet normal 0 0 -1
    outer loop
      vertex 12.7932 76.8956 0
      vertex 12.9653 74.7157 0
      vertex 12.9072 74.6287 0
    endloop
  endfacet
  facet normal -0 0 -1
    outer loop
      vertex 13.4956 78.9781 0
      vertex 12.6347 77.487 0
      vertex 13.3929 78.9985 0
    endloop
  endfacet
  facet normal 0 0 -1
    outer loop
      vertex 12.7932 76.8956 0
      vertex 12.9072 74.6287 0
      vertex 12.8609 74.5349 0
    endloop
  endfacet
  facet normal 0 0 -1
    outer loop
      vertex 12.5657 77.5657 0
      vertex 13.3929 78.9985 0
      vertex 12.6347 77.487 0
    endloop
  endfacet
  facet normal 0 0 -1
    outer loop
      vertex 12.7932 76.8956 0
      vertex 12.8609 74.5349 0
      vertex 12.8273 74.4358 0
    endloop
  endfacet
  facet normal -0 0 -1
    outer loop
      vertex 13.3929 78.9985 0
      vertex 12.5657 77.5657 0
      vertex 13.2939 79.0322 0
    endloop
  endfacet
  facet normal 0 0 -1
    outer loop
      vertex 12.7932 76.8956 0
      vertex 12.8273 74.4358 0
      vertex 12.8068 74.3331 0
    endloop
  endfacet
  facet normal 0 0 -1
    outer loop
      vertex 12.487 77.6347 0
      vertex 13.2939 79.0322 0
      vertex 12.5657 77.5657 0
    endloop
  endfacet
  facet normal 0 0 -1
    outer loop
      vertex 11.2 74.2287 0
      vertex 12.8068 74.3331 0
      vertex 12.8 74.2287 0
    endloop
  endfacet
  facet normal -0 0 -1
    outer loop
      vertex 13.2939 79.0322 0
      vertex 12.487 77.6347 0
      vertex 13.2 79.0785 0
    endloop
  endfacet
  facet normal 0 0 -1
    outer loop
      vertex 12.4 77.6928 0
      vertex 13.2 79.0785 0
      vertex 12.487 77.6347 0
    endloop
  endfacet
  facet normal -0 0 -1
    outer loop
      vertex 13.2 79.0785 0
      vertex 12.4 77.6928 0
      vertex 13.113 79.1366 0
    endloop
  endfacet
  facet normal 0.997862 -0.0653634 0
    outer loop
      vertex 72.4658 0.97789 22.9
      vertex 72.5 1.5 0
      vertex 72.5 1.5 22.9
    endloop
  endfacet
  facet normal 0.997862 -0.0653634 0
    outer loop
      vertex 72.5 1.5 0
      vertex 72.4658 0.97789 22.9
      vertex 72.4658 0.97789 0
    endloop
  endfacet
  facet normal -0.321403 0.946943 0
    outer loop
      vertex 69.8827 -0.423874 2
      vertex 69.7588 -0.465927 20.45
      vertex 69.8827 -0.423874 20.45
    endloop
  endfacet
  facet normal -0.321403 0.946943 0
    outer loop
      vertex 69.7588 -0.465927 20.45
      vertex 69.8827 -0.423874 2
      vertex 69.7588 -0.465927 2
    endloop
  endfacet
  facet normal -0.321403 0.946943 0
    outer loop
      vertex 69.8827 -0.423874 22.46
      vertex 69.7588 -0.465927 22.9
      vertex 69.8827 -0.423874 22.9
    endloop
  endfacet
  facet normal -0.321403 0.946943 0
    outer loop
      vertex 69.7588 -0.465927 22.9
      vertex 69.8827 -0.423874 22.46
      vertex 69.7588 -0.465927 22.46
    endloop
  endfacet
  facet normal -0.19494 -0.980815 0
    outer loop
      vertex 69.6305 90.4914 2
      vertex 69.7588 90.4659 20.45
      vertex 69.6305 90.4914 20.45
    endloop
  endfacet
  facet normal -0.19494 -0.980815 -0
    outer loop
      vertex 69.7588 90.4659 20.45
      vertex 69.6305 90.4914 2
      vertex 69.7588 90.4659 2
    endloop
  endfacet
  facet normal -0.19494 -0.980815 0
    outer loop
      vertex 69.6305 90.4914 22.46
      vertex 69.7588 90.4659 22.9
      vertex 69.6305 90.4914 22.9
    endloop
  endfacet
  facet normal -0.19494 -0.980815 -0
    outer loop
      vertex 69.7588 90.4659 22.9
      vertex 69.6305 90.4914 22.46
      vertex 69.7588 90.4659 22.46
    endloop
  endfacet
  facet normal 0 1 -0
    outer loop
      vertex 69.5 -0.5 2
      vertex 0.5 -0.5 20.45
      vertex 69.5 -0.5 20.45
    endloop
  endfacet
  facet normal 0 1 0
    outer loop
      vertex 0.5 -0.5 20.45
      vertex 69.5 -0.5 2
      vertex 0.5 -0.5 2
    endloop
  endfacet
  facet normal 0 1 -0
    outer loop
      vertex 28 -0.5 22.46
      vertex 0.5 -0.5 22.9
      vertex 28 -0.5 22.9
    endloop
  endfacet
  facet normal 0 1 0
    outer loop
      vertex 0.5 -0.5 22.9
      vertex 28 -0.5 22.46
      vertex 0.5 -0.5 22.46
    endloop
  endfacet
  facet normal 0 1 -0
    outer loop
      vertex 69.5 -0.5 22.46
      vertex 42 -0.5 22.9
      vertex 69.5 -0.5 22.9
    endloop
  endfacet
  facet normal 0 1 0
    outer loop
      vertex 42 -0.5 22.9
      vertex 69.5 -0.5 22.46
      vertex 42 -0.5 22.46
    endloop
  endfacet
  facet normal -0.195035 0.980796 0
    outer loop
      vertex 69.7588 -0.465927 2
      vertex 69.6305 -0.49144 20.45
      vertex 69.7588 -0.465927 20.45
    endloop
  endfacet
  facet normal -0.195035 0.980796 0
    outer loop
      vertex 69.6305 -0.49144 20.45
      vertex 69.7588 -0.465927 2
      vertex 69.6305 -0.49144 2
    endloop
  endfacet
  facet normal -0.195035 0.980796 0
    outer loop
      vertex 69.7588 -0.465927 22.46
      vertex 69.6305 -0.49144 22.9
      vertex 69.7588 -0.465927 22.9
    endloop
  endfacet
  facet normal -0.195035 0.980796 0
    outer loop
      vertex 69.6305 -0.49144 22.9
      vertex 69.7588 -0.465927 22.46
      vertex 69.6305 -0.49144 22.46
    endloop
  endfacet
  facet normal 0.896888 0.442259 0
    outer loop
      vertex -0.366028 0 20.45
      vertex -0.423874 0.11731 2
      vertex -0.423874 0.11731 20.45
    endloop
  endfacet
  facet normal 0.896888 0.442259 0
    outer loop
      vertex -0.423874 0.11731 2
      vertex -0.366028 0 20.45
      vertex -0.366028 0 2
    endloop
  endfacet
  facet normal 0.896888 0.442259 0
    outer loop
      vertex -0.366028 0 22.9
      vertex -0.423874 0.11731 22.46
      vertex -0.423874 0.11731 22.9
    endloop
  endfacet
  facet normal 0.896888 0.442259 0
    outer loop
      vertex -0.423874 0.11731 22.46
      vertex -0.366028 0 22.9
      vertex -0.366028 0 22.46
    endloop
  endfacet
  facet normal -0.0654532 0.997856 0
    outer loop
      vertex 69.6305 -0.49144 2
      vertex 69.5 -0.5 20.45
      vertex 69.6305 -0.49144 20.45
    endloop
  endfacet
  facet normal -0.0654532 0.997856 0
    outer loop
      vertex 69.5 -0.5 20.45
      vertex 69.6305 -0.49144 2
      vertex 69.5 -0.5 2
    endloop
  endfacet
  facet normal -0.0654532 0.997856 0
    outer loop
      vertex 69.6305 -0.49144 22.46
      vertex 69.5 -0.5 22.9
      vertex 69.6305 -0.49144 22.9
    endloop
  endfacet
  facet normal -0.0654532 0.997856 0
    outer loop
      vertex 69.5 -0.5 22.9
      vertex 69.6305 -0.49144 22.46
      vertex 69.5 -0.5 22.46
    endloop
  endfacet
  facet normal -0.980814 0.194946 0
    outer loop
      vertex 70.4659 0.24118 2
      vertex 70.4914 0.369476 20.45
      vertex 70.4914 0.369476 2
    endloop
  endfacet
  facet normal -0.980814 0.194946 0
    outer loop
      vertex 70.4914 0.369476 20.45
      vertex 70.4659 0.24118 2
      vertex 70.4659 0.24118 20.45
    endloop
  endfacet
  facet normal -0.980814 0.194946 0
    outer loop
      vertex 70.4659 0.24118 22.46
      vertex 70.4914 0.369476 22.9
      vertex 70.4914 0.369476 22.46
    endloop
  endfacet
  facet normal -0.980814 0.194946 0
    outer loop
      vertex 70.4914 0.369476 22.9
      vertex 70.4659 0.24118 22.46
      vertex 70.4659 0.24118 22.9
    endloop
  endfacet
  facet normal 0.555589 0.831457 -0
    outer loop
      vertex 0 -0.366028 2
      vertex -0.108765 -0.29335 20.45
      vertex 0 -0.366028 20.45
    endloop
  endfacet
  facet normal 0.555589 0.831457 0
    outer loop
      vertex -0.108765 -0.29335 20.45
      vertex 0 -0.366028 2
      vertex -0.108765 -0.29335 2
    endloop
  endfacet
  facet normal 0.555589 0.831457 -0
    outer loop
      vertex 0 -0.366028 22.46
      vertex -0.108765 -0.29335 22.9
      vertex 0 -0.366028 22.9
    endloop
  endfacet
  facet normal 0.555589 0.831457 0
    outer loop
      vertex -0.108765 -0.29335 22.9
      vertex 0 -0.366028 22.46
      vertex -0.108765 -0.29335 22.46
    endloop
  endfacet
  facet normal 0.896873 -0.442289 0
    outer loop
      vertex -0.423874 89.8827 20.45
      vertex -0.366028 90 2
      vertex -0.366028 90 20.45
    endloop
  endfacet
  facet normal 0.896873 -0.442289 0
    outer loop
      vertex -0.366028 90 2
      vertex -0.423874 89.8827 20.45
      vertex -0.423874 89.8827 2
    endloop
  endfacet
  facet normal 0.896873 -0.442289 0
    outer loop
      vertex -0.423874 89.8827 22.9
      vertex -0.366028 90 22.46
      vertex -0.366028 90 22.9
    endloop
  endfacet
  facet normal 0.896873 -0.442289 0
    outer loop
      vertex -0.366028 90 22.46
      vertex -0.423874 89.8827 22.9
      vertex -0.423874 89.8827 22.46
    endloop
  endfacet
  facet normal 0.442591 -0.896724 0
    outer loop
      vertex 0 90.366 2
      vertex 0.11731 90.4239 20.45
      vertex 0 90.366 20.45
    endloop
  endfacet
  facet normal 0.442591 -0.896724 0
    outer loop
      vertex 0.11731 90.4239 20.45
      vertex 0 90.366 2
      vertex 0.11731 90.4239 2
    endloop
  endfacet
  facet normal 0.442591 -0.896724 0
    outer loop
      vertex 0 90.366 22.46
      vertex 0.11731 90.4239 22.9
      vertex 0 90.366 22.9
    endloop
  endfacet
  facet normal 0.442591 -0.896724 0
    outer loop
      vertex 0.11731 90.4239 22.9
      vertex 0 90.366 22.46
      vertex 0.11731 90.4239 22.46
    endloop
  endfacet
  facet normal 0.442259 0.896888 -0
    outer loop
      vertex 0.11731 -0.423874 2
      vertex 0 -0.366028 20.45
      vertex 0.11731 -0.423874 20.45
    endloop
  endfacet
  facet normal 0.442259 0.896888 0
    outer loop
      vertex 0 -0.366028 20.45
      vertex 0.11731 -0.423874 2
      vertex 0 -0.366028 2
    endloop
  endfacet
  facet normal 0.442259 0.896888 -0
    outer loop
      vertex 0.11731 -0.423874 22.46
      vertex 0 -0.366028 22.9
      vertex 0.11731 -0.423874 22.9
    endloop
  endfacet
  facet normal 0.442259 0.896888 0
    outer loop
      vertex 0 -0.366028 22.9
      vertex 0.11731 -0.423874 22.46
      vertex 0 -0.366028 22.46
    endloop
  endfacet
  facet normal -0.659749 -0.751486 0
    outer loop
      vertex 70.1088 90.2934 2
      vertex 70.2071 90.2071 20.45
      vertex 70.1088 90.2934 20.45
    endloop
  endfacet
  facet normal -0.659749 -0.751486 -0
    outer loop
      vertex 70.2071 90.2071 20.45
      vertex 70.1088 90.2934 2
      vertex 70.2071 90.2071 2
    endloop
  endfacet
  facet normal -0.659749 -0.751486 0
    outer loop
      vertex 70.1088 90.2934 22.46
      vertex 70.2071 90.2071 22.9
      vertex 70.1088 90.2934 22.9
    endloop
  endfacet
  facet normal -0.659749 -0.751486 -0
    outer loop
      vertex 70.2071 90.2071 22.9
      vertex 70.1088 90.2934 22.46
      vertex 70.2071 90.2071 22.46
    endloop
  endfacet
  facet normal -1 0 0
    outer loop
      vertex 70.5 2.10381 2
      vertex 70.5 0.5 2
      vertex 70.5 2.10381 18
    endloop
  endfacet
  facet normal -1 0 0
    outer loop
      vertex 70.5 85.7038 2
      vertex 70.5 20 9
      vertex 70.5 85.7038 18
    endloop
  endfacet
  facet normal -1 0 0
    outer loop
      vertex 70.5 4.29619 2
      vertex 70.5 20 9
      vertex 70.5 85.7038 2
    endloop
  endfacet
  facet normal -1 0 0
    outer loop
      vertex 70.5 4.29619 18
      vertex 70.5 7 9
      vertex 70.5 4.29619 2
    endloop
  endfacet
  facet normal -1 -0 0
    outer loop
      vertex 70.5 20 9
      vertex 70.5 4.29619 2
      vertex 70.5 7 9
    endloop
  endfacet
  facet normal -1 0 0
    outer loop
      vertex 70.5 87.8962 18
      vertex 70.5 89.5 2
      vertex 70.5 87.8962 2
    endloop
  endfacet
  facet normal -1 0 0
    outer loop
      vertex 70.5 89.5 2
      vertex 70.5 87.8962 18
      vertex 70.5 89.5 20.45
    endloop
  endfacet
  facet normal -1 0 0
    outer loop
      vertex 70.5 85.7038 18
      vertex 70.5 89.5 20.45
      vertex 70.5 87.8962 18
    endloop
  endfacet
  facet normal -1 0 0
    outer loop
      vertex 70.5 20 17.6
      vertex 70.5 85.7038 18
      vertex 70.5 20 9
    endloop
  endfacet
  facet normal -1 -0 0
    outer loop
      vertex 70.5 85.7038 18
      vertex 70.5 20 17.6
      vertex 70.5 89.5 20.45
    endloop
  endfacet
  facet normal -1 0 0
    outer loop
      vertex 70.5 0.5 20.45
      vertex 70.5 20 17.6
      vertex 70.5 7 17.6
    endloop
  endfacet
  facet normal -1 0 0
    outer loop
      vertex 70.5 7 9
      vertex 70.5 4.29619 18
      vertex 70.5 7 17.6
    endloop
  endfacet
  facet normal -1 0 0
    outer loop
      vertex 70.5 0.5 20.45
      vertex 70.5 7 17.6
      vertex 70.5 4.29619 18
    endloop
  endfacet
  facet normal -1 0 0
    outer loop
      vertex 70.5 0.5 20.45
      vertex 70.5 4.29619 18
      vertex 70.5 2.10381 18
    endloop
  endfacet
  facet normal -1 0 0
    outer loop
      vertex 70.5 20 17.6
      vertex 70.5 0.5 20.45
      vertex 70.5 89.5 20.45
    endloop
  endfacet
  facet normal -1 0 0
    outer loop
      vertex 70.5 0.5 20.45
      vertex 70.5 2.10381 18
      vertex 70.5 0.5 2
    endloop
  endfacet
  facet normal -1 0 0
    outer loop
      vertex 70.5 0.5 22.46
      vertex 70.5 89.5 22.9
      vertex 70.5 89.5 22.46
    endloop
  endfacet
  facet normal -1 -0 0
    outer loop
      vertex 70.5 89.5 22.9
      vertex 70.5 0.5 22.46
      vertex 70.5 0.5 22.9
    endloop
  endfacet
  facet normal 1 0 0
    outer loop
      vertex -0.5 89.5 20.45
      vertex -0.5 87.8962 18
      vertex -0.5 89.5 2
    endloop
  endfacet
  facet normal 1 0 0
    outer loop
      vertex -0.5 89.5 20.45
      vertex -0.5 85.7038 18
      vertex -0.5 87.8962 18
    endloop
  endfacet
  facet normal 1 0 0
    outer loop
      vertex -0.5 21 9
      vertex -0.5 85.7038 18
      vertex -0.5 21 17.6
    endloop
  endfacet
  facet normal 1 0 0
    outer loop
      vertex -0.5 89.5 20.45
      vertex -0.5 21 17.6
      vertex -0.5 85.7038 18
    endloop
  endfacet
  facet normal 1 -0 0
    outer loop
      vertex -0.5 0.5 20.45
      vertex -0.5 21 17.6
      vertex -0.5 89.5 20.45
    endloop
  endfacet
  facet normal 1 0 0
    outer loop
      vertex -0.5 8 17.6
      vertex -0.5 4.29619 18
      vertex -0.5 8 9
    endloop
  endfacet
  facet normal 1 0 0
    outer loop
      vertex -0.5 21 17.6
      vertex -0.5 0.5 20.45
      vertex -0.5 8 17.6
    endloop
  endfacet
  facet normal 1 0 0
    outer loop
      vertex -0.5 8 17.6
      vertex -0.5 0.5 20.45
      vertex -0.5 4.29619 18
    endloop
  endfacet
  facet normal 1 0 0
    outer loop
      vertex -0.5 4.29619 18
      vertex -0.5 0.5 20.45
      vertex -0.5 2.10381 18
    endloop
  endfacet
  facet normal 1 0 0
    outer loop
      vertex -0.5 0.5 2
      vertex -0.5 2.10381 18
      vertex -0.5 0.5 20.45
    endloop
  endfacet
  facet normal 1 0 0
    outer loop
      vertex -0.5 2.10381 18
      vertex -0.5 0.5 2
      vertex -0.5 2.10381 2
    endloop
  endfacet
  facet normal 1 0 0
    outer loop
      vertex -0.5 89.5 2
      vertex -0.5 87.8962 18
      vertex -0.5 87.8962 2
    endloop
  endfacet
  facet normal 1 0 0
    outer loop
      vertex -0.5 85.7038 18
      vertex -0.5 21 9
      vertex -0.5 85.7038 2
    endloop
  endfacet
  facet normal 1 0 0
    outer loop
      vertex -0.5 4.29619 2
      vertex -0.5 21 9
      vertex -0.5 8 9
    endloop
  endfacet
  facet normal 1 0 0
    outer loop
      vertex -0.5 21 9
      vertex -0.5 4.29619 2
      vertex -0.5 85.7038 2
    endloop
  endfacet
  facet normal 1 0 0
    outer loop
      vertex -0.5 4.29619 2
      vertex -0.5 8 9
      vertex -0.5 4.29619 18
    endloop
  endfacet
  facet normal 1 -0 0
    outer loop
      vertex -0.5 0.5 22.9
      vertex -0.5 89.5 22.46
      vertex -0.5 89.5 22.9
    endloop
  endfacet
  facet normal 1 0 0
    outer loop
      vertex -0.5 89.5 22.46
      vertex -0.5 0.5 22.9
      vertex -0.5 0.5 22.46
    endloop
  endfacet
  facet normal 0.0657457 -0.997836 0
    outer loop
      vertex 0.369476 90.4914 2
      vertex 0.5 90.5 20.45
      vertex 0.369476 90.4914 20.45
    endloop
  endfacet
  facet normal 0.0657457 -0.997836 0
    outer loop
      vertex 0.5 90.5 20.45
      vertex 0.369476 90.4914 2
      vertex 0.5 90.5 2
    endloop
  endfacet
  facet normal 0.0657457 -0.997836 0
    outer loop
      vertex 0.369476 90.4914 22.46
      vertex 0.5 90.5 22.9
      vertex 0.369476 90.4914 22.9
    endloop
  endfacet
  facet normal 0.0657457 -0.997836 0
    outer loop
      vertex 0.5 90.5 22.9
      vertex 0.369476 90.4914 22.46
      vertex 0.5 90.5 22.46
    endloop
  endfacet
  facet normal -0.980815 -0.19494 0
    outer loop
      vertex 70.4914 89.6305 2
      vertex 70.4659 89.7588 20.45
      vertex 70.4659 89.7588 2
    endloop
  endfacet
  facet normal -0.980815 -0.19494 0
    outer loop
      vertex 70.4659 89.7588 20.45
      vertex 70.4914 89.6305 2
      vertex 70.4914 89.6305 20.45
    endloop
  endfacet
  facet normal -0.980815 -0.19494 0
    outer loop
      vertex 70.4914 89.6305 22.46
      vertex 70.4659 89.7588 22.9
      vertex 70.4659 89.7588 22.46
    endloop
  endfacet
  facet normal -0.980815 -0.19494 0
    outer loop
      vertex 70.4659 89.7588 22.9
      vertex 70.4914 89.6305 22.46
      vertex 70.4914 89.6305 22.9
    endloop
  endfacet
  facet normal -0.947066 -0.321039 0
    outer loop
      vertex 70.4659 89.7588 2
      vertex 70.4239 89.8827 20.45
      vertex 70.4239 89.8827 2
    endloop
  endfacet
  facet normal -0.947066 -0.321039 0
    outer loop
      vertex 70.4239 89.8827 20.45
      vertex 70.4659 89.7588 2
      vertex 70.4659 89.7588 20.45
    endloop
  endfacet
  facet normal -0.947066 -0.321039 0
    outer loop
      vertex 70.4659 89.7588 22.46
      vertex 70.4239 89.8827 22.9
      vertex 70.4239 89.8827 22.46
    endloop
  endfacet
  facet normal -0.947066 -0.321039 0
    outer loop
      vertex 70.4239 89.8827 22.9
      vertex 70.4659 89.7588 22.46
      vertex 70.4659 89.7588 22.9
    endloop
  endfacet
  facet normal -0.831815 -0.555053 0
    outer loop
      vertex 70.366 90 2
      vertex 70.2934 90.1088 20.45
      vertex 70.2934 90.1088 2
    endloop
  endfacet
  facet normal -0.831815 -0.555053 0
    outer loop
      vertex 70.2934 90.1088 20.45
      vertex 70.366 90 2
      vertex 70.366 90 20.45
    endloop
  endfacet
  facet normal -0.831815 -0.555053 0
    outer loop
      vertex 70.366 90 22.46
      vertex 70.2934 90.1088 22.9
      vertex 70.2934 90.1088 22.46
    endloop
  endfacet
  facet normal -0.831815 -0.555053 0
    outer loop
      vertex 70.2934 90.1088 22.9
      vertex 70.366 90 22.46
      vertex 70.366 90 22.9
    endloop
  endfacet
  facet normal -0.947042 0.321109 0
    outer loop
      vertex 70.4239 0.11731 2
      vertex 70.4659 0.24118 20.45
      vertex 70.4659 0.24118 2
    endloop
  endfacet
  facet normal -0.947042 0.321109 0
    outer loop
      vertex 70.4659 0.24118 20.45
      vertex 70.4239 0.11731 2
      vertex 70.4239 0.11731 20.45
    endloop
  endfacet
  facet normal -0.947042 0.321109 0
    outer loop
      vertex 70.4239 0.11731 22.46
      vertex 70.4659 0.24118 22.9
      vertex 70.4659 0.24118 22.46
    endloop
  endfacet
  facet normal -0.947042 0.321109 0
    outer loop
      vertex 70.4659 0.24118 22.9
      vertex 70.4239 0.11731 22.46
      vertex 70.4239 0.11731 22.9
    endloop
  endfacet
  facet normal -0 0 1
    outer loop
      vertex 3.32822 83.709 2
      vertex 8.16532 77.487 2
      vertex 3.72459 83.8436 2
    endloop
  endfacet
  facet normal 0 0 1
    outer loop
      vertex 7.79999 60 2
      vertex 5.67262 3.61768 2
      vertex 5.7 3.2 2
    endloop
  endfacet
  facet normal 0 0 1
    outer loop
      vertex 8.16532 77.487 2
      vertex 3.32822 83.709 2
      vertex 8.10718 77.4 2
    endloop
  endfacet
  facet normal 0 0 1
    outer loop
      vertex 7.79999 60 2
      vertex 5.59096 4.02822 2
      vertex 5.67262 3.61768 2
    endloop
  endfacet
  facet normal 0 0 1
    outer loop
      vertex 8.10718 77.4 2
      vertex 3.32822 83.709 2
      vertex 8.0609 77.3061 2
    endloop
  endfacet
  facet normal 0 0 1
    outer loop
      vertex 7.79999 60 2
      vertex 5.45641 4.42459 2
      vertex 5.59096 4.02822 2
    endloop
  endfacet
  facet normal -0 0 1
    outer loop
      vertex 2.91768 83.6274 2
      vertex 8.0609 77.3061 2
      vertex 3.32822 83.709 2
    endloop
  endfacet
  facet normal 0 0 1
    outer loop
      vertex 7.79999 60 2
      vertex 5.27128 4.8 2
      vertex 5.45641 4.42459 2
    endloop
  endfacet
  facet normal 0 0 1
    outer loop
      vertex 8.0609 77.3061 2
      vertex 2.91768 83.6274 2
      vertex 8.02726 77.2071 2
    endloop
  endfacet
  facet normal 0 0 1
    outer loop
      vertex 7.79999 60 2
      vertex 5.03873 5.14804 2
      vertex 5.27128 4.8 2
    endloop
  endfacet
  facet normal -0 0 1
    outer loop
      vertex 2.5 83.6 2
      vertex 8.02726 77.2071 2
      vertex 2.91768 83.6274 2
    endloop
  endfacet
  facet normal 0 0 1
    outer loop
      vertex 7.79999 60 2
      vertex 4.76274 5.46274 2
      vertex 5.03873 5.14804 2
    endloop
  endfacet
  facet normal 0 0 1
    outer loop
      vertex 8.02726 77.2071 2
      vertex 2.5 83.6 2
      vertex 8.00684 77.1044 2
    endloop
  endfacet
  facet normal 0 0 1
    outer loop
      vertex 7.79999 60 2
      vertex 4.44804 5.73873 2
      vertex 4.76274 5.46274 2
    endloop
  endfacet
  facet normal 0 0 1
    outer loop
      vertex 8.00684 77.1044 2
      vertex 2.5 83.6 2
      vertex 8 77 2
    endloop
  endfacet
  facet normal 0 0 1
    outer loop
      vertex 7.79999 60 2
      vertex 4.1 5.97128 2
      vertex 4.44804 5.73873 2
    endloop
  endfacet
  facet normal 0 0 1
    outer loop
      vertex 2.08232 83.6274 2
      vertex 8 77 2
      vertex 2.5 83.6 2
    endloop
  endfacet
  facet normal 0 0 1
    outer loop
      vertex 7.79999 60 2
      vertex 3.72459 6.15641 2
      vertex 4.1 5.97128 2
    endloop
  endfacet
  facet normal 0 0 1
    outer loop
      vertex 8 77 2
      vertex 2.08232 83.6274 2
      vertex 8.00684 76.8956 2
    endloop
  endfacet
  facet normal 0 0 1
    outer loop
      vertex 7.79999 60 2
      vertex 3.32822 6.29096 2
      vertex 3.72459 6.15641 2
    endloop
  endfacet
  facet normal 0 0 1
    outer loop
      vertex 1.67178 83.709 2
      vertex 8.00684 76.8956 2
      vertex 2.08232 83.6274 2
    endloop
  endfacet
  facet normal 0 0 1
    outer loop
      vertex 7.79999 60 2
      vertex 2.91768 6.37262 2
      vertex 3.32822 6.29096 2
    endloop
  endfacet
  facet normal 0 0 1
    outer loop
      vertex 1.27541 83.8436 2
      vertex 8.00684 76.8956 2
      vertex 1.67178 83.709 2
    endloop
  endfacet
  facet normal 0 0 1
    outer loop
      vertex 7.79999 60 2
      vertex 2.5 6.4 2
      vertex 2.91768 6.37262 2
    endloop
  endfacet
  facet normal 0 0 1
    outer loop
      vertex 8.00684 76.8956 2
      vertex 1.27541 83.8436 2
      vertex 7.79999 68 2
    endloop
  endfacet
  facet normal 0 0 1
    outer loop
      vertex 7.79999 60 2
      vertex 2.08232 6.37262 2
      vertex 2.5 6.4 2
    endloop
  endfacet
  facet normal 0 0 1
    outer loop
      vertex 0.9 84.0287 2
      vertex 7.79999 68 2
      vertex 1.27541 83.8436 2
    endloop
  endfacet
  facet normal 0 0 1
    outer loop
      vertex 7.79999 60 2
      vertex 1.67178 6.29096 2
      vertex 2.08232 6.37262 2
    endloop
  endfacet
  facet normal 0 0 1
    outer loop
      vertex 0.551963 84.2613 2
      vertex 7.79999 68 2
      vertex 0.9 84.0287 2
    endloop
  endfacet
  facet normal 0 0 1
    outer loop
      vertex 7.79999 60 2
      vertex 1.27541 6.15641 2
      vertex 1.67178 6.29096 2
    endloop
  endfacet
  facet normal 0 0 1
    outer loop
      vertex 0.237258 84.5373 2
      vertex 7.79999 68 2
      vertex 0.551963 84.2613 2
    endloop
  endfacet
  facet normal 0 0 1
    outer loop
      vertex 7.79999 60 2
      vertex 0.9 5.97128 2
      vertex 1.27541 6.15641 2
    endloop
  endfacet
  facet normal 0 0 1
    outer loop
      vertex 7.79999 68 2
      vertex 0.237258 84.5373 2
      vertex 7.79999 60 2
    endloop
  endfacet
  facet normal 0 0 1
    outer loop
      vertex 7.79999 60 2
      vertex 0.551963 5.73873 2
      vertex 0.9 5.97128 2
    endloop
  endfacet
  facet normal 0 0 1
    outer loop
      vertex -0.0387306 84.852 2
      vertex 7.79999 60 2
      vertex 0.237258 84.5373 2
    endloop
  endfacet
  facet normal 0 0 1
    outer loop
      vertex 7.79999 60 2
      vertex 0.237258 5.46274 2
      vertex 0.551963 5.73873 2
    endloop
  endfacet
  facet normal 0 0 1
    outer loop
      vertex -0.271281 85.2 2
      vertex 7.79999 60 2
      vertex -0.0387306 84.852 2
    endloop
  endfacet
  facet normal 0 0 1
    outer loop
      vertex 7.79999 60 2
      vertex -0.0387306 5.14804 2
      vertex 0.237258 5.46274 2
    endloop
  endfacet
  facet normal 0 0 1
    outer loop
      vertex -0.271281 4.8 2
      vertex 7.79999 60 2
      vertex -0.271281 85.2 2
    endloop
  endfacet
  facet normal 0 0 1
    outer loop
      vertex 7.79999 60 2
      vertex -0.271281 4.8 2
      vertex -0.0387306 5.14804 2
    endloop
  endfacet
  facet normal 0 0 1
    outer loop
      vertex -0.456414 85.5754 2
      vertex -0.271281 4.8 2
      vertex -0.271281 85.2 2
    endloop
  endfacet
  facet normal 0 0 1
    outer loop
      vertex -0.456414 85.5754 2
      vertex -0.456414 4.42459 2
      vertex -0.271281 4.8 2
    endloop
  endfacet
  facet normal 0 0 1
    outer loop
      vertex -0.5 85.7038 2
      vertex -0.456414 4.42459 2
      vertex -0.456414 85.5754 2
    endloop
  endfacet
  facet normal 0 0 1
    outer loop
      vertex -0.456414 4.42459 2
      vertex -0.5 85.7038 2
      vertex -0.5 4.29619 2
    endloop
  endfacet
  facet normal -0 0 1
    outer loop
      vertex 7.79999 60 2
      vertex 9 10 2
      vertex 9 60 2
    endloop
  endfacet
  facet normal 0 0 1
    outer loop
      vertex 9 10 2
      vertex 7.79999 60 2
      vertex 7.79999 10 2
    endloop
  endfacet
  facet normal 0 0 1
    outer loop
      vertex 9.60684 74.3331 2
      vertex 8.49385 76.2609 2
      vertex 9.6 74.2287 2
    endloop
  endfacet
  facet normal 0 0 1
    outer loop
      vertex 8.4 76.3072 2
      vertex 9.6 74.2287 2
      vertex 8.49385 76.2609 2
    endloop
  endfacet
  facet normal 0 0 1
    outer loop
      vertex 9.6 74.2287 2
      vertex 8.4 76.3072 2
      vertex 9.60684 74.1243 2
    endloop
  endfacet
  facet normal 0 0 1
    outer loop
      vertex 8.31299 76.3653 2
      vertex 9.60684 74.1243 2
      vertex 8.4 76.3072 2
    endloop
  endfacet
  facet normal 0 0 1
    outer loop
      vertex 9.60684 74.1243 2
      vertex 8.31299 76.3653 2
      vertex 9.62726 74.0217 2
    endloop
  endfacet
  facet normal 0 0 1
    outer loop
      vertex 8.23431 76.4343 2
      vertex 9.62726 74.0217 2
      vertex 8.31299 76.3653 2
    endloop
  endfacet
  facet normal 0 0 1
    outer loop
      vertex 9.62726 74.0217 2
      vertex 7.79999 68 2
      vertex 9.5 69.7 2
    endloop
  endfacet
  facet normal 0 0 1
    outer loop
      vertex 9.62726 74.0217 2
      vertex 8.23431 76.4343 2
      vertex 7.79999 68 2
    endloop
  endfacet
  facet normal 0 0 1
    outer loop
      vertex 7.79999 68 2
      vertex 8.23431 76.4343 2
      vertex 8.16532 76.513 2
    endloop
  endfacet
  facet normal 0 0 1
    outer loop
      vertex 7.79999 68 2
      vertex 8.16532 76.513 2
      vertex 8.10718 76.6 2
    endloop
  endfacet
  facet normal 0 0 1
    outer loop
      vertex 7.79999 68 2
      vertex 8.10718 76.6 2
      vertex 8.0609 76.6939 2
    endloop
  endfacet
  facet normal 0 0 1
    outer loop
      vertex 7.79999 68 2
      vertex 8.0609 76.6939 2
      vertex 8.02726 76.7929 2
    endloop
  endfacet
  facet normal 0 0 1
    outer loop
      vertex 7.79999 68 2
      vertex 8.02726 76.7929 2
      vertex 8.00684 76.8956 2
    endloop
  endfacet
  facet normal 0 0 1
    outer loop
      vertex 9.5 69.7 2
      vertex 7.79999 68 2
      vertex 9 68 2
    endloop
  endfacet
  facet normal 0 0 1
    outer loop
      vertex 9.60684 79.8757 2
      vertex 4.1 84.0287 2
      vertex 8.31299 77.6347 2
    endloop
  endfacet
  facet normal -0 0 1
    outer loop
      vertex 10.8 79.0785 2
      vertex 11.6 77.6928 2
      vertex 10.887 79.1366 2
    endloop
  endfacet
  facet normal 0 0 1
    outer loop
      vertex 11.6 77.6928 2
      vertex 10.8 79.0785 2
      vertex 11.513 77.6347 2
    endloop
  endfacet
  facet normal -0 0 1
    outer loop
      vertex 10.7061 79.0322 2
      vertex 11.513 77.6347 2
      vertex 10.8 79.0785 2
    endloop
  endfacet
  facet normal 0 0 1
    outer loop
      vertex 11.2 77 2
      vertex 11.1932 74.3331 2
      vertex 11.2 74.2287 2
    endloop
  endfacet
  facet normal 0 0 1
    outer loop
      vertex 11.513 77.6347 2
      vertex 10.7061 79.0322 2
      vertex 11.4343 77.5657 2
    endloop
  endfacet
  facet normal 0 0 1
    outer loop
      vertex 11.2 77 2
      vertex 11.1727 74.4358 2
      vertex 11.1932 74.3331 2
    endloop
  endfacet
  facet normal -0 0 1
    outer loop
      vertex 10.6071 78.9985 2
      vertex 11.4343 77.5657 2
      vertex 10.7061 79.0322 2
    endloop
  endfacet
  facet normal 0 0 1
    outer loop
      vertex 11.2 77 2
      vertex 11.1391 74.5349 2
      vertex 11.1727 74.4358 2
    endloop
  endfacet
  facet normal 0 0 1
    outer loop
      vertex 11.4343 77.5657 2
      vertex 10.6071 78.9985 2
      vertex 11.3653 77.487 2
    endloop
  endfacet
  facet normal 0 0 1
    outer loop
      vertex 11.2 77 2
      vertex 11.0928 74.6287 2
      vertex 11.1391 74.5349 2
    endloop
  endfacet
  facet normal -0 0 1
    outer loop
      vertex 10.5044 78.9781 2
      vertex 11.3653 77.487 2
      vertex 10.6071 78.9985 2
    endloop
  endfacet
  facet normal 0 0 1
    outer loop
      vertex 11.2 77 2
      vertex 11.0347 74.7157 2
      vertex 11.0928 74.6287 2
    endloop
  endfacet
  facet normal 0 0 1
    outer loop
      vertex 11.3653 77.487 2
      vertex 10.5044 78.9781 2
      vertex 11.3072 77.4 2
    endloop
  endfacet
  facet normal 0 0 1
    outer loop
      vertex 11.2 77 2
      vertex 10.9657 74.7944 2
      vertex 11.0347 74.7157 2
    endloop
  endfacet
  facet normal -0 0 1
    outer loop
      vertex 10.4 78.9713 2
      vertex 11.3072 77.4 2
      vertex 10.5044 78.9781 2
    endloop
  endfacet
  facet normal 0 0 1
    outer loop
      vertex 11.2 77 2
      vertex 10.887 74.8634 2
      vertex 10.9657 74.7944 2
    endloop
  endfacet
  facet normal 0 0 1
    outer loop
      vertex 9.49282 77.4 2
      vertex 11.3072 77.4 2
      vertex 10.4 78.9713 2
    endloop
  endfacet
  facet normal 0 0 1
    outer loop
      vertex 11.2 77 2
      vertex 10.8 74.9215 2
      vertex 10.887 74.8634 2
    endloop
  endfacet
  facet normal 0 0 1
    outer loop
      vertex 11.3072 77.4 2
      vertex 9.49282 77.4 2
      vertex 11.2609 77.3061 2
    endloop
  endfacet
  facet normal 0 0 1
    outer loop
      vertex 9.59316 76.8956 2
      vertex 11.2 77 2
      vertex 9.6 77 2
    endloop
  endfacet
  facet normal 0 -0 1
    outer loop
      vertex 9.5391 77.3061 2
      vertex 11.2609 77.3061 2
      vertex 9.49282 77.4 2
    endloop
  endfacet
  facet normal 0 0 1
    outer loop
      vertex 11.2 77 2
      vertex 10.7061 74.9678 2
      vertex 10.8 74.9215 2
    endloop
  endfacet
  facet normal 0 0 1
    outer loop
      vertex 11.2609 77.3061 2
      vertex 9.5391 77.3061 2
      vertex 11.2273 77.2071 2
    endloop
  endfacet
  facet normal 0 0 1
    outer loop
      vertex 9.57274 76.7929 2
      vertex 11.2 77 2
      vertex 9.59316 76.8956 2
    endloop
  endfacet
  facet normal 0 -0 1
    outer loop
      vertex 9.57274 77.2071 2
      vertex 11.2273 77.2071 2
      vertex 9.5391 77.3061 2
    endloop
  endfacet
  facet normal 0 0 1
    outer loop
      vertex 11.2 77 2
      vertex 10.6071 75.0015 2
      vertex 10.7061 74.9678 2
    endloop
  endfacet
  facet normal 0 0 1
    outer loop
      vertex 9.49282 77.4 2
      vertex 10.4 78.9713 2
      vertex 10.2956 78.9781 2
    endloop
  endfacet
  facet normal 0 0 1
    outer loop
      vertex 9.5391 76.6939 2
      vertex 11.2 77 2
      vertex 9.57274 76.7929 2
    endloop
  endfacet
  facet normal 0 0 1
    outer loop
      vertex 9.43468 77.487 2
      vertex 10.2956 78.9781 2
      vertex 10.1929 78.9985 2
    endloop
  endfacet
  facet normal 0 0 1
    outer loop
      vertex 11.2 77 2
      vertex 10.5044 75.0219 2
      vertex 10.6071 75.0015 2
    endloop
  endfacet
  facet normal 0 0 1
    outer loop
      vertex 9.36569 77.5657 2
      vertex 10.1929 78.9985 2
      vertex 10.0939 79.0322 2
    endloop
  endfacet
  facet normal 0 0 1
    outer loop
      vertex 9.49282 76.6 2
      vertex 11.2 77 2
      vertex 9.5391 76.6939 2
    endloop
  endfacet
  facet normal 0 0 1
    outer loop
      vertex 9.28701 77.6347 2
      vertex 10.0939 79.0322 2
      vertex 10 79.0785 2
    endloop
  endfacet
  facet normal 0 0 1
    outer loop
      vertex 11.2 77 2
      vertex 10.4 75.0287 2
      vertex 10.5044 75.0219 2
    endloop
  endfacet
  facet normal 0 0 1
    outer loop
      vertex 9.2 77.6928 2
      vertex 10 79.0785 2
      vertex 9.91299 79.1366 2
    endloop
  endfacet
  facet normal 0 0 1
    outer loop
      vertex 11.2 77 2
      vertex 9.49282 76.6 2
      vertex 10.4 75.0287 2
    endloop
  endfacet
  facet normal 0 0 1
    outer loop
      vertex 9.10615 77.7391 2
      vertex 9.91299 79.1366 2
      vertex 9.83432 79.2056 2
    endloop
  endfacet
  facet normal 0 0 1
    outer loop
      vertex 10.4 75.0287 2
      vertex 9.49282 76.6 2
      vertex 10.2956 75.0219 2
    endloop
  endfacet
  facet normal 0 0 1
    outer loop
      vertex 9.00706 77.7727 2
      vertex 9.83432 79.2056 2
      vertex 9.76532 79.2843 2
    endloop
  endfacet
  facet normal -0 0 1
    outer loop
      vertex 9.43468 76.513 2
      vertex 10.2956 75.0219 2
      vertex 9.49282 76.6 2
    endloop
  endfacet
  facet normal 0 0 1
    outer loop
      vertex 8.90442 77.7932 2
      vertex 9.76532 79.2843 2
      vertex 9.70718 79.3713 2
    endloop
  endfacet
  facet normal 0 0 1
    outer loop
      vertex 10.2956 75.0219 2
      vertex 9.43468 76.513 2
      vertex 10.1929 75.0015 2
    endloop
  endfacet
  facet normal 0 0 1
    outer loop
      vertex 8.8 77.8 2
      vertex 9.70718 79.3713 2
      vertex 9.6609 79.4651 2
    endloop
  endfacet
  facet normal -0 0 1
    outer loop
      vertex 9.36569 76.4343 2
      vertex 10.1929 75.0015 2
      vertex 9.43468 76.513 2
    endloop
  endfacet
  facet normal 0 0 1
    outer loop
      vertex 8.69558 77.7932 2
      vertex 9.6609 79.4651 2
      vertex 9.62726 79.5642 2
    endloop
  endfacet
  facet normal 0 0 1
    outer loop
      vertex 10.1929 75.0015 2
      vertex 9.36569 76.4343 2
      vertex 10.0939 74.9678 2
    endloop
  endfacet
  facet normal 0 0 1
    outer loop
      vertex 8.59295 77.7727 2
      vertex 9.62726 79.5642 2
      vertex 9.60684 79.6669 2
    endloop
  endfacet
  facet normal -0 0 1
    outer loop
      vertex 9.28701 76.3653 2
      vertex 10.0939 74.9678 2
      vertex 9.36569 76.4343 2
    endloop
  endfacet
  facet normal 0 0 1
    outer loop
      vertex 8.49385 77.7391 2
      vertex 9.60684 79.6669 2
      vertex 9.6 79.7713 2
    endloop
  endfacet
  facet normal 0 0 1
    outer loop
      vertex 10.0939 74.9678 2
      vertex 9.28701 76.3653 2
      vertex 10 74.9215 2
    endloop
  endfacet
  facet normal -0 0 1
    outer loop
      vertex 9.2 76.3072 2
      vertex 10 74.9215 2
      vertex 9.28701 76.3653 2
    endloop
  endfacet
  facet normal 0 0 1
    outer loop
      vertex 10 74.9215 2
      vertex 9.2 76.3072 2
      vertex 9.91299 74.8634 2
    endloop
  endfacet
  facet normal -0 0 1
    outer loop
      vertex 9.5 68.5 2
      vertex 17.5 1.5 2
      vertex 17.5 68.5 2
    endloop
  endfacet
  facet normal 0 0 1
    outer loop
      vertex 17.5 1.5 2
      vertex 9.5 68.5 2
      vertex 9.5 1.5 2
    endloop
  endfacet
  facet normal 0 0 1
    outer loop
      vertex 61 60 2
      vertex 17.5 68.5 2
      vertex 61 10 2
    endloop
  endfacet
  facet normal 0 0 1
    outer loop
      vertex 61 10 2
      vertex 52.5 1.5 2
      vertex 60.5 1.5 2
    endloop
  endfacet
  facet normal -0 0 1
    outer loop
      vertex 61 60 2
      vertex 62.2 10 2
      vertex 62.2 60 2
    endloop
  endfacet
  facet normal 0 0 1
    outer loop
      vertex 62.2 10 2
      vertex 61 60 2
      vertex 61 10 2
    endloop
  endfacet
  facet normal 0 0 1
    outer loop
      vertex 69.7627 89.0627 2
      vertex 70.5 89.5 2
      vertex 70.4914 89.6305 2
    endloop
  endfacet
  facet normal 0 0 1
    outer loop
      vertex 69.7627 89.0627 2
      vertex 70.4914 89.6305 2
      vertex 70.4659 89.7588 2
    endloop
  endfacet
  facet normal 0 0 1
    outer loop
      vertex 70.5 89.5 2
      vertex 70.4564 88.0246 2
      vertex 70.5 87.8962 2
    endloop
  endfacet
  facet normal 0 0 1
    outer loop
      vertex 69.448 89.3387 2
      vertex 70.4659 89.7588 2
      vertex 70.4239 89.8827 2
    endloop
  endfacet
  facet normal 0 0 1
    outer loop
      vertex 69.448 89.3387 2
      vertex 70.4239 89.8827 2
      vertex 70.366 90 2
    endloop
  endfacet
  facet normal 0 0 1
    outer loop
      vertex 69.448 89.3387 2
      vertex 70.366 90 2
      vertex 70.2934 90.1088 2
    endloop
  endfacet
  facet normal 0 0 1
    outer loop
      vertex 70.5 89.5 2
      vertex 70.2713 88.4 2
      vertex 70.4564 88.0246 2
    endloop
  endfacet
  facet normal 0 0 1
    outer loop
      vertex 69.448 89.3387 2
      vertex 70.2934 90.1088 2
      vertex 70.2071 90.2071 2
    endloop
  endfacet
  facet normal 0 0 1
    outer loop
      vertex 69.448 89.3387 2
      vertex 70.2071 90.2071 2
      vertex 70.1088 90.2934 2
    endloop
  endfacet
  facet normal 0 0 1
    outer loop
      vertex 70.5 89.5 2
      vertex 70.0387 88.748 2
      vertex 70.2713 88.4 2
    endloop
  endfacet
  facet normal 0 0 1
    outer loop
      vertex 69.448 89.3387 2
      vertex 70.1088 90.2934 2
      vertex 70 90.366 2
    endloop
  endfacet
  facet normal 0 0 1
    outer loop
      vertex 69.448 89.3387 2
      vertex 70 90.366 2
      vertex 69.8827 90.4239 2
    endloop
  endfacet
  facet normal 0 0 1
    outer loop
      vertex 70.5 89.5 2
      vertex 69.7627 89.0627 2
      vertex 70.0387 88.748 2
    endloop
  endfacet
  facet normal 0 0 1
    outer loop
      vertex 69.448 89.3387 2
      vertex 69.8827 90.4239 2
      vertex 69.7588 90.4659 2
    endloop
  endfacet
  facet normal 0 0 1
    outer loop
      vertex 69.448 89.3387 2
      vertex 69.7588 90.4659 2
      vertex 69.6305 90.4914 2
    endloop
  endfacet
  facet normal 0 0 1
    outer loop
      vertex 69.1 89.5713 2
      vertex 69.6305 90.4914 2
      vertex 69.5 90.5 2
    endloop
  endfacet
  facet normal 0 0 1
    outer loop
      vertex 70.4659 89.7588 2
      vertex 69.448 89.3387 2
      vertex 69.7627 89.0627 2
    endloop
  endfacet
  facet normal 0 0 1
    outer loop
      vertex 69.6305 90.4914 2
      vertex 69.1 89.5713 2
      vertex 69.448 89.3387 2
    endloop
  endfacet
  facet normal 0 0 1
    outer loop
      vertex 69.5 90.5 2
      vertex 68.7246 89.7564 2
      vertex 69.1 89.5713 2
    endloop
  endfacet
  facet normal 0 0 1
    outer loop
      vertex 69.5 90.5 2
      vertex 68.3282 89.891 2
      vertex 68.7246 89.7564 2
    endloop
  endfacet
  facet normal 0 0 1
    outer loop
      vertex 69.5 90.5 2
      vertex 67.9177 89.9726 2
      vertex 68.3282 89.891 2
    endloop
  endfacet
  facet normal 0 0 1
    outer loop
      vertex 69.5 90.5 2
      vertex 67.5 90 2
      vertex 67.9177 89.9726 2
    endloop
  endfacet
  facet normal 0 0 1
    outer loop
      vertex 69.5 90.5 2
      vertex 67.0823 89.9726 2
      vertex 67.5 90 2
    endloop
  endfacet
  facet normal 0 0 1
    outer loop
      vertex 69.5 90.5 2
      vertex 66.6718 89.891 2
      vertex 67.0823 89.9726 2
    endloop
  endfacet
  facet normal 0 0 1
    outer loop
      vertex 62.2 2 2
      vertex 64.5436 4.42459 2
      vertex 62.2 10 2
    endloop
  endfacet
  facet normal 0 0 1
    outer loop
      vertex 52.5 69.7 2
      vertex 64.3 86.8 2
      vertex 64.3274 87.2177 2
    endloop
  endfacet
  facet normal 0 0 1
    outer loop
      vertex 64.3274 86.3823 2
      vertex 60.5 69.7 2
      vertex 62.2 68 2
    endloop
  endfacet
  facet normal 0 0 1
    outer loop
      vertex 60.5 68.5 2
      vertex 61 60 2
      vertex 61 68 2
    endloop
  endfacet
  facet normal -0 0 1
    outer loop
      vertex 52.5 68.5 2
      vertex 61 60 2
      vertex 60.5 68.5 2
    endloop
  endfacet
  facet normal -0 0 1
    outer loop
      vertex 60.5 68.5 2
      vertex 61 68 2
      vertex 60.5 69.7 2
    endloop
  endfacet
  facet normal 0 0 1
    outer loop
      vertex 62.2 68 2
      vertex 60.5 69.7 2
      vertex 61 68 2
    endloop
  endfacet
  facet normal 0 0 1
    outer loop
      vertex 14.2928 80.1713 2
      vertex 64.3274 87.2177 2
      vertex 64.409 87.6282 2
    endloop
  endfacet
  facet normal 0 0 1
    outer loop
      vertex 64.3274 86.3823 2
      vertex 52.5 69.7 2
      vertex 60.5 69.7 2
    endloop
  endfacet
  facet normal 0 0 1
    outer loop
      vertex 14.2347 80.2583 2
      vertex 64.409 87.6282 2
      vertex 64.5436 88.0246 2
    endloop
  endfacet
  facet normal 0 0 1
    outer loop
      vertex 14.1657 80.337 2
      vertex 64.5436 88.0246 2
      vertex 64.7287 88.4 2
    endloop
  endfacet
  facet normal 0 0 1
    outer loop
      vertex 17.5 68.5 2
      vertex 52.5 68.5 2
      vertex 52.5 69.7 2
    endloop
  endfacet
  facet normal 0 0 1
    outer loop
      vertex 17.5 1.5 2
      vertex 61 10 2
      vertex 17.5 68.5 2
    endloop
  endfacet
  facet normal 0 0 1
    outer loop
      vertex 17.5 68.5 2
      vertex 52.5 69.7 2
      vertex 17.5 69.7 2
    endloop
  endfacet
  facet normal 0 0 1
    outer loop
      vertex 64.3274 87.2177 2
      vertex 15.8928 77.4 2
      vertex 52.5 69.7 2
    endloop
  endfacet
  facet normal 0 0 1
    outer loop
      vertex 14.087 80.406 2
      vertex 64.7287 88.4 2
      vertex 64.9613 88.748 2
    endloop
  endfacet
  facet normal 0 0 1
    outer loop
      vertex 5.03873 88.748 2
      vertex 64.9613 88.748 2
      vertex 65.2373 89.0627 2
    endloop
  endfacet
  facet normal 0 0 1
    outer loop
      vertex 4.76274 89.0627 2
      vertex 65.2373 89.0627 2
      vertex 65.552 89.3387 2
    endloop
  endfacet
  facet normal 0 0 1
    outer loop
      vertex 4.44804 89.3387 2
      vertex 65.552 89.3387 2
      vertex 65.9 89.5713 2
    endloop
  endfacet
  facet normal 0 0 1
    outer loop
      vertex 4.1 89.5713 2
      vertex 65.9 89.5713 2
      vertex 66.2754 89.7564 2
    endloop
  endfacet
  facet normal 0 0 1
    outer loop
      vertex 52.5 69.7 2
      vertex 16 77 2
      vertex 17.5 69.7 2
    endloop
  endfacet
  facet normal 0 0 1
    outer loop
      vertex 3.72459 89.7564 2
      vertex 66.2754 89.7564 2
      vertex 66.6718 89.891 2
    endloop
  endfacet
  facet normal 0 0 1
    outer loop
      vertex 52.5 69.7 2
      vertex 15.9932 77.1044 2
      vertex 16 77 2
    endloop
  endfacet
  facet normal 0 0 1
    outer loop
      vertex 52.5 69.7 2
      vertex 15.9727 77.2071 2
      vertex 15.9932 77.1044 2
    endloop
  endfacet
  facet normal 0 0 1
    outer loop
      vertex 52.5 69.7 2
      vertex 15.9391 77.3061 2
      vertex 15.9727 77.2071 2
    endloop
  endfacet
  facet normal 0 0 1
    outer loop
      vertex 52.5 69.7 2
      vertex 15.8928 77.4 2
      vertex 15.9391 77.3061 2
    endloop
  endfacet
  facet normal 0 0 1
    outer loop
      vertex 64.3274 87.2177 2
      vertex 15.8347 77.487 2
      vertex 15.8928 77.4 2
    endloop
  endfacet
  facet normal 0 0 1
    outer loop
      vertex 64.3274 87.2177 2
      vertex 14.3391 80.0774 2
      vertex 15.8347 77.487 2
    endloop
  endfacet
  facet normal 0 0 1
    outer loop
      vertex 15.8347 77.487 2
      vertex 14.3391 80.0774 2
      vertex 15.7657 77.5657 2
    endloop
  endfacet
  facet normal -0 -0 1
    outer loop
      vertex 14.3727 79.9783 2
      vertex 15.7657 77.5657 2
      vertex 14.3391 80.0774 2
    endloop
  endfacet
  facet normal 0 0 1
    outer loop
      vertex 15.7657 77.5657 2
      vertex 14.3727 79.9783 2
      vertex 15.687 77.6347 2
    endloop
  endfacet
  facet normal -0 -0 1
    outer loop
      vertex 14.3932 79.8757 2
      vertex 15.687 77.6347 2
      vertex 14.3727 79.9783 2
    endloop
  endfacet
  facet normal 0 0 1
    outer loop
      vertex 15.687 77.6347 2
      vertex 14.3932 79.8757 2
      vertex 15.6 77.6928 2
    endloop
  endfacet
  facet normal -0 -0 1
    outer loop
      vertex 14.4 79.7713 2
      vertex 15.6 77.6928 2
      vertex 14.3932 79.8757 2
    endloop
  endfacet
  facet normal -0 0 1
    outer loop
      vertex 14.3932 79.6669 2
      vertex 15.5061 77.7391 2
      vertex 14.4 79.7713 2
    endloop
  endfacet
  facet normal 0 0 1
    outer loop
      vertex 15.5061 77.7391 2
      vertex 14.3932 79.6669 2
      vertex 15.4071 77.7727 2
    endloop
  endfacet
  facet normal 0 0 1
    outer loop
      vertex 14.8939 77.7391 2
      vertex 14.087 79.1366 2
      vertex 14.8 77.6928 2
    endloop
  endfacet
  facet normal -0 0 1
    outer loop
      vertex 14.087 79.1366 2
      vertex 14.8939 77.7391 2
      vertex 14.1657 79.2056 2
    endloop
  endfacet
  facet normal 0 0 1
    outer loop
      vertex 14.9929 77.7727 2
      vertex 14.1657 79.2056 2
      vertex 14.8939 77.7391 2
    endloop
  endfacet
  facet normal -0 0 1
    outer loop
      vertex 14.1657 79.2056 2
      vertex 14.9929 77.7727 2
      vertex 14.2347 79.2843 2
    endloop
  endfacet
  facet normal 0 0 1
    outer loop
      vertex 15.0956 77.7932 2
      vertex 14.2347 79.2843 2
      vertex 14.9929 77.7727 2
    endloop
  endfacet
  facet normal -0 0 1
    outer loop
      vertex 14.2347 79.2843 2
      vertex 15.0956 77.7932 2
      vertex 14.2928 79.3713 2
    endloop
  endfacet
  facet normal 0 0 1
    outer loop
      vertex 15.2 77.8 2
      vertex 14.2928 79.3713 2
      vertex 15.0956 77.7932 2
    endloop
  endfacet
  facet normal -0 0 1
    outer loop
      vertex 14.2928 79.3713 2
      vertex 15.2 77.8 2
      vertex 14.3391 79.4651 2
    endloop
  endfacet
  facet normal 0 0 1
    outer loop
      vertex 15.3044 77.7932 2
      vertex 14.3391 79.4651 2
      vertex 15.2 77.8 2
    endloop
  endfacet
  facet normal -0 0 1
    outer loop
      vertex 14.3727 79.5642 2
      vertex 15.4071 77.7727 2
      vertex 14.3932 79.6669 2
    endloop
  endfacet
  facet normal 0 0 1
    outer loop
      vertex 3.32822 89.891 2
      vertex 66.6718 89.891 2
      vertex 69.5 90.5 2
    endloop
  endfacet
  facet normal -0 0 1
    outer loop
      vertex 14.3391 79.4651 2
      vertex 15.3044 77.7932 2
      vertex 14.3727 79.5642 2
    endloop
  endfacet
  facet normal 0 0 1
    outer loop
      vertex 15.4071 77.7727 2
      vertex 14.3727 79.5642 2
      vertex 15.3044 77.7932 2
    endloop
  endfacet
  facet normal 0 0 1
    outer loop
      vertex 15.6 77.6928 2
      vertex 14.4 79.7713 2
      vertex 15.5061 77.7391 2
    endloop
  endfacet
  facet normal 0 0 1
    outer loop
      vertex 64.3274 87.2177 2
      vertex 14.2928 80.1713 2
      vertex 14.3391 80.0774 2
    endloop
  endfacet
  facet normal 0 0 1
    outer loop
      vertex 64.409 87.6282 2
      vertex 14.2347 80.2583 2
      vertex 14.2928 80.1713 2
    endloop
  endfacet
  facet normal 0 0 1
    outer loop
      vertex 64.5436 88.0246 2
      vertex 14.1657 80.337 2
      vertex 14.2347 80.2583 2
    endloop
  endfacet
  facet normal 0 0 1
    outer loop
      vertex 64.7287 88.4 2
      vertex 14.087 80.406 2
      vertex 14.1657 80.337 2
    endloop
  endfacet
  facet normal 0 0 1
    outer loop
      vertex 64.9613 88.748 2
      vertex 14 80.4641 2
      vertex 14.087 80.406 2
    endloop
  endfacet
  facet normal 0 0 1
    outer loop
      vertex 64.9613 88.748 2
      vertex 5.03873 88.748 2
      vertex 14 80.4641 2
    endloop
  endfacet
  facet normal -0 -0 1
    outer loop
      vertex 5.27128 88.4 2
      vertex 14 80.4641 2
      vertex 5.03873 88.748 2
    endloop
  endfacet
  facet normal 0 0 1
    outer loop
      vertex 14 80.4641 2
      vertex 5.27128 88.4 2
      vertex 13.9061 80.5104 2
    endloop
  endfacet
  facet normal -0 -0 1
    outer loop
      vertex 5.45641 88.0246 2
      vertex 13.9061 80.5104 2
      vertex 5.27128 88.4 2
    endloop
  endfacet
  facet normal 0 0 1
    outer loop
      vertex 13.9061 80.5104 2
      vertex 5.45641 88.0246 2
      vertex 13.8071 80.544 2
    endloop
  endfacet
  facet normal 0 0 1
    outer loop
      vertex 14.4068 77.1044 2
      vertex 12.7932 77.1044 2
      vertex 12.8 77 2
    endloop
  endfacet
  facet normal 0 0 1
    outer loop
      vertex 12.8068 79.6669 2
      vertex 12.7727 77.2071 2
      vertex 12.7932 77.1044 2
    endloop
  endfacet
  facet normal 0 0 1
    outer loop
      vertex 12.8068 79.6669 2
      vertex 12.7391 77.3061 2
      vertex 12.7727 77.2071 2
    endloop
  endfacet
  facet normal 0 0 1
    outer loop
      vertex 12.8068 79.6669 2
      vertex 12.6928 77.4 2
      vertex 12.7391 77.3061 2
    endloop
  endfacet
  facet normal 0 0 1
    outer loop
      vertex 12.8068 79.6669 2
      vertex 12.6347 77.487 2
      vertex 12.6928 77.4 2
    endloop
  endfacet
  facet normal 0 0 1
    outer loop
      vertex 11.2 79.7713 2
      vertex 12.8 79.7713 2
      vertex 12.8068 79.8757 2
    endloop
  endfacet
  facet normal 0 0 1
    outer loop
      vertex 12.8068 79.6669 2
      vertex 12.5657 77.5657 2
      vertex 12.6347 77.487 2
    endloop
  endfacet
  facet normal 0 0 1
    outer loop
      vertex 12.8068 79.6669 2
      vertex 12.487 77.6347 2
      vertex 12.5657 77.5657 2
    endloop
  endfacet
  facet normal 0 0 1
    outer loop
      vertex 12.8068 79.6669 2
      vertex 12.4 77.6928 2
      vertex 12.487 77.6347 2
    endloop
  endfacet
  facet normal 0 0 1
    outer loop
      vertex 12.8068 79.6669 2
      vertex 12.3061 77.7391 2
      vertex 12.4 77.6928 2
    endloop
  endfacet
  facet normal 0 0 1
    outer loop
      vertex 11.1932 79.8757 2
      vertex 12.8068 79.8757 2
      vertex 12.8273 79.9783 2
    endloop
  endfacet
  facet normal 0 0 1
    outer loop
      vertex 12.8068 79.6669 2
      vertex 12.2071 77.7727 2
      vertex 12.3061 77.7391 2
    endloop
  endfacet
  facet normal 0 0 1
    outer loop
      vertex 12.8068 79.6669 2
      vertex 12.1044 77.7932 2
      vertex 12.2071 77.7727 2
    endloop
  endfacet
  facet normal 0 0 1
    outer loop
      vertex 12.8068 79.6669 2
      vertex 12 77.8 2
      vertex 12.1044 77.7932 2
    endloop
  endfacet
  facet normal 0 0 1
    outer loop
      vertex 11.1727 79.9783 2
      vertex 12.8273 79.9783 2
      vertex 12.8609 80.0774 2
    endloop
  endfacet
  facet normal 0 0 1
    outer loop
      vertex 11.1932 79.6669 2
      vertex 12.8068 79.6669 2
      vertex 11.2 79.7713 2
    endloop
  endfacet
  facet normal 0 0 1
    outer loop
      vertex 11.1727 79.5642 2
      vertex 12.8068 79.6669 2
      vertex 11.1932 79.6669 2
    endloop
  endfacet
  facet normal 0 0 1
    outer loop
      vertex 11.1391 79.4651 2
      vertex 12.8068 79.6669 2
      vertex 11.1727 79.5642 2
    endloop
  endfacet
  facet normal 0 0 1
    outer loop
      vertex 11.1391 80.0774 2
      vertex 12.8609 80.0774 2
      vertex 12.9072 80.1713 2
    endloop
  endfacet
  facet normal 0 0 1
    outer loop
      vertex 11.0928 79.3713 2
      vertex 12.8068 79.6669 2
      vertex 11.1391 79.4651 2
    endloop
  endfacet
  facet normal 0 0 1
    outer loop
      vertex 12.8068 79.6669 2
      vertex 11.0928 79.3713 2
      vertex 12 77.8 2
    endloop
  endfacet
  facet normal 0 0 1
    outer loop
      vertex 12 77.8 2
      vertex 11.0928 79.3713 2
      vertex 11.8956 77.7932 2
    endloop
  endfacet
  facet normal -0 0 1
    outer loop
      vertex 11.0347 79.2843 2
      vertex 11.8956 77.7932 2
      vertex 11.0928 79.3713 2
    endloop
  endfacet
  facet normal 0 0 1
    outer loop
      vertex 11.8956 77.7932 2
      vertex 11.0347 79.2843 2
      vertex 11.7929 77.7727 2
    endloop
  endfacet
  facet normal 0 0 1
    outer loop
      vertex 11.6939 77.7391 2
      vertex 10.887 79.1366 2
      vertex 11.6 77.6928 2
    endloop
  endfacet
  facet normal -0 0 1
    outer loop
      vertex 10.887 79.1366 2
      vertex 11.6939 77.7391 2
      vertex 10.9657 79.2056 2
    endloop
  endfacet
  facet normal 0 0 1
    outer loop
      vertex 11.7929 77.7727 2
      vertex 10.9657 79.2056 2
      vertex 11.6939 77.7391 2
    endloop
  endfacet
  facet normal -0 0 1
    outer loop
      vertex 10.9657 79.2056 2
      vertex 11.7929 77.7727 2
      vertex 11.0347 79.2843 2
    endloop
  endfacet
  facet normal 0 0 1
    outer loop
      vertex 11.0928 80.1713 2
      vertex 12.9072 80.1713 2
      vertex 12.9653 80.2583 2
    endloop
  endfacet
  facet normal 0 0 1
    outer loop
      vertex 11.0347 80.2583 2
      vertex 12.9653 80.2583 2
      vertex 13.0343 80.337 2
    endloop
  endfacet
  facet normal 0 0 1
    outer loop
      vertex 10.9657 80.337 2
      vertex 13.0343 80.337 2
      vertex 13.113 80.406 2
    endloop
  endfacet
  facet normal 0 0 1
    outer loop
      vertex 10.887 80.406 2
      vertex 13.113 80.406 2
      vertex 13.2 80.4641 2
    endloop
  endfacet
  facet normal 0 0 1
    outer loop
      vertex 10.8 80.4641 2
      vertex 13.2 80.4641 2
      vertex 13.2939 80.5104 2
    endloop
  endfacet
  facet normal 0 0 1
    outer loop
      vertex 12.8068 79.8757 2
      vertex 11.1932 79.8757 2
      vertex 11.2 79.7713 2
    endloop
  endfacet
  facet normal 0 0 1
    outer loop
      vertex 10.7061 80.5104 2
      vertex 13.2939 80.5104 2
      vertex 13.3929 80.544 2
    endloop
  endfacet
  facet normal 0 0 1
    outer loop
      vertex 12.8273 79.9783 2
      vertex 11.1727 79.9783 2
      vertex 11.1932 79.8757 2
    endloop
  endfacet
  facet normal 0 0 1
    outer loop
      vertex 12.8609 80.0774 2
      vertex 11.1391 80.0774 2
      vertex 11.1727 79.9783 2
    endloop
  endfacet
  facet normal 0 0 1
    outer loop
      vertex 12.9072 80.1713 2
      vertex 11.0928 80.1713 2
      vertex 11.1391 80.0774 2
    endloop
  endfacet
  facet normal 0 0 1
    outer loop
      vertex 5.7 86.8 2
      vertex 13.3929 80.544 2
      vertex 13.4956 80.5644 2
    endloop
  endfacet
  facet normal 0 0 1
    outer loop
      vertex 13.8071 80.544 2
      vertex 5.45641 88.0246 2
      vertex 13.7044 80.5644 2
    endloop
  endfacet
  facet normal 0 0 1
    outer loop
      vertex 12.9653 80.2583 2
      vertex 11.0347 80.2583 2
      vertex 11.0928 80.1713 2
    endloop
  endfacet
  facet normal 0 0 1
    outer loop
      vertex 13.0343 80.337 2
      vertex 10.9657 80.337 2
      vertex 11.0347 80.2583 2
    endloop
  endfacet
  facet normal 0 0 1
    outer loop
      vertex 13.7044 80.5644 2
      vertex 5.59096 87.6282 2
      vertex 13.6 80.5713 2
    endloop
  endfacet
  facet normal -0 -0 1
    outer loop
      vertex 5.67262 87.2177 2
      vertex 13.6 80.5713 2
      vertex 5.59096 87.6282 2
    endloop
  endfacet
  facet normal 0 0 1
    outer loop
      vertex 13.113 80.406 2
      vertex 10.887 80.406 2
      vertex 10.9657 80.337 2
    endloop
  endfacet
  facet normal 0 0 1
    outer loop
      vertex 13.6 80.5713 2
      vertex 5.67262 87.2177 2
      vertex 13.4956 80.5644 2
    endloop
  endfacet
  facet normal 0 0 1
    outer loop
      vertex 13.2 80.4641 2
      vertex 10.8 80.4641 2
      vertex 10.887 80.406 2
    endloop
  endfacet
  facet normal 0 0 1
    outer loop
      vertex 13.2939 80.5104 2
      vertex 10.7061 80.5104 2
      vertex 10.8 80.4641 2
    endloop
  endfacet
  facet normal 0 0 1
    outer loop
      vertex 13.3929 80.544 2
      vertex 10.6071 80.544 2
      vertex 10.7061 80.5104 2
    endloop
  endfacet
  facet normal 0 0 1
    outer loop
      vertex 11.2 77 2
      vertex 9.59316 77.1044 2
      vertex 9.6 77 2
    endloop
  endfacet
  facet normal 0 0 1
    outer loop
      vertex 11.2068 77.1044 2
      vertex 9.59316 77.1044 2
      vertex 11.2 77 2
    endloop
  endfacet
  facet normal 0 -0 1
    outer loop
      vertex 9.59316 77.1044 2
      vertex 11.2068 77.1044 2
      vertex 9.57274 77.2071 2
    endloop
  endfacet
  facet normal 0 0 1
    outer loop
      vertex 11.2273 77.2071 2
      vertex 9.57274 77.2071 2
      vertex 11.2068 77.1044 2
    endloop
  endfacet
  facet normal 0 0 1
    outer loop
      vertex 10.2956 78.9781 2
      vertex 9.43468 77.487 2
      vertex 9.49282 77.4 2
    endloop
  endfacet
  facet normal 0 0 1
    outer loop
      vertex 8.4 77.6928 2
      vertex 9.6 79.7713 2
      vertex 9.60684 79.8757 2
    endloop
  endfacet
  facet normal 0 0 1
    outer loop
      vertex 10.1929 78.9985 2
      vertex 9.36569 77.5657 2
      vertex 9.43468 77.487 2
    endloop
  endfacet
  facet normal 0 0 1
    outer loop
      vertex 10.0939 79.0322 2
      vertex 9.28701 77.6347 2
      vertex 9.36569 77.5657 2
    endloop
  endfacet
  facet normal 0 0 1
    outer loop
      vertex 10 79.0785 2
      vertex 9.2 77.6928 2
      vertex 9.28701 77.6347 2
    endloop
  endfacet
  facet normal 0 0 1
    outer loop
      vertex 9.91299 79.1366 2
      vertex 9.10615 77.7391 2
      vertex 9.2 77.6928 2
    endloop
  endfacet
  facet normal 0 0 1
    outer loop
      vertex 9.6609 80.0774 2
      vertex 4.44804 84.2613 2
      vertex 9.62726 79.9783 2
    endloop
  endfacet
  facet normal 0 0 1
    outer loop
      vertex 9.83432 79.2056 2
      vertex 9.00706 77.7727 2
      vertex 9.10615 77.7391 2
    endloop
  endfacet
  facet normal 0 0 1
    outer loop
      vertex 9.76532 79.2843 2
      vertex 8.90442 77.7932 2
      vertex 9.00706 77.7727 2
    endloop
  endfacet
  facet normal 0 0 1
    outer loop
      vertex 9.70718 79.3713 2
      vertex 8.8 77.8 2
      vertex 8.90442 77.7932 2
    endloop
  endfacet
  facet normal -0 0 1
    outer loop
      vertex 5.03873 84.852 2
      vertex 9.91299 80.406 2
      vertex 5.27128 85.2 2
    endloop
  endfacet
  facet normal 0 0 1
    outer loop
      vertex 9.6609 79.4651 2
      vertex 8.69558 77.7932 2
      vertex 8.8 77.8 2
    endloop
  endfacet
  facet normal 0 0 1
    outer loop
      vertex 9.62726 79.5642 2
      vertex 8.59295 77.7727 2
      vertex 8.69558 77.7932 2
    endloop
  endfacet
  facet normal 0 0 1
    outer loop
      vertex 9.60684 79.6669 2
      vertex 8.49385 77.7391 2
      vertex 8.59295 77.7727 2
    endloop
  endfacet
  facet normal 0 0 1
    outer loop
      vertex 10 80.4641 2
      vertex 5.27128 85.2 2
      vertex 9.91299 80.406 2
    endloop
  endfacet
  facet normal 0 0 1
    outer loop
      vertex 9.6 79.7713 2
      vertex 8.4 77.6928 2
      vertex 8.49385 77.7391 2
    endloop
  endfacet
  facet normal 0 0 1
    outer loop
      vertex 9.60684 79.8757 2
      vertex 8.31299 77.6347 2
      vertex 8.4 77.6928 2
    endloop
  endfacet
  facet normal -0 0 1
    outer loop
      vertex 4.1 84.0287 2
      vertex 9.62726 79.9783 2
      vertex 4.44804 84.2613 2
    endloop
  endfacet
  facet normal 0 0 1
    outer loop
      vertex 9.91299 80.406 2
      vertex 5.03873 84.852 2
      vertex 9.83432 80.337 2
    endloop
  endfacet
  facet normal -0 0 1
    outer loop
      vertex 4.76274 84.5373 2
      vertex 9.83432 80.337 2
      vertex 5.03873 84.852 2
    endloop
  endfacet
  facet normal -0 0 1
    outer loop
      vertex 3.72459 83.8436 2
      vertex 8.23431 77.5657 2
      vertex 4.1 84.0287 2
    endloop
  endfacet
  facet normal 0 0 1
    outer loop
      vertex 7.79999 60 2
      vertex 5.7 3.2 2
      vertex 7.79999 10 2
    endloop
  endfacet
  facet normal 0 0 1
    outer loop
      vertex 8.23431 77.5657 2
      vertex 3.72459 83.8436 2
      vertex 8.16532 77.487 2
    endloop
  endfacet
  facet normal 0 0 1
    outer loop
      vertex 8.31299 77.6347 2
      vertex 4.1 84.0287 2
      vertex 8.23431 77.5657 2
    endloop
  endfacet
  facet normal 0 0 1
    outer loop
      vertex 9.62726 79.9783 2
      vertex 4.1 84.0287 2
      vertex 9.60684 79.8757 2
    endloop
  endfacet
  facet normal 0 0 1
    outer loop
      vertex 9.70718 80.1713 2
      vertex 4.44804 84.2613 2
      vertex 9.6609 80.0774 2
    endloop
  endfacet
  facet normal -0 0 1
    outer loop
      vertex 4.44804 84.2613 2
      vertex 9.70718 80.1713 2
      vertex 4.76274 84.5373 2
    endloop
  endfacet
  facet normal 0 0 1
    outer loop
      vertex 9.76532 80.2583 2
      vertex 4.76274 84.5373 2
      vertex 9.70718 80.1713 2
    endloop
  endfacet
  facet normal 0 0 1
    outer loop
      vertex 9.83432 80.337 2
      vertex 4.76274 84.5373 2
      vertex 9.76532 80.2583 2
    endloop
  endfacet
  facet normal 0 0 1
    outer loop
      vertex 10.0939 80.5104 2
      vertex 5.27128 85.2 2
      vertex 10 80.4641 2
    endloop
  endfacet
  facet normal -0 0 1
    outer loop
      vertex 5.27128 85.2 2
      vertex 10.0939 80.5104 2
      vertex 5.45641 85.5754 2
    endloop
  endfacet
  facet normal 0 0 1
    outer loop
      vertex 10.1929 80.544 2
      vertex 5.45641 85.5754 2
      vertex 10.0939 80.5104 2
    endloop
  endfacet
  facet normal -0 0 1
    outer loop
      vertex 5.45641 85.5754 2
      vertex 10.1929 80.544 2
      vertex 5.59096 85.9718 2
    endloop
  endfacet
  facet normal 0 0 1
    outer loop
      vertex 10.2956 80.5644 2
      vertex 5.59096 85.9718 2
      vertex 10.1929 80.544 2
    endloop
  endfacet
  facet normal 0 0 1
    outer loop
      vertex 10.4 80.5713 2
      vertex 5.59096 85.9718 2
      vertex 10.2956 80.5644 2
    endloop
  endfacet
  facet normal -0 0 1
    outer loop
      vertex 5.59096 85.9718 2
      vertex 10.4 80.5713 2
      vertex 5.67262 86.3823 2
    endloop
  endfacet
  facet normal 0 0 1
    outer loop
      vertex 13.3929 80.544 2
      vertex 5.7 86.8 2
      vertex 10.6071 80.544 2
    endloop
  endfacet
  facet normal 0 0 1
    outer loop
      vertex 10.5044 80.5644 2
      vertex 5.67262 86.3823 2
      vertex 10.4 80.5713 2
    endloop
  endfacet
  facet normal -0 0 1
    outer loop
      vertex 5.67262 86.3823 2
      vertex 10.5044 80.5644 2
      vertex 5.7 86.8 2
    endloop
  endfacet
  facet normal 0 0 1
    outer loop
      vertex 10.6071 80.544 2
      vertex 5.7 86.8 2
      vertex 10.5044 80.5644 2
    endloop
  endfacet
  facet normal -0 -0 1
    outer loop
      vertex 5.7 86.8 2
      vertex 13.4956 80.5644 2
      vertex 5.67262 87.2177 2
    endloop
  endfacet
  facet normal -0 -0 1
    outer loop
      vertex 5.59096 87.6282 2
      vertex 13.7044 80.5644 2
      vertex 5.45641 88.0246 2
    endloop
  endfacet
  facet normal 0 0 1
    outer loop
      vertex 65.2373 89.0627 2
      vertex 4.76274 89.0627 2
      vertex 5.03873 88.748 2
    endloop
  endfacet
  facet normal 0 0 1
    outer loop
      vertex 65.552 89.3387 2
      vertex 4.44804 89.3387 2
      vertex 4.76274 89.0627 2
    endloop
  endfacet
  facet normal 0 0 1
    outer loop
      vertex 65.9 89.5713 2
      vertex 4.1 89.5713 2
      vertex 4.44804 89.3387 2
    endloop
  endfacet
  facet normal 0 0 1
    outer loop
      vertex 66.2754 89.7564 2
      vertex 3.72459 89.7564 2
      vertex 4.1 89.5713 2
    endloop
  endfacet
  facet normal 0 0 1
    outer loop
      vertex 66.6718 89.891 2
      vertex 3.32822 89.891 2
      vertex 3.72459 89.7564 2
    endloop
  endfacet
  facet normal 0 0 1
    outer loop
      vertex 69.5 90.5 2
      vertex 2.91768 89.9726 2
      vertex 3.32822 89.891 2
    endloop
  endfacet
  facet normal -0 0 1
    outer loop
      vertex 0.5 90.5 2
      vertex 2.91768 89.9726 2
      vertex 69.5 90.5 2
    endloop
  endfacet
  facet normal 0 0 1
    outer loop
      vertex 2.91768 89.9726 2
      vertex 0.5 90.5 2
      vertex 2.5 90 2
    endloop
  endfacet
  facet normal 0 0 1
    outer loop
      vertex 0.5 90.5 2
      vertex 2.08232 89.9726 2
      vertex 2.5 90 2
    endloop
  endfacet
  facet normal 0 0 1
    outer loop
      vertex 0.5 90.5 2
      vertex 1.67178 89.891 2
      vertex 2.08232 89.9726 2
    endloop
  endfacet
  facet normal 0 0 1
    outer loop
      vertex 0.5 90.5 2
      vertex 1.27541 89.7564 2
      vertex 1.67178 89.891 2
    endloop
  endfacet
  facet normal 0 0 1
    outer loop
      vertex 0.5 90.5 2
      vertex 0.9 89.5713 2
      vertex 1.27541 89.7564 2
    endloop
  endfacet
  facet normal -0 0 1
    outer loop
      vertex 0.369476 90.4914 2
      vertex 0.9 89.5713 2
      vertex 0.5 90.5 2
    endloop
  endfacet
  facet normal 0 0 1
    outer loop
      vertex 0.9 89.5713 2
      vertex 0.369476 90.4914 2
      vertex 0.551963 89.3387 2
    endloop
  endfacet
  facet normal -0 0 1
    outer loop
      vertex 0.24118 90.4659 2
      vertex 0.551963 89.3387 2
      vertex 0.369476 90.4914 2
    endloop
  endfacet
  facet normal -0 0 1
    outer loop
      vertex 0.11731 90.4239 2
      vertex 0.551963 89.3387 2
      vertex 0.24118 90.4659 2
    endloop
  endfacet
  facet normal -0 0 1
    outer loop
      vertex 0 90.366 2
      vertex 0.551963 89.3387 2
      vertex 0.11731 90.4239 2
    endloop
  endfacet
  facet normal -0 0 1
    outer loop
      vertex -0.108765 90.2934 2
      vertex 0.551963 89.3387 2
      vertex 0 90.366 2
    endloop
  endfacet
  facet normal -0 0 1
    outer loop
      vertex -0.207108 90.2071 2
      vertex 0.551963 89.3387 2
      vertex -0.108765 90.2934 2
    endloop
  endfacet
  facet normal -0 0 1
    outer loop
      vertex -0.29335 90.1088 2
      vertex 0.551963 89.3387 2
      vertex -0.207108 90.2071 2
    endloop
  endfacet
  facet normal -0 0 1
    outer loop
      vertex -0.366028 90 2
      vertex 0.551963 89.3387 2
      vertex -0.29335 90.1088 2
    endloop
  endfacet
  facet normal -0 0 1
    outer loop
      vertex -0.423874 89.8827 2
      vertex 0.551963 89.3387 2
      vertex -0.366028 90 2
    endloop
  endfacet
  facet normal -0 0 1
    outer loop
      vertex -0.465927 89.7588 2
      vertex 0.551963 89.3387 2
      vertex -0.423874 89.8827 2
    endloop
  endfacet
  facet normal 0 0 1
    outer loop
      vertex 0.551963 89.3387 2
      vertex -0.465927 89.7588 2
      vertex 0.237258 89.0627 2
    endloop
  endfacet
  facet normal -0 0 1
    outer loop
      vertex -0.49144 89.6305 2
      vertex 0.237258 89.0627 2
      vertex -0.465927 89.7588 2
    endloop
  endfacet
  facet normal 0 0 1
    outer loop
      vertex -0.0387306 88.748 2
      vertex -0.5 89.5 2
      vertex -0.271281 88.4 2
    endloop
  endfacet
  facet normal -0 0 1
    outer loop
      vertex -0.5 89.5 2
      vertex 0.237258 89.0627 2
      vertex -0.49144 89.6305 2
    endloop
  endfacet
  facet normal 0 0 1
    outer loop
      vertex 0.237258 89.0627 2
      vertex -0.5 89.5 2
      vertex -0.0387306 88.748 2
    endloop
  endfacet
  facet normal 0 0 1
    outer loop
      vertex -0.271281 88.4 2
      vertex -0.5 89.5 2
      vertex -0.456414 88.0246 2
    endloop
  endfacet
  facet normal 0 0 1
    outer loop
      vertex -0.456414 88.0246 2
      vertex -0.5 89.5 2
      vertex -0.5 87.8962 2
    endloop
  endfacet
  facet normal -0 0 1
    outer loop
      vertex 70.4564 85.5754 2
      vertex 70.5 4.29619 2
      vertex 70.5 85.7038 2
    endloop
  endfacet
  facet normal 0 0 1
    outer loop
      vertex 70.4564 85.5754 2
      vertex 70.4564 4.42459 2
      vertex 70.5 4.29619 2
    endloop
  endfacet
  facet normal -0 0 1
    outer loop
      vertex 70.2713 85.2 2
      vertex 70.4564 4.42459 2
      vertex 70.4564 85.5754 2
    endloop
  endfacet
  facet normal 0 0 1
    outer loop
      vertex 70.2713 85.2 2
      vertex 70.2713 4.8 2
      vertex 70.4564 4.42459 2
    endloop
  endfacet
  facet normal -0 0 1
    outer loop
      vertex 69.7627 84.5373 2
      vertex 62.2 60 2
      vertex 70.0387 84.852 2
    endloop
  endfacet
  facet normal -0 0 1
    outer loop
      vertex 70.0387 84.852 2
      vertex 62.2 60 2
      vertex 70.2713 85.2 2
    endloop
  endfacet
  facet normal 0 0 1
    outer loop
      vertex 62.2 60 2
      vertex 69.7627 84.5373 2
      vertex 62.2 68 2
    endloop
  endfacet
  facet normal 0 0 1
    outer loop
      vertex 70.2713 85.2 2
      vertex 62.2 60 2
      vertex 70.2713 4.8 2
    endloop
  endfacet
  facet normal 0 0 1
    outer loop
      vertex 62.2 68 2
      vertex 69.7627 84.5373 2
      vertex 69.448 84.2613 2
    endloop
  endfacet
  facet normal 0 0 1
    outer loop
      vertex 70.2713 4.8 2
      vertex 62.2 60 2
      vertex 70.0387 5.14804 2
    endloop
  endfacet
  facet normal 0 0 1
    outer loop
      vertex 62.2 68 2
      vertex 69.448 84.2613 2
      vertex 69.1 84.0287 2
    endloop
  endfacet
  facet normal 0 0 1
    outer loop
      vertex 70.0387 5.14804 2
      vertex 62.2 60 2
      vertex 69.7627 5.46274 2
    endloop
  endfacet
  facet normal 0 0 1
    outer loop
      vertex 62.2 68 2
      vertex 69.1 84.0287 2
      vertex 68.7246 83.8436 2
    endloop
  endfacet
  facet normal 0 0 1
    outer loop
      vertex 69.7627 5.46274 2
      vertex 62.2 60 2
      vertex 69.448 5.73873 2
    endloop
  endfacet
  facet normal 0 0 1
    outer loop
      vertex 62.2 68 2
      vertex 68.7246 83.8436 2
      vertex 68.3282 83.709 2
    endloop
  endfacet
  facet normal 0 0 1
    outer loop
      vertex 69.448 5.73873 2
      vertex 62.2 60 2
      vertex 69.1 5.97128 2
    endloop
  endfacet
  facet normal 0 0 1
    outer loop
      vertex 62.2 68 2
      vertex 68.3282 83.709 2
      vertex 67.9177 83.6274 2
    endloop
  endfacet
  facet normal 0 0 1
    outer loop
      vertex 69.1 5.97128 2
      vertex 62.2 60 2
      vertex 68.7246 6.15641 2
    endloop
  endfacet
  facet normal 0 0 1
    outer loop
      vertex 62.2 68 2
      vertex 67.9177 83.6274 2
      vertex 67.5 83.6 2
    endloop
  endfacet
  facet normal -0 0 1
    outer loop
      vertex 62.2 10 2
      vertex 68.7246 6.15641 2
      vertex 62.2 60 2
    endloop
  endfacet
  facet normal 0 0 1
    outer loop
      vertex 62.2 68 2
      vertex 67.5 83.6 2
      vertex 67.0823 83.6274 2
    endloop
  endfacet
  facet normal 0 0 1
    outer loop
      vertex 68.7246 6.15641 2
      vertex 62.2 10 2
      vertex 68.3282 6.29096 2
    endloop
  endfacet
  facet normal 0 0 1
    outer loop
      vertex 62.2 68 2
      vertex 67.0823 83.6274 2
      vertex 66.6718 83.709 2
    endloop
  endfacet
  facet normal 0 0 1
    outer loop
      vertex 68.3282 6.29096 2
      vertex 62.2 10 2
      vertex 67.9177 6.37262 2
    endloop
  endfacet
  facet normal 0 0 1
    outer loop
      vertex 62.2 68 2
      vertex 66.6718 83.709 2
      vertex 66.2754 83.8436 2
    endloop
  endfacet
  facet normal 0 0 1
    outer loop
      vertex 67.9177 6.37262 2
      vertex 62.2 10 2
      vertex 67.5 6.4 2
    endloop
  endfacet
  facet normal 0 0 1
    outer loop
      vertex 62.2 68 2
      vertex 66.2754 83.8436 2
      vertex 65.9 84.0287 2
    endloop
  endfacet
  facet normal 0 0 1
    outer loop
      vertex 67.5 6.4 2
      vertex 62.2 10 2
      vertex 67.0823 6.37262 2
    endloop
  endfacet
  facet normal 0 0 1
    outer loop
      vertex 62.2 68 2
      vertex 65.9 84.0287 2
      vertex 65.552 84.2613 2
    endloop
  endfacet
  facet normal 0 0 1
    outer loop
      vertex 67.0823 6.37262 2
      vertex 62.2 10 2
      vertex 66.6718 6.29096 2
    endloop
  endfacet
  facet normal 0 0 1
    outer loop
      vertex 62.2 68 2
      vertex 65.552 84.2613 2
      vertex 65.2373 84.5373 2
    endloop
  endfacet
  facet normal 0 0 1
    outer loop
      vertex 66.6718 6.29096 2
      vertex 62.2 10 2
      vertex 66.2754 6.15641 2
    endloop
  endfacet
  facet normal 0 0 1
    outer loop
      vertex 62.2 68 2
      vertex 65.2373 84.5373 2
      vertex 64.9613 84.852 2
    endloop
  endfacet
  facet normal 0 0 1
    outer loop
      vertex 66.2754 6.15641 2
      vertex 62.2 10 2
      vertex 65.9 5.97128 2
    endloop
  endfacet
  facet normal 0 0 1
    outer loop
      vertex 62.2 68 2
      vertex 64.9613 84.852 2
      vertex 64.7287 85.2 2
    endloop
  endfacet
  facet normal 0 0 1
    outer loop
      vertex 65.9 5.97128 2
      vertex 62.2 10 2
      vertex 65.552 5.73873 2
    endloop
  endfacet
  facet normal 0 0 1
    outer loop
      vertex 62.2 68 2
      vertex 64.7287 85.2 2
      vertex 64.5436 85.5754 2
    endloop
  endfacet
  facet normal 0 0 1
    outer loop
      vertex 65.552 5.73873 2
      vertex 62.2 10 2
      vertex 65.2373 5.46274 2
    endloop
  endfacet
  facet normal 0 0 1
    outer loop
      vertex 62.2 68 2
      vertex 64.5436 85.5754 2
      vertex 64.409 85.9718 2
    endloop
  endfacet
  facet normal 0 0 1
    outer loop
      vertex 65.2373 5.46274 2
      vertex 62.2 10 2
      vertex 64.9613 5.14804 2
    endloop
  endfacet
  facet normal 0 0 1
    outer loop
      vertex 62.2 68 2
      vertex 64.409 85.9718 2
      vertex 64.3274 86.3823 2
    endloop
  endfacet
  facet normal 0 0 1
    outer loop
      vertex 64.9613 5.14804 2
      vertex 62.2 10 2
      vertex 64.7287 4.8 2
    endloop
  endfacet
  facet normal 0 0 1
    outer loop
      vertex 52.5 69.7 2
      vertex 64.3274 86.3823 2
      vertex 64.3 86.8 2
    endloop
  endfacet
  facet normal 0 0 1
    outer loop
      vertex 64.7287 4.8 2
      vertex 62.2 10 2
      vertex 64.5436 4.42459 2
    endloop
  endfacet
  facet normal -0 0 1
    outer loop
      vertex 70.4564 1.97541 2
      vertex 70.5 0.5 2
      vertex 70.5 2.10381 2
    endloop
  endfacet
  facet normal -0 0 1
    outer loop
      vertex 70.2713 1.6 2
      vertex 70.5 0.5 2
      vertex 70.4564 1.97541 2
    endloop
  endfacet
  facet normal -0 0 1
    outer loop
      vertex 70.0387 1.25196 2
      vertex 70.5 0.5 2
      vertex 70.2713 1.6 2
    endloop
  endfacet
  facet normal -0 0 1
    outer loop
      vertex 69.7627 0.937258 2
      vertex 70.5 0.5 2
      vertex 70.0387 1.25196 2
    endloop
  endfacet
  facet normal 0 0 1
    outer loop
      vertex 70.5 0.5 2
      vertex 69.7627 0.937258 2
      vertex 70.4914 0.369476 2
    endloop
  endfacet
  facet normal 0 0 1
    outer loop
      vertex 70.4914 0.369476 2
      vertex 69.7627 0.937258 2
      vertex 70.4659 0.24118 2
    endloop
  endfacet
  facet normal -0 0 1
    outer loop
      vertex 69.448 0.661269 2
      vertex 70.4659 0.24118 2
      vertex 69.7627 0.937258 2
    endloop
  endfacet
  facet normal 0 0 1
    outer loop
      vertex 70.4659 0.24118 2
      vertex 69.448 0.661269 2
      vertex 70.4239 0.11731 2
    endloop
  endfacet
  facet normal 0 0 1
    outer loop
      vertex 70.4239 0.11731 2
      vertex 69.448 0.661269 2
      vertex 70.366 0 2
    endloop
  endfacet
  facet normal 0 0 1
    outer loop
      vertex 70.366 0 2
      vertex 69.448 0.661269 2
      vertex 70.2934 -0.108765 2
    endloop
  endfacet
  facet normal 0 0 1
    outer loop
      vertex 70.2934 -0.108765 2
      vertex 69.448 0.661269 2
      vertex 70.2071 -0.207108 2
    endloop
  endfacet
  facet normal 0 0 1
    outer loop
      vertex 70.2071 -0.207108 2
      vertex 69.448 0.661269 2
      vertex 70.1088 -0.29335 2
    endloop
  endfacet
  facet normal 0 0 1
    outer loop
      vertex 70.1088 -0.29335 2
      vertex 69.448 0.661269 2
      vertex 70 -0.366028 2
    endloop
  endfacet
  facet normal 0 0 1
    outer loop
      vertex 70 -0.366028 2
      vertex 69.448 0.661269 2
      vertex 69.8827 -0.423874 2
    endloop
  endfacet
  facet normal 0 0 1
    outer loop
      vertex 69.8827 -0.423874 2
      vertex 69.448 0.661269 2
      vertex 69.7588 -0.465927 2
    endloop
  endfacet
  facet normal 0 0 1
    outer loop
      vertex 69.7588 -0.465927 2
      vertex 69.448 0.661269 2
      vertex 69.6305 -0.49144 2
    endloop
  endfacet
  facet normal -0 0 1
    outer loop
      vertex 69.1 0.428719 2
      vertex 69.6305 -0.49144 2
      vertex 69.448 0.661269 2
    endloop
  endfacet
  facet normal 0 0 1
    outer loop
      vertex 69.6305 -0.49144 2
      vertex 69.1 0.428719 2
      vertex 69.5 -0.5 2
    endloop
  endfacet
  facet normal -0 0 1
    outer loop
      vertex 68.7246 0.243585 2
      vertex 69.5 -0.5 2
      vertex 69.1 0.428719 2
    endloop
  endfacet
  facet normal -0 0 1
    outer loop
      vertex 68.3282 0.109036 2
      vertex 69.5 -0.5 2
      vertex 68.7246 0.243585 2
    endloop
  endfacet
  facet normal -0 0 1
    outer loop
      vertex 67.9177 0.0273762 2
      vertex 69.5 -0.5 2
      vertex 68.3282 0.109036 2
    endloop
  endfacet
  facet normal -0 0 1
    outer loop
      vertex 67.5 0 2
      vertex 69.5 -0.5 2
      vertex 67.9177 0.0273762 2
    endloop
  endfacet
  facet normal 0 0 1
    outer loop
      vertex 67.0823 0.0273762 2
      vertex 69.5 -0.5 2
      vertex 67.5 0 2
    endloop
  endfacet
  facet normal 0 0 1
    outer loop
      vertex 60.5 0.299988 2
      vertex 67.0823 0.0273762 2
      vertex 66.6718 0.109036 2
    endloop
  endfacet
  facet normal 0 0 1
    outer loop
      vertex 64.5436 4.42459 2
      vertex 62.2 2 2
      vertex 64.409 4.02822 2
    endloop
  endfacet
  facet normal 0 0 1
    outer loop
      vertex 64.409 4.02822 2
      vertex 62.2 2 2
      vertex 64.3274 3.61768 2
    endloop
  endfacet
  facet normal 0 0 1
    outer loop
      vertex 64.3274 3.61768 2
      vertex 62.2 2 2
      vertex 64.3 3.2 2
    endloop
  endfacet
  facet normal 0 0 1
    outer loop
      vertex 64.3 3.2 2
      vertex 62.2 2 2
      vertex 64.3274 2.78232 2
    endloop
  endfacet
  facet normal 0 0 1
    outer loop
      vertex 64.3274 2.78232 2
      vertex 62.2 2 2
      vertex 64.409 2.37178 2
    endloop
  endfacet
  facet normal -0 0 1
    outer loop
      vertex 62.2 2 2
      vertex 64.5436 1.97541 2
      vertex 64.409 2.37178 2
    endloop
  endfacet
  facet normal 0 0 1
    outer loop
      vertex 62.2 2 2
      vertex 64.7287 1.6 2
      vertex 64.5436 1.97541 2
    endloop
  endfacet
  facet normal 0 0 1
    outer loop
      vertex 62.2 2 2
      vertex 64.9613 1.25196 2
      vertex 64.7287 1.6 2
    endloop
  endfacet
  facet normal 0 0 1
    outer loop
      vertex 60.5 0.299988 2
      vertex 64.9613 1.25196 2
      vertex 62.2 2 2
    endloop
  endfacet
  facet normal 0 0 1
    outer loop
      vertex 64.9613 1.25196 2
      vertex 60.5 0.299988 2
      vertex 65.2373 0.937258 2
    endloop
  endfacet
  facet normal 0 0 1
    outer loop
      vertex 65.2373 0.937258 2
      vertex 60.5 0.299988 2
      vertex 65.552 0.661269 2
    endloop
  endfacet
  facet normal 0 0 1
    outer loop
      vertex 65.552 0.661269 2
      vertex 60.5 0.299988 2
      vertex 65.9 0.428719 2
    endloop
  endfacet
  facet normal 0 0 1
    outer loop
      vertex 60.5 0.299988 2
      vertex 62.2 2 2
      vertex 61 2 2
    endloop
  endfacet
  facet normal 0 0 1
    outer loop
      vertex 65.9 0.428719 2
      vertex 60.5 0.299988 2
      vertex 66.2754 0.243585 2
    endloop
  endfacet
  facet normal -0 0 1
    outer loop
      vertex 17.5 68.5 2
      vertex 61 60 2
      vertex 52.5 68.5 2
    endloop
  endfacet
  facet normal 0 0 1
    outer loop
      vertex 61 10 2
      vertex 60.5 1.5 2
      vertex 61 2 2
    endloop
  endfacet
  facet normal 0 0 1
    outer loop
      vertex 60.5 0.299988 2
      vertex 61 2 2
      vertex 60.5 1.5 2
    endloop
  endfacet
  facet normal 0 0 1
    outer loop
      vertex 66.2754 0.243585 2
      vertex 60.5 0.299988 2
      vertex 66.6718 0.109036 2
    endloop
  endfacet
  facet normal 0 0 1
    outer loop
      vertex 67.0823 0.0273762 2
      vertex 60.5 0.299988 2
      vertex 69.5 -0.5 2
    endloop
  endfacet
  facet normal -0 0 1
    outer loop
      vertex 52.5 0.299988 2
      vertex 69.5 -0.5 2
      vertex 60.5 0.299988 2
    endloop
  endfacet
  facet normal 0 0 1
    outer loop
      vertex 61 10 2
      vertex 17.5 1.5 2
      vertex 52.5 1.5 2
    endloop
  endfacet
  facet normal 0 0 1
    outer loop
      vertex 52.5 1.5 2
      vertex 17.5 1.5 2
      vertex 52.5 0.299988 2
    endloop
  endfacet
  facet normal 0 0 1
    outer loop
      vertex 17.5 0.299988 2
      vertex 52.5 0.299988 2
      vertex 17.5 1.5 2
    endloop
  endfacet
  facet normal 0 0 1
    outer loop
      vertex 52.5 0.299988 2
      vertex 17.5 0.299988 2
      vertex 69.5 -0.5 2
    endloop
  endfacet
  facet normal 0 0 1
    outer loop
      vertex 0.5 -0.5 2
      vertex 17.5 0.299988 2
      vertex 9.5 0.299988 2
    endloop
  endfacet
  facet normal 0 0 1
    outer loop
      vertex 9.76532 74.7157 2
      vertex 8.90442 76.2068 2
      vertex 9.70718 74.6287 2
    endloop
  endfacet
  facet normal -0 0 1
    outer loop
      vertex 8.8 76.2 2
      vertex 9.70718 74.6287 2
      vertex 8.90442 76.2068 2
    endloop
  endfacet
  facet normal 0 0 1
    outer loop
      vertex 9.70718 74.6287 2
      vertex 8.8 76.2 2
      vertex 9.6609 74.5349 2
    endloop
  endfacet
  facet normal 0 0 1
    outer loop
      vertex 8.69558 76.2068 2
      vertex 9.6609 74.5349 2
      vertex 8.8 76.2 2
    endloop
  endfacet
  facet normal 0 0 1
    outer loop
      vertex 9.6609 74.5349 2
      vertex 8.69558 76.2068 2
      vertex 9.62726 74.4358 2
    endloop
  endfacet
  facet normal 0 0 1
    outer loop
      vertex 9.62726 74.4358 2
      vertex 8.59295 76.2273 2
      vertex 9.60684 74.3331 2
    endloop
  endfacet
  facet normal 0 0 1
    outer loop
      vertex 9.5 69.7 2
      vertex 9 68 2
      vertex 9 60 2
    endloop
  endfacet
  facet normal 0 0 1
    outer loop
      vertex 9.5 69.7 2
      vertex 9 60 2
      vertex 9.5 0.299988 2
    endloop
  endfacet
  facet normal -0 0 1
    outer loop
      vertex 9 10 2
      vertex 9.5 0.299988 2
      vertex 9 60 2
    endloop
  endfacet
  facet normal -0 0 1
    outer loop
      vertex 9 2 2
      vertex 9.5 0.299988 2
      vertex 9 10 2
    endloop
  endfacet
  facet normal -0 0 1
    outer loop
      vertex 7.79999 2 2
      vertex 9.5 0.299988 2
      vertex 9 2 2
    endloop
  endfacet
  facet normal 0 0 1
    outer loop
      vertex 7.79999 10 2
      vertex 5.7 3.2 2
      vertex 7.79999 2 2
    endloop
  endfacet
  facet normal -0 0 1
    outer loop
      vertex 5.67262 2.78232 2
      vertex 7.79999 2 2
      vertex 5.7 3.2 2
    endloop
  endfacet
  facet normal -0 0 1
    outer loop
      vertex 5.59096 2.37178 2
      vertex 7.79999 2 2
      vertex 5.67262 2.78232 2
    endloop
  endfacet
  facet normal 0 0 1
    outer loop
      vertex 5.45641 1.97541 2
      vertex 7.79999 2 2
      vertex 5.59096 2.37178 2
    endloop
  endfacet
  facet normal 0 0 1
    outer loop
      vertex 5.27128 1.6 2
      vertex 7.79999 2 2
      vertex 5.45641 1.97541 2
    endloop
  endfacet
  facet normal 0 0 1
    outer loop
      vertex 5.03873 1.25196 2
      vertex 7.79999 2 2
      vertex 5.27128 1.6 2
    endloop
  endfacet
  facet normal 0 0 1
    outer loop
      vertex 7.79999 2 2
      vertex 5.03873 1.25196 2
      vertex 9.5 0.299988 2
    endloop
  endfacet
  facet normal -0 0 1
    outer loop
      vertex 4.76274 0.937258 2
      vertex 9.5 0.299988 2
      vertex 5.03873 1.25196 2
    endloop
  endfacet
  facet normal -0 0 1
    outer loop
      vertex 4.44804 0.661269 2
      vertex 9.5 0.299988 2
      vertex 4.76274 0.937258 2
    endloop
  endfacet
  facet normal -0 0 1
    outer loop
      vertex 4.1 0.428719 2
      vertex 9.5 0.299988 2
      vertex 4.44804 0.661269 2
    endloop
  endfacet
  facet normal 0 0 1
    outer loop
      vertex 3.72459 0.243585 2
      vertex 9.5 0.299988 2
      vertex 4.1 0.428719 2
    endloop
  endfacet
  facet normal 0 0 1
    outer loop
      vertex 3.32822 0.109036 2
      vertex 9.5 0.299988 2
      vertex 3.72459 0.243585 2
    endloop
  endfacet
  facet normal 0 0 1
    outer loop
      vertex 2.91768 0.0273762 2
      vertex 9.5 0.299988 2
      vertex 3.32822 0.109036 2
    endloop
  endfacet
  facet normal 0 0 1
    outer loop
      vertex 0.5 -0.5 2
      vertex 9.5 0.299988 2
      vertex 2.91768 0.0273762 2
    endloop
  endfacet
  facet normal 0 0 1
    outer loop
      vertex 0.5 -0.5 2
      vertex 2.91768 0.0273762 2
      vertex 2.5 0 2
    endloop
  endfacet
  facet normal 0 0 1
    outer loop
      vertex 17.5 0.299988 2
      vertex 0.5 -0.5 2
      vertex 69.5 -0.5 2
    endloop
  endfacet
  facet normal 0 0 1
    outer loop
      vertex 2.08232 0.0273762 2
      vertex 0.5 -0.5 2
      vertex 2.5 0 2
    endloop
  endfacet
  facet normal 0 0 1
    outer loop
      vertex 1.67178 0.109036 2
      vertex 0.5 -0.5 2
      vertex 2.08232 0.0273762 2
    endloop
  endfacet
  facet normal 0 0 1
    outer loop
      vertex 1.27541 0.243585 2
      vertex 0.5 -0.5 2
      vertex 1.67178 0.109036 2
    endloop
  endfacet
  facet normal 0 0 1
    outer loop
      vertex 0.9 0.428719 2
      vertex 0.5 -0.5 2
      vertex 1.27541 0.243585 2
    endloop
  endfacet
  facet normal 0 0 1
    outer loop
      vertex 0.369476 -0.49144 2
      vertex 0.9 0.428719 2
      vertex 0.551963 0.661269 2
    endloop
  endfacet
  facet normal 0 0 1
    outer loop
      vertex 0.9 0.428719 2
      vertex 0.369476 -0.49144 2
      vertex 0.5 -0.5 2
    endloop
  endfacet
  facet normal 0 0 1
    outer loop
      vertex 0.551963 0.661269 2
      vertex 0.24118 -0.465927 2
      vertex 0.369476 -0.49144 2
    endloop
  endfacet
  facet normal 0 0 1
    outer loop
      vertex -0.465927 0.24118 2
      vertex 0.551963 0.661269 2
      vertex 0.237258 0.937258 2
    endloop
  endfacet
  facet normal 0 0 1
    outer loop
      vertex 0.551963 0.661269 2
      vertex 0.11731 -0.423874 2
      vertex 0.24118 -0.465927 2
    endloop
  endfacet
  facet normal 0 0 1
    outer loop
      vertex 0.551963 0.661269 2
      vertex 0 -0.366028 2
      vertex 0.11731 -0.423874 2
    endloop
  endfacet
  facet normal 0 0 1
    outer loop
      vertex -0.5 0.5 2
      vertex 0.237258 0.937258 2
      vertex -0.0387306 1.25196 2
    endloop
  endfacet
  facet normal 0 0 1
    outer loop
      vertex 0.551963 0.661269 2
      vertex -0.108765 -0.29335 2
      vertex 0 -0.366028 2
    endloop
  endfacet
  facet normal 0 0 1
    outer loop
      vertex 0.551963 0.661269 2
      vertex -0.207108 -0.207108 2
      vertex -0.108765 -0.29335 2
    endloop
  endfacet
  facet normal 0 0 1
    outer loop
      vertex -0.5 0.5 2
      vertex -0.0387306 1.25196 2
      vertex -0.271281 1.6 2
    endloop
  endfacet
  facet normal 0 0 1
    outer loop
      vertex 0.237258 0.937258 2
      vertex -0.5 0.5 2
      vertex -0.49144 0.369476 2
    endloop
  endfacet
  facet normal 0 0 1
    outer loop
      vertex 0.551963 0.661269 2
      vertex -0.29335 -0.108765 2
      vertex -0.207108 -0.207108 2
    endloop
  endfacet
  facet normal 0 0 1
    outer loop
      vertex 0.551963 0.661269 2
      vertex -0.366028 0 2
      vertex -0.29335 -0.108765 2
    endloop
  endfacet
  facet normal 0 0 1
    outer loop
      vertex -0.5 0.5 2
      vertex -0.271281 1.6 2
      vertex -0.456414 1.97541 2
    endloop
  endfacet
  facet normal 0 0 1
    outer loop
      vertex 0.551963 0.661269 2
      vertex -0.423874 0.11731 2
      vertex -0.366028 0 2
    endloop
  endfacet
  facet normal 0 0 1
    outer loop
      vertex 0.551963 0.661269 2
      vertex -0.465927 0.24118 2
      vertex -0.423874 0.11731 2
    endloop
  endfacet
  facet normal 0 0 1
    outer loop
      vertex -0.5 0.5 2
      vertex -0.456414 1.97541 2
      vertex -0.5 2.10381 2
    endloop
  endfacet
  facet normal 0 0 1
    outer loop
      vertex 0.237258 0.937258 2
      vertex -0.49144 0.369476 2
      vertex -0.465927 0.24118 2
    endloop
  endfacet
  facet normal -0 0 1
    outer loop
      vertex 15.9932 76.8956 2
      vertex 17.5 69.7 2
      vertex 16 77 2
    endloop
  endfacet
  facet normal -0 0 1
    outer loop
      vertex 15.9727 76.7929 2
      vertex 17.5 69.7 2
      vertex 15.9932 76.8956 2
    endloop
  endfacet
  facet normal -0 0 1
    outer loop
      vertex 15.9391 76.6939 2
      vertex 17.5 69.7 2
      vertex 15.9727 76.7929 2
    endloop
  endfacet
  facet normal -0 0 1
    outer loop
      vertex 15.8928 76.6 2
      vertex 17.5 69.7 2
      vertex 15.9391 76.6939 2
    endloop
  endfacet
  facet normal -0 0 1
    outer loop
      vertex 15.8347 76.513 2
      vertex 17.5 69.7 2
      vertex 15.8928 76.6 2
    endloop
  endfacet
  facet normal -0 0 1
    outer loop
      vertex 15.7657 76.4343 2
      vertex 17.5 69.7 2
      vertex 15.8347 76.513 2
    endloop
  endfacet
  facet normal -0 0 1
    outer loop
      vertex 15.687 76.3653 2
      vertex 17.5 69.7 2
      vertex 15.7657 76.4343 2
    endloop
  endfacet
  facet normal 0 0 1
    outer loop
      vertex 14.3932 74.1243 2
      vertex 15.687 76.3653 2
      vertex 15.6 76.3072 2
    endloop
  endfacet
  facet normal 0 0 1
    outer loop
      vertex 14.4 74.2287 2
      vertex 15.6 76.3072 2
      vertex 15.5061 76.2609 2
    endloop
  endfacet
  facet normal 0 0 1
    outer loop
      vertex 14.3932 74.3331 2
      vertex 15.5061 76.2609 2
      vertex 15.4071 76.2273 2
    endloop
  endfacet
  facet normal 0 0 1
    outer loop
      vertex 14.3932 74.3331 2
      vertex 15.4071 76.2273 2
      vertex 15.3044 76.2068 2
    endloop
  endfacet
  facet normal 0 0 1
    outer loop
      vertex 14.3932 74.3331 2
      vertex 15.3044 76.2068 2
      vertex 15.2 76.2 2
    endloop
  endfacet
  facet normal 0 0 1
    outer loop
      vertex 14.3932 74.3331 2
      vertex 15.2 76.2 2
      vertex 15.0956 76.2068 2
    endloop
  endfacet
  facet normal 0 0 1
    outer loop
      vertex 14.3932 74.3331 2
      vertex 15.0956 76.2068 2
      vertex 14.9929 76.2273 2
    endloop
  endfacet
  facet normal 0 0 1
    outer loop
      vertex 14.3932 74.3331 2
      vertex 14.9929 76.2273 2
      vertex 14.8939 76.2609 2
    endloop
  endfacet
  facet normal 0 0 1
    outer loop
      vertex 14.3932 74.3331 2
      vertex 14.8939 76.2609 2
      vertex 14.8 76.3072 2
    endloop
  endfacet
  facet normal 0 0 1
    outer loop
      vertex 14.3932 74.3331 2
      vertex 14.8 76.3072 2
      vertex 14.713 76.3653 2
    endloop
  endfacet
  facet normal 0 0 1
    outer loop
      vertex 14.3932 74.3331 2
      vertex 14.713 76.3653 2
      vertex 14.6343 76.4343 2
    endloop
  endfacet
  facet normal 0 0 1
    outer loop
      vertex 14.3932 74.3331 2
      vertex 14.6343 76.4343 2
      vertex 14.5653 76.513 2
    endloop
  endfacet
  facet normal 0 0 1
    outer loop
      vertex 14.3932 74.3331 2
      vertex 14.5653 76.513 2
      vertex 14.5072 76.6 2
    endloop
  endfacet
  facet normal 0 0 1
    outer loop
      vertex 14.3932 74.3331 2
      vertex 14.5072 76.6 2
      vertex 14.4609 76.6939 2
    endloop
  endfacet
  facet normal 0 0 1
    outer loop
      vertex 12.7932 76.8956 2
      vertex 14.4068 76.8956 2
      vertex 14.4 77 2
    endloop
  endfacet
  facet normal 0 0 1
    outer loop
      vertex 14.3932 74.3331 2
      vertex 14.4273 76.7929 2
      vertex 14.4068 76.8956 2
    endloop
  endfacet
  facet normal 0 0 1
    outer loop
      vertex 14.3932 74.3331 2
      vertex 14.4609 76.6939 2
      vertex 14.4273 76.7929 2
    endloop
  endfacet
  facet normal 0 0 1
    outer loop
      vertex 15.5061 76.2609 2
      vertex 14.3932 74.3331 2
      vertex 14.4 74.2287 2
    endloop
  endfacet
  facet normal 0 0 1
    outer loop
      vertex 15.687 76.3653 2
      vertex 14.3932 74.1243 2
      vertex 17.5 69.7 2
    endloop
  endfacet
  facet normal -0 0 1
    outer loop
      vertex 14.3727 74.0217 2
      vertex 17.5 69.7 2
      vertex 14.3932 74.1243 2
    endloop
  endfacet
  facet normal -0 0 1
    outer loop
      vertex 14.3391 73.9226 2
      vertex 17.5 69.7 2
      vertex 14.3727 74.0217 2
    endloop
  endfacet
  facet normal -0 0 1
    outer loop
      vertex 14.2928 73.8287 2
      vertex 17.5 69.7 2
      vertex 14.3391 73.9226 2
    endloop
  endfacet
  facet normal -0 0 1
    outer loop
      vertex 14.2347 73.7417 2
      vertex 17.5 69.7 2
      vertex 14.2928 73.8287 2
    endloop
  endfacet
  facet normal -0 0 1
    outer loop
      vertex 14.1657 73.663 2
      vertex 17.5 69.7 2
      vertex 14.2347 73.7417 2
    endloop
  endfacet
  facet normal -0 0 1
    outer loop
      vertex 14.087 73.594 2
      vertex 17.5 69.7 2
      vertex 14.1657 73.663 2
    endloop
  endfacet
  facet normal -0 0 1
    outer loop
      vertex 14 73.5359 2
      vertex 17.5 69.7 2
      vertex 14.087 73.594 2
    endloop
  endfacet
  facet normal -0 0 1
    outer loop
      vertex 13.9061 73.4896 2
      vertex 17.5 69.7 2
      vertex 14 73.5359 2
    endloop
  endfacet
  facet normal -0 0 1
    outer loop
      vertex 13.8071 73.456 2
      vertex 17.5 69.7 2
      vertex 13.9061 73.4896 2
    endloop
  endfacet
  facet normal -0 0 1
    outer loop
      vertex 13.7044 73.4356 2
      vertex 17.5 69.7 2
      vertex 13.8071 73.456 2
    endloop
  endfacet
  facet normal -0 0 1
    outer loop
      vertex 13.6 73.4287 2
      vertex 17.5 69.7 2
      vertex 13.7044 73.4356 2
    endloop
  endfacet
  facet normal 0 0 1
    outer loop
      vertex 9.5 69.7 2
      vertex 13.6 73.4287 2
      vertex 13.4956 73.4356 2
    endloop
  endfacet
  facet normal 0 0 1
    outer loop
      vertex 9.5 69.7 2
      vertex 13.4956 73.4356 2
      vertex 13.3929 73.456 2
    endloop
  endfacet
  facet normal 0 0 1
    outer loop
      vertex 9.5 69.7 2
      vertex 13.3929 73.456 2
      vertex 13.2939 73.4896 2
    endloop
  endfacet
  facet normal 0 0 1
    outer loop
      vertex 9.5 69.7 2
      vertex 13.2939 73.4896 2
      vertex 13.2 73.5359 2
    endloop
  endfacet
  facet normal 0 0 1
    outer loop
      vertex 10.8 73.5359 2
      vertex 13.2 73.5359 2
      vertex 13.113 73.594 2
    endloop
  endfacet
  facet normal 0 0 1
    outer loop
      vertex 10.887 73.594 2
      vertex 13.113 73.594 2
      vertex 13.0343 73.663 2
    endloop
  endfacet
  facet normal -0 0 1
    outer loop
      vertex 12.3061 76.2609 2
      vertex 13.113 74.8634 2
      vertex 12.4 76.3072 2
    endloop
  endfacet
  facet normal 0 0 1
    outer loop
      vertex 13.113 74.8634 2
      vertex 12.3061 76.2609 2
      vertex 13.0343 74.7944 2
    endloop
  endfacet
  facet normal -0 0 1
    outer loop
      vertex 12.2071 76.2273 2
      vertex 13.0343 74.7944 2
      vertex 12.3061 76.2609 2
    endloop
  endfacet
  facet normal 0 0 1
    outer loop
      vertex 13.0343 74.7944 2
      vertex 12.2071 76.2273 2
      vertex 12.9653 74.7157 2
    endloop
  endfacet
  facet normal -0 0 1
    outer loop
      vertex 12.1044 76.2068 2
      vertex 12.9653 74.7157 2
      vertex 12.2071 76.2273 2
    endloop
  endfacet
  facet normal 0 0 1
    outer loop
      vertex 12.9653 74.7157 2
      vertex 12.1044 76.2068 2
      vertex 12.9072 74.6287 2
    endloop
  endfacet
  facet normal -0 0 1
    outer loop
      vertex 12 76.2 2
      vertex 12.9072 74.6287 2
      vertex 12.1044 76.2068 2
    endloop
  endfacet
  facet normal 0 0 1
    outer loop
      vertex 11.2 74.2287 2
      vertex 12.9072 74.6287 2
      vertex 12 76.2 2
    endloop
  endfacet
  facet normal 0 0 1
    outer loop
      vertex 12.9072 74.6287 2
      vertex 11.2 74.2287 2
      vertex 12.8609 74.5349 2
    endloop
  endfacet
  facet normal 0 0 1
    outer loop
      vertex 12.8609 74.5349 2
      vertex 11.2 74.2287 2
      vertex 12.8273 74.4358 2
    endloop
  endfacet
  facet normal 0 0 1
    outer loop
      vertex 12.8273 74.4358 2
      vertex 11.2 74.2287 2
      vertex 12.8068 74.3331 2
    endloop
  endfacet
  facet normal 0 0 1
    outer loop
      vertex 12.8068 74.3331 2
      vertex 11.2 74.2287 2
      vertex 12.8 74.2287 2
    endloop
  endfacet
  facet normal 0 0 1
    outer loop
      vertex 12.8 74.2287 2
      vertex 11.2 74.2287 2
      vertex 12.8068 74.1243 2
    endloop
  endfacet
  facet normal 0 0 1
    outer loop
      vertex 11.1932 74.1243 2
      vertex 12.8068 74.1243 2
      vertex 11.2 74.2287 2
    endloop
  endfacet
  facet normal 0 0 1
    outer loop
      vertex 11.2 74.2287 2
      vertex 12 76.2 2
      vertex 11.8956 76.2068 2
    endloop
  endfacet
  facet normal 0 0 1
    outer loop
      vertex 11.2 74.2287 2
      vertex 11.8956 76.2068 2
      vertex 11.7929 76.2273 2
    endloop
  endfacet
  facet normal 0 0 1
    outer loop
      vertex 11.2 74.2287 2
      vertex 11.7929 76.2273 2
      vertex 11.6939 76.2609 2
    endloop
  endfacet
  facet normal 0 0 1
    outer loop
      vertex 12.8068 74.1243 2
      vertex 11.1932 74.1243 2
      vertex 12.8273 74.0217 2
    endloop
  endfacet
  facet normal 0 0 1
    outer loop
      vertex 11.2 74.2287 2
      vertex 11.6939 76.2609 2
      vertex 11.6 76.3072 2
    endloop
  endfacet
  facet normal 0 0 1
    outer loop
      vertex 11.2 74.2287 2
      vertex 11.6 76.3072 2
      vertex 11.513 76.3653 2
    endloop
  endfacet
  facet normal 0 0 1
    outer loop
      vertex 11.2 74.2287 2
      vertex 11.513 76.3653 2
      vertex 11.4343 76.4343 2
    endloop
  endfacet
  facet normal 0 0 1
    outer loop
      vertex 11.2 74.2287 2
      vertex 11.4343 76.4343 2
      vertex 11.3653 76.513 2
    endloop
  endfacet
  facet normal 0 0 1
    outer loop
      vertex 11.2 74.2287 2
      vertex 11.3653 76.513 2
      vertex 11.3072 76.6 2
    endloop
  endfacet
  facet normal 0 0 1
    outer loop
      vertex 11.2 74.2287 2
      vertex 11.2068 76.8956 2
      vertex 11.2 77 2
    endloop
  endfacet
  facet normal 0 0 1
    outer loop
      vertex 11.2 74.2287 2
      vertex 11.2273 76.7929 2
      vertex 11.2068 76.8956 2
    endloop
  endfacet
  facet normal 0 0 1
    outer loop
      vertex 11.2 74.2287 2
      vertex 11.2609 76.6939 2
      vertex 11.2273 76.7929 2
    endloop
  endfacet
  facet normal 0 0 1
    outer loop
      vertex 11.2 74.2287 2
      vertex 11.3072 76.6 2
      vertex 11.2609 76.6939 2
    endloop
  endfacet
  facet normal 0 0 1
    outer loop
      vertex 11.1727 74.0217 2
      vertex 12.8273 74.0217 2
      vertex 11.1932 74.1243 2
    endloop
  endfacet
  facet normal 0 0 1
    outer loop
      vertex 12.8273 74.0217 2
      vertex 11.1727 74.0217 2
      vertex 12.8609 73.9226 2
    endloop
  endfacet
  facet normal 0 0 1
    outer loop
      vertex 11.1391 73.9226 2
      vertex 12.8609 73.9226 2
      vertex 11.1727 74.0217 2
    endloop
  endfacet
  facet normal 0 0 1
    outer loop
      vertex 12.8609 73.9226 2
      vertex 11.1391 73.9226 2
      vertex 12.9072 73.8287 2
    endloop
  endfacet
  facet normal 0 0 1
    outer loop
      vertex 11.0928 73.8287 2
      vertex 12.9072 73.8287 2
      vertex 11.1391 73.9226 2
    endloop
  endfacet
  facet normal 0 0 1
    outer loop
      vertex 12.9072 73.8287 2
      vertex 11.0928 73.8287 2
      vertex 12.9653 73.7417 2
    endloop
  endfacet
  facet normal 0 0 1
    outer loop
      vertex 11.0347 73.7417 2
      vertex 12.9653 73.7417 2
      vertex 11.0928 73.8287 2
    endloop
  endfacet
  facet normal 0 0 1
    outer loop
      vertex 12.9653 73.7417 2
      vertex 11.0347 73.7417 2
      vertex 13.0343 73.663 2
    endloop
  endfacet
  facet normal 0 0 1
    outer loop
      vertex 10.9657 73.663 2
      vertex 13.0343 73.663 2
      vertex 11.0347 73.7417 2
    endloop
  endfacet
  facet normal 0 0 1
    outer loop
      vertex 10.887 73.594 2
      vertex 13.0343 73.663 2
      vertex 10.9657 73.663 2
    endloop
  endfacet
  facet normal 0 0 1
    outer loop
      vertex 13.113 73.594 2
      vertex 10.887 73.594 2
      vertex 10.8 73.5359 2
    endloop
  endfacet
  facet normal 0 0 1
    outer loop
      vertex 13.2 73.5359 2
      vertex 10.8 73.5359 2
      vertex 9.5 69.7 2
    endloop
  endfacet
  facet normal 0 0 1
    outer loop
      vertex 9.5 69.7 2
      vertex 10.8 73.5359 2
      vertex 10.7061 73.4896 2
    endloop
  endfacet
  facet normal 0 0 1
    outer loop
      vertex 9.5 69.7 2
      vertex 10.7061 73.4896 2
      vertex 10.6071 73.456 2
    endloop
  endfacet
  facet normal 0 0 1
    outer loop
      vertex 9.5 69.7 2
      vertex 10.6071 73.456 2
      vertex 10.5044 73.4356 2
    endloop
  endfacet
  facet normal 0 0 1
    outer loop
      vertex 9.5 69.7 2
      vertex 10.5044 73.4356 2
      vertex 10.4 73.4287 2
    endloop
  endfacet
  facet normal 0 0 1
    outer loop
      vertex 9.5 69.7 2
      vertex 10.4 73.4287 2
      vertex 10.2956 73.4356 2
    endloop
  endfacet
  facet normal 0 0 1
    outer loop
      vertex 9.5 69.7 2
      vertex 10.2956 73.4356 2
      vertex 10.1929 73.456 2
    endloop
  endfacet
  facet normal 0 0 1
    outer loop
      vertex 9.5 69.7 2
      vertex 10.1929 73.456 2
      vertex 10.0939 73.4896 2
    endloop
  endfacet
  facet normal 0 0 1
    outer loop
      vertex 9.5 69.7 2
      vertex 10.0939 73.4896 2
      vertex 10 73.5359 2
    endloop
  endfacet
  facet normal -0 0 1
    outer loop
      vertex 9.10615 76.2609 2
      vertex 9.91299 74.8634 2
      vertex 9.2 76.3072 2
    endloop
  endfacet
  facet normal 0 0 1
    outer loop
      vertex 9.91299 74.8634 2
      vertex 9.10615 76.2609 2
      vertex 9.83432 74.7944 2
    endloop
  endfacet
  facet normal 0 0 1
    outer loop
      vertex 13.6 73.4287 2
      vertex 9.5 69.7 2
      vertex 17.5 69.7 2
    endloop
  endfacet
  facet normal 0 0 1
    outer loop
      vertex 9.91299 73.594 2
      vertex 9.5 69.7 2
      vertex 10 73.5359 2
    endloop
  endfacet
  facet normal 0 0 1
    outer loop
      vertex 9.83432 73.663 2
      vertex 9.5 69.7 2
      vertex 9.91299 73.594 2
    endloop
  endfacet
  facet normal 0 0 1
    outer loop
      vertex 9.76532 73.7417 2
      vertex 9.5 69.7 2
      vertex 9.83432 73.663 2
    endloop
  endfacet
  facet normal 0 0 1
    outer loop
      vertex 9.70718 73.8287 2
      vertex 9.5 69.7 2
      vertex 9.76532 73.7417 2
    endloop
  endfacet
  facet normal 0 0 1
    outer loop
      vertex 9.6609 73.9226 2
      vertex 9.5 69.7 2
      vertex 9.70718 73.8287 2
    endloop
  endfacet
  facet normal 0 0 1
    outer loop
      vertex 9.62726 74.0217 2
      vertex 9.5 69.7 2
      vertex 9.6609 73.9226 2
    endloop
  endfacet
  facet normal 0 0 1
    outer loop
      vertex 8.49385 76.2609 2
      vertex 9.60684 74.3331 2
      vertex 8.59295 76.2273 2
    endloop
  endfacet
  facet normal 0 0 1
    outer loop
      vertex 8.59295 76.2273 2
      vertex 9.62726 74.4358 2
      vertex 8.69558 76.2068 2
    endloop
  endfacet
  facet normal -0 0 1
    outer loop
      vertex 9.00706 76.2273 2
      vertex 9.83432 74.7944 2
      vertex 9.10615 76.2609 2
    endloop
  endfacet
  facet normal 0 0 0
    outer loop
      vertex 9.5 69.7 2
      vertex 9.5 1.5 2
      vertex 9.5 68.5 2
    endloop
  endfacet
  facet normal 0 0 0
    outer loop
      vertex 9.5 69.7 2
      vertex 9.5 0.299988 2
      vertex 9.5 1.5 2
    endloop
  endfacet
  facet normal -0 0 1
    outer loop
      vertex 8.90442 76.2068 2
      vertex 9.76532 74.7157 2
      vertex 9.00706 76.2273 2
    endloop
  endfacet
  facet normal 0 0 1
    outer loop
      vertex 9.83432 74.7944 2
      vertex 9.00706 76.2273 2
      vertex 9.76532 74.7157 2
    endloop
  endfacet
  facet normal -0 0 1
    outer loop
      vertex 14 79.0785 2
      vertex 14.8 77.6928 2
      vertex 14.087 79.1366 2
    endloop
  endfacet
  facet normal 0 0 1
    outer loop
      vertex 14.8 77.6928 2
      vertex 14 79.0785 2
      vertex 14.713 77.6347 2
    endloop
  endfacet
  facet normal -0 0 1
    outer loop
      vertex 13.9061 79.0322 2
      vertex 14.713 77.6347 2
      vertex 14 79.0785 2
    endloop
  endfacet
  facet normal 0 0 1
    outer loop
      vertex 15.6 76.3072 2
      vertex 14.4 74.2287 2
      vertex 14.3932 74.1243 2
    endloop
  endfacet
  facet normal 0 0 1
    outer loop
      vertex 14.713 77.6347 2
      vertex 13.9061 79.0322 2
      vertex 14.6343 77.5657 2
    endloop
  endfacet
  facet normal 0 0 1
    outer loop
      vertex 14.4068 76.8956 2
      vertex 14.3727 74.4358 2
      vertex 14.3932 74.3331 2
    endloop
  endfacet
  facet normal -0 0 1
    outer loop
      vertex 13.8071 78.9985 2
      vertex 14.6343 77.5657 2
      vertex 13.9061 79.0322 2
    endloop
  endfacet
  facet normal 0 0 1
    outer loop
      vertex 14.4068 76.8956 2
      vertex 14.3391 74.5349 2
      vertex 14.3727 74.4358 2
    endloop
  endfacet
  facet normal 0 0 1
    outer loop
      vertex 14.6343 77.5657 2
      vertex 13.8071 78.9985 2
      vertex 14.5653 77.487 2
    endloop
  endfacet
  facet normal 0 0 1
    outer loop
      vertex 14.4068 76.8956 2
      vertex 14.2928 74.6287 2
      vertex 14.3391 74.5349 2
    endloop
  endfacet
  facet normal -0 0 1
    outer loop
      vertex 13.7044 78.9781 2
      vertex 14.5653 77.487 2
      vertex 13.8071 78.9985 2
    endloop
  endfacet
  facet normal 0 0 1
    outer loop
      vertex 14.4068 76.8956 2
      vertex 14.2347 74.7157 2
      vertex 14.2928 74.6287 2
    endloop
  endfacet
  facet normal 0 0 1
    outer loop
      vertex 14.5653 77.487 2
      vertex 13.7044 78.9781 2
      vertex 14.5072 77.4 2
    endloop
  endfacet
  facet normal 0 0 1
    outer loop
      vertex 14.4068 76.8956 2
      vertex 14.1657 74.7944 2
      vertex 14.2347 74.7157 2
    endloop
  endfacet
  facet normal -0 0 1
    outer loop
      vertex 13.6 78.9713 2
      vertex 14.5072 77.4 2
      vertex 13.7044 78.9781 2
    endloop
  endfacet
  facet normal 0 0 1
    outer loop
      vertex 14.4068 76.8956 2
      vertex 14.087 74.8634 2
      vertex 14.1657 74.7944 2
    endloop
  endfacet
  facet normal 0 0 1
    outer loop
      vertex 12.7932 77.1044 2
      vertex 14.5072 77.4 2
      vertex 13.6 78.9713 2
    endloop
  endfacet
  facet normal 0 0 1
    outer loop
      vertex 14.4068 76.8956 2
      vertex 14 74.9215 2
      vertex 14.087 74.8634 2
    endloop
  endfacet
  facet normal 0 0 1
    outer loop
      vertex 14.5072 77.4 2
      vertex 12.7932 77.1044 2
      vertex 14.4609 77.3061 2
    endloop
  endfacet
  facet normal 0 0 1
    outer loop
      vertex 12.7932 76.8956 2
      vertex 14.4 77 2
      vertex 12.8 77 2
    endloop
  endfacet
  facet normal 0 0 1
    outer loop
      vertex 14.4609 77.3061 2
      vertex 12.7932 77.1044 2
      vertex 14.4273 77.2071 2
    endloop
  endfacet
  facet normal 0 0 1
    outer loop
      vertex 14.4068 76.8956 2
      vertex 13.9061 74.9678 2
      vertex 14 74.9215 2
    endloop
  endfacet
  facet normal 0 0 1
    outer loop
      vertex 14.4273 77.2071 2
      vertex 12.7932 77.1044 2
      vertex 14.4068 77.1044 2
    endloop
  endfacet
  facet normal 0 0 1
    outer loop
      vertex 14.4068 76.8956 2
      vertex 12.7932 76.8956 2
      vertex 12.7727 76.7929 2
    endloop
  endfacet
  facet normal 0 0 1
    outer loop
      vertex 14.4068 77.1044 2
      vertex 12.8 77 2
      vertex 14.4 77 2
    endloop
  endfacet
  facet normal 0 0 1
    outer loop
      vertex 14.4068 76.8956 2
      vertex 13.8071 75.0015 2
      vertex 13.9061 74.9678 2
    endloop
  endfacet
  facet normal 0 0 1
    outer loop
      vertex 12.7932 77.1044 2
      vertex 13.6 78.9713 2
      vertex 13.4956 78.9781 2
    endloop
  endfacet
  facet normal 0 0 1
    outer loop
      vertex 14.4068 76.8956 2
      vertex 13.7044 75.0219 2
      vertex 13.8071 75.0015 2
    endloop
  endfacet
  facet normal 0 0 1
    outer loop
      vertex 12.7932 77.1044 2
      vertex 13.4956 78.9781 2
      vertex 13.3929 78.9985 2
    endloop
  endfacet
  facet normal 0 0 1
    outer loop
      vertex 14.4068 76.8956 2
      vertex 13.6 75.0287 2
      vertex 13.7044 75.0219 2
    endloop
  endfacet
  facet normal 0 0 1
    outer loop
      vertex 12.7932 77.1044 2
      vertex 13.3929 78.9985 2
      vertex 13.2939 79.0322 2
    endloop
  endfacet
  facet normal 0 0 1
    outer loop
      vertex 14.4068 76.8956 2
      vertex 12.7727 76.7929 2
      vertex 12.7391 76.6939 2
    endloop
  endfacet
  facet normal 0 0 1
    outer loop
      vertex 12.7932 77.1044 2
      vertex 13.2939 79.0322 2
      vertex 13.2 79.0785 2
    endloop
  endfacet
  facet normal 0 0 1
    outer loop
      vertex 14.4068 76.8956 2
      vertex 12.7391 76.6939 2
      vertex 12.6928 76.6 2
    endloop
  endfacet
  facet normal 0 0 1
    outer loop
      vertex 12.7932 77.1044 2
      vertex 13.2 79.0785 2
      vertex 13.113 79.1366 2
    endloop
  endfacet
  facet normal 0 0 1
    outer loop
      vertex 14.4068 76.8956 2
      vertex 12.6928 76.6 2
      vertex 13.6 75.0287 2
    endloop
  endfacet
  facet normal 0 0 1
    outer loop
      vertex 12.7932 77.1044 2
      vertex 13.113 79.1366 2
      vertex 13.0343 79.2056 2
    endloop
  endfacet
  facet normal 0 0 1
    outer loop
      vertex 13.6 75.0287 2
      vertex 12.6928 76.6 2
      vertex 13.4956 75.0219 2
    endloop
  endfacet
  facet normal 0 0 1
    outer loop
      vertex 12.7932 77.1044 2
      vertex 13.0343 79.2056 2
      vertex 12.9653 79.2843 2
    endloop
  endfacet
  facet normal -0 0 1
    outer loop
      vertex 12.6347 76.513 2
      vertex 13.4956 75.0219 2
      vertex 12.6928 76.6 2
    endloop
  endfacet
  facet normal 0 0 1
    outer loop
      vertex 12.7932 77.1044 2
      vertex 12.9653 79.2843 2
      vertex 12.9072 79.3713 2
    endloop
  endfacet
  facet normal 0 0 1
    outer loop
      vertex 13.4956 75.0219 2
      vertex 12.6347 76.513 2
      vertex 13.3929 75.0015 2
    endloop
  endfacet
  facet normal 0 0 1
    outer loop
      vertex 12.7932 77.1044 2
      vertex 12.9072 79.3713 2
      vertex 12.8609 79.4651 2
    endloop
  endfacet
  facet normal -0 0 1
    outer loop
      vertex 12.5657 76.4343 2
      vertex 13.3929 75.0015 2
      vertex 12.6347 76.513 2
    endloop
  endfacet
  facet normal 0 0 1
    outer loop
      vertex 12.7932 77.1044 2
      vertex 12.8609 79.4651 2
      vertex 12.8273 79.5642 2
    endloop
  endfacet
  facet normal 0 0 1
    outer loop
      vertex 13.3929 75.0015 2
      vertex 12.5657 76.4343 2
      vertex 13.2939 74.9678 2
    endloop
  endfacet
  facet normal 0 0 1
    outer loop
      vertex 12.7932 77.1044 2
      vertex 12.8273 79.5642 2
      vertex 12.8068 79.6669 2
    endloop
  endfacet
  facet normal -0 0 1
    outer loop
      vertex 12.487 76.3653 2
      vertex 13.2939 74.9678 2
      vertex 12.5657 76.4343 2
    endloop
  endfacet
  facet normal -0 0 1
    outer loop
      vertex 11.2 79.7713 2
      vertex 12.8068 79.6669 2
      vertex 12.8 79.7713 2
    endloop
  endfacet
  facet normal 0 0 1
    outer loop
      vertex 13.2939 74.9678 2
      vertex 12.487 76.3653 2
      vertex 13.2 74.9215 2
    endloop
  endfacet
  facet normal -0 0 1
    outer loop
      vertex 12.4 76.3072 2
      vertex 13.2 74.9215 2
      vertex 12.487 76.3653 2
    endloop
  endfacet
  facet normal 0 0 1
    outer loop
      vertex 13.2 74.9215 2
      vertex 12.4 76.3072 2
      vertex 13.113 74.8634 2
    endloop
  endfacet
  facet normal 0.751706 -0.659498 0
    outer loop
      vertex -0.29335 90.1088 20.45
      vertex -0.207108 90.2071 2
      vertex -0.207108 90.2071 20.45
    endloop
  endfacet
  facet normal 0.751706 -0.659498 0
    outer loop
      vertex -0.207108 90.2071 2
      vertex -0.29335 90.1088 20.45
      vertex -0.29335 90.1088 2
    endloop
  endfacet
  facet normal 0.751706 -0.659498 0
    outer loop
      vertex -0.29335 90.1088 22.9
      vertex -0.207108 90.2071 22.46
      vertex -0.207108 90.2071 22.9
    endloop
  endfacet
  facet normal 0.751706 -0.659498 0
    outer loop
      vertex -0.207108 90.2071 22.46
      vertex -0.29335 90.1088 22.9
      vertex -0.29335 90.1088 22.46
    endloop
  endfacet
  facet normal 0.751849 0.659335 0
    outer loop
      vertex -0.207108 -0.207108 20.45
      vertex -0.29335 -0.108765 2
      vertex -0.29335 -0.108765 20.45
    endloop
  endfacet
  facet normal 0.751849 0.659335 0
    outer loop
      vertex -0.29335 -0.108765 2
      vertex -0.207108 -0.207108 20.45
      vertex -0.207108 -0.207108 2
    endloop
  endfacet
  facet normal 0.751849 0.659335 0
    outer loop
      vertex -0.207108 -0.207108 22.9
      vertex -0.29335 -0.108765 22.46
      vertex -0.29335 -0.108765 22.9
    endloop
  endfacet
  facet normal 0.751849 0.659335 0
    outer loop
      vertex -0.29335 -0.108765 22.46
      vertex -0.207108 -0.207108 22.9
      vertex -0.207108 -0.207108 22.46
    endloop
  endfacet
  facet normal 0 -1 0
    outer loop
      vertex 0.5 90.5 20.45
      vertex 58 90.5 14.5255
      vertex 69.5 90.5 20.45
    endloop
  endfacet
  facet normal 0 -1 0
    outer loop
      vertex 0.5 90.5 20.45
      vertex 55.7373 90.5 12.2627
      vertex 58 90.5 14.5255
    endloop
  endfacet
  facet normal 0 -1 0
    outer loop
      vertex 0.5 90.5 20.45
      vertex 55.4613 90.5 11.948
      vertex 55.7373 90.5 12.2627
    endloop
  endfacet
  facet normal 0 -1 0
    outer loop
      vertex 0.5 90.5 20.45
      vertex 55.2287 90.5 11.6
      vertex 55.4613 90.5 11.948
    endloop
  endfacet
  facet normal 0 -1 0
    outer loop
      vertex 0.5 90.5 20.45
      vertex 55.0436 90.5 11.2246
      vertex 55.2287 90.5 11.6
    endloop
  endfacet
  facet normal 0 -1 0
    outer loop
      vertex 0.5 90.5 20.45
      vertex 54.909 90.5 10.8282
      vertex 55.0436 90.5 11.2246
    endloop
  endfacet
  facet normal 0 -1 0
    outer loop
      vertex 0.5 90.5 20.45
      vertex 54.8274 90.5 10.4177
      vertex 54.909 90.5 10.8282
    endloop
  endfacet
  facet normal 0 -1 0
    outer loop
      vertex 0.5 90.5 20.45
      vertex 54.8 90.5 10
      vertex 54.8274 90.5 10.4177
    endloop
  endfacet
  facet normal 0 -1 0
    outer loop
      vertex 0.5 90.5 2
      vertex 54.8 90.5 10
      vertex 0.5 90.5 20.45
    endloop
  endfacet
  facet normal 0 -1 -0
    outer loop
      vertex 54.8 90.5 10
      vertex 0.5 90.5 2
      vertex 54.8274 90.5 9.58232
    endloop
  endfacet
  facet normal 0 -1 -0
    outer loop
      vertex 54.8274 90.5 9.58232
      vertex 0.5 90.5 2
      vertex 54.909 90.5 9.17178
    endloop
  endfacet
  facet normal 0 -1 -0
    outer loop
      vertex 54.909 90.5 9.17178
      vertex 0.5 90.5 2
      vertex 55.0436 90.5 8.77542
    endloop
  endfacet
  facet normal 0 -1 -0
    outer loop
      vertex 55.0436 90.5 8.77542
      vertex 0.5 90.5 2
      vertex 55.2287 90.5 8.40001
    endloop
  endfacet
  facet normal 0 -1 -0
    outer loop
      vertex 55.2287 90.5 8.40001
      vertex 0.5 90.5 2
      vertex 55.4613 90.5 8.05197
    endloop
  endfacet
  facet normal 0 -1 -0
    outer loop
      vertex 55.4613 90.5 8.05197
      vertex 0.5 90.5 2
      vertex 55.7373 90.5 7.73726
    endloop
  endfacet
  facet normal 0 -1 -0
    outer loop
      vertex 55.7373 90.5 7.73726
      vertex 0.5 90.5 2
      vertex 56.052 90.5 7.46127
    endloop
  endfacet
  facet normal 0 -1 -0
    outer loop
      vertex 56.052 90.5 7.46127
      vertex 0.5 90.5 2
      vertex 56.4 90.5 7.22873
    endloop
  endfacet
  facet normal 0 -1 -0
    outer loop
      vertex 56.4 90.5 7.22873
      vertex 0.5 90.5 2
      vertex 56.7754 90.5 7.04359
    endloop
  endfacet
  facet normal 0 -1 0
    outer loop
      vertex 57.1718 90.5 6.90904
      vertex 69.5 90.5 2
      vertex 57.5823 90.5 6.82738
    endloop
  endfacet
  facet normal 0 -1 0
    outer loop
      vertex 69.5 90.5 2
      vertex 57.1718 90.5 6.90904
      vertex 0.5 90.5 2
    endloop
  endfacet
  facet normal 0 -1 -0
    outer loop
      vertex 56.7754 90.5 7.04359
      vertex 0.5 90.5 2
      vertex 57.1718 90.5 6.90904
    endloop
  endfacet
  facet normal 0 -1 0
    outer loop
      vertex 60.2627 90.5 12.2627
      vertex 69.5 90.5 20.45
      vertex 58 90.5 14.5255
    endloop
  endfacet
  facet normal 0 -1 0
    outer loop
      vertex 60.5387 90.5 11.948
      vertex 69.5 90.5 20.45
      vertex 60.2627 90.5 12.2627
    endloop
  endfacet
  facet normal 0 -1 0
    outer loop
      vertex 60.7713 90.5 11.6
      vertex 69.5 90.5 20.45
      vertex 60.5387 90.5 11.948
    endloop
  endfacet
  facet normal 0 -1 0
    outer loop
      vertex 60.9564 90.5 11.2246
      vertex 69.5 90.5 20.45
      vertex 60.7713 90.5 11.6
    endloop
  endfacet
  facet normal 0 -1 0
    outer loop
      vertex 61.091 90.5 10.8282
      vertex 69.5 90.5 20.45
      vertex 60.9564 90.5 11.2246
    endloop
  endfacet
  facet normal 0 -1 0
    outer loop
      vertex 61.1726 90.5 10.4177
      vertex 69.5 90.5 20.45
      vertex 61.091 90.5 10.8282
    endloop
  endfacet
  facet normal 0 -1 0
    outer loop
      vertex 69.5 90.5 2
      vertex 61.1726 90.5 10.4177
      vertex 61.2 90.5 10
    endloop
  endfacet
  facet normal 0 -1 0
    outer loop
      vertex 69.5 90.5 2
      vertex 61.2 90.5 10
      vertex 61.1726 90.5 9.58232
    endloop
  endfacet
  facet normal 0 -1 0
    outer loop
      vertex 69.5 90.5 2
      vertex 61.1726 90.5 9.58232
      vertex 61.091 90.5 9.17178
    endloop
  endfacet
  facet normal 0 -1 0
    outer loop
      vertex 69.5 90.5 2
      vertex 61.091 90.5 9.17178
      vertex 60.9564 90.5 8.77542
    endloop
  endfacet
  facet normal 0 -1 0
    outer loop
      vertex 69.5 90.5 2
      vertex 60.9564 90.5 8.77542
      vertex 60.7713 90.5 8.40001
    endloop
  endfacet
  facet normal 0 -1 0
    outer loop
      vertex 69.5 90.5 2
      vertex 60.7713 90.5 8.40001
      vertex 60.5387 90.5 8.05197
    endloop
  endfacet
  facet normal 0 -1 0
    outer loop
      vertex 57.5823 90.5 6.82738
      vertex 69.5 90.5 2
      vertex 58 90.5 6.8
    endloop
  endfacet
  facet normal 0 -1 0
    outer loop
      vertex 61.1726 90.5 10.4177
      vertex 69.5 90.5 2
      vertex 69.5 90.5 20.45
    endloop
  endfacet
  facet normal 0 -1 0
    outer loop
      vertex 60.2627 90.5 7.73726
      vertex 69.5 90.5 2
      vertex 60.5387 90.5 8.05197
    endloop
  endfacet
  facet normal 0 -1 0
    outer loop
      vertex 59.948 90.5 7.46127
      vertex 69.5 90.5 2
      vertex 60.2627 90.5 7.73726
    endloop
  endfacet
  facet normal 0 -1 0
    outer loop
      vertex 59.6 90.5 7.22873
      vertex 69.5 90.5 2
      vertex 59.948 90.5 7.46127
    endloop
  endfacet
  facet normal 0 -1 0
    outer loop
      vertex 59.2246 90.5 7.04359
      vertex 69.5 90.5 2
      vertex 59.6 90.5 7.22873
    endloop
  endfacet
  facet normal 0 -1 0
    outer loop
      vertex 58.8282 90.5 6.90904
      vertex 69.5 90.5 2
      vertex 59.2246 90.5 7.04359
    endloop
  endfacet
  facet normal 0 -1 0
    outer loop
      vertex 58.4177 90.5 6.82738
      vertex 69.5 90.5 2
      vertex 58.8282 90.5 6.90904
    endloop
  endfacet
  facet normal 0 -1 0
    outer loop
      vertex 58 90.5 6.8
      vertex 69.5 90.5 2
      vertex 58.4177 90.5 6.82738
    endloop
  endfacet
  facet normal 0 -1 0
    outer loop
      vertex 0.5 90.5 22.46
      vertex 69.5 90.5 22.9
      vertex 0.5 90.5 22.9
    endloop
  endfacet
  facet normal 0 -1 -0
    outer loop
      vertex 69.5 90.5 22.9
      vertex 0.5 90.5 22.46
      vertex 69.5 90.5 22.46
    endloop
  endfacet
  facet normal -0.659498 0.751706 0
    outer loop
      vertex 70.2071 -0.207108 2
      vertex 70.1088 -0.29335 20.45
      vertex 70.2071 -0.207108 20.45
    endloop
  endfacet
  facet normal -0.659498 0.751706 0
    outer loop
      vertex 70.1088 -0.29335 20.45
      vertex 70.2071 -0.207108 2
      vertex 70.1088 -0.29335 2
    endloop
  endfacet
  facet normal -0.659498 0.751706 0
    outer loop
      vertex 70.2071 -0.207108 22.46
      vertex 70.1088 -0.29335 22.9
      vertex 70.2071 -0.207108 22.9
    endloop
  endfacet
  facet normal -0.659498 0.751706 0
    outer loop
      vertex 70.1088 -0.29335 22.9
      vertex 70.2071 -0.207108 22.46
      vertex 70.1088 -0.29335 22.46
    endloop
  endfacet
  facet normal 0.321109 -0.947042 0
    outer loop
      vertex 0.11731 90.4239 2
      vertex 0.24118 90.4659 20.45
      vertex 0.11731 90.4239 20.45
    endloop
  endfacet
  facet normal 0.321109 -0.947042 0
    outer loop
      vertex 0.24118 90.4659 20.45
      vertex 0.11731 90.4239 2
      vertex 0.24118 90.4659 2
    endloop
  endfacet
  facet normal 0.321109 -0.947042 0
    outer loop
      vertex 0.11731 90.4239 22.46
      vertex 0.24118 90.4659 22.9
      vertex 0.11731 90.4239 22.9
    endloop
  endfacet
  facet normal 0.321109 -0.947042 0
    outer loop
      vertex 0.24118 90.4659 22.9
      vertex 0.11731 90.4239 22.46
      vertex 0.24118 90.4659 22.46
    endloop
  endfacet
  facet normal 0.83154 -0.555465 0
    outer loop
      vertex -0.366028 90 20.45
      vertex -0.29335 90.1088 2
      vertex -0.29335 90.1088 20.45
    endloop
  endfacet
  facet normal 0.83154 -0.555465 0
    outer loop
      vertex -0.29335 90.1088 2
      vertex -0.366028 90 20.45
      vertex -0.366028 90 2
    endloop
  endfacet
  facet normal 0.83154 -0.555465 0
    outer loop
      vertex -0.366028 90 22.9
      vertex -0.29335 90.1088 22.46
      vertex -0.29335 90.1088 22.9
    endloop
  endfacet
  facet normal 0.83154 -0.555465 0
    outer loop
      vertex -0.29335 90.1088 22.46
      vertex -0.366028 90 22.9
      vertex -0.366028 90 22.46
    endloop
  endfacet
  facet normal 0.980796 -0.195035 0
    outer loop
      vertex -0.49144 89.6305 20.45
      vertex -0.465927 89.7588 2
      vertex -0.465927 89.7588 20.45
    endloop
  endfacet
  facet normal 0.980796 -0.195035 0
    outer loop
      vertex -0.465927 89.7588 2
      vertex -0.49144 89.6305 20.45
      vertex -0.49144 89.6305 2
    endloop
  endfacet
  facet normal 0.980796 -0.195035 0
    outer loop
      vertex -0.49144 89.6305 22.9
      vertex -0.465927 89.7588 22.46
      vertex -0.465927 89.7588 22.9
    endloop
  endfacet
  facet normal 0.980796 -0.195035 0
    outer loop
      vertex -0.465927 89.7588 22.46
      vertex -0.49144 89.6305 22.9
      vertex -0.49144 89.6305 22.46
    endloop
  endfacet
  facet normal 0.831457 0.555589 0
    outer loop
      vertex -0.29335 -0.108765 20.45
      vertex -0.366028 0 2
      vertex -0.366028 0 20.45
    endloop
  endfacet
  facet normal 0.831457 0.555589 0
    outer loop
      vertex -0.366028 0 2
      vertex -0.29335 -0.108765 20.45
      vertex -0.29335 -0.108765 2
    endloop
  endfacet
  facet normal 0.831457 0.555589 0
    outer loop
      vertex -0.29335 -0.108765 22.9
      vertex -0.366028 0 22.46
      vertex -0.366028 0 22.9
    endloop
  endfacet
  facet normal 0.831457 0.555589 0
    outer loop
      vertex -0.366028 0 22.46
      vertex -0.29335 -0.108765 22.9
      vertex -0.29335 -0.108765 22.46
    endloop
  endfacet
  facet normal 0.195041 0.980795 -0
    outer loop
      vertex 0.369476 -0.49144 2
      vertex 0.24118 -0.465927 20.45
      vertex 0.369476 -0.49144 20.45
    endloop
  endfacet
  facet normal 0.195041 0.980795 0
    outer loop
      vertex 0.24118 -0.465927 20.45
      vertex 0.369476 -0.49144 2
      vertex 0.24118 -0.465927 2
    endloop
  endfacet
  facet normal 0.195041 0.980795 -0
    outer loop
      vertex 0.369476 -0.49144 22.46
      vertex 0.24118 -0.465927 22.9
      vertex 0.369476 -0.49144 22.9
    endloop
  endfacet
  facet normal 0.195041 0.980795 0
    outer loop
      vertex 0.24118 -0.465927 22.9
      vertex 0.369476 -0.49144 22.46
      vertex 0.24118 -0.465927 22.46
    endloop
  endfacet
  facet normal 0.980795 0.195041 0
    outer loop
      vertex -0.465927 0.24118 20.45
      vertex -0.49144 0.369476 2
      vertex -0.49144 0.369476 20.45
    endloop
  endfacet
  facet normal 0.980795 0.195041 0
    outer loop
      vertex -0.49144 0.369476 2
      vertex -0.465927 0.24118 20.45
      vertex -0.465927 0.24118 2
    endloop
  endfacet
  facet normal 0.980795 0.195041 0
    outer loop
      vertex -0.465927 0.24118 22.9
      vertex -0.49144 0.369476 22.46
      vertex -0.49144 0.369476 22.9
    endloop
  endfacet
  facet normal 0.980795 0.195041 0
    outer loop
      vertex -0.49144 0.369476 22.46
      vertex -0.465927 0.24118 22.9
      vertex -0.465927 0.24118 22.46
    endloop
  endfacet
  facet normal -0.751486 -0.659749 0
    outer loop
      vertex 70.2934 90.1088 2
      vertex 70.2071 90.2071 20.45
      vertex 70.2071 90.2071 2
    endloop
  endfacet
  facet normal -0.751486 -0.659749 0
    outer loop
      vertex 70.2071 90.2071 20.45
      vertex 70.2934 90.1088 2
      vertex 70.2934 90.1088 20.45
    endloop
  endfacet
  facet normal -0.751486 -0.659749 0
    outer loop
      vertex 70.2934 90.1088 22.46
      vertex 70.2071 90.2071 22.9
      vertex 70.2071 90.2071 22.46
    endloop
  endfacet
  facet normal -0.751486 -0.659749 0
    outer loop
      vertex 70.2071 90.2071 22.9
      vertex 70.2934 90.1088 22.46
      vertex 70.2934 90.1088 22.9
    endloop
  endfacet
  facet normal 0.997856 -0.0654532 0
    outer loop
      vertex -0.5 89.5 20.45
      vertex -0.49144 89.6305 2
      vertex -0.49144 89.6305 20.45
    endloop
  endfacet
  facet normal 0.997856 -0.0654532 0
    outer loop
      vertex -0.49144 89.6305 2
      vertex -0.5 89.5 20.45
      vertex -0.5 89.5 2
    endloop
  endfacet
  facet normal 0.997856 -0.0654532 0
    outer loop
      vertex -0.5 89.5 22.9
      vertex -0.49144 89.6305 22.46
      vertex -0.49144 89.6305 22.9
    endloop
  endfacet
  facet normal 0.997856 -0.0654532 0
    outer loop
      vertex -0.49144 89.6305 22.46
      vertex -0.5 89.5 22.9
      vertex -0.5 89.5 22.46
    endloop
  endfacet
  facet normal 0.194946 -0.980814 0
    outer loop
      vertex 0.24118 90.4659 2
      vertex 0.369476 90.4914 20.45
      vertex 0.24118 90.4659 20.45
    endloop
  endfacet
  facet normal 0.194946 -0.980814 0
    outer loop
      vertex 0.369476 90.4914 20.45
      vertex 0.24118 90.4659 2
      vertex 0.369476 90.4914 2
    endloop
  endfacet
  facet normal 0.194946 -0.980814 0
    outer loop
      vertex 0.24118 90.4659 22.46
      vertex 0.369476 90.4914 22.9
      vertex 0.24118 90.4659 22.9
    endloop
  endfacet
  facet normal 0.194946 -0.980814 0
    outer loop
      vertex 0.369476 90.4914 22.9
      vertex 0.24118 90.4659 22.46
      vertex 0.369476 90.4914 22.46
    endloop
  endfacet
  facet normal -0.442621 -0.896709 0
    outer loop
      vertex 69.8827 90.4239 2
      vertex 70 90.366 20.45
      vertex 69.8827 90.4239 20.45
    endloop
  endfacet
  facet normal -0.442621 -0.896709 -0
    outer loop
      vertex 70 90.366 20.45
      vertex 69.8827 90.4239 2
      vertex 70 90.366 2
    endloop
  endfacet
  facet normal -0.442621 -0.896709 0
    outer loop
      vertex 69.8827 90.4239 22.46
      vertex 70 90.366 22.9
      vertex 69.8827 90.4239 22.9
    endloop
  endfacet
  facet normal -0.442621 -0.896709 -0
    outer loop
      vertex 70 90.366 22.9
      vertex 69.8827 90.4239 22.46
      vertex 70 90.366 22.46
    endloop
  endfacet
  facet normal -0.997836 -0.0657577 0
    outer loop
      vertex 70.5 89.5 2
      vertex 70.4914 89.6305 20.45
      vertex 70.4914 89.6305 2
    endloop
  endfacet
  facet normal -0.997836 -0.0657577 0
    outer loop
      vertex 70.4914 89.6305 20.45
      vertex 70.5 89.5 2
      vertex 70.5 89.5 20.45
    endloop
  endfacet
  facet normal -0.997836 -0.0657577 0
    outer loop
      vertex 70.5 89.5 22.46
      vertex 70.4914 89.6305 22.9
      vertex 70.4914 89.6305 22.46
    endloop
  endfacet
  facet normal -0.997836 -0.0657577 0
    outer loop
      vertex 70.4914 89.6305 22.9
      vertex 70.5 89.5 22.46
      vertex 70.5 89.5 22.9
    endloop
  endfacet
  facet normal 0.946919 0.321472 0
    outer loop
      vertex -0.423874 0.11731 20.45
      vertex -0.465927 0.24118 2
      vertex -0.465927 0.24118 20.45
    endloop
  endfacet
  facet normal 0.946919 0.321472 0
    outer loop
      vertex -0.465927 0.24118 2
      vertex -0.423874 0.11731 20.45
      vertex -0.423874 0.11731 2
    endloop
  endfacet
  facet normal 0.946919 0.321472 0
    outer loop
      vertex -0.423874 0.11731 22.9
      vertex -0.465927 0.24118 22.46
      vertex -0.465927 0.24118 22.9
    endloop
  endfacet
  facet normal 0.946919 0.321472 0
    outer loop
      vertex -0.465927 0.24118 22.46
      vertex -0.423874 0.11731 22.9
      vertex -0.423874 0.11731 22.46
    endloop
  endfacet
  facet normal 0.659335 0.751849 -0
    outer loop
      vertex -0.108765 -0.29335 2
      vertex -0.207108 -0.207108 20.45
      vertex -0.108765 -0.29335 20.45
    endloop
  endfacet
  facet normal 0.659335 0.751849 0
    outer loop
      vertex -0.207108 -0.207108 20.45
      vertex -0.108765 -0.29335 2
      vertex -0.207108 -0.207108 2
    endloop
  endfacet
  facet normal 0.659335 0.751849 -0
    outer loop
      vertex -0.108765 -0.29335 22.46
      vertex -0.207108 -0.207108 22.9
      vertex -0.108765 -0.29335 22.9
    endloop
  endfacet
  facet normal 0.659335 0.751849 0
    outer loop
      vertex -0.207108 -0.207108 22.9
      vertex -0.108765 -0.29335 22.46
      vertex -0.207108 -0.207108 22.46
    endloop
  endfacet
  facet normal 0.0654412 0.997856 -0
    outer loop
      vertex 0.5 -0.5 2
      vertex 0.369476 -0.49144 20.45
      vertex 0.5 -0.5 20.45
    endloop
  endfacet
  facet normal 0.0654412 0.997856 0
    outer loop
      vertex 0.369476 -0.49144 20.45
      vertex 0.5 -0.5 2
      vertex 0.369476 -0.49144 2
    endloop
  endfacet
  facet normal 0.0654412 0.997856 -0
    outer loop
      vertex 0.5 -0.5 22.46
      vertex 0.369476 -0.49144 22.9
      vertex 0.5 -0.5 22.9
    endloop
  endfacet
  facet normal 0.0654412 0.997856 0
    outer loop
      vertex 0.369476 -0.49144 22.9
      vertex 0.5 -0.5 22.46
      vertex 0.369476 -0.49144 22.46
    endloop
  endfacet
  facet normal -0.321039 -0.947066 0
    outer loop
      vertex 69.7588 90.4659 2
      vertex 69.8827 90.4239 20.45
      vertex 69.7588 90.4659 20.45
    endloop
  endfacet
  facet normal -0.321039 -0.947066 -0
    outer loop
      vertex 69.8827 90.4239 20.45
      vertex 69.7588 90.4659 2
      vertex 69.8827 90.4239 2
    endloop
  endfacet
  facet normal -0.321039 -0.947066 0
    outer loop
      vertex 69.7588 90.4659 22.46
      vertex 69.8827 90.4239 22.9
      vertex 69.7588 90.4659 22.9
    endloop
  endfacet
  facet normal -0.321039 -0.947066 -0
    outer loop
      vertex 69.8827 90.4239 22.9
      vertex 69.7588 90.4659 22.46
      vertex 69.8827 90.4239 22.46
    endloop
  endfacet
  facet normal 0.321472 0.946919 -0
    outer loop
      vertex 0.24118 -0.465927 2
      vertex 0.11731 -0.423874 20.45
      vertex 0.24118 -0.465927 20.45
    endloop
  endfacet
  facet normal 0.321472 0.946919 0
    outer loop
      vertex 0.11731 -0.423874 20.45
      vertex 0.24118 -0.465927 2
      vertex 0.11731 -0.423874 2
    endloop
  endfacet
  facet normal 0.321472 0.946919 -0
    outer loop
      vertex 0.24118 -0.465927 22.46
      vertex 0.11731 -0.423874 22.9
      vertex 0.24118 -0.465927 22.9
    endloop
  endfacet
  facet normal 0.321472 0.946919 0
    outer loop
      vertex 0.11731 -0.423874 22.9
      vertex 0.24118 -0.465927 22.46
      vertex 0.11731 -0.423874 22.46
    endloop
  endfacet
  facet normal 0.946943 -0.321403 0
    outer loop
      vertex -0.465927 89.7588 20.45
      vertex -0.423874 89.8827 2
      vertex -0.423874 89.8827 20.45
    endloop
  endfacet
  facet normal 0.946943 -0.321403 0
    outer loop
      vertex -0.423874 89.8827 2
      vertex -0.465927 89.7588 20.45
      vertex -0.465927 89.7588 2
    endloop
  endfacet
  facet normal 0.946943 -0.321403 0
    outer loop
      vertex -0.465927 89.7588 22.9
      vertex -0.423874 89.8827 22.46
      vertex -0.423874 89.8827 22.9
    endloop
  endfacet
  facet normal 0.946943 -0.321403 0
    outer loop
      vertex -0.423874 89.8827 22.46
      vertex -0.465927 89.7588 22.9
      vertex -0.465927 89.7588 22.46
    endloop
  endfacet
  facet normal 0.555177 -0.831733 0
    outer loop
      vertex -0.108765 90.2934 2
      vertex 0 90.366 20.45
      vertex -0.108765 90.2934 20.45
    endloop
  endfacet
  facet normal 0.555177 -0.831733 0
    outer loop
      vertex 0 90.366 20.45
      vertex -0.108765 90.2934 2
      vertex 0 90.366 2
    endloop
  endfacet
  facet normal 0.555177 -0.831733 0
    outer loop
      vertex -0.108765 90.2934 22.46
      vertex 0 90.366 22.9
      vertex -0.108765 90.2934 22.9
    endloop
  endfacet
  facet normal 0.555177 -0.831733 0
    outer loop
      vertex 0 90.366 22.9
      vertex -0.108765 90.2934 22.46
      vertex 0 90.366 22.46
    endloop
  endfacet
  facet normal 0.659586 -0.751629 0
    outer loop
      vertex -0.207108 90.2071 2
      vertex -0.108765 90.2934 20.45
      vertex -0.207108 90.2071 20.45
    endloop
  endfacet
  facet normal 0.659586 -0.751629 0
    outer loop
      vertex -0.108765 90.2934 20.45
      vertex -0.207108 90.2071 2
      vertex -0.108765 90.2934 2
    endloop
  endfacet
  facet normal 0.659586 -0.751629 0
    outer loop
      vertex -0.207108 90.2071 22.46
      vertex -0.108765 90.2934 22.9
      vertex -0.207108 90.2071 22.9
    endloop
  endfacet
  facet normal 0.659586 -0.751629 0
    outer loop
      vertex -0.108765 90.2934 22.9
      vertex -0.207108 90.2071 22.46
      vertex -0.108765 90.2934 22.46
    endloop
  endfacet
  facet normal -0.0657577 -0.997836 0
    outer loop
      vertex 69.5 90.5 2
      vertex 69.6305 90.4914 20.45
      vertex 69.5 90.5 20.45
    endloop
  endfacet
  facet normal -0.0657577 -0.997836 -0
    outer loop
      vertex 69.6305 90.4914 20.45
      vertex 69.5 90.5 2
      vertex 69.6305 90.4914 2
    endloop
  endfacet
  facet normal -0.0657577 -0.997836 0
    outer loop
      vertex 69.5 90.5 22.46
      vertex 69.6305 90.4914 22.9
      vertex 69.5 90.5 22.9
    endloop
  endfacet
  facet normal -0.0657577 -0.997836 -0
    outer loop
      vertex 69.6305 90.4914 22.9
      vertex 69.5 90.5 22.46
      vertex 69.6305 90.4914 22.46
    endloop
  endfacet
  facet normal -0.555053 -0.831815 0
    outer loop
      vertex 70 90.366 2
      vertex 70.1088 90.2934 20.45
      vertex 70 90.366 20.45
    endloop
  endfacet
  facet normal -0.555053 -0.831815 -0
    outer loop
      vertex 70.1088 90.2934 20.45
      vertex 70 90.366 2
      vertex 70.1088 90.2934 2
    endloop
  endfacet
  facet normal -0.555053 -0.831815 0
    outer loop
      vertex 70 90.366 22.46
      vertex 70.1088 90.2934 22.9
      vertex 70 90.366 22.9
    endloop
  endfacet
  facet normal -0.555053 -0.831815 -0
    outer loop
      vertex 70.1088 90.2934 22.9
      vertex 70 90.366 22.46
      vertex 70.1088 90.2934 22.46
    endloop
  endfacet
  facet normal -0.751629 0.659586 0
    outer loop
      vertex 70.2071 -0.207108 2
      vertex 70.2934 -0.108765 20.45
      vertex 70.2934 -0.108765 2
    endloop
  endfacet
  facet normal -0.751629 0.659586 0
    outer loop
      vertex 70.2934 -0.108765 20.45
      vertex 70.2071 -0.207108 2
      vertex 70.2071 -0.207108 20.45
    endloop
  endfacet
  facet normal -0.751629 0.659586 0
    outer loop
      vertex 70.2071 -0.207108 22.46
      vertex 70.2934 -0.108765 22.9
      vertex 70.2934 -0.108765 22.46
    endloop
  endfacet
  facet normal -0.751629 0.659586 0
    outer loop
      vertex 70.2934 -0.108765 22.9
      vertex 70.2071 -0.207108 22.46
      vertex 70.2071 -0.207108 22.9
    endloop
  endfacet
  facet normal -0.896724 0.442591 0
    outer loop
      vertex 70.366 0 2
      vertex 70.4239 0.11731 20.45
      vertex 70.4239 0.11731 2
    endloop
  endfacet
  facet normal -0.896724 0.442591 0
    outer loop
      vertex 70.4239 0.11731 20.45
      vertex 70.366 0 2
      vertex 70.366 0 20.45
    endloop
  endfacet
  facet normal -0.896724 0.442591 0
    outer loop
      vertex 70.366 0 22.46
      vertex 70.4239 0.11731 22.9
      vertex 70.4239 0.11731 22.46
    endloop
  endfacet
  facet normal -0.896724 0.442591 0
    outer loop
      vertex 70.4239 0.11731 22.9
      vertex 70.366 0 22.46
      vertex 70.366 0 22.9
    endloop
  endfacet
  facet normal 0.997856 0.0654412 0
    outer loop
      vertex -0.49144 0.369476 20.45
      vertex -0.5 0.5 2
      vertex -0.5 0.5 20.45
    endloop
  endfacet
  facet normal 0.997856 0.0654412 0
    outer loop
      vertex -0.5 0.5 2
      vertex -0.49144 0.369476 20.45
      vertex -0.49144 0.369476 2
    endloop
  endfacet
  facet normal 0.997856 0.0654412 0
    outer loop
      vertex -0.49144 0.369476 22.9
      vertex -0.5 0.5 22.46
      vertex -0.5 0.5 22.9
    endloop
  endfacet
  facet normal 0.997856 0.0654412 0
    outer loop
      vertex -0.5 0.5 22.46
      vertex -0.49144 0.369476 22.9
      vertex -0.49144 0.369476 22.46
    endloop
  endfacet
  facet normal -0.831733 0.555177 0
    outer loop
      vertex 70.2934 -0.108765 2
      vertex 70.366 0 20.45
      vertex 70.366 0 2
    endloop
  endfacet
  facet normal -0.831733 0.555177 0
    outer loop
      vertex 70.366 0 20.45
      vertex 70.2934 -0.108765 2
      vertex 70.2934 -0.108765 20.45
    endloop
  endfacet
  facet normal -0.831733 0.555177 0
    outer loop
      vertex 70.2934 -0.108765 22.46
      vertex 70.366 0 22.9
      vertex 70.366 0 22.46
    endloop
  endfacet
  facet normal -0.831733 0.555177 0
    outer loop
      vertex 70.366 0 22.9
      vertex 70.2934 -0.108765 22.46
      vertex 70.2934 -0.108765 22.9
    endloop
  endfacet
  facet normal -0.896709 -0.442621 0
    outer loop
      vertex 70.4239 89.8827 2
      vertex 70.366 90 20.45
      vertex 70.366 90 2
    endloop
  endfacet
  facet normal -0.896709 -0.442621 0
    outer loop
      vertex 70.366 90 20.45
      vertex 70.4239 89.8827 2
      vertex 70.4239 89.8827 20.45
    endloop
  endfacet
  facet normal -0.896709 -0.442621 0
    outer loop
      vertex 70.4239 89.8827 22.46
      vertex 70.366 90 22.9
      vertex 70.366 90 22.46
    endloop
  endfacet
  facet normal -0.896709 -0.442621 0
    outer loop
      vertex 70.366 90 22.9
      vertex 70.4239 89.8827 22.46
      vertex 70.4239 89.8827 22.9
    endloop
  endfacet
  facet normal -0.997836 0.0657457 0
    outer loop
      vertex 70.4914 0.369476 2
      vertex 70.5 0.5 20.45
      vertex 70.5 0.5 2
    endloop
  endfacet
  facet normal -0.997836 0.0657457 0
    outer loop
      vertex 70.5 0.5 20.45
      vertex 70.4914 0.369476 2
      vertex 70.4914 0.369476 20.45
    endloop
  endfacet
  facet normal -0.997836 0.0657457 0
    outer loop
      vertex 70.4914 0.369476 22.46
      vertex 70.5 0.5 22.9
      vertex 70.5 0.5 22.46
    endloop
  endfacet
  facet normal -0.997836 0.0657457 0
    outer loop
      vertex 70.5 0.5 22.9
      vertex 70.4914 0.369476 22.46
      vertex 70.4914 0.369476 22.9
    endloop
  endfacet
  facet normal -0.442289 0.896873 0
    outer loop
      vertex 70 -0.366028 2
      vertex 69.8827 -0.423874 20.45
      vertex 70 -0.366028 20.45
    endloop
  endfacet
  facet normal -0.442289 0.896873 0
    outer loop
      vertex 69.8827 -0.423874 20.45
      vertex 70 -0.366028 2
      vertex 69.8827 -0.423874 2
    endloop
  endfacet
  facet normal -0.442289 0.896873 0
    outer loop
      vertex 70 -0.366028 22.46
      vertex 69.8827 -0.423874 22.9
      vertex 70 -0.366028 22.9
    endloop
  endfacet
  facet normal -0.442289 0.896873 0
    outer loop
      vertex 69.8827 -0.423874 22.9
      vertex 70 -0.366028 22.46
      vertex 69.8827 -0.423874 22.46
    endloop
  endfacet
  facet normal -0.555465 0.83154 0
    outer loop
      vertex 70.1088 -0.29335 2
      vertex 70 -0.366028 20.45
      vertex 70.1088 -0.29335 20.45
    endloop
  endfacet
  facet normal -0.555465 0.83154 0
    outer loop
      vertex 70 -0.366028 20.45
      vertex 70.1088 -0.29335 2
      vertex 70 -0.366028 2
    endloop
  endfacet
  facet normal -0.555465 0.83154 0
    outer loop
      vertex 70.1088 -0.29335 22.46
      vertex 70 -0.366028 22.9
      vertex 70.1088 -0.29335 22.9
    endloop
  endfacet
  facet normal -0.555465 0.83154 0
    outer loop
      vertex 70 -0.366028 22.9
      vertex 70.1088 -0.29335 22.46
      vertex 70 -0.366028 22.46
    endloop
  endfacet
  facet normal 0.980786 -0.195087 0
    outer loop
      vertex 5.59096 2.37178 18
      vertex 5.67262 2.78232 2
      vertex 5.67262 2.78232 18
    endloop
  endfacet
  facet normal 0.980786 -0.195087 0
    outer loop
      vertex 5.67262 2.78232 2
      vertex 5.59096 2.37178 18
      vertex 5.59096 2.37178 2
    endloop
  endfacet
  facet normal 0.980786 0.195087 0
    outer loop
      vertex 5.67262 3.61768 18
      vertex 5.59096 4.02822 2
      vertex 5.59096 4.02822 18
    endloop
  endfacet
  facet normal 0.980786 0.195087 0
    outer loop
      vertex 5.59096 4.02822 2
      vertex 5.67262 3.61768 18
      vertex 5.67262 3.61768 2
    endloop
  endfacet
  facet normal 0.997858 0.0654122 0
    outer loop
      vertex 5.7 3.2 18
      vertex 5.67262 3.61768 2
      vertex 5.67262 3.61768 18
    endloop
  endfacet
  facet normal 0.997858 0.0654122 0
    outer loop
      vertex 5.67262 3.61768 2
      vertex 5.7 3.2 18
      vertex 5.7 3.2 2
    endloop
  endfacet
  facet normal 0.321441 0.94693 -0
    outer loop
      vertex 3.72459 6.15641 2
      vertex 3.32822 6.29096 18
      vertex 3.72459 6.15641 18
    endloop
  endfacet
  facet normal 0.321441 0.94693 0
    outer loop
      vertex 3.32822 6.29096 18
      vertex 3.72459 6.15641 2
      vertex 3.32822 6.29096 2
    endloop
  endfacet
  facet normal -0.831472 0.555566 0
    outer loop
      vertex -0.271281 4.8 2
      vertex -0.0387306 5.14804 18
      vertex -0.0387306 5.14804 2
    endloop
  endfacet
  facet normal -0.831472 0.555566 0
    outer loop
      vertex -0.0387306 5.14804 18
      vertex -0.271281 4.8 2
      vertex -0.271281 4.8 18
    endloop
  endfacet
  facet normal -0.442293 -0.896871 0
    outer loop
      vertex 0.9 0.428719 2
      vertex 1.27541 0.243585 18
      vertex 0.9 0.428719 18
    endloop
  endfacet
  facet normal -0.442293 -0.896871 -0
    outer loop
      vertex 1.27541 0.243585 18
      vertex 0.9 0.428719 2
      vertex 1.27541 0.243585 2
    endloop
  endfacet
  facet normal 0.896874 0.442285 0
    outer loop
      vertex 5.45641 4.42459 18
      vertex 5.27128 4.8 2
      vertex 5.27128 4.8 18
    endloop
  endfacet
  facet normal 0.896874 0.442285 0
    outer loop
      vertex 5.27128 4.8 2
      vertex 5.45641 4.42459 18
      vertex 5.45641 4.42459 2
    endloop
  endfacet
  facet normal 0.442293 -0.896871 0
    outer loop
      vertex 3.72459 0.243585 2
      vertex 4.1 0.428719 18
      vertex 3.72459 0.243585 18
    endloop
  endfacet
  facet normal 0.442293 -0.896871 0
    outer loop
      vertex 4.1 0.428719 18
      vertex 3.72459 0.243585 2
      vertex 4.1 0.428719 2
    endloop
  endfacet
  facet normal -0.0654031 -0.997859 0
    outer loop
      vertex 2.08232 0.0273762 2
      vertex 2.5 0 18
      vertex 2.08232 0.0273762 18
    endloop
  endfacet
  facet normal -0.0654031 -0.997859 -0
    outer loop
      vertex 2.5 0 18
      vertex 2.08232 0.0273762 2
      vertex 2.5 0 2
    endloop
  endfacet
  facet normal 0.831473 0.555565 0
    outer loop
      vertex 5.27128 4.8 18
      vertex 5.03873 5.14804 2
      vertex 5.03873 5.14804 18
    endloop
  endfacet
  facet normal 0.831473 0.555565 0
    outer loop
      vertex 5.03873 5.14804 2
      vertex 5.27128 4.8 18
      vertex 5.27128 4.8 2
    endloop
  endfacet
  facet normal 0.555565 0.831473 -0
    outer loop
      vertex 4.44804 5.73873 2
      vertex 4.1 5.97128 18
      vertex 4.44804 5.73873 18
    endloop
  endfacet
  facet normal 0.555565 0.831473 0
    outer loop
      vertex 4.1 5.97128 18
      vertex 4.44804 5.73873 2
      vertex 4.1 5.97128 2
    endloop
  endfacet
  facet normal -0.94693 0.32144 0
    outer loop
      vertex -0.5 4.29619 2
      vertex -0.456414 4.42459 18
      vertex -0.456414 4.42459 2
    endloop
  endfacet
  facet normal -0.94693 0.32144 0
    outer loop
      vertex -0.456414 4.42459 18
      vertex -0.5 4.29619 2
      vertex -0.5 4.29619 18
    endloop
  endfacet
  facet normal 0.195086 -0.980786 0
    outer loop
      vertex 2.91768 0.0273762 2
      vertex 3.32822 0.109036 18
      vertex 2.91768 0.0273762 18
    endloop
  endfacet
  facet normal 0.195086 -0.980786 0
    outer loop
      vertex 3.32822 0.109036 18
      vertex 2.91768 0.0273762 2
      vertex 3.32822 0.109036 2
    endloop
  endfacet
  facet normal -0.751835 0.659351 0
    outer loop
      vertex -0.0387306 5.14804 2
      vertex 0.237258 5.46274 18
      vertex 0.237258 5.46274 2
    endloop
  endfacet
  facet normal -0.751835 0.659351 0
    outer loop
      vertex 0.237258 5.46274 18
      vertex -0.0387306 5.14804 2
      vertex -0.0387306 5.14804 18
    endloop
  endfacet
  facet normal 0.321438 -0.94693 0
    outer loop
      vertex 3.32822 0.109036 2
      vertex 3.72459 0.243585 18
      vertex 3.32822 0.109036 18
    endloop
  endfacet
  facet normal 0.321438 -0.94693 0
    outer loop
      vertex 3.72459 0.243585 18
      vertex 3.32822 0.109036 2
      vertex 3.72459 0.243585 2
    endloop
  endfacet
  facet normal -0.896872 -0.442291 0
    outer loop
      vertex -0.271281 1.6 2
      vertex -0.456414 1.97541 18
      vertex -0.456414 1.97541 2
    endloop
  endfacet
  facet normal -0.896872 -0.442291 0
    outer loop
      vertex -0.456414 1.97541 18
      vertex -0.271281 1.6 2
      vertex -0.271281 1.6 18
    endloop
  endfacet
  facet normal -0.94693 -0.32144 0
    outer loop
      vertex -0.456414 1.97541 2
      vertex -0.5 2.10381 18
      vertex -0.5 2.10381 2
    endloop
  endfacet
  facet normal -0.94693 -0.32144 0
    outer loop
      vertex -0.5 2.10381 18
      vertex -0.456414 1.97541 2
      vertex -0.456414 1.97541 18
    endloop
  endfacet
  facet normal 0.195087 0.980786 -0
    outer loop
      vertex 3.32822 6.29096 2
      vertex 2.91768 6.37262 18
      vertex 3.32822 6.29096 18
    endloop
  endfacet
  facet normal 0.195087 0.980786 0
    outer loop
      vertex 2.91768 6.37262 18
      vertex 3.32822 6.29096 2
      vertex 2.91768 6.37262 2
    endloop
  endfacet
  facet normal -0.659347 0.751838 0
    outer loop
      vertex 0.551963 5.73873 2
      vertex 0.237258 5.46274 18
      vertex 0.551963 5.73873 18
    endloop
  endfacet
  facet normal -0.659347 0.751838 0
    outer loop
      vertex 0.237258 5.46274 18
      vertex 0.551963 5.73873 2
      vertex 0.237258 5.46274 2
    endloop
  endfacet
  facet normal 0 0 1
    outer loop
      vertex 3.6 3.2 18
      vertex 5.7 3.2 18
      vertex 5.67262 3.61768 18
    endloop
  endfacet
  facet normal 0 0 1
    outer loop
      vertex 3.59059 3.34358 18
      vertex 5.67262 3.61768 18
      vertex 5.59096 4.02822 18
    endloop
  endfacet
  facet normal 0 0 1
    outer loop
      vertex 5.7 3.2 18
      vertex 3.6 3.2 18
      vertex 5.67262 2.78232 18
    endloop
  endfacet
  facet normal 0 0 1
    outer loop
      vertex 3.56252 3.4847 18
      vertex 5.59096 4.02822 18
      vertex 5.45641 4.42459 18
    endloop
  endfacet
  facet normal -0 0 1
    outer loop
      vertex 3.59059 3.05642 18
      vertex 5.67262 2.78232 18
      vertex 3.6 3.2 18
    endloop
  endfacet
  facet normal 0 0 1
    outer loop
      vertex 3.51627 3.62095 18
      vertex 5.45641 4.42459 18
      vertex 5.27128 4.8 18
    endloop
  endfacet
  facet normal 0 0 1
    outer loop
      vertex 5.67262 2.78232 18
      vertex 3.59059 3.05642 18
      vertex 5.59096 2.37178 18
    endloop
  endfacet
  facet normal 0 0 1
    outer loop
      vertex 3.45263 3.75 18
      vertex 5.27128 4.8 18
      vertex 5.03873 5.14804 18
    endloop
  endfacet
  facet normal -0 0 1
    outer loop
      vertex 3.56252 2.9153 18
      vertex 5.59096 2.37178 18
      vertex 3.59059 3.05642 18
    endloop
  endfacet
  facet normal 0 0 1
    outer loop
      vertex 3.37269 3.86964 18
      vertex 5.03873 5.14804 18
      vertex 4.76274 5.46274 18
    endloop
  endfacet
  facet normal 0 0 1
    outer loop
      vertex 5.59096 2.37178 18
      vertex 3.56252 2.9153 18
      vertex 5.45641 1.97541 18
    endloop
  endfacet
  facet normal 0 0 1
    outer loop
      vertex 3.27782 3.97782 18
      vertex 4.76274 5.46274 18
      vertex 4.44804 5.73873 18
    endloop
  endfacet
  facet normal -0 0 1
    outer loop
      vertex 3.51627 2.77905 18
      vertex 5.45641 1.97541 18
      vertex 3.56252 2.9153 18
    endloop
  endfacet
  facet normal 0 0 1
    outer loop
      vertex 3.16964 4.07269 18
      vertex 4.44804 5.73873 18
      vertex 4.1 5.97128 18
    endloop
  endfacet
  facet normal 0 0 1
    outer loop
      vertex 5.45641 1.97541 18
      vertex 3.51627 2.77905 18
      vertex 5.27128 1.6 18
    endloop
  endfacet
  facet normal 0 0 1
    outer loop
      vertex 3.05 4.15263 18
      vertex 4.1 5.97128 18
      vertex 3.72459 6.15641 18
    endloop
  endfacet
  facet normal -0 0 1
    outer loop
      vertex 3.45263 2.65 18
      vertex 5.27128 1.6 18
      vertex 3.51627 2.77905 18
    endloop
  endfacet
  facet normal 0 0 1
    outer loop
      vertex 5.27128 1.6 18
      vertex 3.45263 2.65 18
      vertex 5.03873 1.25196 18
    endloop
  endfacet
  facet normal 0 0 1
    outer loop
      vertex 5.67262 3.61768 18
      vertex 3.59059 3.34358 18
      vertex 3.6 3.2 18
    endloop
  endfacet
  facet normal 0 0 1
    outer loop
      vertex 5.59096 4.02822 18
      vertex 3.56252 3.4847 18
      vertex 3.59059 3.34358 18
    endloop
  endfacet
  facet normal 0 0 1
    outer loop
      vertex 5.45641 4.42459 18
      vertex 3.51627 3.62095 18
      vertex 3.56252 3.4847 18
    endloop
  endfacet
  facet normal 0 0 1
    outer loop
      vertex 5.27128 4.8 18
      vertex 3.45263 3.75 18
      vertex 3.51627 3.62095 18
    endloop
  endfacet
  facet normal 0 0 1
    outer loop
      vertex 5.03873 5.14804 18
      vertex 3.37269 3.86964 18
      vertex 3.45263 3.75 18
    endloop
  endfacet
  facet normal 0 0 1
    outer loop
      vertex 2.92095 4.21627 18
      vertex 3.72459 6.15641 18
      vertex 3.32822 6.29096 18
    endloop
  endfacet
  facet normal 0 0 1
    outer loop
      vertex 4.76274 5.46274 18
      vertex 3.27782 3.97782 18
      vertex 3.37269 3.86964 18
    endloop
  endfacet
  facet normal 0 0 1
    outer loop
      vertex 4.44804 5.73873 18
      vertex 3.16964 4.07269 18
      vertex 3.27782 3.97782 18
    endloop
  endfacet
  facet normal 0 0 1
    outer loop
      vertex 4.1 5.97128 18
      vertex 3.05 4.15263 18
      vertex 3.16964 4.07269 18
    endloop
  endfacet
  facet normal 0 0 1
    outer loop
      vertex 3.72459 6.15641 18
      vertex 2.92095 4.21627 18
      vertex 3.05 4.15263 18
    endloop
  endfacet
  facet normal 0 0 1
    outer loop
      vertex 2.7847 4.26252 18
      vertex 3.32822 6.29096 18
      vertex 2.91768 6.37262 18
    endloop
  endfacet
  facet normal 0 0 1
    outer loop
      vertex 3.32822 6.29096 18
      vertex 2.7847 4.26252 18
      vertex 2.92095 4.21627 18
    endloop
  endfacet
  facet normal 0 0 1
    outer loop
      vertex 2.91768 6.37262 18
      vertex 2.64358 4.29059 18
      vertex 2.7847 4.26252 18
    endloop
  endfacet
  facet normal 0 0 1
    outer loop
      vertex 2.5 6.4 18
      vertex 2.64358 4.29059 18
      vertex 2.91768 6.37262 18
    endloop
  endfacet
  facet normal 0 0 1
    outer loop
      vertex 2.5 6.4 18
      vertex 2.5 4.3 18
      vertex 2.64358 4.29059 18
    endloop
  endfacet
  facet normal 0 0 1
    outer loop
      vertex 2.5 6.4 18
      vertex 2.35642 4.29059 18
      vertex 2.5 4.3 18
    endloop
  endfacet
  facet normal -0 0 1
    outer loop
      vertex 2.08232 6.37262 18
      vertex 2.35642 4.29059 18
      vertex 2.5 6.4 18
    endloop
  endfacet
  facet normal 0 0 1
    outer loop
      vertex 2.35642 4.29059 18
      vertex 2.08232 6.37262 18
      vertex 2.2153 4.26252 18
    endloop
  endfacet
  facet normal -0 0 1
    outer loop
      vertex 1.67178 6.29096 18
      vertex 2.2153 4.26252 18
      vertex 2.08232 6.37262 18
    endloop
  endfacet
  facet normal 0 0 1
    outer loop
      vertex 2.2153 4.26252 18
      vertex 1.67178 6.29096 18
      vertex 2.07905 4.21627 18
    endloop
  endfacet
  facet normal -0 0 1
    outer loop
      vertex 1.27541 6.15641 18
      vertex 2.07905 4.21627 18
      vertex 1.67178 6.29096 18
    endloop
  endfacet
  facet normal 0 0 1
    outer loop
      vertex 2.07905 4.21627 18
      vertex 1.27541 6.15641 18
      vertex 1.95 4.15263 18
    endloop
  endfacet
  facet normal -0 0 1
    outer loop
      vertex 0.9 5.97128 18
      vertex 1.95 4.15263 18
      vertex 1.27541 6.15641 18
    endloop
  endfacet
  facet normal 0 0 1
    outer loop
      vertex 1.95 4.15263 18
      vertex 0.9 5.97128 18
      vertex 1.83036 4.07269 18
    endloop
  endfacet
  facet normal -0 0 1
    outer loop
      vertex 0.551963 5.73873 18
      vertex 1.83036 4.07269 18
      vertex 0.9 5.97128 18
    endloop
  endfacet
  facet normal 0 0 1
    outer loop
      vertex 1.83036 4.07269 18
      vertex 0.551963 5.73873 18
      vertex 1.72218 3.97782 18
    endloop
  endfacet
  facet normal -0 0 1
    outer loop
      vertex 0.237258 5.46274 18
      vertex 1.72218 3.97782 18
      vertex 0.551963 5.73873 18
    endloop
  endfacet
  facet normal 0 0 1
    outer loop
      vertex 1.72218 3.97782 18
      vertex 0.237258 5.46274 18
      vertex 1.62731 3.86964 18
    endloop
  endfacet
  facet normal 0 0 1
    outer loop
      vertex 1.62731 3.86964 18
      vertex -0.0387306 5.14804 18
      vertex 1.54737 3.75 18
    endloop
  endfacet
  facet normal -0 0 1
    outer loop
      vertex -0.0387306 5.14804 18
      vertex 1.62731 3.86964 18
      vertex 0.237258 5.46274 18
    endloop
  endfacet
  facet normal -0 0 1
    outer loop
      vertex 3.37269 2.53036 18
      vertex 5.03873 1.25196 18
      vertex 3.45263 2.65 18
    endloop
  endfacet
  facet normal 0 0 1
    outer loop
      vertex 5.03873 1.25196 18
      vertex 3.37269 2.53036 18
      vertex 4.76274 0.937258 18
    endloop
  endfacet
  facet normal -0 0 1
    outer loop
      vertex 3.27782 2.42218 18
      vertex 4.76274 0.937258 18
      vertex 3.37269 2.53036 18
    endloop
  endfacet
  facet normal 0 0 1
    outer loop
      vertex 4.76274 0.937258 18
      vertex 3.27782 2.42218 18
      vertex 4.44804 0.661269 18
    endloop
  endfacet
  facet normal -0 0 1
    outer loop
      vertex 3.16964 2.32731 18
      vertex 4.44804 0.661269 18
      vertex 3.27782 2.42218 18
    endloop
  endfacet
  facet normal 0 0 1
    outer loop
      vertex 4.44804 0.661269 18
      vertex 3.16964 2.32731 18
      vertex 4.1 0.428719 18
    endloop
  endfacet
  facet normal -0 0 1
    outer loop
      vertex 3.05 2.24737 18
      vertex 4.1 0.428719 18
      vertex 3.16964 2.32731 18
    endloop
  endfacet
  facet normal 0 0 1
    outer loop
      vertex 4.1 0.428719 18
      vertex 3.05 2.24737 18
      vertex 3.72459 0.243585 18
    endloop
  endfacet
  facet normal -0 0 1
    outer loop
      vertex 2.92095 2.18373 18
      vertex 3.72459 0.243585 18
      vertex 3.05 2.24737 18
    endloop
  endfacet
  facet normal 0 0 1
    outer loop
      vertex 3.72459 0.243585 18
      vertex 2.92095 2.18373 18
      vertex 3.32822 0.109036 18
    endloop
  endfacet
  facet normal -0 0 1
    outer loop
      vertex 2.7847 2.13748 18
      vertex 3.32822 0.109036 18
      vertex 2.92095 2.18373 18
    endloop
  endfacet
  facet normal 0 0 1
    outer loop
      vertex 3.32822 0.109036 18
      vertex 2.7847 2.13748 18
      vertex 2.91768 0.0273762 18
    endloop
  endfacet
  facet normal -0 0 1
    outer loop
      vertex 2.64358 2.10941 18
      vertex 2.91768 0.0273762 18
      vertex 2.7847 2.13748 18
    endloop
  endfacet
  facet normal -0 0 1
    outer loop
      vertex 2.5 2.1 18
      vertex 2.91768 0.0273762 18
      vertex 2.64358 2.10941 18
    endloop
  endfacet
  facet normal 0 0 1
    outer loop
      vertex 2.5 2.1 18
      vertex 2.5 0 18
      vertex 2.91768 0.0273762 18
    endloop
  endfacet
  facet normal 0 0 1
    outer loop
      vertex 2.35642 2.10941 18
      vertex 2.5 0 18
      vertex 2.5 2.1 18
    endloop
  endfacet
  facet normal 0 0 1
    outer loop
      vertex 2.08232 0.0273762 18
      vertex 2.35642 2.10941 18
      vertex 2.2153 2.13748 18
    endloop
  endfacet
  facet normal 0 0 1
    outer loop
      vertex 2.35642 2.10941 18
      vertex 2.08232 0.0273762 18
      vertex 2.5 0 18
    endloop
  endfacet
  facet normal 0 0 1
    outer loop
      vertex 1.67178 0.109036 18
      vertex 2.2153 2.13748 18
      vertex 2.07905 2.18373 18
    endloop
  endfacet
  facet normal 0 0 1
    outer loop
      vertex 1.27541 0.243585 18
      vertex 2.07905 2.18373 18
      vertex 1.95 2.24737 18
    endloop
  endfacet
  facet normal 0 0 1
    outer loop
      vertex 0.9 0.428719 18
      vertex 1.95 2.24737 18
      vertex 1.83036 2.32731 18
    endloop
  endfacet
  facet normal 0 0 1
    outer loop
      vertex 0.551963 0.661269 18
      vertex 1.83036 2.32731 18
      vertex 1.72218 2.42218 18
    endloop
  endfacet
  facet normal 0 0 1
    outer loop
      vertex 2.2153 2.13748 18
      vertex 1.67178 0.109036 18
      vertex 2.08232 0.0273762 18
    endloop
  endfacet
  facet normal 0 0 1
    outer loop
      vertex 0.237258 0.937258 18
      vertex 1.72218 2.42218 18
      vertex 1.62731 2.53036 18
    endloop
  endfacet
  facet normal 0 0 1
    outer loop
      vertex -0.0387306 1.25196 18
      vertex 1.62731 2.53036 18
      vertex 1.54737 2.65 18
    endloop
  endfacet
  facet normal 0 0 1
    outer loop
      vertex -0.271281 1.6 18
      vertex 1.54737 2.65 18
      vertex 1.48373 2.77905 18
    endloop
  endfacet
  facet normal 0 0 1
    outer loop
      vertex -0.5 2.10381 18
      vertex 1.48373 2.77905 18
      vertex 1.43748 2.9153 18
    endloop
  endfacet
  facet normal 0 0 1
    outer loop
      vertex -0.5 2.10381 18
      vertex 1.43748 2.9153 18
      vertex 1.40941 3.05642 18
    endloop
  endfacet
  facet normal 0 0 1
    outer loop
      vertex 2.07905 2.18373 18
      vertex 1.27541 0.243585 18
      vertex 1.67178 0.109036 18
    endloop
  endfacet
  facet normal 0 0 1
    outer loop
      vertex -0.5 2.10381 18
      vertex 1.40941 3.05642 18
      vertex 1.4 3.2 18
    endloop
  endfacet
  facet normal -0 0 1
    outer loop
      vertex -0.271281 4.8 18
      vertex 1.54737 3.75 18
      vertex -0.0387306 5.14804 18
    endloop
  endfacet
  facet normal 0 0 1
    outer loop
      vertex 1.54737 3.75 18
      vertex -0.271281 4.8 18
      vertex 1.48373 3.62095 18
    endloop
  endfacet
  facet normal 0 0 1
    outer loop
      vertex 1.95 2.24737 18
      vertex 0.9 0.428719 18
      vertex 1.27541 0.243585 18
    endloop
  endfacet
  facet normal -0 0 1
    outer loop
      vertex -0.456414 4.42459 18
      vertex 1.48373 3.62095 18
      vertex -0.271281 4.8 18
    endloop
  endfacet
  facet normal 0 0 1
    outer loop
      vertex 1.83036 2.32731 18
      vertex 0.551963 0.661269 18
      vertex 0.9 0.428719 18
    endloop
  endfacet
  facet normal -0 0 1
    outer loop
      vertex -0.5 4.29619 18
      vertex 1.48373 3.62095 18
      vertex -0.456414 4.42459 18
    endloop
  endfacet
  facet normal 0 0 1
    outer loop
      vertex 1.72218 2.42218 18
      vertex 0.237258 0.937258 18
      vertex 0.551963 0.661269 18
    endloop
  endfacet
  facet normal 0 0 1
    outer loop
      vertex 1.48373 3.62095 18
      vertex -0.5 4.29619 18
      vertex 1.43748 3.4847 18
    endloop
  endfacet
  facet normal 0 0 1
    outer loop
      vertex 1.62731 2.53036 18
      vertex -0.0387306 1.25196 18
      vertex 0.237258 0.937258 18
    endloop
  endfacet
  facet normal 0 0 1
    outer loop
      vertex 1.43748 3.4847 18
      vertex -0.5 4.29619 18
      vertex 1.40941 3.34358 18
    endloop
  endfacet
  facet normal 0 0 1
    outer loop
      vertex -0.5 2.10381 18
      vertex 1.4 3.2 18
      vertex -0.5 4.29619 18
    endloop
  endfacet
  facet normal 0 0 1
    outer loop
      vertex 1.40941 3.34358 18
      vertex -0.5 4.29619 18
      vertex 1.4 3.2 18
    endloop
  endfacet
  facet normal 0 0 1
    outer loop
      vertex 1.48373 2.77905 18
      vertex -0.5 2.10381 18
      vertex -0.456414 1.97541 18
    endloop
  endfacet
  facet normal 0 0 1
    outer loop
      vertex 1.54737 2.65 18
      vertex -0.271281 1.6 18
      vertex -0.0387306 1.25196 18
    endloop
  endfacet
  facet normal 0 0 1
    outer loop
      vertex 1.48373 2.77905 18
      vertex -0.456414 1.97541 18
      vertex -0.271281 1.6 18
    endloop
  endfacet
  facet normal 0.831473 -0.555565 0
    outer loop
      vertex 5.03873 1.25196 18
      vertex 5.27128 1.6 2
      vertex 5.27128 1.6 18
    endloop
  endfacet
  facet normal 0.831473 -0.555565 0
    outer loop
      vertex 5.27128 1.6 2
      vertex 5.03873 1.25196 18
      vertex 5.03873 1.25196 2
    endloop
  endfacet
  facet normal -0.896872 0.442291 0
    outer loop
      vertex -0.456414 4.42459 2
      vertex -0.271281 4.8 18
      vertex -0.271281 4.8 2
    endloop
  endfacet
  facet normal -0.896872 0.442291 0
    outer loop
      vertex -0.271281 4.8 18
      vertex -0.456414 4.42459 2
      vertex -0.456414 4.42459 18
    endloop
  endfacet
  facet normal 0.555565 -0.831473 0
    outer loop
      vertex 4.1 0.428719 2
      vertex 4.44804 0.661269 18
      vertex 4.1 0.428719 18
    endloop
  endfacet
  facet normal 0.555565 -0.831473 0
    outer loop
      vertex 4.44804 0.661269 18
      vertex 4.1 0.428719 2
      vertex 4.44804 0.661269 2
    endloop
  endfacet
  facet normal 0.94693 0.321441 0
    outer loop
      vertex 5.59096 4.02822 18
      vertex 5.45641 4.42459 2
      vertex 5.45641 4.42459 18
    endloop
  endfacet
  facet normal 0.94693 0.321441 0
    outer loop
      vertex 5.45641 4.42459 2
      vertex 5.59096 4.02822 18
      vertex 5.59096 4.02822 2
    endloop
  endfacet
  facet normal -0.555569 0.831471 0
    outer loop
      vertex 0.9 5.97128 2
      vertex 0.551963 5.73873 18
      vertex 0.9 5.97128 18
    endloop
  endfacet
  facet normal -0.555569 0.831471 0
    outer loop
      vertex 0.551963 5.73873 18
      vertex 0.9 5.97128 2
      vertex 0.551963 5.73873 2
    endloop
  endfacet
  facet normal -0.195087 0.980786 0
    outer loop
      vertex 2.08232 6.37262 2
      vertex 1.67178 6.29096 18
      vertex 2.08232 6.37262 18
    endloop
  endfacet
  facet normal -0.195087 0.980786 0
    outer loop
      vertex 1.67178 6.29096 18
      vertex 2.08232 6.37262 2
      vertex 1.67178 6.29096 2
    endloop
  endfacet
  facet normal 0.442285 0.896874 -0
    outer loop
      vertex 4.1 5.97128 2
      vertex 3.72459 6.15641 18
      vertex 4.1 5.97128 18
    endloop
  endfacet
  facet normal 0.442285 0.896874 0
    outer loop
      vertex 3.72459 6.15641 18
      vertex 4.1 5.97128 2
      vertex 3.72459 6.15641 2
    endloop
  endfacet
  facet normal 0.0654122 0.997858 -0
    outer loop
      vertex 2.91768 6.37262 2
      vertex 2.5 6.4 18
      vertex 2.91768 6.37262 18
    endloop
  endfacet
  facet normal 0.0654122 0.997858 0
    outer loop
      vertex 2.5 6.4 18
      vertex 2.91768 6.37262 2
      vertex 2.5 6.4 2
    endloop
  endfacet
  facet normal -0.751837 -0.659349 0
    outer loop
      vertex 0.237258 0.937258 2
      vertex -0.0387306 1.25196 18
      vertex -0.0387306 1.25196 2
    endloop
  endfacet
  facet normal -0.751837 -0.659349 0
    outer loop
      vertex -0.0387306 1.25196 18
      vertex 0.237258 0.937258 2
      vertex 0.237258 0.937258 18
    endloop
  endfacet
  facet normal -0.442285 0.896874 0
    outer loop
      vertex 1.27541 6.15641 2
      vertex 0.9 5.97128 18
      vertex 1.27541 6.15641 18
    endloop
  endfacet
  facet normal -0.442285 0.896874 0
    outer loop
      vertex 0.9 5.97128 18
      vertex 1.27541 6.15641 2
      vertex 0.9 5.97128 2
    endloop
  endfacet
  facet normal -0.659346 -0.75184 0
    outer loop
      vertex 0.237258 0.937258 2
      vertex 0.551963 0.661269 18
      vertex 0.237258 0.937258 18
    endloop
  endfacet
  facet normal -0.659346 -0.75184 -0
    outer loop
      vertex 0.551963 0.661269 18
      vertex 0.237258 0.937258 2
      vertex 0.551963 0.661269 2
    endloop
  endfacet
  facet normal 0.751833 0.659353 0
    outer loop
      vertex 5.03873 5.14804 18
      vertex 4.76274 5.46274 2
      vertex 4.76274 5.46274 18
    endloop
  endfacet
  facet normal 0.751833 0.659353 0
    outer loop
      vertex 4.76274 5.46274 2
      vertex 5.03873 5.14804 18
      vertex 5.03873 5.14804 2
    endloop
  endfacet
  facet normal 0.997858 -0.0654122 0
    outer loop
      vertex 5.67262 2.78232 18
      vertex 5.7 3.2 2
      vertex 5.7 3.2 18
    endloop
  endfacet
  facet normal 0.997858 -0.0654122 0
    outer loop
      vertex 5.7 3.2 2
      vertex 5.67262 2.78232 18
      vertex 5.67262 2.78232 2
    endloop
  endfacet
  facet normal 0.659352 -0.751834 0
    outer loop
      vertex 4.44804 0.661269 2
      vertex 4.76274 0.937258 18
      vertex 4.44804 0.661269 18
    endloop
  endfacet
  facet normal 0.659352 -0.751834 0
    outer loop
      vertex 4.76274 0.937258 18
      vertex 4.44804 0.661269 2
      vertex 4.76274 0.937258 2
    endloop
  endfacet
  facet normal 0.94693 -0.321441 0
    outer loop
      vertex 5.45641 1.97541 18
      vertex 5.59096 2.37178 2
      vertex 5.59096 2.37178 18
    endloop
  endfacet
  facet normal 0.94693 -0.321441 0
    outer loop
      vertex 5.59096 2.37178 2
      vertex 5.45641 1.97541 18
      vertex 5.45641 1.97541 2
    endloop
  endfacet
  facet normal -0.0654122 0.997858 0
    outer loop
      vertex 2.5 6.4 2
      vertex 2.08232 6.37262 18
      vertex 2.5 6.4 18
    endloop
  endfacet
  facet normal -0.0654122 0.997858 0
    outer loop
      vertex 2.08232 6.37262 18
      vertex 2.5 6.4 2
      vertex 2.08232 6.37262 2
    endloop
  endfacet
  facet normal -0.321438 -0.94693 0
    outer loop
      vertex 1.27541 0.243585 2
      vertex 1.67178 0.109036 18
      vertex 1.27541 0.243585 18
    endloop
  endfacet
  facet normal -0.321438 -0.94693 -0
    outer loop
      vertex 1.67178 0.109036 18
      vertex 1.27541 0.243585 2
      vertex 1.67178 0.109036 2
    endloop
  endfacet
  facet normal 0.0654031 -0.997859 0
    outer loop
      vertex 2.5 0 2
      vertex 2.91768 0.0273762 18
      vertex 2.5 0 18
    endloop
  endfacet
  facet normal 0.0654031 -0.997859 0
    outer loop
      vertex 2.91768 0.0273762 18
      vertex 2.5 0 2
      vertex 2.91768 0.0273762 2
    endloop
  endfacet
  facet normal -0.195086 -0.980786 0
    outer loop
      vertex 1.67178 0.109036 2
      vertex 2.08232 0.0273762 18
      vertex 1.67178 0.109036 18
    endloop
  endfacet
  facet normal -0.195086 -0.980786 -0
    outer loop
      vertex 2.08232 0.0273762 18
      vertex 1.67178 0.109036 2
      vertex 2.08232 0.0273762 2
    endloop
  endfacet
  facet normal -0.321441 0.94693 0
    outer loop
      vertex 1.67178 6.29096 2
      vertex 1.27541 6.15641 18
      vertex 1.67178 6.29096 18
    endloop
  endfacet
  facet normal -0.321441 0.94693 0
    outer loop
      vertex 1.27541 6.15641 18
      vertex 1.67178 6.29096 2
      vertex 1.27541 6.15641 2
    endloop
  endfacet
  facet normal 0.659353 0.751833 -0
    outer loop
      vertex 4.76274 5.46274 2
      vertex 4.44804 5.73873 18
      vertex 4.76274 5.46274 18
    endloop
  endfacet
  facet normal 0.659353 0.751833 0
    outer loop
      vertex 4.44804 5.73873 18
      vertex 4.76274 5.46274 2
      vertex 4.44804 5.73873 2
    endloop
  endfacet
  facet normal -0.555569 -0.831471 0
    outer loop
      vertex 0.551963 0.661269 2
      vertex 0.9 0.428719 18
      vertex 0.551963 0.661269 18
    endloop
  endfacet
  facet normal -0.555569 -0.831471 -0
    outer loop
      vertex 0.9 0.428719 18
      vertex 0.551963 0.661269 2
      vertex 0.9 0.428719 2
    endloop
  endfacet
  facet normal 0.751835 -0.659351 0
    outer loop
      vertex 4.76274 0.937258 18
      vertex 5.03873 1.25196 2
      vertex 5.03873 1.25196 18
    endloop
  endfacet
  facet normal 0.751835 -0.659351 0
    outer loop
      vertex 5.03873 1.25196 2
      vertex 4.76274 0.937258 18
      vertex 4.76274 0.937258 2
    endloop
  endfacet
  facet normal 0.896874 -0.442285 0
    outer loop
      vertex 5.27128 1.6 18
      vertex 5.45641 1.97541 2
      vertex 5.45641 1.97541 18
    endloop
  endfacet
  facet normal 0.896874 -0.442285 0
    outer loop
      vertex 5.45641 1.97541 2
      vertex 5.27128 1.6 18
      vertex 5.27128 1.6 2
    endloop
  endfacet
  facet normal -0.831472 -0.555566 0
    outer loop
      vertex -0.0387306 1.25196 2
      vertex -0.271281 1.6 18
      vertex -0.271281 1.6 2
    endloop
  endfacet
  facet normal -0.831472 -0.555566 0
    outer loop
      vertex -0.271281 1.6 18
      vertex -0.0387306 1.25196 2
      vertex -0.0387306 1.25196 18
    endloop
  endfacet
  facet normal 0.0653981 -0.997859 0
    outer loop
      vertex 2.5 2.1 18
      vertex 2.64358 2.10941 20.39
      vertex 2.5 2.1 20.39
    endloop
  endfacet
  facet normal 0.0653981 -0.997859 0
    outer loop
      vertex 2.64358 2.10941 20.39
      vertex 2.5 2.1 18
      vertex 2.64358 2.10941 18
    endloop
  endfacet
  facet normal 0.980786 0.195087 0
    outer loop
      vertex 3.59059 3.34358 20.39
      vertex 3.56252 3.4847 18
      vertex 3.56252 3.4847 20.39
    endloop
  endfacet
  facet normal 0.980786 0.195087 0
    outer loop
      vertex 3.56252 3.4847 18
      vertex 3.59059 3.34358 20.39
      vertex 3.59059 3.34358 18
    endloop
  endfacet
  facet normal 0.997859 0.0653981 0
    outer loop
      vertex 3.6 3.2 20.39
      vertex 3.59059 3.34358 18
      vertex 3.59059 3.34358 20.39
    endloop
  endfacet
  facet normal 0.997859 0.0653981 0
    outer loop
      vertex 3.59059 3.34358 18
      vertex 3.6 3.2 20.39
      vertex 3.6 3.2 18
    endloop
  endfacet
  facet normal 0.980786 -0.195087 0
    outer loop
      vertex 3.56252 2.9153 20.39
      vertex 3.59059 3.05642 18
      vertex 3.59059 3.05642 20.39
    endloop
  endfacet
  facet normal 0.980786 -0.195087 0
    outer loop
      vertex 3.59059 3.05642 18
      vertex 3.56252 2.9153 20.39
      vertex 3.56252 2.9153 18
    endloop
  endfacet
  facet normal -0.321435 0.946931 0
    outer loop
      vertex 2.2153 4.26252 18
      vertex 2.07905 4.21627 20.39
      vertex 2.2153 4.26252 20.39
    endloop
  endfacet
  facet normal -0.321435 0.946931 0
    outer loop
      vertex 2.07905 4.21627 20.39
      vertex 2.2153 4.26252 18
      vertex 2.07905 4.21627 18
    endloop
  endfacet
  facet normal -0.442286 0.896874 0
    outer loop
      vertex 2.07905 4.21627 18
      vertex 1.95 4.15263 20.39
      vertex 2.07905 4.21627 20.39
    endloop
  endfacet
  facet normal -0.442286 0.896874 0
    outer loop
      vertex 1.95 4.15263 20.39
      vertex 2.07905 4.21627 18
      vertex 1.95 4.15263 18
    endloop
  endfacet
  facet normal 0.946931 -0.321435 0
    outer loop
      vertex 3.51627 2.77905 20.39
      vertex 3.56252 2.9153 18
      vertex 3.56252 2.9153 20.39
    endloop
  endfacet
  facet normal 0.946931 -0.321435 0
    outer loop
      vertex 3.56252 2.9153 18
      vertex 3.51627 2.77905 20.39
      vertex 3.51627 2.77905 18
    endloop
  endfacet
  facet normal -0.442286 -0.896874 0
    outer loop
      vertex 1.95 2.24737 18
      vertex 2.07905 2.18373 20.39
      vertex 1.95 2.24737 20.39
    endloop
  endfacet
  facet normal -0.442286 -0.896874 -0
    outer loop
      vertex 2.07905 2.18373 20.39
      vertex 1.95 2.24737 18
      vertex 2.07905 2.18373 18
    endloop
  endfacet
  facet normal -0.195087 -0.980786 0
    outer loop
      vertex 2.2153 2.13748 18
      vertex 2.35642 2.10941 20.39
      vertex 2.2153 2.13748 20.39
    endloop
  endfacet
  facet normal -0.195087 -0.980786 -0
    outer loop
      vertex 2.35642 2.10941 20.39
      vertex 2.2153 2.13748 18
      vertex 2.35642 2.10941 18
    endloop
  endfacet
  facet normal 0.442286 0.896874 -0
    outer loop
      vertex 3.05 4.15263 18
      vertex 2.92095 4.21627 20.39
      vertex 3.05 4.15263 20.39
    endloop
  endfacet
  facet normal 0.442286 0.896874 0
    outer loop
      vertex 2.92095 4.21627 20.39
      vertex 3.05 4.15263 18
      vertex 2.92095 4.21627 18
    endloop
  endfacet
  facet normal -0.555566 0.831472 0
    outer loop
      vertex 1.95 4.15263 18
      vertex 1.83036 4.07269 20.39
      vertex 1.95 4.15263 20.39
    endloop
  endfacet
  facet normal -0.555566 0.831472 0
    outer loop
      vertex 1.83036 4.07269 20.39
      vertex 1.95 4.15263 18
      vertex 1.83036 4.07269 18
    endloop
  endfacet
  facet normal 0.896874 0.442286 0
    outer loop
      vertex 3.51627 3.62095 20.39
      vertex 3.45263 3.75 18
      vertex 3.45263 3.75 20.39
    endloop
  endfacet
  facet normal 0.896874 0.442286 0
    outer loop
      vertex 3.45263 3.75 18
      vertex 3.51627 3.62095 20.39
      vertex 3.51627 3.62095 18
    endloop
  endfacet
  facet normal -0.980786 0.195087 0
    outer loop
      vertex 1.40941 3.34358 18
      vertex 1.43748 3.4847 20.39
      vertex 1.43748 3.4847 18
    endloop
  endfacet
  facet normal -0.980786 0.195087 0
    outer loop
      vertex 1.43748 3.4847 20.39
      vertex 1.40941 3.34358 18
      vertex 1.40941 3.34358 20.39
    endloop
  endfacet
  facet normal 0.195087 -0.980786 0
    outer loop
      vertex 2.64358 2.10941 18
      vertex 2.7847 2.13748 20.39
      vertex 2.64358 2.10941 20.39
    endloop
  endfacet
  facet normal 0.195087 -0.980786 0
    outer loop
      vertex 2.7847 2.13748 20.39
      vertex 2.64358 2.10941 18
      vertex 2.7847 2.13748 18
    endloop
  endfacet
  facet normal 0.442286 -0.896874 0
    outer loop
      vertex 2.92095 2.18373 18
      vertex 3.05 2.24737 20.39
      vertex 2.92095 2.18373 20.39
    endloop
  endfacet
  facet normal 0.442286 -0.896874 0
    outer loop
      vertex 3.05 2.24737 20.39
      vertex 2.92095 2.18373 18
      vertex 3.05 2.24737 18
    endloop
  endfacet
  facet normal 0.321435 -0.946931 0
    outer loop
      vertex 2.7847 2.13748 18
      vertex 2.92095 2.18373 20.39
      vertex 2.7847 2.13748 20.39
    endloop
  endfacet
  facet normal 0.321435 -0.946931 0
    outer loop
      vertex 2.92095 2.18373 20.39
      vertex 2.7847 2.13748 18
      vertex 2.92095 2.18373 18
    endloop
  endfacet
  facet normal -0.997859 -0.0653981 0
    outer loop
      vertex 1.40941 3.05642 18
      vertex 1.4 3.2 20.39
      vertex 1.4 3.2 18
    endloop
  endfacet
  facet normal -0.997859 -0.0653981 0
    outer loop
      vertex 1.4 3.2 20.39
      vertex 1.40941 3.05642 18
      vertex 1.40941 3.05642 20.39
    endloop
  endfacet
  facet normal 0.555566 -0.831472 0
    outer loop
      vertex 3.05 2.24737 18
      vertex 3.16964 2.32731 20.39
      vertex 3.05 2.24737 20.39
    endloop
  endfacet
  facet normal 0.555566 -0.831472 0
    outer loop
      vertex 3.16964 2.32731 20.39
      vertex 3.05 2.24737 18
      vertex 3.16964 2.32731 18
    endloop
  endfacet
  facet normal 0.831472 0.555566 0
    outer loop
      vertex 3.45263 3.75 20.39
      vertex 3.37269 3.86964 18
      vertex 3.37269 3.86964 20.39
    endloop
  endfacet
  facet normal 0.831472 0.555566 0
    outer loop
      vertex 3.37269 3.86964 18
      vertex 3.45263 3.75 20.39
      vertex 3.45263 3.75 18
    endloop
  endfacet
  facet normal 0 0 1
    outer loop
      vertex 3.59059 3.34358 20.39
      vertex 3.59059 3.05642 20.39
      vertex 3.6 3.2 20.39
    endloop
  endfacet
  facet normal 0 0 1
    outer loop
      vertex 3.56252 3.4847 20.39
      vertex 3.59059 3.05642 20.39
      vertex 3.59059 3.34358 20.39
    endloop
  endfacet
  facet normal 0 0 1
    outer loop
      vertex 3.56252 3.4847 20.39
      vertex 3.56252 2.9153 20.39
      vertex 3.59059 3.05642 20.39
    endloop
  endfacet
  facet normal 0 0 1
    outer loop
      vertex 3.51627 3.62095 20.39
      vertex 3.56252 2.9153 20.39
      vertex 3.56252 3.4847 20.39
    endloop
  endfacet
  facet normal 0 0 1
    outer loop
      vertex 3.51627 3.62095 20.39
      vertex 3.51627 2.77905 20.39
      vertex 3.56252 2.9153 20.39
    endloop
  endfacet
  facet normal 0 0 1
    outer loop
      vertex 3.45263 3.75 20.39
      vertex 3.51627 2.77905 20.39
      vertex 3.51627 3.62095 20.39
    endloop
  endfacet
  facet normal 0 0 1
    outer loop
      vertex 3.45263 3.75 20.39
      vertex 3.45263 2.65 20.39
      vertex 3.51627 2.77905 20.39
    endloop
  endfacet
  facet normal 0 0 1
    outer loop
      vertex 3.37269 3.86964 20.39
      vertex 3.45263 2.65 20.39
      vertex 3.45263 3.75 20.39
    endloop
  endfacet
  facet normal 0 0 1
    outer loop
      vertex 3.37269 3.86964 20.39
      vertex 3.37269 2.53036 20.39
      vertex 3.45263 2.65 20.39
    endloop
  endfacet
  facet normal 0 0 1
    outer loop
      vertex 3.27782 3.97782 20.39
      vertex 3.37269 2.53036 20.39
      vertex 3.37269 3.86964 20.39
    endloop
  endfacet
  facet normal 0 0 1
    outer loop
      vertex 3.27782 3.97782 20.39
      vertex 3.27782 2.42218 20.39
      vertex 3.37269 2.53036 20.39
    endloop
  endfacet
  facet normal 0 0 1
    outer loop
      vertex 3.16964 4.07269 20.39
      vertex 3.27782 2.42218 20.39
      vertex 3.27782 3.97782 20.39
    endloop
  endfacet
  facet normal 0 0 1
    outer loop
      vertex 3.16964 4.07269 20.39
      vertex 3.16964 2.32731 20.39
      vertex 3.27782 2.42218 20.39
    endloop
  endfacet
  facet normal 0 0 1
    outer loop
      vertex 3.05 4.15263 20.39
      vertex 3.16964 2.32731 20.39
      vertex 3.16964 4.07269 20.39
    endloop
  endfacet
  facet normal 0 0 1
    outer loop
      vertex 3.05 4.15263 20.39
      vertex 3.05 2.24737 20.39
      vertex 3.16964 2.32731 20.39
    endloop
  endfacet
  facet normal 0 0 1
    outer loop
      vertex 2.92095 4.21627 20.39
      vertex 3.05 2.24737 20.39
      vertex 3.05 4.15263 20.39
    endloop
  endfacet
  facet normal 0 0 1
    outer loop
      vertex 2.92095 4.21627 20.39
      vertex 2.92095 2.18373 20.39
      vertex 3.05 2.24737 20.39
    endloop
  endfacet
  facet normal 0 0 1
    outer loop
      vertex 2.7847 4.26252 20.39
      vertex 2.92095 2.18373 20.39
      vertex 2.92095 4.21627 20.39
    endloop
  endfacet
  facet normal 0 0 1
    outer loop
      vertex 2.7847 4.26252 20.39
      vertex 2.7847 2.13748 20.39
      vertex 2.92095 2.18373 20.39
    endloop
  endfacet
  facet normal 0 0 1
    outer loop
      vertex 2.64358 4.29059 20.39
      vertex 2.7847 2.13748 20.39
      vertex 2.7847 4.26252 20.39
    endloop
  endfacet
  facet normal 0 0 1
    outer loop
      vertex 2.64358 4.29059 20.39
      vertex 2.64358 2.10941 20.39
      vertex 2.7847 2.13748 20.39
    endloop
  endfacet
  facet normal 0 0 1
    outer loop
      vertex 2.5 4.3 20.39
      vertex 2.64358 2.10941 20.39
      vertex 2.64358 4.29059 20.39
    endloop
  endfacet
  facet normal 0 0 1
    outer loop
      vertex 2.5 4.3 20.39
      vertex 2.5 2.1 20.39
      vertex 2.64358 2.10941 20.39
    endloop
  endfacet
  facet normal -0 0 1
    outer loop
      vertex 2.35642 4.29059 20.39
      vertex 2.5 2.1 20.39
      vertex 2.5 4.3 20.39
    endloop
  endfacet
  facet normal 0 0 1
    outer loop
      vertex 2.35642 4.29059 20.39
      vertex 2.35642 2.10941 20.39
      vertex 2.5 2.1 20.39
    endloop
  endfacet
  facet normal -0 0 1
    outer loop
      vertex 2.2153 4.26252 20.39
      vertex 2.35642 2.10941 20.39
      vertex 2.35642 4.29059 20.39
    endloop
  endfacet
  facet normal 0 0 1
    outer loop
      vertex 2.2153 4.26252 20.39
      vertex 2.2153 2.13748 20.39
      vertex 2.35642 2.10941 20.39
    endloop
  endfacet
  facet normal -0 0 1
    outer loop
      vertex 2.07905 4.21627 20.39
      vertex 2.2153 2.13748 20.39
      vertex 2.2153 4.26252 20.39
    endloop
  endfacet
  facet normal 0 0 1
    outer loop
      vertex 2.07905 4.21627 20.39
      vertex 2.07905 2.18373 20.39
      vertex 2.2153 2.13748 20.39
    endloop
  endfacet
  facet normal -0 0 1
    outer loop
      vertex 1.95 4.15263 20.39
      vertex 2.07905 2.18373 20.39
      vertex 2.07905 4.21627 20.39
    endloop
  endfacet
  facet normal 0 0 1
    outer loop
      vertex 1.95 4.15263 20.39
      vertex 1.95 2.24737 20.39
      vertex 2.07905 2.18373 20.39
    endloop
  endfacet
  facet normal -0 0 1
    outer loop
      vertex 1.83036 4.07269 20.39
      vertex 1.95 2.24737 20.39
      vertex 1.95 4.15263 20.39
    endloop
  endfacet
  facet normal 0 0 1
    outer loop
      vertex 1.83036 4.07269 20.39
      vertex 1.83036 2.32731 20.39
      vertex 1.95 2.24737 20.39
    endloop
  endfacet
  facet normal -0 0 1
    outer loop
      vertex 1.72218 3.97782 20.39
      vertex 1.83036 2.32731 20.39
      vertex 1.83036 4.07269 20.39
    endloop
  endfacet
  facet normal 0 0 1
    outer loop
      vertex 1.72218 3.97782 20.39
      vertex 1.72218 2.42218 20.39
      vertex 1.83036 2.32731 20.39
    endloop
  endfacet
  facet normal -0 0 1
    outer loop
      vertex 1.62731 3.86964 20.39
      vertex 1.72218 2.42218 20.39
      vertex 1.72218 3.97782 20.39
    endloop
  endfacet
  facet normal 0 0 1
    outer loop
      vertex 1.62731 3.86964 20.39
      vertex 1.62731 2.53036 20.39
      vertex 1.72218 2.42218 20.39
    endloop
  endfacet
  facet normal -0 0 1
    outer loop
      vertex 1.54737 3.75 20.39
      vertex 1.62731 2.53036 20.39
      vertex 1.62731 3.86964 20.39
    endloop
  endfacet
  facet normal 0 0 1
    outer loop
      vertex 1.54737 3.75 20.39
      vertex 1.54737 2.65 20.39
      vertex 1.62731 2.53036 20.39
    endloop
  endfacet
  facet normal -0 0 1
    outer loop
      vertex 1.48373 3.62095 20.39
      vertex 1.54737 2.65 20.39
      vertex 1.54737 3.75 20.39
    endloop
  endfacet
  facet normal 0 0 1
    outer loop
      vertex 1.48373 3.62095 20.39
      vertex 1.48373 2.77905 20.39
      vertex 1.54737 2.65 20.39
    endloop
  endfacet
  facet normal -0 0 1
    outer loop
      vertex 1.43748 3.4847 20.39
      vertex 1.48373 2.77905 20.39
      vertex 1.48373 3.62095 20.39
    endloop
  endfacet
  facet normal 0 0 1
    outer loop
      vertex 1.43748 3.4847 20.39
      vertex 1.43748 2.9153 20.39
      vertex 1.48373 2.77905 20.39
    endloop
  endfacet
  facet normal -0 0 1
    outer loop
      vertex 1.40941 3.34358 20.39
      vertex 1.43748 2.9153 20.39
      vertex 1.43748 3.4847 20.39
    endloop
  endfacet
  facet normal 0 0 1
    outer loop
      vertex 1.40941 3.34358 20.39
      vertex 1.40941 3.05642 20.39
      vertex 1.43748 2.9153 20.39
    endloop
  endfacet
  facet normal 0 -0 1
    outer loop
      vertex 1.40941 3.05642 20.39
      vertex 1.40941 3.34358 20.39
      vertex 1.4 3.2 20.39
    endloop
  endfacet
  facet normal 0.321435 0.946931 -0
    outer loop
      vertex 2.92095 4.21627 18
      vertex 2.7847 4.26252 20.39
      vertex 2.92095 4.21627 20.39
    endloop
  endfacet
  facet normal 0.321435 0.946931 0
    outer loop
      vertex 2.7847 4.26252 20.39
      vertex 2.92095 4.21627 18
      vertex 2.7847 4.26252 18
    endloop
  endfacet
  facet normal -0.946931 0.321435 0
    outer loop
      vertex 1.43748 3.4847 18
      vertex 1.48373 3.62095 20.39
      vertex 1.48373 3.62095 18
    endloop
  endfacet
  facet normal -0.946931 0.321435 0
    outer loop
      vertex 1.48373 3.62095 20.39
      vertex 1.43748 3.4847 18
      vertex 1.43748 3.4847 20.39
    endloop
  endfacet
  facet normal 0.997859 -0.0653981 0
    outer loop
      vertex 3.59059 3.05642 20.39
      vertex 3.6 3.2 18
      vertex 3.6 3.2 20.39
    endloop
  endfacet
  facet normal 0.997859 -0.0653981 0
    outer loop
      vertex 3.6 3.2 18
      vertex 3.59059 3.05642 20.39
      vertex 3.59059 3.05642 18
    endloop
  endfacet
  facet normal 0.751844 0.659341 0
    outer loop
      vertex 3.37269 3.86964 20.39
      vertex 3.27782 3.97782 18
      vertex 3.27782 3.97782 20.39
    endloop
  endfacet
  facet normal 0.751844 0.659341 0
    outer loop
      vertex 3.27782 3.97782 18
      vertex 3.37269 3.86964 20.39
      vertex 3.37269 3.86964 18
    endloop
  endfacet
  facet normal 0.555566 0.831472 -0
    outer loop
      vertex 3.16964 4.07269 18
      vertex 3.05 4.15263 20.39
      vertex 3.16964 4.07269 20.39
    endloop
  endfacet
  facet normal 0.555566 0.831472 0
    outer loop
      vertex 3.05 4.15263 20.39
      vertex 3.16964 4.07269 18
      vertex 3.05 4.15263 18
    endloop
  endfacet
  facet normal 0.896874 -0.442286 0
    outer loop
      vertex 3.45263 2.65 20.39
      vertex 3.51627 2.77905 18
      vertex 3.51627 2.77905 20.39
    endloop
  endfacet
  facet normal 0.896874 -0.442286 0
    outer loop
      vertex 3.51627 2.77905 18
      vertex 3.45263 2.65 20.39
      vertex 3.45263 2.65 18
    endloop
  endfacet
  facet normal 0.831472 -0.555566 0
    outer loop
      vertex 3.37269 2.53036 20.39
      vertex 3.45263 2.65 18
      vertex 3.45263 2.65 20.39
    endloop
  endfacet
  facet normal 0.831472 -0.555566 0
    outer loop
      vertex 3.45263 2.65 18
      vertex 3.37269 2.53036 20.39
      vertex 3.37269 2.53036 18
    endloop
  endfacet
  facet normal -0.0653981 0.997859 0
    outer loop
      vertex 2.5 4.3 18
      vertex 2.35642 4.29059 20.39
      vertex 2.5 4.3 20.39
    endloop
  endfacet
  facet normal -0.0653981 0.997859 0
    outer loop
      vertex 2.35642 4.29059 20.39
      vertex 2.5 4.3 18
      vertex 2.35642 4.29059 18
    endloop
  endfacet
  facet normal -0.195087 0.980786 0
    outer loop
      vertex 2.35642 4.29059 18
      vertex 2.2153 4.26252 20.39
      vertex 2.35642 4.29059 20.39
    endloop
  endfacet
  facet normal -0.195087 0.980786 0
    outer loop
      vertex 2.2153 4.26252 20.39
      vertex 2.35642 4.29059 18
      vertex 2.2153 4.26252 18
    endloop
  endfacet
  facet normal -0.659341 -0.751844 0
    outer loop
      vertex 1.72218 2.42218 18
      vertex 1.83036 2.32731 20.39
      vertex 1.72218 2.42218 20.39
    endloop
  endfacet
  facet normal -0.659341 -0.751844 -0
    outer loop
      vertex 1.83036 2.32731 20.39
      vertex 1.72218 2.42218 18
      vertex 1.83036 2.32731 18
    endloop
  endfacet
  facet normal 0.659341 0.751844 -0
    outer loop
      vertex 3.27782 3.97782 18
      vertex 3.16964 4.07269 20.39
      vertex 3.27782 3.97782 20.39
    endloop
  endfacet
  facet normal 0.659341 0.751844 0
    outer loop
      vertex 3.16964 4.07269 20.39
      vertex 3.27782 3.97782 18
      vertex 3.16964 4.07269 18
    endloop
  endfacet
  facet normal -0.946931 -0.321435 0
    outer loop
      vertex 1.48373 2.77905 18
      vertex 1.43748 2.9153 20.39
      vertex 1.43748 2.9153 18
    endloop
  endfacet
  facet normal -0.946931 -0.321435 0
    outer loop
      vertex 1.43748 2.9153 20.39
      vertex 1.48373 2.77905 18
      vertex 1.48373 2.77905 20.39
    endloop
  endfacet
  facet normal -0.659341 0.751844 0
    outer loop
      vertex 1.83036 4.07269 18
      vertex 1.72218 3.97782 20.39
      vertex 1.83036 4.07269 20.39
    endloop
  endfacet
  facet normal -0.659341 0.751844 0
    outer loop
      vertex 1.72218 3.97782 20.39
      vertex 1.83036 4.07269 18
      vertex 1.72218 3.97782 18
    endloop
  endfacet
  facet normal -0.0653981 -0.997859 0
    outer loop
      vertex 2.35642 2.10941 18
      vertex 2.5 2.1 20.39
      vertex 2.35642 2.10941 20.39
    endloop
  endfacet
  facet normal -0.0653981 -0.997859 -0
    outer loop
      vertex 2.5 2.1 20.39
      vertex 2.35642 2.10941 18
      vertex 2.5 2.1 18
    endloop
  endfacet
  facet normal 0.946931 0.321435 0
    outer loop
      vertex 3.56252 3.4847 20.39
      vertex 3.51627 3.62095 18
      vertex 3.51627 3.62095 20.39
    endloop
  endfacet
  facet normal 0.946931 0.321435 0
    outer loop
      vertex 3.51627 3.62095 18
      vertex 3.56252 3.4847 20.39
      vertex 3.56252 3.4847 18
    endloop
  endfacet
  facet normal -0.831472 -0.555566 0
    outer loop
      vertex 1.62731 2.53036 18
      vertex 1.54737 2.65 20.39
      vertex 1.54737 2.65 18
    endloop
  endfacet
  facet normal -0.831472 -0.555566 0
    outer loop
      vertex 1.54737 2.65 20.39
      vertex 1.62731 2.53036 18
      vertex 1.62731 2.53036 20.39
    endloop
  endfacet
  facet normal 0.195087 0.980786 -0
    outer loop
      vertex 2.7847 4.26252 18
      vertex 2.64358 4.29059 20.39
      vertex 2.7847 4.26252 20.39
    endloop
  endfacet
  facet normal 0.195087 0.980786 0
    outer loop
      vertex 2.64358 4.29059 20.39
      vertex 2.7847 4.26252 18
      vertex 2.64358 4.29059 18
    endloop
  endfacet
  facet normal -0.555566 -0.831472 0
    outer loop
      vertex 1.83036 2.32731 18
      vertex 1.95 2.24737 20.39
      vertex 1.83036 2.32731 20.39
    endloop
  endfacet
  facet normal -0.555566 -0.831472 -0
    outer loop
      vertex 1.95 2.24737 20.39
      vertex 1.83036 2.32731 18
      vertex 1.95 2.24737 18
    endloop
  endfacet
  facet normal -0.980786 -0.195087 0
    outer loop
      vertex 1.43748 2.9153 18
      vertex 1.40941 3.05642 20.39
      vertex 1.40941 3.05642 18
    endloop
  endfacet
  facet normal -0.980786 -0.195087 0
    outer loop
      vertex 1.40941 3.05642 20.39
      vertex 1.43748 2.9153 18
      vertex 1.43748 2.9153 20.39
    endloop
  endfacet
  facet normal -0.321435 -0.946931 0
    outer loop
      vertex 2.07905 2.18373 18
      vertex 2.2153 2.13748 20.39
      vertex 2.07905 2.18373 20.39
    endloop
  endfacet
  facet normal -0.321435 -0.946931 -0
    outer loop
      vertex 2.2153 2.13748 20.39
      vertex 2.07905 2.18373 18
      vertex 2.2153 2.13748 18
    endloop
  endfacet
  facet normal -0.831472 0.555566 0
    outer loop
      vertex 1.54737 3.75 18
      vertex 1.62731 3.86964 20.39
      vertex 1.62731 3.86964 18
    endloop
  endfacet
  facet normal -0.831472 0.555566 0
    outer loop
      vertex 1.62731 3.86964 20.39
      vertex 1.54737 3.75 18
      vertex 1.54737 3.75 20.39
    endloop
  endfacet
  facet normal -0.751844 0.659341 0
    outer loop
      vertex 1.62731 3.86964 18
      vertex 1.72218 3.97782 20.39
      vertex 1.72218 3.97782 18
    endloop
  endfacet
  facet normal -0.751844 0.659341 0
    outer loop
      vertex 1.72218 3.97782 20.39
      vertex 1.62731 3.86964 18
      vertex 1.62731 3.86964 20.39
    endloop
  endfacet
  facet normal 0.0653981 0.997859 -0
    outer loop
      vertex 2.64358 4.29059 18
      vertex 2.5 4.3 20.39
      vertex 2.64358 4.29059 20.39
    endloop
  endfacet
  facet normal 0.0653981 0.997859 0
    outer loop
      vertex 2.5 4.3 20.39
      vertex 2.64358 4.29059 18
      vertex 2.5 4.3 18
    endloop
  endfacet
  facet normal -0.997859 0.0653981 0
    outer loop
      vertex 1.4 3.2 18
      vertex 1.40941 3.34358 20.39
      vertex 1.40941 3.34358 18
    endloop
  endfacet
  facet normal -0.997859 0.0653981 0
    outer loop
      vertex 1.40941 3.34358 20.39
      vertex 1.4 3.2 18
      vertex 1.4 3.2 20.39
    endloop
  endfacet
  facet normal -0.751844 -0.659341 0
    outer loop
      vertex 1.72218 2.42218 18
      vertex 1.62731 2.53036 20.39
      vertex 1.62731 2.53036 18
    endloop
  endfacet
  facet normal -0.751844 -0.659341 0
    outer loop
      vertex 1.62731 2.53036 20.39
      vertex 1.72218 2.42218 18
      vertex 1.72218 2.42218 20.39
    endloop
  endfacet
  facet normal -0.896874 -0.442286 0
    outer loop
      vertex 1.54737 2.65 18
      vertex 1.48373 2.77905 20.39
      vertex 1.48373 2.77905 18
    endloop
  endfacet
  facet normal -0.896874 -0.442286 0
    outer loop
      vertex 1.48373 2.77905 20.39
      vertex 1.54737 2.65 18
      vertex 1.54737 2.65 20.39
    endloop
  endfacet
  facet normal 0.659341 -0.751844 0
    outer loop
      vertex 3.16964 2.32731 18
      vertex 3.27782 2.42218 20.39
      vertex 3.16964 2.32731 20.39
    endloop
  endfacet
  facet normal 0.659341 -0.751844 0
    outer loop
      vertex 3.27782 2.42218 20.39
      vertex 3.16964 2.32731 18
      vertex 3.27782 2.42218 18
    endloop
  endfacet
  facet normal 0.751844 -0.659341 0
    outer loop
      vertex 3.27782 2.42218 20.39
      vertex 3.37269 2.53036 18
      vertex 3.37269 2.53036 20.39
    endloop
  endfacet
  facet normal 0.751844 -0.659341 0
    outer loop
      vertex 3.37269 2.53036 18
      vertex 3.27782 2.42218 20.39
      vertex 3.27782 2.42218 18
    endloop
  endfacet
  facet normal -0.896874 0.442286 0
    outer loop
      vertex 1.48373 3.62095 18
      vertex 1.54737 3.75 20.39
      vertex 1.54737 3.75 18
    endloop
  endfacet
  facet normal -0.896874 0.442286 0
    outer loop
      vertex 1.54737 3.75 20.39
      vertex 1.48373 3.62095 18
      vertex 1.48373 3.62095 20.39
    endloop
  endfacet
  facet normal 0.751824 -0.659364 0
    outer loop
      vertex 69.7627 0.937258 18
      vertex 70.0387 1.25196 2
      vertex 70.0387 1.25196 18
    endloop
  endfacet
  facet normal 0.751824 -0.659364 0
    outer loop
      vertex 70.0387 1.25196 2
      vertex 69.7627 0.937258 18
      vertex 69.7627 0.937258 2
    endloop
  endfacet
  facet normal -0.0654 -0.997859 0
    outer loop
      vertex 67.0823 0.0273762 2
      vertex 67.5 0 18
      vertex 67.0823 0.0273762 18
    endloop
  endfacet
  facet normal -0.0654 -0.997859 -0
    outer loop
      vertex 67.5 0 18
      vertex 67.0823 0.0273762 2
      vertex 67.5 0 2
    endloop
  endfacet
  facet normal 0.55561 -0.831443 0
    outer loop
      vertex 69.1 0.428719 2
      vertex 69.448 0.661269 18
      vertex 69.1 0.428719 18
    endloop
  endfacet
  facet normal 0.55561 -0.831443 0
    outer loop
      vertex 69.448 0.661269 18
      vertex 69.1 0.428719 2
      vertex 69.448 0.661269 2
    endloop
  endfacet
  facet normal -0.896903 -0.442228 0
    outer loop
      vertex 64.7287 1.6 2
      vertex 64.5436 1.97541 18
      vertex 64.5436 1.97541 2
    endloop
  endfacet
  facet normal -0.896903 -0.442228 0
    outer loop
      vertex 64.5436 1.97541 18
      vertex 64.7287 1.6 2
      vertex 64.7287 1.6 18
    endloop
  endfacet
  facet normal -0.659353 0.751833 0
    outer loop
      vertex 65.552 5.73873 2
      vertex 65.2373 5.46274 18
      vertex 65.552 5.73873 18
    endloop
  endfacet
  facet normal -0.659353 0.751833 0
    outer loop
      vertex 65.2373 5.46274 18
      vertex 65.552 5.73873 2
      vertex 65.2373 5.46274 2
    endloop
  endfacet
  facet normal 0.659353 0.751833 -0
    outer loop
      vertex 69.7627 5.46274 2
      vertex 69.448 5.73873 18
      vertex 69.7627 5.46274 18
    endloop
  endfacet
  facet normal 0.659353 0.751833 0
    outer loop
      vertex 69.448 5.73873 18
      vertex 69.7627 5.46274 2
      vertex 69.448 5.73873 2
    endloop
  endfacet
  facet normal -0.946893 -0.321548 0
    outer loop
      vertex 64.5436 1.97541 2
      vertex 64.409 2.37178 18
      vertex 64.409 2.37178 2
    endloop
  endfacet
  facet normal -0.946893 -0.321548 0
    outer loop
      vertex 64.409 2.37178 18
      vertex 64.5436 1.97541 2
      vertex 64.5436 1.97541 18
    endloop
  endfacet
  facet normal -0.997855 -0.0654598 0
    outer loop
      vertex 64.3274 2.78232 2
      vertex 64.3 3.2 18
      vertex 64.3 3.2 2
    endloop
  endfacet
  facet normal -0.997855 -0.0654598 0
    outer loop
      vertex 64.3 3.2 18
      vertex 64.3274 2.78232 2
      vertex 64.3274 2.78232 18
    endloop
  endfacet
  facet normal 0.442303 -0.896866 0
    outer loop
      vertex 68.7246 0.243585 2
      vertex 69.1 0.428719 18
      vertex 68.7246 0.243585 18
    endloop
  endfacet
  facet normal 0.442303 -0.896866 0
    outer loop
      vertex 69.1 0.428719 18
      vertex 68.7246 0.243585 2
      vertex 69.1 0.428719 2
    endloop
  endfacet
  facet normal -0.442295 0.89687 0
    outer loop
      vertex 66.2754 6.15641 2
      vertex 65.9 5.97128 18
      vertex 66.2754 6.15641 18
    endloop
  endfacet
  facet normal -0.442295 0.89687 0
    outer loop
      vertex 65.9 5.97128 18
      vertex 66.2754 6.15641 2
      vertex 65.9 5.97128 2
    endloop
  endfacet
  facet normal 0.0654 -0.997859 0
    outer loop
      vertex 67.5 0 2
      vertex 67.9177 0.0273762 18
      vertex 67.5 0 18
    endloop
  endfacet
  facet normal 0.0654 -0.997859 0
    outer loop
      vertex 67.9177 0.0273762 18
      vertex 67.5 0 2
      vertex 67.9177 0.0273762 2
    endloop
  endfacet
  facet normal -0.55561 0.831443 0
    outer loop
      vertex 65.9 5.97128 2
      vertex 65.552 5.73873 18
      vertex 65.9 5.97128 18
    endloop
  endfacet
  facet normal -0.55561 0.831443 0
    outer loop
      vertex 65.552 5.73873 18
      vertex 65.9 5.97128 2
      vertex 65.552 5.73873 2
    endloop
  endfacet
  facet normal 0.442295 0.89687 -0
    outer loop
      vertex 69.1 5.97128 2
      vertex 68.7246 6.15641 18
      vertex 69.1 5.97128 18
    endloop
  endfacet
  facet normal 0.442295 0.89687 0
    outer loop
      vertex 68.7246 6.15641 18
      vertex 69.1 5.97128 2
      vertex 68.7246 6.15641 2
    endloop
  endfacet
  facet normal 0.321419 0.946937 -0
    outer loop
      vertex 68.7246 6.15641 2
      vertex 68.3282 6.29096 18
      vertex 68.7246 6.15641 18
    endloop
  endfacet
  facet normal 0.321419 0.946937 0
    outer loop
      vertex 68.3282 6.29096 18
      vertex 68.7246 6.15641 2
      vertex 68.3282 6.29096 2
    endloop
  endfacet
  facet normal -0.321419 0.946937 0
    outer loop
      vertex 66.6718 6.29096 2
      vertex 66.2754 6.15641 18
      vertex 66.6718 6.29096 18
    endloop
  endfacet
  facet normal -0.321419 0.946937 0
    outer loop
      vertex 66.2754 6.15641 18
      vertex 66.6718 6.29096 2
      vertex 66.2754 6.15641 2
    endloop
  endfacet
  facet normal 0.195105 -0.980782 0
    outer loop
      vertex 67.9177 0.0273762 2
      vertex 68.3282 0.109036 18
      vertex 67.9177 0.0273762 18
    endloop
  endfacet
  facet normal 0.195105 -0.980782 0
    outer loop
      vertex 68.3282 0.109036 18
      vertex 67.9177 0.0273762 2
      vertex 68.3282 0.109036 2
    endloop
  endfacet
  facet normal 0.195105 0.980782 -0
    outer loop
      vertex 68.3282 6.29096 2
      vertex 67.9177 6.37262 18
      vertex 68.3282 6.29096 18
    endloop
  endfacet
  facet normal 0.195105 0.980782 0
    outer loop
      vertex 67.9177 6.37262 18
      vertex 68.3282 6.29096 2
      vertex 67.9177 6.37262 2
    endloop
  endfacet
  facet normal 0.831418 -0.555648 0
    outer loop
      vertex 70.0387 1.25196 18
      vertex 70.2713 1.6 2
      vertex 70.2713 1.6 18
    endloop
  endfacet
  facet normal 0.831418 -0.555648 0
    outer loop
      vertex 70.2713 1.6 2
      vertex 70.0387 1.25196 18
      vertex 70.0387 1.25196 2
    endloop
  endfacet
  facet normal 0.831418 0.555648 0
    outer loop
      vertex 70.2713 4.8 18
      vertex 70.0387 5.14804 2
      vertex 70.0387 5.14804 18
    endloop
  endfacet
  facet normal 0.831418 0.555648 0
    outer loop
      vertex 70.0387 5.14804 2
      vertex 70.2713 4.8 18
      vertex 70.2713 4.8 2
    endloop
  endfacet
  facet normal -0.442303 -0.896866 0
    outer loop
      vertex 65.9 0.428719 2
      vertex 66.2754 0.243585 18
      vertex 65.9 0.428719 18
    endloop
  endfacet
  facet normal -0.442303 -0.896866 -0
    outer loop
      vertex 66.2754 0.243585 18
      vertex 65.9 0.428719 2
      vertex 66.2754 0.243585 2
    endloop
  endfacet
  facet normal -0.980813 0.194949 0
    outer loop
      vertex 64.3274 3.61768 2
      vertex 64.409 4.02822 18
      vertex 64.409 4.02822 2
    endloop
  endfacet
  facet normal -0.980813 0.194949 0
    outer loop
      vertex 64.409 4.02822 18
      vertex 64.3274 3.61768 2
      vertex 64.3274 3.61768 18
    endloop
  endfacet
  facet normal -0.195105 0.980782 0
    outer loop
      vertex 67.0823 6.37262 2
      vertex 66.6718 6.29096 18
      vertex 67.0823 6.37262 18
    endloop
  endfacet
  facet normal -0.195105 0.980782 0
    outer loop
      vertex 66.6718 6.29096 18
      vertex 67.0823 6.37262 2
      vertex 66.6718 6.29096 2
    endloop
  endfacet
  facet normal 0.946899 0.321533 0
    outer loop
      vertex 70.5 4.29619 18
      vertex 70.4564 4.42459 2
      vertex 70.4564 4.42459 18
    endloop
  endfacet
  facet normal 0.946899 0.321533 0
    outer loop
      vertex 70.4564 4.42459 2
      vertex 70.5 4.29619 18
      vertex 70.5 4.29619 2
    endloop
  endfacet
  facet normal 0.751821 0.659367 0
    outer loop
      vertex 70.0387 5.14804 18
      vertex 69.7627 5.46274 2
      vertex 69.7627 5.46274 18
    endloop
  endfacet
  facet normal 0.751821 0.659367 0
    outer loop
      vertex 69.7627 5.46274 2
      vertex 70.0387 5.14804 18
      vertex 70.0387 5.14804 2
    endloop
  endfacet
  facet normal 0.55561 0.831443 -0
    outer loop
      vertex 69.448 5.73873 2
      vertex 69.1 5.97128 18
      vertex 69.448 5.73873 18
    endloop
  endfacet
  facet normal 0.55561 0.831443 0
    outer loop
      vertex 69.1 5.97128 18
      vertex 69.448 5.73873 2
      vertex 69.1 5.97128 2
    endloop
  endfacet
  facet normal -0.997855 0.0654598 0
    outer loop
      vertex 64.3 3.2 2
      vertex 64.3274 3.61768 18
      vertex 64.3274 3.61768 2
    endloop
  endfacet
  facet normal -0.997855 0.0654598 0
    outer loop
      vertex 64.3274 3.61768 18
      vertex 64.3 3.2 2
      vertex 64.3 3.2 18
    endloop
  endfacet
  facet normal -0.195105 -0.980782 0
    outer loop
      vertex 66.6718 0.109036 2
      vertex 67.0823 0.0273762 18
      vertex 66.6718 0.109036 18
    endloop
  endfacet
  facet normal -0.195105 -0.980782 -0
    outer loop
      vertex 67.0823 0.0273762 18
      vertex 66.6718 0.109036 2
      vertex 67.0823 0.0273762 2
    endloop
  endfacet
  facet normal -0.55561 -0.831443 0
    outer loop
      vertex 65.552 0.661269 2
      vertex 65.9 0.428719 18
      vertex 65.552 0.661269 18
    endloop
  endfacet
  facet normal -0.55561 -0.831443 -0
    outer loop
      vertex 65.9 0.428719 18
      vertex 65.552 0.661269 2
      vertex 65.9 0.428719 2
    endloop
  endfacet
  facet normal -0.896903 0.442228 0
    outer loop
      vertex 64.5436 4.42459 2
      vertex 64.7287 4.8 18
      vertex 64.7287 4.8 2
    endloop
  endfacet
  facet normal -0.896903 0.442228 0
    outer loop
      vertex 64.7287 4.8 18
      vertex 64.5436 4.42459 2
      vertex 64.5436 4.42459 18
    endloop
  endfacet
  facet normal -0.946893 0.321548 0
    outer loop
      vertex 64.409 4.02822 2
      vertex 64.5436 4.42459 18
      vertex 64.5436 4.42459 2
    endloop
  endfacet
  facet normal -0.946893 0.321548 0
    outer loop
      vertex 64.5436 4.42459 18
      vertex 64.409 4.02822 2
      vertex 64.409 4.02822 18
    endloop
  endfacet
  facet normal 0.321417 -0.946938 0
    outer loop
      vertex 68.3282 0.109036 2
      vertex 68.7246 0.243585 18
      vertex 68.3282 0.109036 18
    endloop
  endfacet
  facet normal 0.321417 -0.946938 0
    outer loop
      vertex 68.7246 0.243585 18
      vertex 68.3282 0.109036 2
      vertex 68.7246 0.243585 2
    endloop
  endfacet
  facet normal 0.896903 0.442228 0
    outer loop
      vertex 70.4564 4.42459 18
      vertex 70.2713 4.8 2
      vertex 70.2713 4.8 18
    endloop
  endfacet
  facet normal 0.896903 0.442228 0
    outer loop
      vertex 70.2713 4.8 2
      vertex 70.4564 4.42459 18
      vertex 70.4564 4.42459 2
    endloop
  endfacet
  facet normal -0.831418 -0.555648 0
    outer loop
      vertex 64.9613 1.25196 2
      vertex 64.7287 1.6 18
      vertex 64.7287 1.6 2
    endloop
  endfacet
  facet normal -0.831418 -0.555648 0
    outer loop
      vertex 64.7287 1.6 18
      vertex 64.9613 1.25196 2
      vertex 64.9613 1.25196 18
    endloop
  endfacet
  facet normal -0.831418 0.555648 0
    outer loop
      vertex 64.7287 4.8 2
      vertex 64.9613 5.14804 18
      vertex 64.9613 5.14804 2
    endloop
  endfacet
  facet normal -0.831418 0.555648 0
    outer loop
      vertex 64.9613 5.14804 18
      vertex 64.7287 4.8 2
      vertex 64.7287 4.8 18
    endloop
  endfacet
  facet normal 0.896903 -0.442228 0
    outer loop
      vertex 70.2713 1.6 18
      vertex 70.4564 1.97541 2
      vertex 70.4564 1.97541 18
    endloop
  endfacet
  facet normal 0.896903 -0.442228 0
    outer loop
      vertex 70.4564 1.97541 2
      vertex 70.2713 1.6 18
      vertex 70.2713 1.6 2
    endloop
  endfacet
  facet normal -0.0654091 0.997859 0
    outer loop
      vertex 67.5 6.4 2
      vertex 67.0823 6.37262 18
      vertex 67.5 6.4 18
    endloop
  endfacet
  facet normal -0.0654091 0.997859 0
    outer loop
      vertex 67.0823 6.37262 18
      vertex 67.5 6.4 2
      vertex 67.0823 6.37262 2
    endloop
  endfacet
  facet normal -0.980813 -0.194949 0
    outer loop
      vertex 64.409 2.37178 2
      vertex 64.3274 2.78232 18
      vertex 64.3274 2.78232 2
    endloop
  endfacet
  facet normal -0.980813 -0.194949 0
    outer loop
      vertex 64.3274 2.78232 18
      vertex 64.409 2.37178 2
      vertex 64.409 2.37178 18
    endloop
  endfacet
  facet normal -0.751821 0.659367 0
    outer loop
      vertex 64.9613 5.14804 2
      vertex 65.2373 5.46274 18
      vertex 65.2373 5.46274 2
    endloop
  endfacet
  facet normal -0.751821 0.659367 0
    outer loop
      vertex 65.2373 5.46274 18
      vertex 64.9613 5.14804 2
      vertex 64.9613 5.14804 18
    endloop
  endfacet
  facet normal -0.751824 -0.659364 0
    outer loop
      vertex 65.2373 0.937258 2
      vertex 64.9613 1.25196 18
      vertex 64.9613 1.25196 2
    endloop
  endfacet
  facet normal -0.751824 -0.659364 0
    outer loop
      vertex 64.9613 1.25196 18
      vertex 65.2373 0.937258 2
      vertex 65.2373 0.937258 18
    endloop
  endfacet
  facet normal 0.0654091 0.997859 -0
    outer loop
      vertex 67.9177 6.37262 2
      vertex 67.5 6.4 18
      vertex 67.9177 6.37262 18
    endloop
  endfacet
  facet normal 0.0654091 0.997859 0
    outer loop
      vertex 67.5 6.4 18
      vertex 67.9177 6.37262 2
      vertex 67.5 6.4 2
    endloop
  endfacet
  facet normal 0.946899 -0.321533 0
    outer loop
      vertex 70.4564 1.97541 18
      vertex 70.5 2.10381 2
      vertex 70.5 2.10381 18
    endloop
  endfacet
  facet normal 0.946899 -0.321533 0
    outer loop
      vertex 70.5 2.10381 2
      vertex 70.4564 1.97541 18
      vertex 70.4564 1.97541 2
    endloop
  endfacet
  facet normal -0.659352 -0.751834 0
    outer loop
      vertex 65.2373 0.937258 2
      vertex 65.552 0.661269 18
      vertex 65.2373 0.937258 18
    endloop
  endfacet
  facet normal -0.659352 -0.751834 -0
    outer loop
      vertex 65.552 0.661269 18
      vertex 65.2373 0.937258 2
      vertex 65.552 0.661269 2
    endloop
  endfacet
  facet normal -0.321417 -0.946938 0
    outer loop
      vertex 66.2754 0.243585 2
      vertex 66.6718 0.109036 18
      vertex 66.2754 0.243585 18
    endloop
  endfacet
  facet normal -0.321417 -0.946938 -0
    outer loop
      vertex 66.6718 0.109036 18
      vertex 66.2754 0.243585 2
      vertex 66.6718 0.109036 2
    endloop
  endfacet
  facet normal 0.659352 -0.751834 0
    outer loop
      vertex 69.448 0.661269 2
      vertex 69.7627 0.937258 18
      vertex 69.448 0.661269 18
    endloop
  endfacet
  facet normal 0.659352 -0.751834 0
    outer loop
      vertex 69.7627 0.937258 18
      vertex 69.448 0.661269 2
      vertex 69.7627 0.937258 2
    endloop
  endfacet
  facet normal 0 0 1
    outer loop
      vertex 68.5163 3.62095 18
      vertex 70.5 4.29619 18
      vertex 70.4564 4.42459 18
    endloop
  endfacet
  facet normal 0 0 1
    outer loop
      vertex 70.5 4.29619 18
      vertex 68.6 3.2 18
      vertex 70.5 2.10381 18
    endloop
  endfacet
  facet normal 0 0 1
    outer loop
      vertex 68.5163 3.62095 18
      vertex 70.4564 4.42459 18
      vertex 70.2713 4.8 18
    endloop
  endfacet
  facet normal -0 0 1
    outer loop
      vertex 68.5906 3.05642 18
      vertex 70.5 2.10381 18
      vertex 68.6 3.2 18
    endloop
  endfacet
  facet normal 0 0 1
    outer loop
      vertex 68.4526 3.75 18
      vertex 70.2713 4.8 18
      vertex 70.0387 5.14804 18
    endloop
  endfacet
  facet normal -0 0 1
    outer loop
      vertex 68.5625 2.9153 18
      vertex 70.5 2.10381 18
      vertex 68.5906 3.05642 18
    endloop
  endfacet
  facet normal 0 0 1
    outer loop
      vertex 68.3727 3.86964 18
      vertex 70.0387 5.14804 18
      vertex 69.7627 5.46274 18
    endloop
  endfacet
  facet normal -0 0 1
    outer loop
      vertex 68.5163 2.77905 18
      vertex 70.5 2.10381 18
      vertex 68.5625 2.9153 18
    endloop
  endfacet
  facet normal 0 0 1
    outer loop
      vertex 68.2778 3.97782 18
      vertex 69.7627 5.46274 18
      vertex 69.448 5.73873 18
    endloop
  endfacet
  facet normal 0 0 1
    outer loop
      vertex 70.5 2.10381 18
      vertex 68.5163 2.77905 18
      vertex 70.4564 1.97541 18
    endloop
  endfacet
  facet normal 0 0 1
    outer loop
      vertex 68.1696 4.07269 18
      vertex 69.448 5.73873 18
      vertex 69.1 5.97128 18
    endloop
  endfacet
  facet normal 0 0 1
    outer loop
      vertex 70.4564 1.97541 18
      vertex 68.5163 2.77905 18
      vertex 70.2713 1.6 18
    endloop
  endfacet
  facet normal 0 0 1
    outer loop
      vertex 68.05 4.15263 18
      vertex 69.1 5.97128 18
      vertex 68.7246 6.15641 18
    endloop
  endfacet
  facet normal -0 0 1
    outer loop
      vertex 68.4526 2.65 18
      vertex 70.2713 1.6 18
      vertex 68.5163 2.77905 18
    endloop
  endfacet
  facet normal 0 0 1
    outer loop
      vertex 70.2713 1.6 18
      vertex 68.4526 2.65 18
      vertex 70.0387 1.25196 18
    endloop
  endfacet
  facet normal 0 0 1
    outer loop
      vertex 70.5 4.29619 18
      vertex 68.5906 3.34358 18
      vertex 68.6 3.2 18
    endloop
  endfacet
  facet normal 0 0 1
    outer loop
      vertex 70.5 4.29619 18
      vertex 68.5625 3.4847 18
      vertex 68.5906 3.34358 18
    endloop
  endfacet
  facet normal 0 0 1
    outer loop
      vertex 70.5 4.29619 18
      vertex 68.5163 3.62095 18
      vertex 68.5625 3.4847 18
    endloop
  endfacet
  facet normal 0 0 1
    outer loop
      vertex 70.2713 4.8 18
      vertex 68.4526 3.75 18
      vertex 68.5163 3.62095 18
    endloop
  endfacet
  facet normal 0 0 1
    outer loop
      vertex 70.0387 5.14804 18
      vertex 68.3727 3.86964 18
      vertex 68.4526 3.75 18
    endloop
  endfacet
  facet normal 0 0 1
    outer loop
      vertex 67.921 4.21627 18
      vertex 68.7246 6.15641 18
      vertex 68.3282 6.29096 18
    endloop
  endfacet
  facet normal 0 0 1
    outer loop
      vertex 69.7627 5.46274 18
      vertex 68.2778 3.97782 18
      vertex 68.3727 3.86964 18
    endloop
  endfacet
  facet normal 0 0 1
    outer loop
      vertex 69.448 5.73873 18
      vertex 68.1696 4.07269 18
      vertex 68.2778 3.97782 18
    endloop
  endfacet
  facet normal 0 0 1
    outer loop
      vertex 69.1 5.97128 18
      vertex 68.05 4.15263 18
      vertex 68.1696 4.07269 18
    endloop
  endfacet
  facet normal 0 0 1
    outer loop
      vertex 68.7246 6.15641 18
      vertex 67.921 4.21627 18
      vertex 68.05 4.15263 18
    endloop
  endfacet
  facet normal 0 0 1
    outer loop
      vertex 67.7847 4.26252 18
      vertex 68.3282 6.29096 18
      vertex 67.9177 6.37262 18
    endloop
  endfacet
  facet normal 0 0 1
    outer loop
      vertex 68.3282 6.29096 18
      vertex 67.7847 4.26252 18
      vertex 67.921 4.21627 18
    endloop
  endfacet
  facet normal 0 0 1
    outer loop
      vertex 67.9177 6.37262 18
      vertex 67.6436 4.29059 18
      vertex 67.7847 4.26252 18
    endloop
  endfacet
  facet normal 0 0 1
    outer loop
      vertex 67.5 6.4 18
      vertex 67.6436 4.29059 18
      vertex 67.9177 6.37262 18
    endloop
  endfacet
  facet normal 0 0 1
    outer loop
      vertex 67.5 6.4 18
      vertex 67.5 4.3 18
      vertex 67.6436 4.29059 18
    endloop
  endfacet
  facet normal 0 0 1
    outer loop
      vertex 67.5 6.4 18
      vertex 67.3564 4.29059 18
      vertex 67.5 4.3 18
    endloop
  endfacet
  facet normal -0 0 1
    outer loop
      vertex 67.0823 6.37262 18
      vertex 67.3564 4.29059 18
      vertex 67.5 6.4 18
    endloop
  endfacet
  facet normal 0 0 1
    outer loop
      vertex 67.3564 4.29059 18
      vertex 67.0823 6.37262 18
      vertex 67.2153 4.26252 18
    endloop
  endfacet
  facet normal -0 0 1
    outer loop
      vertex 66.6718 6.29096 18
      vertex 67.2153 4.26252 18
      vertex 67.0823 6.37262 18
    endloop
  endfacet
  facet normal 0 0 1
    outer loop
      vertex 67.2153 4.26252 18
      vertex 66.6718 6.29096 18
      vertex 67.079 4.21627 18
    endloop
  endfacet
  facet normal -0 0 1
    outer loop
      vertex 66.2754 6.15641 18
      vertex 67.079 4.21627 18
      vertex 66.6718 6.29096 18
    endloop
  endfacet
  facet normal 0 0 1
    outer loop
      vertex 67.079 4.21627 18
      vertex 66.2754 6.15641 18
      vertex 66.95 4.15263 18
    endloop
  endfacet
  facet normal -0 0 1
    outer loop
      vertex 65.9 5.97128 18
      vertex 66.95 4.15263 18
      vertex 66.2754 6.15641 18
    endloop
  endfacet
  facet normal 0 0 1
    outer loop
      vertex 66.95 4.15263 18
      vertex 65.9 5.97128 18
      vertex 66.8304 4.07269 18
    endloop
  endfacet
  facet normal -0 0 1
    outer loop
      vertex 65.552 5.73873 18
      vertex 66.8304 4.07269 18
      vertex 65.9 5.97128 18
    endloop
  endfacet
  facet normal 0 0 1
    outer loop
      vertex 66.8304 4.07269 18
      vertex 65.552 5.73873 18
      vertex 66.7222 3.97782 18
    endloop
  endfacet
  facet normal -0 0 1
    outer loop
      vertex 65.2373 5.46274 18
      vertex 66.7222 3.97782 18
      vertex 65.552 5.73873 18
    endloop
  endfacet
  facet normal 0 0 1
    outer loop
      vertex 66.7222 3.97782 18
      vertex 65.2373 5.46274 18
      vertex 66.6273 3.86964 18
    endloop
  endfacet
  facet normal 0 0 1
    outer loop
      vertex 66.6273 3.86964 18
      vertex 64.9613 5.14804 18
      vertex 66.5474 3.75 18
    endloop
  endfacet
  facet normal -0 0 1
    outer loop
      vertex 64.9613 5.14804 18
      vertex 66.6273 3.86964 18
      vertex 65.2373 5.46274 18
    endloop
  endfacet
  facet normal -0 0 1
    outer loop
      vertex 68.3727 2.53036 18
      vertex 70.0387 1.25196 18
      vertex 68.4526 2.65 18
    endloop
  endfacet
  facet normal 0 0 1
    outer loop
      vertex 70.0387 1.25196 18
      vertex 68.3727 2.53036 18
      vertex 69.7627 0.937258 18
    endloop
  endfacet
  facet normal -0 0 1
    outer loop
      vertex 68.2778 2.42218 18
      vertex 69.7627 0.937258 18
      vertex 68.3727 2.53036 18
    endloop
  endfacet
  facet normal 0 0 1
    outer loop
      vertex 69.7627 0.937258 18
      vertex 68.2778 2.42218 18
      vertex 69.448 0.661269 18
    endloop
  endfacet
  facet normal -0 0 1
    outer loop
      vertex 68.1696 2.32731 18
      vertex 69.448 0.661269 18
      vertex 68.2778 2.42218 18
    endloop
  endfacet
  facet normal 0 0 1
    outer loop
      vertex 69.448 0.661269 18
      vertex 68.1696 2.32731 18
      vertex 69.1 0.428719 18
    endloop
  endfacet
  facet normal -0 0 1
    outer loop
      vertex 68.05 2.24737 18
      vertex 69.1 0.428719 18
      vertex 68.1696 2.32731 18
    endloop
  endfacet
  facet normal 0 0 1
    outer loop
      vertex 69.1 0.428719 18
      vertex 68.05 2.24737 18
      vertex 68.7246 0.243585 18
    endloop
  endfacet
  facet normal -0 0 1
    outer loop
      vertex 67.921 2.18373 18
      vertex 68.7246 0.243585 18
      vertex 68.05 2.24737 18
    endloop
  endfacet
  facet normal 0 0 1
    outer loop
      vertex 68.7246 0.243585 18
      vertex 67.921 2.18373 18
      vertex 68.3282 0.109036 18
    endloop
  endfacet
  facet normal -0 0 1
    outer loop
      vertex 67.7847 2.13748 18
      vertex 68.3282 0.109036 18
      vertex 67.921 2.18373 18
    endloop
  endfacet
  facet normal 0 0 1
    outer loop
      vertex 68.3282 0.109036 18
      vertex 67.7847 2.13748 18
      vertex 67.9177 0.0273762 18
    endloop
  endfacet
  facet normal -0 0 1
    outer loop
      vertex 67.6436 2.10941 18
      vertex 67.9177 0.0273762 18
      vertex 67.7847 2.13748 18
    endloop
  endfacet
  facet normal -0 0 1
    outer loop
      vertex 67.5 2.1 18
      vertex 67.9177 0.0273762 18
      vertex 67.6436 2.10941 18
    endloop
  endfacet
  facet normal 0 0 1
    outer loop
      vertex 67.5 2.1 18
      vertex 67.5 0 18
      vertex 67.9177 0.0273762 18
    endloop
  endfacet
  facet normal 0 0 1
    outer loop
      vertex 67.3564 2.10941 18
      vertex 67.5 0 18
      vertex 67.5 2.1 18
    endloop
  endfacet
  facet normal 0 0 1
    outer loop
      vertex 67.0823 0.0273762 18
      vertex 67.3564 2.10941 18
      vertex 67.2153 2.13748 18
    endloop
  endfacet
  facet normal 0 0 1
    outer loop
      vertex 67.3564 2.10941 18
      vertex 67.0823 0.0273762 18
      vertex 67.5 0 18
    endloop
  endfacet
  facet normal 0 0 1
    outer loop
      vertex 66.6718 0.109036 18
      vertex 67.2153 2.13748 18
      vertex 67.079 2.18373 18
    endloop
  endfacet
  facet normal 0 0 1
    outer loop
      vertex 66.2754 0.243585 18
      vertex 67.079 2.18373 18
      vertex 66.95 2.24737 18
    endloop
  endfacet
  facet normal 0 0 1
    outer loop
      vertex 65.9 0.428719 18
      vertex 66.95 2.24737 18
      vertex 66.8304 2.32731 18
    endloop
  endfacet
  facet normal 0 0 1
    outer loop
      vertex 65.552 0.661269 18
      vertex 66.8304 2.32731 18
      vertex 66.7222 2.42218 18
    endloop
  endfacet
  facet normal 0 0 1
    outer loop
      vertex 67.2153 2.13748 18
      vertex 66.6718 0.109036 18
      vertex 67.0823 0.0273762 18
    endloop
  endfacet
  facet normal 0 0 1
    outer loop
      vertex 65.2373 0.937258 18
      vertex 66.7222 2.42218 18
      vertex 66.6273 2.53036 18
    endloop
  endfacet
  facet normal 0 0 1
    outer loop
      vertex 64.9613 1.25196 18
      vertex 66.6273 2.53036 18
      vertex 66.5474 2.65 18
    endloop
  endfacet
  facet normal 0 0 1
    outer loop
      vertex 64.7287 1.6 18
      vertex 66.5474 2.65 18
      vertex 66.4837 2.77905 18
    endloop
  endfacet
  facet normal 0 0 1
    outer loop
      vertex 64.5436 1.97541 18
      vertex 66.4837 2.77905 18
      vertex 66.4375 2.9153 18
    endloop
  endfacet
  facet normal 0 0 1
    outer loop
      vertex 64.409 2.37178 18
      vertex 66.4375 2.9153 18
      vertex 66.4094 3.05642 18
    endloop
  endfacet
  facet normal 0 0 1
    outer loop
      vertex 67.079 2.18373 18
      vertex 66.2754 0.243585 18
      vertex 66.6718 0.109036 18
    endloop
  endfacet
  facet normal 0 0 1
    outer loop
      vertex 64.3274 2.78232 18
      vertex 66.4094 3.05642 18
      vertex 66.4 3.2 18
    endloop
  endfacet
  facet normal -0 0 1
    outer loop
      vertex 64.7287 4.8 18
      vertex 66.5474 3.75 18
      vertex 64.9613 5.14804 18
    endloop
  endfacet
  facet normal 0 0 1
    outer loop
      vertex 66.5474 3.75 18
      vertex 64.7287 4.8 18
      vertex 66.4837 3.62095 18
    endloop
  endfacet
  facet normal 0 0 1
    outer loop
      vertex 66.95 2.24737 18
      vertex 65.9 0.428719 18
      vertex 66.2754 0.243585 18
    endloop
  endfacet
  facet normal -0 0 1
    outer loop
      vertex 64.5436 4.42459 18
      vertex 66.4837 3.62095 18
      vertex 64.7287 4.8 18
    endloop
  endfacet
  facet normal 0 0 1
    outer loop
      vertex 66.8304 2.32731 18
      vertex 65.552 0.661269 18
      vertex 65.9 0.428719 18
    endloop
  endfacet
  facet normal 0 0 1
    outer loop
      vertex 66.4837 3.62095 18
      vertex 64.5436 4.42459 18
      vertex 66.4375 3.4847 18
    endloop
  endfacet
  facet normal 0 0 1
    outer loop
      vertex 66.7222 2.42218 18
      vertex 65.2373 0.937258 18
      vertex 65.552 0.661269 18
    endloop
  endfacet
  facet normal -0 0 1
    outer loop
      vertex 64.409 4.02822 18
      vertex 66.4375 3.4847 18
      vertex 64.5436 4.42459 18
    endloop
  endfacet
  facet normal 0 0 1
    outer loop
      vertex 66.6273 2.53036 18
      vertex 64.9613 1.25196 18
      vertex 65.2373 0.937258 18
    endloop
  endfacet
  facet normal 0 0 1
    outer loop
      vertex 66.4375 3.4847 18
      vertex 64.409 4.02822 18
      vertex 66.4094 3.34358 18
    endloop
  endfacet
  facet normal 0 0 1
    outer loop
      vertex 66.5474 2.65 18
      vertex 64.7287 1.6 18
      vertex 64.9613 1.25196 18
    endloop
  endfacet
  facet normal -0 0 1
    outer loop
      vertex 64.3274 3.61768 18
      vertex 66.4094 3.34358 18
      vertex 64.409 4.02822 18
    endloop
  endfacet
  facet normal 0 0 1
    outer loop
      vertex 66.4837 2.77905 18
      vertex 64.5436 1.97541 18
      vertex 64.7287 1.6 18
    endloop
  endfacet
  facet normal 0 0 1
    outer loop
      vertex 66.4094 3.34358 18
      vertex 64.3274 3.61768 18
      vertex 66.4 3.2 18
    endloop
  endfacet
  facet normal 0 0 1
    outer loop
      vertex 66.4375 2.9153 18
      vertex 64.409 2.37178 18
      vertex 64.5436 1.97541 18
    endloop
  endfacet
  facet normal 0 0 1
    outer loop
      vertex 64.3 3.2 18
      vertex 66.4 3.2 18
      vertex 64.3274 3.61768 18
    endloop
  endfacet
  facet normal 0 0 1
    outer loop
      vertex 66.4094 3.05642 18
      vertex 64.3274 2.78232 18
      vertex 64.409 2.37178 18
    endloop
  endfacet
  facet normal 0 0 1
    outer loop
      vertex 66.4 3.2 18
      vertex 64.3 3.2 18
      vertex 64.3274 2.78232 18
    endloop
  endfacet
  facet normal 0.065389 -0.99786 0
    outer loop
      vertex 67.5 2.1 18
      vertex 67.6436 2.10941 20.39
      vertex 67.5 2.1 20.39
    endloop
  endfacet
  facet normal 0.065389 -0.99786 0
    outer loop
      vertex 67.6436 2.10941 20.39
      vertex 67.5 2.1 18
      vertex 67.6436 2.10941 18
    endloop
  endfacet
  facet normal 0.980746 0.195287 0
    outer loop
      vertex 68.5906 3.34358 20.39
      vertex 68.5625 3.4847 18
      vertex 68.5625 3.4847 20.39
    endloop
  endfacet
  facet normal 0.980746 0.195287 0
    outer loop
      vertex 68.5625 3.4847 18
      vertex 68.5906 3.34358 20.39
      vertex 68.5906 3.34358 18
    endloop
  endfacet
  facet normal 0.997864 0.0653289 0
    outer loop
      vertex 68.6 3.2 20.39
      vertex 68.5906 3.34358 18
      vertex 68.5906 3.34358 20.39
    endloop
  endfacet
  facet normal 0.997864 0.0653289 0
    outer loop
      vertex 68.5906 3.34358 18
      vertex 68.6 3.2 20.39
      vertex 68.6 3.2 18
    endloop
  endfacet
  facet normal 0.980746 -0.195287 0
    outer loop
      vertex 68.5625 2.9153 20.39
      vertex 68.5906 3.05642 18
      vertex 68.5906 3.05642 20.39
    endloop
  endfacet
  facet normal 0.980746 -0.195287 0
    outer loop
      vertex 68.5906 3.05642 18
      vertex 68.5625 2.9153 20.39
      vertex 68.5625 2.9153 18
    endloop
  endfacet
  facet normal -0.32133 0.946967 0
    outer loop
      vertex 67.2153 4.26252 18
      vertex 67.079 4.21627 20.39
      vertex 67.2153 4.26252 20.39
    endloop
  endfacet
  facet normal -0.32133 0.946967 0
    outer loop
      vertex 67.079 4.21627 20.39
      vertex 67.2153 4.26252 18
      vertex 67.079 4.21627 18
    endloop
  endfacet
  facet normal -0.442424 0.896806 0
    outer loop
      vertex 67.079 4.21627 18
      vertex 66.95 4.15263 20.39
      vertex 67.079 4.21627 20.39
    endloop
  endfacet
  facet normal -0.442424 0.896806 0
    outer loop
      vertex 66.95 4.15263 20.39
      vertex 67.079 4.21627 18
      vertex 66.95 4.15263 18
    endloop
  endfacet
  facet normal 0.947037 -0.321124 0
    outer loop
      vertex 68.5163 2.77905 20.39
      vertex 68.5625 2.9153 18
      vertex 68.5625 2.9153 20.39
    endloop
  endfacet
  facet normal 0.947037 -0.321124 0
    outer loop
      vertex 68.5625 2.9153 18
      vertex 68.5163 2.77905 20.39
      vertex 68.5163 2.77905 18
    endloop
  endfacet
  facet normal -0.442424 -0.896806 0
    outer loop
      vertex 66.95 2.24737 18
      vertex 67.079 2.18373 20.39
      vertex 66.95 2.24737 20.39
    endloop
  endfacet
  facet normal -0.442424 -0.896806 -0
    outer loop
      vertex 67.079 2.18373 20.39
      vertex 66.95 2.24737 18
      vertex 67.079 2.18373 18
    endloop
  endfacet
  facet normal -0.195113 -0.980781 0
    outer loop
      vertex 67.2153 2.13748 18
      vertex 67.3564 2.10941 20.39
      vertex 67.2153 2.13748 20.39
    endloop
  endfacet
  facet normal -0.195113 -0.980781 -0
    outer loop
      vertex 67.3564 2.10941 20.39
      vertex 67.2153 2.13748 18
      vertex 67.3564 2.10941 18
    endloop
  endfacet
  facet normal 0.442424 0.896806 -0
    outer loop
      vertex 68.05 4.15263 18
      vertex 67.921 4.21627 20.39
      vertex 68.05 4.15263 20.39
    endloop
  endfacet
  facet normal 0.442424 0.896806 0
    outer loop
      vertex 67.921 4.21627 20.39
      vertex 68.05 4.15263 18
      vertex 67.921 4.21627 18
    endloop
  endfacet
  facet normal -0.555694 0.831387 0
    outer loop
      vertex 66.95 4.15263 18
      vertex 66.8304 4.07269 20.39
      vertex 66.95 4.15263 20.39
    endloop
  endfacet
  facet normal -0.555694 0.831387 0
    outer loop
      vertex 66.8304 4.07269 20.39
      vertex 66.95 4.15263 18
      vertex 66.8304 4.07269 18
    endloop
  endfacet
  facet normal 0.896708 0.442622 0
    outer loop
      vertex 68.5163 3.62095 20.39
      vertex 68.4526 3.75 18
      vertex 68.4526 3.75 20.39
    endloop
  endfacet
  facet normal 0.896708 0.442622 0
    outer loop
      vertex 68.4526 3.75 18
      vertex 68.5163 3.62095 20.39
      vertex 68.5163 3.62095 18
    endloop
  endfacet
  facet normal -0.980746 0.195287 0
    outer loop
      vertex 66.4094 3.34358 18
      vertex 66.4375 3.4847 20.39
      vertex 66.4375 3.4847 18
    endloop
  endfacet
  facet normal -0.980746 0.195287 0
    outer loop
      vertex 66.4375 3.4847 20.39
      vertex 66.4094 3.34358 18
      vertex 66.4094 3.34358 20.39
    endloop
  endfacet
  facet normal 0.195113 -0.980781 0
    outer loop
      vertex 67.6436 2.10941 18
      vertex 67.7847 2.13748 20.39
      vertex 67.6436 2.10941 20.39
    endloop
  endfacet
  facet normal 0.195113 -0.980781 0
    outer loop
      vertex 67.7847 2.13748 20.39
      vertex 67.6436 2.10941 18
      vertex 67.7847 2.13748 18
    endloop
  endfacet
  facet normal 0.442424 -0.896806 0
    outer loop
      vertex 67.921 2.18373 18
      vertex 68.05 2.24737 20.39
      vertex 67.921 2.18373 20.39
    endloop
  endfacet
  facet normal 0.442424 -0.896806 0
    outer loop
      vertex 68.05 2.24737 20.39
      vertex 67.921 2.18373 18
      vertex 68.05 2.24737 18
    endloop
  endfacet
  facet normal 0.32133 -0.946967 0
    outer loop
      vertex 67.7847 2.13748 18
      vertex 67.921 2.18373 20.39
      vertex 67.7847 2.13748 20.39
    endloop
  endfacet
  facet normal 0.32133 -0.946967 0
    outer loop
      vertex 67.921 2.18373 20.39
      vertex 67.7847 2.13748 18
      vertex 67.921 2.18373 18
    endloop
  endfacet
  facet normal -0.997864 -0.0653289 0
    outer loop
      vertex 66.4094 3.05642 18
      vertex 66.4 3.2 20.39
      vertex 66.4 3.2 18
    endloop
  endfacet
  facet normal -0.997864 -0.0653289 0
    outer loop
      vertex 66.4 3.2 20.39
      vertex 66.4094 3.05642 18
      vertex 66.4094 3.05642 20.39
    endloop
  endfacet
  facet normal 0.555694 -0.831387 0
    outer loop
      vertex 68.05 2.24737 18
      vertex 68.1696 2.32731 20.39
      vertex 68.05 2.24737 20.39
    endloop
  endfacet
  facet normal 0.555694 -0.831387 0
    outer loop
      vertex 68.1696 2.32731 20.39
      vertex 68.05 2.24737 18
      vertex 68.1696 2.32731 18
    endloop
  endfacet
  facet normal 0.831601 0.555374 0
    outer loop
      vertex 68.4526 3.75 20.39
      vertex 68.3727 3.86964 18
      vertex 68.3727 3.86964 20.39
    endloop
  endfacet
  facet normal 0.831601 0.555374 0
    outer loop
      vertex 68.3727 3.86964 18
      vertex 68.4526 3.75 20.39
      vertex 68.4526 3.75 18
    endloop
  endfacet
  facet normal 0 0 1
    outer loop
      vertex 68.5906 3.34358 20.39
      vertex 68.5906 3.05642 20.39
      vertex 68.6 3.2 20.39
    endloop
  endfacet
  facet normal 0 0 1
    outer loop
      vertex 68.5625 3.4847 20.39
      vertex 68.5906 3.05642 20.39
      vertex 68.5906 3.34358 20.39
    endloop
  endfacet
  facet normal 0 0 1
    outer loop
      vertex 68.5625 3.4847 20.39
      vertex 68.5625 2.9153 20.39
      vertex 68.5906 3.05642 20.39
    endloop
  endfacet
  facet normal 0 0 1
    outer loop
      vertex 68.5163 3.62095 20.39
      vertex 68.5625 2.9153 20.39
      vertex 68.5625 3.4847 20.39
    endloop
  endfacet
  facet normal 0 0 1
    outer loop
      vertex 68.5163 3.62095 20.39
      vertex 68.5163 2.77905 20.39
      vertex 68.5625 2.9153 20.39
    endloop
  endfacet
  facet normal 0 0 1
    outer loop
      vertex 68.4526 3.75 20.39
      vertex 68.5163 2.77905 20.39
      vertex 68.5163 3.62095 20.39
    endloop
  endfacet
  facet normal 0 0 1
    outer loop
      vertex 68.4526 3.75 20.39
      vertex 68.4526 2.65 20.39
      vertex 68.5163 2.77905 20.39
    endloop
  endfacet
  facet normal 0 0 1
    outer loop
      vertex 68.3727 3.86964 20.39
      vertex 68.4526 2.65 20.39
      vertex 68.4526 3.75 20.39
    endloop
  endfacet
  facet normal 0 0 1
    outer loop
      vertex 68.3727 3.86964 20.39
      vertex 68.3727 2.53036 20.39
      vertex 68.4526 2.65 20.39
    endloop
  endfacet
  facet normal 0 0 1
    outer loop
      vertex 68.2778 3.97782 20.39
      vertex 68.3727 2.53036 20.39
      vertex 68.3727 3.86964 20.39
    endloop
  endfacet
  facet normal 0 0 1
    outer loop
      vertex 68.2778 3.97782 20.39
      vertex 68.2778 2.42218 20.39
      vertex 68.3727 2.53036 20.39
    endloop
  endfacet
  facet normal 0 0 1
    outer loop
      vertex 68.1696 4.07269 20.39
      vertex 68.2778 2.42218 20.39
      vertex 68.2778 3.97782 20.39
    endloop
  endfacet
  facet normal 0 0 1
    outer loop
      vertex 68.1696 4.07269 20.39
      vertex 68.1696 2.32731 20.39
      vertex 68.2778 2.42218 20.39
    endloop
  endfacet
  facet normal 0 0 1
    outer loop
      vertex 68.05 4.15263 20.39
      vertex 68.1696 2.32731 20.39
      vertex 68.1696 4.07269 20.39
    endloop
  endfacet
  facet normal 0 0 1
    outer loop
      vertex 68.05 4.15263 20.39
      vertex 68.05 2.24737 20.39
      vertex 68.1696 2.32731 20.39
    endloop
  endfacet
  facet normal 0 0 1
    outer loop
      vertex 67.921 4.21627 20.39
      vertex 68.05 2.24737 20.39
      vertex 68.05 4.15263 20.39
    endloop
  endfacet
  facet normal 0 0 1
    outer loop
      vertex 67.921 4.21627 20.39
      vertex 67.921 2.18373 20.39
      vertex 68.05 2.24737 20.39
    endloop
  endfacet
  facet normal 0 0 1
    outer loop
      vertex 67.7847 4.26252 20.39
      vertex 67.921 2.18373 20.39
      vertex 67.921 4.21627 20.39
    endloop
  endfacet
  facet normal 0 0 1
    outer loop
      vertex 67.7847 4.26252 20.39
      vertex 67.7847 2.13748 20.39
      vertex 67.921 2.18373 20.39
    endloop
  endfacet
  facet normal 0 0 1
    outer loop
      vertex 67.6436 4.29059 20.39
      vertex 67.7847 2.13748 20.39
      vertex 67.7847 4.26252 20.39
    endloop
  endfacet
  facet normal 0 0 1
    outer loop
      vertex 67.6436 4.29059 20.39
      vertex 67.6436 2.10941 20.39
      vertex 67.7847 2.13748 20.39
    endloop
  endfacet
  facet normal 0 0 1
    outer loop
      vertex 67.5 4.3 20.39
      vertex 67.6436 2.10941 20.39
      vertex 67.6436 4.29059 20.39
    endloop
  endfacet
  facet normal 0 0 1
    outer loop
      vertex 67.5 4.3 20.39
      vertex 67.5 2.1 20.39
      vertex 67.6436 2.10941 20.39
    endloop
  endfacet
  facet normal -0 0 1
    outer loop
      vertex 67.3564 4.29059 20.39
      vertex 67.5 2.1 20.39
      vertex 67.5 4.3 20.39
    endloop
  endfacet
  facet normal 0 0 1
    outer loop
      vertex 67.3564 4.29059 20.39
      vertex 67.3564 2.10941 20.39
      vertex 67.5 2.1 20.39
    endloop
  endfacet
  facet normal -0 0 1
    outer loop
      vertex 67.2153 4.26252 20.39
      vertex 67.3564 2.10941 20.39
      vertex 67.3564 4.29059 20.39
    endloop
  endfacet
  facet normal 0 0 1
    outer loop
      vertex 67.2153 4.26252 20.39
      vertex 67.2153 2.13748 20.39
      vertex 67.3564 2.10941 20.39
    endloop
  endfacet
  facet normal -0 0 1
    outer loop
      vertex 67.079 4.21627 20.39
      vertex 67.2153 2.13748 20.39
      vertex 67.2153 4.26252 20.39
    endloop
  endfacet
  facet normal 0 0 1
    outer loop
      vertex 67.079 4.21627 20.39
      vertex 67.079 2.18373 20.39
      vertex 67.2153 2.13748 20.39
    endloop
  endfacet
  facet normal -0 0 1
    outer loop
      vertex 66.95 4.15263 20.39
      vertex 67.079 2.18373 20.39
      vertex 67.079 4.21627 20.39
    endloop
  endfacet
  facet normal 0 0 1
    outer loop
      vertex 66.95 4.15263 20.39
      vertex 66.95 2.24737 20.39
      vertex 67.079 2.18373 20.39
    endloop
  endfacet
  facet normal -0 0 1
    outer loop
      vertex 66.8304 4.07269 20.39
      vertex 66.95 2.24737 20.39
      vertex 66.95 4.15263 20.39
    endloop
  endfacet
  facet normal 0 0 1
    outer loop
      vertex 66.8304 4.07269 20.39
      vertex 66.8304 2.32731 20.39
      vertex 66.95 2.24737 20.39
    endloop
  endfacet
  facet normal -0 0 1
    outer loop
      vertex 66.7222 3.97782 20.39
      vertex 66.8304 2.32731 20.39
      vertex 66.8304 4.07269 20.39
    endloop
  endfacet
  facet normal 0 0 1
    outer loop
      vertex 66.7222 3.97782 20.39
      vertex 66.7222 2.42218 20.39
      vertex 66.8304 2.32731 20.39
    endloop
  endfacet
  facet normal -0 0 1
    outer loop
      vertex 66.6273 3.86964 20.39
      vertex 66.7222 2.42218 20.39
      vertex 66.7222 3.97782 20.39
    endloop
  endfacet
  facet normal 0 0 1
    outer loop
      vertex 66.6273 3.86964 20.39
      vertex 66.6273 2.53036 20.39
      vertex 66.7222 2.42218 20.39
    endloop
  endfacet
  facet normal -0 0 1
    outer loop
      vertex 66.5474 3.75 20.39
      vertex 66.6273 2.53036 20.39
      vertex 66.6273 3.86964 20.39
    endloop
  endfacet
  facet normal 0 0 1
    outer loop
      vertex 66.5474 3.75 20.39
      vertex 66.5474 2.65 20.39
      vertex 66.6273 2.53036 20.39
    endloop
  endfacet
  facet normal -0 0 1
    outer loop
      vertex 66.4837 3.62095 20.39
      vertex 66.5474 2.65 20.39
      vertex 66.5474 3.75 20.39
    endloop
  endfacet
  facet normal 0 0 1
    outer loop
      vertex 66.4837 3.62095 20.39
      vertex 66.4837 2.77905 20.39
      vertex 66.5474 2.65 20.39
    endloop
  endfacet
  facet normal -0 0 1
    outer loop
      vertex 66.4375 3.4847 20.39
      vertex 66.4837 2.77905 20.39
      vertex 66.4837 3.62095 20.39
    endloop
  endfacet
  facet normal 0 0 1
    outer loop
      vertex 66.4375 3.4847 20.39
      vertex 66.4375 2.9153 20.39
      vertex 66.4837 2.77905 20.39
    endloop
  endfacet
  facet normal -0 0 1
    outer loop
      vertex 66.4094 3.34358 20.39
      vertex 66.4375 2.9153 20.39
      vertex 66.4375 3.4847 20.39
    endloop
  endfacet
  facet normal 0 0 1
    outer loop
      vertex 66.4094 3.34358 20.39
      vertex 66.4094 3.05642 20.39
      vertex 66.4375 2.9153 20.39
    endloop
  endfacet
  facet normal 0 -0 1
    outer loop
      vertex 66.4094 3.05642 20.39
      vertex 66.4094 3.34358 20.39
      vertex 66.4 3.2 20.39
    endloop
  endfacet
  facet normal 0.32133 0.946967 -0
    outer loop
      vertex 67.921 4.21627 18
      vertex 67.7847 4.26252 20.39
      vertex 67.921 4.21627 20.39
    endloop
  endfacet
  facet normal 0.32133 0.946967 0
    outer loop
      vertex 67.7847 4.26252 20.39
      vertex 67.921 4.21627 18
      vertex 67.7847 4.26252 18
    endloop
  endfacet
  facet normal -0.947037 0.321124 0
    outer loop
      vertex 66.4375 3.4847 18
      vertex 66.4837 3.62095 20.39
      vertex 66.4837 3.62095 18
    endloop
  endfacet
  facet normal -0.947037 0.321124 0
    outer loop
      vertex 66.4837 3.62095 20.39
      vertex 66.4375 3.4847 18
      vertex 66.4375 3.4847 20.39
    endloop
  endfacet
  facet normal 0.997864 -0.0653289 0
    outer loop
      vertex 68.5906 3.05642 20.39
      vertex 68.6 3.2 18
      vertex 68.6 3.2 20.39
    endloop
  endfacet
  facet normal 0.997864 -0.0653289 0
    outer loop
      vertex 68.6 3.2 18
      vertex 68.5906 3.05642 20.39
      vertex 68.5906 3.05642 18
    endloop
  endfacet
  facet normal 0.751741 0.659458 0
    outer loop
      vertex 68.3727 3.86964 20.39
      vertex 68.2778 3.97782 18
      vertex 68.2778 3.97782 20.39
    endloop
  endfacet
  facet normal 0.751741 0.659458 0
    outer loop
      vertex 68.2778 3.97782 18
      vertex 68.3727 3.86964 20.39
      vertex 68.3727 3.86964 18
    endloop
  endfacet
  facet normal 0.555694 0.831387 -0
    outer loop
      vertex 68.1696 4.07269 18
      vertex 68.05 4.15263 20.39
      vertex 68.1696 4.07269 20.39
    endloop
  endfacet
  facet normal 0.555694 0.831387 0
    outer loop
      vertex 68.05 4.15263 20.39
      vertex 68.1696 4.07269 18
      vertex 68.05 4.15263 18
    endloop
  endfacet
  facet normal 0.896708 -0.442622 0
    outer loop
      vertex 68.4526 2.65 20.39
      vertex 68.5163 2.77905 18
      vertex 68.5163 2.77905 20.39
    endloop
  endfacet
  facet normal 0.896708 -0.442622 0
    outer loop
      vertex 68.5163 2.77905 18
      vertex 68.4526 2.65 20.39
      vertex 68.4526 2.65 18
    endloop
  endfacet
  facet normal 0.831601 -0.555374 0
    outer loop
      vertex 68.3727 2.53036 20.39
      vertex 68.4526 2.65 18
      vertex 68.4526 2.65 20.39
    endloop
  endfacet
  facet normal 0.831601 -0.555374 0
    outer loop
      vertex 68.4526 2.65 18
      vertex 68.3727 2.53036 20.39
      vertex 68.3727 2.53036 18
    endloop
  endfacet
  facet normal -0.065389 0.99786 0
    outer loop
      vertex 67.5 4.3 18
      vertex 67.3564 4.29059 20.39
      vertex 67.5 4.3 20.39
    endloop
  endfacet
  facet normal -0.065389 0.99786 0
    outer loop
      vertex 67.3564 4.29059 20.39
      vertex 67.5 4.3 18
      vertex 67.3564 4.29059 18
    endloop
  endfacet
  facet normal -0.195113 0.980781 0
    outer loop
      vertex 67.3564 4.29059 18
      vertex 67.2153 4.26252 20.39
      vertex 67.3564 4.29059 20.39
    endloop
  endfacet
  facet normal -0.195113 0.980781 0
    outer loop
      vertex 67.2153 4.26252 20.39
      vertex 67.3564 4.29059 18
      vertex 67.2153 4.26252 18
    endloop
  endfacet
  facet normal -0.659272 -0.751905 0
    outer loop
      vertex 66.7222 2.42218 18
      vertex 66.8304 2.32731 20.39
      vertex 66.7222 2.42218 20.39
    endloop
  endfacet
  facet normal -0.659272 -0.751905 -0
    outer loop
      vertex 66.8304 2.32731 20.39
      vertex 66.7222 2.42218 18
      vertex 66.8304 2.32731 18
    endloop
  endfacet
  facet normal 0.659272 -0.751905 0
    outer loop
      vertex 68.1696 2.32731 18
      vertex 68.2778 2.42218 20.39
      vertex 68.1696 2.32731 20.39
    endloop
  endfacet
  facet normal 0.659272 -0.751905 0
    outer loop
      vertex 68.2778 2.42218 20.39
      vertex 68.1696 2.32731 18
      vertex 68.2778 2.42218 18
    endloop
  endfacet
  facet normal 0.659272 0.751905 -0
    outer loop
      vertex 68.2778 3.97782 18
      vertex 68.1696 4.07269 20.39
      vertex 68.2778 3.97782 20.39
    endloop
  endfacet
  facet normal 0.659272 0.751905 0
    outer loop
      vertex 68.1696 4.07269 20.39
      vertex 68.2778 3.97782 18
      vertex 68.1696 4.07269 18
    endloop
  endfacet
  facet normal -0.947037 -0.321124 0
    outer loop
      vertex 66.4837 2.77905 18
      vertex 66.4375 2.9153 20.39
      vertex 66.4375 2.9153 18
    endloop
  endfacet
  facet normal -0.947037 -0.321124 0
    outer loop
      vertex 66.4375 2.9153 20.39
      vertex 66.4837 2.77905 18
      vertex 66.4837 2.77905 20.39
    endloop
  endfacet
  facet normal -0.659272 0.751905 0
    outer loop
      vertex 66.8304 4.07269 18
      vertex 66.7222 3.97782 20.39
      vertex 66.8304 4.07269 20.39
    endloop
  endfacet
  facet normal -0.659272 0.751905 0
    outer loop
      vertex 66.7222 3.97782 20.39
      vertex 66.8304 4.07269 18
      vertex 66.7222 3.97782 18
    endloop
  endfacet
  facet normal -0.065389 -0.99786 0
    outer loop
      vertex 67.3564 2.10941 18
      vertex 67.5 2.1 20.39
      vertex 67.3564 2.10941 20.39
    endloop
  endfacet
  facet normal -0.065389 -0.99786 -0
    outer loop
      vertex 67.5 2.1 20.39
      vertex 67.3564 2.10941 18
      vertex 67.5 2.1 18
    endloop
  endfacet
  facet normal 0.947037 0.321124 0
    outer loop
      vertex 68.5625 3.4847 20.39
      vertex 68.5163 3.62095 18
      vertex 68.5163 3.62095 20.39
    endloop
  endfacet
  facet normal 0.947037 0.321124 0
    outer loop
      vertex 68.5163 3.62095 18
      vertex 68.5625 3.4847 20.39
      vertex 68.5625 3.4847 18
    endloop
  endfacet
  facet normal -0.831601 -0.555374 0
    outer loop
      vertex 66.6273 2.53036 18
      vertex 66.5474 2.65 20.39
      vertex 66.5474 2.65 18
    endloop
  endfacet
  facet normal -0.831601 -0.555374 0
    outer loop
      vertex 66.5474 2.65 20.39
      vertex 66.6273 2.53036 18
      vertex 66.6273 2.53036 20.39
    endloop
  endfacet
  facet normal 0.195113 0.980781 -0
    outer loop
      vertex 67.7847 4.26252 18
      vertex 67.6436 4.29059 20.39
      vertex 67.7847 4.26252 20.39
    endloop
  endfacet
  facet normal 0.195113 0.980781 0
    outer loop
      vertex 67.6436 4.29059 20.39
      vertex 67.7847 4.26252 18
      vertex 67.6436 4.29059 18
    endloop
  endfacet
  facet normal -0.555694 -0.831387 0
    outer loop
      vertex 66.8304 2.32731 18
      vertex 66.95 2.24737 20.39
      vertex 66.8304 2.32731 20.39
    endloop
  endfacet
  facet normal -0.555694 -0.831387 -0
    outer loop
      vertex 66.95 2.24737 20.39
      vertex 66.8304 2.32731 18
      vertex 66.95 2.24737 18
    endloop
  endfacet
  facet normal -0.980746 -0.195287 0
    outer loop
      vertex 66.4375 2.9153 18
      vertex 66.4094 3.05642 20.39
      vertex 66.4094 3.05642 18
    endloop
  endfacet
  facet normal -0.980746 -0.195287 0
    outer loop
      vertex 66.4094 3.05642 20.39
      vertex 66.4375 2.9153 18
      vertex 66.4375 2.9153 20.39
    endloop
  endfacet
  facet normal -0.32133 -0.946967 0
    outer loop
      vertex 67.079 2.18373 18
      vertex 67.2153 2.13748 20.39
      vertex 67.079 2.18373 20.39
    endloop
  endfacet
  facet normal -0.32133 -0.946967 -0
    outer loop
      vertex 67.2153 2.13748 20.39
      vertex 67.079 2.18373 18
      vertex 67.2153 2.13748 18
    endloop
  endfacet
  facet normal -0.831601 0.555374 0
    outer loop
      vertex 66.5474 3.75 18
      vertex 66.6273 3.86964 20.39
      vertex 66.6273 3.86964 18
    endloop
  endfacet
  facet normal -0.831601 0.555374 0
    outer loop
      vertex 66.6273 3.86964 20.39
      vertex 66.5474 3.75 18
      vertex 66.5474 3.75 20.39
    endloop
  endfacet
  facet normal -0.751741 0.659458 0
    outer loop
      vertex 66.6273 3.86964 18
      vertex 66.7222 3.97782 20.39
      vertex 66.7222 3.97782 18
    endloop
  endfacet
  facet normal -0.751741 0.659458 0
    outer loop
      vertex 66.7222 3.97782 20.39
      vertex 66.6273 3.86964 18
      vertex 66.6273 3.86964 20.39
    endloop
  endfacet
  facet normal 0.065389 0.99786 -0
    outer loop
      vertex 67.6436 4.29059 18
      vertex 67.5 4.3 20.39
      vertex 67.6436 4.29059 20.39
    endloop
  endfacet
  facet normal 0.065389 0.99786 0
    outer loop
      vertex 67.5 4.3 20.39
      vertex 67.6436 4.29059 18
      vertex 67.5 4.3 18
    endloop
  endfacet
  facet normal -0.997864 0.0653289 0
    outer loop
      vertex 66.4 3.2 18
      vertex 66.4094 3.34358 20.39
      vertex 66.4094 3.34358 18
    endloop
  endfacet
  facet normal -0.997864 0.0653289 0
    outer loop
      vertex 66.4094 3.34358 20.39
      vertex 66.4 3.2 18
      vertex 66.4 3.2 20.39
    endloop
  endfacet
  facet normal -0.751741 -0.659458 0
    outer loop
      vertex 66.7222 2.42218 18
      vertex 66.6273 2.53036 20.39
      vertex 66.6273 2.53036 18
    endloop
  endfacet
  facet normal -0.751741 -0.659458 0
    outer loop
      vertex 66.6273 2.53036 20.39
      vertex 66.7222 2.42218 18
      vertex 66.7222 2.42218 20.39
    endloop
  endfacet
  facet normal -0.896708 -0.442622 0
    outer loop
      vertex 66.5474 2.65 18
      vertex 66.4837 2.77905 20.39
      vertex 66.4837 2.77905 18
    endloop
  endfacet
  facet normal -0.896708 -0.442622 0
    outer loop
      vertex 66.4837 2.77905 20.39
      vertex 66.5474 2.65 18
      vertex 66.5474 2.65 20.39
    endloop
  endfacet
  facet normal 0.751741 -0.659458 0
    outer loop
      vertex 68.2778 2.42218 20.39
      vertex 68.3727 2.53036 18
      vertex 68.3727 2.53036 20.39
    endloop
  endfacet
  facet normal 0.751741 -0.659458 0
    outer loop
      vertex 68.3727 2.53036 18
      vertex 68.2778 2.42218 20.39
      vertex 68.2778 2.42218 18
    endloop
  endfacet
  facet normal -0.896708 0.442622 0
    outer loop
      vertex 66.4837 3.62095 18
      vertex 66.5474 3.75 20.39
      vertex 66.5474 3.75 18
    endloop
  endfacet
  facet normal -0.896708 0.442622 0
    outer loop
      vertex 66.5474 3.75 20.39
      vertex 66.4837 3.62095 18
      vertex 66.4837 3.62095 20.39
    endloop
  endfacet
  facet normal 0.980782 0.195105 0
    outer loop
      vertex 5.67262 87.2177 18
      vertex 5.59096 87.6282 2
      vertex 5.59096 87.6282 18
    endloop
  endfacet
  facet normal 0.980782 0.195105 0
    outer loop
      vertex 5.59096 87.6282 2
      vertex 5.67262 87.2177 18
      vertex 5.67262 87.2177 2
    endloop
  endfacet
  facet normal 0.997859 0.0654091 0
    outer loop
      vertex 5.7 86.8 18
      vertex 5.67262 87.2177 2
      vertex 5.67262 87.2177 18
    endloop
  endfacet
  facet normal 0.997859 0.0654091 0
    outer loop
      vertex 5.67262 87.2177 2
      vertex 5.7 86.8 18
      vertex 5.7 86.8 2
    endloop
  endfacet
  facet normal 0.89687 -0.442295 0
    outer loop
      vertex 5.27128 85.2 18
      vertex 5.45641 85.5754 2
      vertex 5.45641 85.5754 18
    endloop
  endfacet
  facet normal 0.89687 -0.442295 0
    outer loop
      vertex 5.45641 85.5754 2
      vertex 5.27128 85.2 18
      vertex 5.27128 85.2 2
    endloop
  endfacet
  facet normal -0.831443 0.55561 0
    outer loop
      vertex -0.271281 88.4 2
      vertex -0.0387306 88.748 18
      vertex -0.0387306 88.748 2
    endloop
  endfacet
  facet normal -0.831443 0.55561 0
    outer loop
      vertex -0.0387306 88.748 18
      vertex -0.271281 88.4 2
      vertex -0.271281 88.4 18
    endloop
  endfacet
  facet normal -0.194949 0.980813 0
    outer loop
      vertex 2.08232 89.9726 2
      vertex 1.67178 89.891 18
      vertex 2.08232 89.9726 18
    endloop
  endfacet
  facet normal -0.194949 0.980813 0
    outer loop
      vertex 1.67178 89.891 18
      vertex 2.08232 89.9726 2
      vertex 1.67178 89.891 2
    endloop
  endfacet
  facet normal 0.751833 0.659353 0
    outer loop
      vertex 5.03873 88.748 18
      vertex 4.76274 89.0627 2
      vertex 4.76274 89.0627 18
    endloop
  endfacet
  facet normal 0.751833 0.659353 0
    outer loop
      vertex 4.76274 89.0627 2
      vertex 5.03873 88.748 18
      vertex 5.03873 88.748 2
    endloop
  endfacet
  facet normal 0.194949 -0.980813 0
    outer loop
      vertex 2.91768 83.6274 2
      vertex 3.32822 83.709 18
      vertex 2.91768 83.6274 18
    endloop
  endfacet
  facet normal 0.194949 -0.980813 0
    outer loop
      vertex 3.32822 83.709 18
      vertex 2.91768 83.6274 2
      vertex 3.32822 83.709 2
    endloop
  endfacet
  facet normal -0.94693 -0.32144 0
    outer loop
      vertex -0.456414 85.5754 2
      vertex -0.5 85.7038 18
      vertex -0.5 85.7038 2
    endloop
  endfacet
  facet normal -0.94693 -0.32144 0
    outer loop
      vertex -0.5 85.7038 18
      vertex -0.456414 85.5754 2
      vertex -0.456414 85.5754 18
    endloop
  endfacet
  facet normal 0.831443 0.55561 0
    outer loop
      vertex 5.27128 88.4 18
      vertex 5.03873 88.748 2
      vertex 5.03873 88.748 18
    endloop
  endfacet
  facet normal 0.831443 0.55561 0
    outer loop
      vertex 5.03873 88.748 2
      vertex 5.27128 88.4 18
      vertex 5.27128 88.4 2
    endloop
  endfacet
  facet normal 0.194949 0.980813 -0
    outer loop
      vertex 3.32822 89.891 2
      vertex 2.91768 89.9726 18
      vertex 3.32822 89.891 18
    endloop
  endfacet
  facet normal 0.194949 0.980813 0
    outer loop
      vertex 2.91768 89.9726 18
      vertex 3.32822 89.891 2
      vertex 2.91768 89.9726 2
    endloop
  endfacet
  facet normal -0.0654598 -0.997855 0
    outer loop
      vertex 2.08232 83.6274 2
      vertex 2.5 83.6 18
      vertex 2.08232 83.6274 18
    endloop
  endfacet
  facet normal -0.0654598 -0.997855 -0
    outer loop
      vertex 2.5 83.6 18
      vertex 2.08232 83.6274 2
      vertex 2.5 83.6 2
    endloop
  endfacet
  facet normal 0.442228 -0.896903 0
    outer loop
      vertex 3.72459 83.8436 2
      vertex 4.1 84.0287 18
      vertex 3.72459 83.8436 18
    endloop
  endfacet
  facet normal 0.442228 -0.896903 0
    outer loop
      vertex 4.1 84.0287 18
      vertex 3.72459 83.8436 2
      vertex 4.1 84.0287 2
    endloop
  endfacet
  facet normal 0.946937 -0.321419 0
    outer loop
      vertex 5.45641 85.5754 18
      vertex 5.59096 85.9718 2
      vertex 5.59096 85.9718 18
    endloop
  endfacet
  facet normal 0.946937 -0.321419 0
    outer loop
      vertex 5.59096 85.9718 2
      vertex 5.45641 85.5754 18
      vertex 5.45641 85.5754 2
    endloop
  endfacet
  facet normal -0.94693 0.32144 0
    outer loop
      vertex -0.5 87.8962 2
      vertex -0.456414 88.0246 18
      vertex -0.456414 88.0246 2
    endloop
  endfacet
  facet normal -0.94693 0.32144 0
    outer loop
      vertex -0.456414 88.0246 18
      vertex -0.5 87.8962 2
      vertex -0.5 87.8962 18
    endloop
  endfacet
  facet normal 0.555648 -0.831418 0
    outer loop
      vertex 4.1 84.0287 2
      vertex 4.44804 84.2613 18
      vertex 4.1 84.0287 18
    endloop
  endfacet
  facet normal 0.555648 -0.831418 0
    outer loop
      vertex 4.44804 84.2613 18
      vertex 4.1 84.0287 2
      vertex 4.44804 84.2613 2
    endloop
  endfacet
  facet normal -0.896867 0.442301 0
    outer loop
      vertex -0.456414 88.0246 2
      vertex -0.271281 88.4 18
      vertex -0.271281 88.4 2
    endloop
  endfacet
  facet normal -0.896867 0.442301 0
    outer loop
      vertex -0.271281 88.4 18
      vertex -0.456414 88.0246 2
      vertex -0.456414 88.0246 18
    endloop
  endfacet
  facet normal 0.751833 -0.659353 0
    outer loop
      vertex 4.76274 84.5373 18
      vertex 5.03873 84.852 2
      vertex 5.03873 84.852 18
    endloop
  endfacet
  facet normal 0.751833 -0.659353 0
    outer loop
      vertex 5.03873 84.852 2
      vertex 4.76274 84.5373 18
      vertex 4.76274 84.5373 2
    endloop
  endfacet
  facet normal -0.831443 -0.55561 0
    outer loop
      vertex -0.0387306 84.852 2
      vertex -0.271281 85.2 18
      vertex -0.271281 85.2 2
    endloop
  endfacet
  facet normal -0.831443 -0.55561 0
    outer loop
      vertex -0.271281 85.2 18
      vertex -0.0387306 84.852 2
      vertex -0.0387306 84.852 18
    endloop
  endfacet
  facet normal 0.321548 -0.946893 0
    outer loop
      vertex 3.32822 83.709 2
      vertex 3.72459 83.8436 18
      vertex 3.32822 83.709 18
    endloop
  endfacet
  facet normal 0.321548 -0.946893 0
    outer loop
      vertex 3.72459 83.8436 18
      vertex 3.32822 83.709 2
      vertex 3.72459 83.8436 2
    endloop
  endfacet
  facet normal -0.896867 -0.442301 0
    outer loop
      vertex -0.271281 85.2 2
      vertex -0.456414 85.5754 18
      vertex -0.456414 85.5754 2
    endloop
  endfacet
  facet normal -0.896867 -0.442301 0
    outer loop
      vertex -0.456414 85.5754 18
      vertex -0.271281 85.2 2
      vertex -0.271281 85.2 18
    endloop
  endfacet
  facet normal -0.659361 0.751827 0
    outer loop
      vertex 0.551963 89.3387 2
      vertex 0.237258 89.0627 18
      vertex 0.551963 89.3387 18
    endloop
  endfacet
  facet normal -0.659361 0.751827 0
    outer loop
      vertex 0.237258 89.0627 18
      vertex 0.551963 89.3387 2
      vertex 0.237258 89.0627 2
    endloop
  endfacet
  facet normal -0.751835 -0.659351 0
    outer loop
      vertex 0.237258 84.5373 2
      vertex -0.0387306 84.852 18
      vertex -0.0387306 84.852 2
    endloop
  endfacet
  facet normal -0.751835 -0.659351 0
    outer loop
      vertex -0.0387306 84.852 18
      vertex 0.237258 84.5373 2
      vertex 0.237258 84.5373 18
    endloop
  endfacet
  facet normal -0.442228 -0.896903 0
    outer loop
      vertex 0.9 84.0287 2
      vertex 1.27541 83.8436 18
      vertex 0.9 84.0287 18
    endloop
  endfacet
  facet normal -0.442228 -0.896903 -0
    outer loop
      vertex 1.27541 83.8436 18
      vertex 0.9 84.0287 2
      vertex 1.27541 83.8436 2
    endloop
  endfacet
  facet normal 0.0654598 0.997855 -0
    outer loop
      vertex 2.91768 89.9726 2
      vertex 2.5 90 18
      vertex 2.91768 89.9726 18
    endloop
  endfacet
  facet normal 0.0654598 0.997855 0
    outer loop
      vertex 2.5 90 18
      vertex 2.91768 89.9726 2
      vertex 2.5 90 2
    endloop
  endfacet
  facet normal 0.0654598 -0.997855 0
    outer loop
      vertex 2.5 83.6 2
      vertex 2.91768 83.6274 18
      vertex 2.5 83.6 18
    endloop
  endfacet
  facet normal 0.0654598 -0.997855 0
    outer loop
      vertex 2.91768 83.6274 18
      vertex 2.5 83.6 2
      vertex 2.91768 83.6274 2
    endloop
  endfacet
  facet normal 0.659367 0.751821 -0
    outer loop
      vertex 4.76274 89.0627 2
      vertex 4.44804 89.3387 18
      vertex 4.76274 89.0627 18
    endloop
  endfacet
  facet normal 0.659367 0.751821 0
    outer loop
      vertex 4.44804 89.3387 18
      vertex 4.76274 89.0627 2
      vertex 4.44804 89.3387 2
    endloop
  endfacet
  facet normal 0.997859 -0.0654091 0
    outer loop
      vertex 5.67262 86.3823 18
      vertex 5.7 86.8 2
      vertex 5.7 86.8 18
    endloop
  endfacet
  facet normal 0.997859 -0.0654091 0
    outer loop
      vertex 5.7 86.8 2
      vertex 5.67262 86.3823 18
      vertex 5.67262 86.3823 2
    endloop
  endfacet
  facet normal 0.831443 -0.55561 0
    outer loop
      vertex 5.03873 84.852 18
      vertex 5.27128 85.2 2
      vertex 5.27128 85.2 18
    endloop
  endfacet
  facet normal 0.831443 -0.55561 0
    outer loop
      vertex 5.27128 85.2 2
      vertex 5.03873 84.852 18
      vertex 5.03873 84.852 2
    endloop
  endfacet
  facet normal 0.980782 -0.195105 0
    outer loop
      vertex 5.59096 85.9718 18
      vertex 5.67262 86.3823 2
      vertex 5.67262 86.3823 18
    endloop
  endfacet
  facet normal 0.980782 -0.195105 0
    outer loop
      vertex 5.67262 86.3823 2
      vertex 5.59096 85.9718 18
      vertex 5.59096 85.9718 2
    endloop
  endfacet
  facet normal -0.321548 0.946893 0
    outer loop
      vertex 1.67178 89.891 2
      vertex 1.27541 89.7564 18
      vertex 1.67178 89.891 18
    endloop
  endfacet
  facet normal -0.321548 0.946893 0
    outer loop
      vertex 1.27541 89.7564 18
      vertex 1.67178 89.891 2
      vertex 1.27541 89.7564 2
    endloop
  endfacet
  facet normal -0.659361 -0.751827 0
    outer loop
      vertex 0.237258 84.5373 2
      vertex 0.551963 84.2613 18
      vertex 0.237258 84.5373 18
    endloop
  endfacet
  facet normal -0.659361 -0.751827 -0
    outer loop
      vertex 0.551963 84.2613 18
      vertex 0.237258 84.5373 2
      vertex 0.551963 84.2613 2
    endloop
  endfacet
  facet normal -0.555651 0.831415 0
    outer loop
      vertex 0.9 89.5713 2
      vertex 0.551963 89.3387 18
      vertex 0.9 89.5713 18
    endloop
  endfacet
  facet normal -0.555651 0.831415 0
    outer loop
      vertex 0.551963 89.3387 18
      vertex 0.9 89.5713 2
      vertex 0.551963 89.3387 2
    endloop
  endfacet
  facet normal 0.555648 0.831418 -0
    outer loop
      vertex 4.44804 89.3387 2
      vertex 4.1 89.5713 18
      vertex 4.44804 89.3387 18
    endloop
  endfacet
  facet normal 0.555648 0.831418 0
    outer loop
      vertex 4.1 89.5713 18
      vertex 4.44804 89.3387 2
      vertex 4.1 89.5713 2
    endloop
  endfacet
  facet normal 0.89687 0.442295 0
    outer loop
      vertex 5.45641 88.0246 18
      vertex 5.27128 88.4 2
      vertex 5.27128 88.4 18
    endloop
  endfacet
  facet normal 0.89687 0.442295 0
    outer loop
      vertex 5.27128 88.4 2
      vertex 5.45641 88.0246 18
      vertex 5.45641 88.0246 2
    endloop
  endfacet
  facet normal 0.442228 0.896903 -0
    outer loop
      vertex 4.1 89.5713 2
      vertex 3.72459 89.7564 18
      vertex 4.1 89.5713 18
    endloop
  endfacet
  facet normal 0.442228 0.896903 0
    outer loop
      vertex 3.72459 89.7564 18
      vertex 4.1 89.5713 2
      vertex 3.72459 89.7564 2
    endloop
  endfacet
  facet normal 0.321548 0.946893 -0
    outer loop
      vertex 3.72459 89.7564 2
      vertex 3.32822 89.891 18
      vertex 3.72459 89.7564 18
    endloop
  endfacet
  facet normal 0.321548 0.946893 0
    outer loop
      vertex 3.32822 89.891 18
      vertex 3.72459 89.7564 2
      vertex 3.32822 89.891 2
    endloop
  endfacet
  facet normal -0.194949 -0.980813 0
    outer loop
      vertex 1.67178 83.709 2
      vertex 2.08232 83.6274 18
      vertex 1.67178 83.709 18
    endloop
  endfacet
  facet normal -0.194949 -0.980813 -0
    outer loop
      vertex 2.08232 83.6274 18
      vertex 1.67178 83.709 2
      vertex 2.08232 83.6274 2
    endloop
  endfacet
  facet normal -0.442228 0.896903 0
    outer loop
      vertex 1.27541 89.7564 2
      vertex 0.9 89.5713 18
      vertex 1.27541 89.7564 18
    endloop
  endfacet
  facet normal -0.442228 0.896903 0
    outer loop
      vertex 0.9 89.5713 18
      vertex 1.27541 89.7564 2
      vertex 0.9 89.5713 2
    endloop
  endfacet
  facet normal 0.946937 0.321419 0
    outer loop
      vertex 5.59096 87.6282 18
      vertex 5.45641 88.0246 2
      vertex 5.45641 88.0246 18
    endloop
  endfacet
  facet normal 0.946937 0.321419 0
    outer loop
      vertex 5.45641 88.0246 2
      vertex 5.59096 87.6282 18
      vertex 5.59096 87.6282 2
    endloop
  endfacet
  facet normal -0.0654598 0.997855 0
    outer loop
      vertex 2.5 90 2
      vertex 2.08232 89.9726 18
      vertex 2.5 90 18
    endloop
  endfacet
  facet normal -0.0654598 0.997855 0
    outer loop
      vertex 2.08232 89.9726 18
      vertex 2.5 90 2
      vertex 2.08232 89.9726 2
    endloop
  endfacet
  facet normal 0.659367 -0.751821 0
    outer loop
      vertex 4.44804 84.2613 2
      vertex 4.76274 84.5373 18
      vertex 4.44804 84.2613 18
    endloop
  endfacet
  facet normal 0.659367 -0.751821 0
    outer loop
      vertex 4.76274 84.5373 18
      vertex 4.44804 84.2613 2
      vertex 4.76274 84.5373 2
    endloop
  endfacet
  facet normal -0.321548 -0.946893 0
    outer loop
      vertex 1.27541 83.8436 2
      vertex 1.67178 83.709 18
      vertex 1.27541 83.8436 18
    endloop
  endfacet
  facet normal -0.321548 -0.946893 -0
    outer loop
      vertex 1.67178 83.709 18
      vertex 1.27541 83.8436 2
      vertex 1.67178 83.709 2
    endloop
  endfacet
  facet normal 0 0 1
    outer loop
      vertex 3.6 86.8 18
      vertex 5.7 86.8 18
      vertex 5.67262 87.2177 18
    endloop
  endfacet
  facet normal 0 0 1
    outer loop
      vertex 3.59059 86.9436 18
      vertex 5.67262 87.2177 18
      vertex 5.59096 87.6282 18
    endloop
  endfacet
  facet normal 0 0 1
    outer loop
      vertex 5.7 86.8 18
      vertex 3.6 86.8 18
      vertex 5.67262 86.3823 18
    endloop
  endfacet
  facet normal 0 0 1
    outer loop
      vertex 3.56252 87.0847 18
      vertex 5.59096 87.6282 18
      vertex 5.45641 88.0246 18
    endloop
  endfacet
  facet normal -0 0 1
    outer loop
      vertex 3.59059 86.6564 18
      vertex 5.67262 86.3823 18
      vertex 3.6 86.8 18
    endloop
  endfacet
  facet normal 0 0 1
    outer loop
      vertex 3.51627 87.2209 18
      vertex 5.45641 88.0246 18
      vertex 5.27128 88.4 18
    endloop
  endfacet
  facet normal 0 0 1
    outer loop
      vertex 5.67262 86.3823 18
      vertex 3.59059 86.6564 18
      vertex 5.59096 85.9718 18
    endloop
  endfacet
  facet normal 0 0 1
    outer loop
      vertex 3.45263 87.35 18
      vertex 5.27128 88.4 18
      vertex 5.03873 88.748 18
    endloop
  endfacet
  facet normal -0 0 1
    outer loop
      vertex 3.56252 86.5153 18
      vertex 5.59096 85.9718 18
      vertex 3.59059 86.6564 18
    endloop
  endfacet
  facet normal 0 0 1
    outer loop
      vertex 3.37269 87.4696 18
      vertex 5.03873 88.748 18
      vertex 4.76274 89.0627 18
    endloop
  endfacet
  facet normal 0 0 1
    outer loop
      vertex 5.59096 85.9718 18
      vertex 3.56252 86.5153 18
      vertex 5.45641 85.5754 18
    endloop
  endfacet
  facet normal 0 0 1
    outer loop
      vertex 3.27782 87.5778 18
      vertex 4.76274 89.0627 18
      vertex 4.44804 89.3387 18
    endloop
  endfacet
  facet normal -0 0 1
    outer loop
      vertex 3.51627 86.379 18
      vertex 5.45641 85.5754 18
      vertex 3.56252 86.5153 18
    endloop
  endfacet
  facet normal 0 0 1
    outer loop
      vertex 3.16964 87.6727 18
      vertex 4.44804 89.3387 18
      vertex 4.1 89.5713 18
    endloop
  endfacet
  facet normal 0 0 1
    outer loop
      vertex 5.45641 85.5754 18
      vertex 3.51627 86.379 18
      vertex 5.27128 85.2 18
    endloop
  endfacet
  facet normal 0 0 1
    outer loop
      vertex 3.05 87.7526 18
      vertex 4.1 89.5713 18
      vertex 3.72459 89.7564 18
    endloop
  endfacet
  facet normal -0 0 1
    outer loop
      vertex 3.45263 86.25 18
      vertex 5.27128 85.2 18
      vertex 3.51627 86.379 18
    endloop
  endfacet
  facet normal 0 0 1
    outer loop
      vertex 5.27128 85.2 18
      vertex 3.45263 86.25 18
      vertex 5.03873 84.852 18
    endloop
  endfacet
  facet normal 0 0 1
    outer loop
      vertex 5.67262 87.2177 18
      vertex 3.59059 86.9436 18
      vertex 3.6 86.8 18
    endloop
  endfacet
  facet normal 0 0 1
    outer loop
      vertex 5.59096 87.6282 18
      vertex 3.56252 87.0847 18
      vertex 3.59059 86.9436 18
    endloop
  endfacet
  facet normal 0 0 1
    outer loop
      vertex 5.45641 88.0246 18
      vertex 3.51627 87.2209 18
      vertex 3.56252 87.0847 18
    endloop
  endfacet
  facet normal 0 0 1
    outer loop
      vertex 5.27128 88.4 18
      vertex 3.45263 87.35 18
      vertex 3.51627 87.2209 18
    endloop
  endfacet
  facet normal 0 0 1
    outer loop
      vertex 5.03873 88.748 18
      vertex 3.37269 87.4696 18
      vertex 3.45263 87.35 18
    endloop
  endfacet
  facet normal 0 0 1
    outer loop
      vertex 2.92095 87.8163 18
      vertex 3.72459 89.7564 18
      vertex 3.32822 89.891 18
    endloop
  endfacet
  facet normal 0 0 1
    outer loop
      vertex 4.76274 89.0627 18
      vertex 3.27782 87.5778 18
      vertex 3.37269 87.4696 18
    endloop
  endfacet
  facet normal 0 0 1
    outer loop
      vertex 4.44804 89.3387 18
      vertex 3.16964 87.6727 18
      vertex 3.27782 87.5778 18
    endloop
  endfacet
  facet normal 0 0 1
    outer loop
      vertex 4.1 89.5713 18
      vertex 3.05 87.7526 18
      vertex 3.16964 87.6727 18
    endloop
  endfacet
  facet normal 0 0 1
    outer loop
      vertex 3.72459 89.7564 18
      vertex 2.92095 87.8163 18
      vertex 3.05 87.7526 18
    endloop
  endfacet
  facet normal 0 0 1
    outer loop
      vertex 2.7847 87.8625 18
      vertex 3.32822 89.891 18
      vertex 2.91768 89.9726 18
    endloop
  endfacet
  facet normal 0 0 1
    outer loop
      vertex 3.32822 89.891 18
      vertex 2.7847 87.8625 18
      vertex 2.92095 87.8163 18
    endloop
  endfacet
  facet normal 0 0 1
    outer loop
      vertex 2.91768 89.9726 18
      vertex 2.64358 87.8906 18
      vertex 2.7847 87.8625 18
    endloop
  endfacet
  facet normal 0 0 1
    outer loop
      vertex 2.5 90 18
      vertex 2.64358 87.8906 18
      vertex 2.91768 89.9726 18
    endloop
  endfacet
  facet normal 0 0 1
    outer loop
      vertex 2.5 90 18
      vertex 2.5 87.9 18
      vertex 2.64358 87.8906 18
    endloop
  endfacet
  facet normal 0 0 1
    outer loop
      vertex 2.5 90 18
      vertex 2.35642 87.8906 18
      vertex 2.5 87.9 18
    endloop
  endfacet
  facet normal -0 0 1
    outer loop
      vertex 2.08232 89.9726 18
      vertex 2.35642 87.8906 18
      vertex 2.5 90 18
    endloop
  endfacet
  facet normal 0 0 1
    outer loop
      vertex 2.35642 87.8906 18
      vertex 2.08232 89.9726 18
      vertex 2.2153 87.8625 18
    endloop
  endfacet
  facet normal -0 0 1
    outer loop
      vertex 1.67178 89.891 18
      vertex 2.2153 87.8625 18
      vertex 2.08232 89.9726 18
    endloop
  endfacet
  facet normal 0 0 1
    outer loop
      vertex 2.2153 87.8625 18
      vertex 1.67178 89.891 18
      vertex 2.07905 87.8163 18
    endloop
  endfacet
  facet normal -0 0 1
    outer loop
      vertex 1.27541 89.7564 18
      vertex 2.07905 87.8163 18
      vertex 1.67178 89.891 18
    endloop
  endfacet
  facet normal 0 0 1
    outer loop
      vertex 2.07905 87.8163 18
      vertex 1.27541 89.7564 18
      vertex 1.95 87.7526 18
    endloop
  endfacet
  facet normal -0 0 1
    outer loop
      vertex 0.9 89.5713 18
      vertex 1.95 87.7526 18
      vertex 1.27541 89.7564 18
    endloop
  endfacet
  facet normal 0 0 1
    outer loop
      vertex 1.95 87.7526 18
      vertex 0.9 89.5713 18
      vertex 1.83036 87.6727 18
    endloop
  endfacet
  facet normal -0 0 1
    outer loop
      vertex 0.551963 89.3387 18
      vertex 1.83036 87.6727 18
      vertex 0.9 89.5713 18
    endloop
  endfacet
  facet normal 0 0 1
    outer loop
      vertex 1.83036 87.6727 18
      vertex 0.551963 89.3387 18
      vertex 1.72218 87.5778 18
    endloop
  endfacet
  facet normal -0 0 1
    outer loop
      vertex 0.237258 89.0627 18
      vertex 1.72218 87.5778 18
      vertex 0.551963 89.3387 18
    endloop
  endfacet
  facet normal 0 0 1
    outer loop
      vertex 1.72218 87.5778 18
      vertex 0.237258 89.0627 18
      vertex 1.62731 87.4696 18
    endloop
  endfacet
  facet normal 0 0 1
    outer loop
      vertex 1.62731 87.4696 18
      vertex -0.0387306 88.748 18
      vertex 1.54737 87.35 18
    endloop
  endfacet
  facet normal -0 0 1
    outer loop
      vertex -0.0387306 88.748 18
      vertex 1.62731 87.4696 18
      vertex 0.237258 89.0627 18
    endloop
  endfacet
  facet normal -0 0 1
    outer loop
      vertex 3.37269 86.1304 18
      vertex 5.03873 84.852 18
      vertex 3.45263 86.25 18
    endloop
  endfacet
  facet normal 0 0 1
    outer loop
      vertex 5.03873 84.852 18
      vertex 3.37269 86.1304 18
      vertex 4.76274 84.5373 18
    endloop
  endfacet
  facet normal -0 0 1
    outer loop
      vertex 3.27782 86.0222 18
      vertex 4.76274 84.5373 18
      vertex 3.37269 86.1304 18
    endloop
  endfacet
  facet normal 0 0 1
    outer loop
      vertex 4.76274 84.5373 18
      vertex 3.27782 86.0222 18
      vertex 4.44804 84.2613 18
    endloop
  endfacet
  facet normal -0 0 1
    outer loop
      vertex 3.16964 85.9273 18
      vertex 4.44804 84.2613 18
      vertex 3.27782 86.0222 18
    endloop
  endfacet
  facet normal 0 0 1
    outer loop
      vertex 4.44804 84.2613 18
      vertex 3.16964 85.9273 18
      vertex 4.1 84.0287 18
    endloop
  endfacet
  facet normal -0 0 1
    outer loop
      vertex 3.05 85.8474 18
      vertex 4.1 84.0287 18
      vertex 3.16964 85.9273 18
    endloop
  endfacet
  facet normal 0 0 1
    outer loop
      vertex 4.1 84.0287 18
      vertex 3.05 85.8474 18
      vertex 3.72459 83.8436 18
    endloop
  endfacet
  facet normal -0 0 1
    outer loop
      vertex 2.92095 85.7837 18
      vertex 3.72459 83.8436 18
      vertex 3.05 85.8474 18
    endloop
  endfacet
  facet normal 0 0 1
    outer loop
      vertex 3.72459 83.8436 18
      vertex 2.92095 85.7837 18
      vertex 3.32822 83.709 18
    endloop
  endfacet
  facet normal -0 0 1
    outer loop
      vertex 2.7847 85.7375 18
      vertex 3.32822 83.709 18
      vertex 2.92095 85.7837 18
    endloop
  endfacet
  facet normal 0 0 1
    outer loop
      vertex 3.32822 83.709 18
      vertex 2.7847 85.7375 18
      vertex 2.91768 83.6274 18
    endloop
  endfacet
  facet normal -0 0 1
    outer loop
      vertex 2.64358 85.7094 18
      vertex 2.91768 83.6274 18
      vertex 2.7847 85.7375 18
    endloop
  endfacet
  facet normal -0 0 1
    outer loop
      vertex 2.5 85.7 18
      vertex 2.91768 83.6274 18
      vertex 2.64358 85.7094 18
    endloop
  endfacet
  facet normal 0 0 1
    outer loop
      vertex 2.5 85.7 18
      vertex 2.5 83.6 18
      vertex 2.91768 83.6274 18
    endloop
  endfacet
  facet normal 0 0 1
    outer loop
      vertex 2.35642 85.7094 18
      vertex 2.5 83.6 18
      vertex 2.5 85.7 18
    endloop
  endfacet
  facet normal 0 0 1
    outer loop
      vertex 2.08232 83.6274 18
      vertex 2.35642 85.7094 18
      vertex 2.2153 85.7375 18
    endloop
  endfacet
  facet normal 0 0 1
    outer loop
      vertex 2.35642 85.7094 18
      vertex 2.08232 83.6274 18
      vertex 2.5 83.6 18
    endloop
  endfacet
  facet normal 0 0 1
    outer loop
      vertex 1.67178 83.709 18
      vertex 2.2153 85.7375 18
      vertex 2.07905 85.7837 18
    endloop
  endfacet
  facet normal 0 0 1
    outer loop
      vertex 1.27541 83.8436 18
      vertex 2.07905 85.7837 18
      vertex 1.95 85.8474 18
    endloop
  endfacet
  facet normal 0 0 1
    outer loop
      vertex 0.9 84.0287 18
      vertex 1.95 85.8474 18
      vertex 1.83036 85.9273 18
    endloop
  endfacet
  facet normal 0 0 1
    outer loop
      vertex 0.551963 84.2613 18
      vertex 1.83036 85.9273 18
      vertex 1.72218 86.0222 18
    endloop
  endfacet
  facet normal 0 0 1
    outer loop
      vertex 2.2153 85.7375 18
      vertex 1.67178 83.709 18
      vertex 2.08232 83.6274 18
    endloop
  endfacet
  facet normal 0 0 1
    outer loop
      vertex 0.237258 84.5373 18
      vertex 1.72218 86.0222 18
      vertex 1.62731 86.1304 18
    endloop
  endfacet
  facet normal 0 0 1
    outer loop
      vertex -0.0387306 84.852 18
      vertex 1.62731 86.1304 18
      vertex 1.54737 86.25 18
    endloop
  endfacet
  facet normal 0 0 1
    outer loop
      vertex -0.271281 85.2 18
      vertex 1.54737 86.25 18
      vertex 1.48373 86.379 18
    endloop
  endfacet
  facet normal 0 0 1
    outer loop
      vertex -0.5 85.7038 18
      vertex 1.48373 86.379 18
      vertex 1.43748 86.5153 18
    endloop
  endfacet
  facet normal 0 0 1
    outer loop
      vertex -0.5 85.7038 18
      vertex 1.43748 86.5153 18
      vertex 1.40941 86.6564 18
    endloop
  endfacet
  facet normal 0 0 1
    outer loop
      vertex 2.07905 85.7837 18
      vertex 1.27541 83.8436 18
      vertex 1.67178 83.709 18
    endloop
  endfacet
  facet normal 0 0 1
    outer loop
      vertex -0.5 85.7038 18
      vertex 1.40941 86.6564 18
      vertex 1.4 86.8 18
    endloop
  endfacet
  facet normal -0 0 1
    outer loop
      vertex -0.271281 88.4 18
      vertex 1.54737 87.35 18
      vertex -0.0387306 88.748 18
    endloop
  endfacet
  facet normal 0 0 1
    outer loop
      vertex 1.54737 87.35 18
      vertex -0.271281 88.4 18
      vertex 1.48373 87.2209 18
    endloop
  endfacet
  facet normal 0 0 1
    outer loop
      vertex 1.95 85.8474 18
      vertex 0.9 84.0287 18
      vertex 1.27541 83.8436 18
    endloop
  endfacet
  facet normal -0 0 1
    outer loop
      vertex -0.456414 88.0246 18
      vertex 1.48373 87.2209 18
      vertex -0.271281 88.4 18
    endloop
  endfacet
  facet normal 0 0 1
    outer loop
      vertex 1.83036 85.9273 18
      vertex 0.551963 84.2613 18
      vertex 0.9 84.0287 18
    endloop
  endfacet
  facet normal -0 0 1
    outer loop
      vertex -0.5 87.8962 18
      vertex 1.48373 87.2209 18
      vertex -0.456414 88.0246 18
    endloop
  endfacet
  facet normal 0 0 1
    outer loop
      vertex 1.72218 86.0222 18
      vertex 0.237258 84.5373 18
      vertex 0.551963 84.2613 18
    endloop
  endfacet
  facet normal 0 0 1
    outer loop
      vertex 1.48373 87.2209 18
      vertex -0.5 87.8962 18
      vertex 1.43748 87.0847 18
    endloop
  endfacet
  facet normal 0 0 1
    outer loop
      vertex 1.62731 86.1304 18
      vertex -0.0387306 84.852 18
      vertex 0.237258 84.5373 18
    endloop
  endfacet
  facet normal 0 0 1
    outer loop
      vertex 1.43748 87.0847 18
      vertex -0.5 87.8962 18
      vertex 1.40941 86.9436 18
    endloop
  endfacet
  facet normal 0 0 1
    outer loop
      vertex -0.5 85.7038 18
      vertex 1.4 86.8 18
      vertex -0.5 87.8962 18
    endloop
  endfacet
  facet normal 0 0 1
    outer loop
      vertex 1.40941 86.9436 18
      vertex -0.5 87.8962 18
      vertex 1.4 86.8 18
    endloop
  endfacet
  facet normal 0 0 1
    outer loop
      vertex 1.48373 86.379 18
      vertex -0.5 85.7038 18
      vertex -0.456414 85.5754 18
    endloop
  endfacet
  facet normal 0 0 1
    outer loop
      vertex 1.54737 86.25 18
      vertex -0.271281 85.2 18
      vertex -0.0387306 84.852 18
    endloop
  endfacet
  facet normal 0 0 1
    outer loop
      vertex 1.48373 86.379 18
      vertex -0.456414 85.5754 18
      vertex -0.271281 85.2 18
    endloop
  endfacet
  facet normal -0.555651 -0.831415 0
    outer loop
      vertex 0.551963 84.2613 2
      vertex 0.9 84.0287 18
      vertex 0.551963 84.2613 18
    endloop
  endfacet
  facet normal -0.555651 -0.831415 -0
    outer loop
      vertex 0.9 84.0287 18
      vertex 0.551963 84.2613 2
      vertex 0.9 84.0287 2
    endloop
  endfacet
  facet normal -0.751835 0.659351 0
    outer loop
      vertex -0.0387306 88.748 2
      vertex 0.237258 89.0627 18
      vertex 0.237258 89.0627 2
    endloop
  endfacet
  facet normal -0.751835 0.659351 0
    outer loop
      vertex 0.237258 89.0627 18
      vertex -0.0387306 88.748 2
      vertex -0.0387306 88.748 18
    endloop
  endfacet
  facet normal 0.980781 0.195113 0
    outer loop
      vertex 3.59059 86.9436 20.39
      vertex 3.56252 87.0847 18
      vertex 3.56252 87.0847 20.39
    endloop
  endfacet
  facet normal 0.980781 0.195113 0
    outer loop
      vertex 3.56252 87.0847 18
      vertex 3.59059 86.9436 20.39
      vertex 3.59059 86.9436 18
    endloop
  endfacet
  facet normal 0.99786 0.065389 0
    outer loop
      vertex 3.6 86.8 20.39
      vertex 3.59059 86.9436 18
      vertex 3.59059 86.9436 20.39
    endloop
  endfacet
  facet normal 0.99786 0.065389 0
    outer loop
      vertex 3.59059 86.9436 18
      vertex 3.6 86.8 20.39
      vertex 3.6 86.8 18
    endloop
  endfacet
  facet normal 0.980781 -0.195113 0
    outer loop
      vertex 3.56252 86.5153 20.39
      vertex 3.59059 86.6564 18
      vertex 3.59059 86.6564 20.39
    endloop
  endfacet
  facet normal 0.980781 -0.195113 0
    outer loop
      vertex 3.59059 86.6564 18
      vertex 3.56252 86.5153 20.39
      vertex 3.56252 86.5153 18
    endloop
  endfacet
  facet normal -0.99786 -0.065389 0
    outer loop
      vertex 1.40941 86.6564 18
      vertex 1.4 86.8 20.39
      vertex 1.4 86.8 18
    endloop
  endfacet
  facet normal -0.99786 -0.065389 0
    outer loop
      vertex 1.4 86.8 20.39
      vertex 1.40941 86.6564 18
      vertex 1.40941 86.6564 20.39
    endloop
  endfacet
  facet normal -0.751905 0.659272 0
    outer loop
      vertex 1.62731 87.4696 18
      vertex 1.72218 87.5778 20.39
      vertex 1.72218 87.5778 18
    endloop
  endfacet
  facet normal -0.751905 0.659272 0
    outer loop
      vertex 1.72218 87.5778 20.39
      vertex 1.62731 87.4696 18
      vertex 1.62731 87.4696 20.39
    endloop
  endfacet
  facet normal 0.555374 -0.831601 0
    outer loop
      vertex 3.05 85.8474 18
      vertex 3.16964 85.9273 20.39
      vertex 3.05 85.8474 20.39
    endloop
  endfacet
  facet normal 0.555374 -0.831601 0
    outer loop
      vertex 3.16964 85.9273 20.39
      vertex 3.05 85.8474 18
      vertex 3.16964 85.9273 18
    endloop
  endfacet
  facet normal 0.831387 0.555694 0
    outer loop
      vertex 3.45263 87.35 20.39
      vertex 3.37269 87.4696 18
      vertex 3.37269 87.4696 20.39
    endloop
  endfacet
  facet normal 0.831387 0.555694 0
    outer loop
      vertex 3.37269 87.4696 18
      vertex 3.45263 87.35 20.39
      vertex 3.45263 87.35 18
    endloop
  endfacet
  facet normal 0.321124 -0.947037 0
    outer loop
      vertex 2.7847 85.7375 18
      vertex 2.92095 85.7837 20.39
      vertex 2.7847 85.7375 20.39
    endloop
  endfacet
  facet normal 0.321124 -0.947037 0
    outer loop
      vertex 2.92095 85.7837 20.39
      vertex 2.7847 85.7375 18
      vertex 2.92095 85.7837 18
    endloop
  endfacet
  facet normal 0.896942 0.442149 0
    outer loop
      vertex 3.51627 87.2209 20.39
      vertex 3.45263 87.35 18
      vertex 3.45263 87.35 20.39
    endloop
  endfacet
  facet normal 0.896942 0.442149 0
    outer loop
      vertex 3.45263 87.35 18
      vertex 3.51627 87.2209 20.39
      vertex 3.51627 87.2209 18
    endloop
  endfacet
  facet normal 0.442622 -0.896708 0
    outer loop
      vertex 2.92095 85.7837 18
      vertex 3.05 85.8474 20.39
      vertex 2.92095 85.7837 20.39
    endloop
  endfacet
  facet normal 0.442622 -0.896708 0
    outer loop
      vertex 3.05 85.8474 20.39
      vertex 2.92095 85.7837 18
      vertex 3.05 85.8474 18
    endloop
  endfacet
  facet normal 0.946967 -0.32133 0
    outer loop
      vertex 3.51627 86.379 20.39
      vertex 3.56252 86.5153 18
      vertex 3.56252 86.5153 20.39
    endloop
  endfacet
  facet normal 0.946967 -0.32133 0
    outer loop
      vertex 3.56252 86.5153 18
      vertex 3.51627 86.379 20.39
      vertex 3.51627 86.379 18
    endloop
  endfacet
  facet normal -0.195287 0.980746 0
    outer loop
      vertex 2.35642 87.8906 18
      vertex 2.2153 87.8625 20.39
      vertex 2.35642 87.8906 20.39
    endloop
  endfacet
  facet normal -0.195287 0.980746 0
    outer loop
      vertex 2.2153 87.8625 20.39
      vertex 2.35642 87.8906 18
      vertex 2.2153 87.8625 18
    endloop
  endfacet
  facet normal -0.980781 0.195113 0
    outer loop
      vertex 1.40941 86.9436 18
      vertex 1.43748 87.0847 20.39
      vertex 1.43748 87.0847 18
    endloop
  endfacet
  facet normal -0.980781 0.195113 0
    outer loop
      vertex 1.43748 87.0847 20.39
      vertex 1.40941 86.9436 18
      vertex 1.40941 86.9436 20.39
    endloop
  endfacet
  facet normal -0.980781 -0.195113 0
    outer loop
      vertex 1.43748 86.5153 18
      vertex 1.40941 86.6564 20.39
      vertex 1.40941 86.6564 18
    endloop
  endfacet
  facet normal -0.980781 -0.195113 0
    outer loop
      vertex 1.40941 86.6564 20.39
      vertex 1.43748 86.5153 18
      vertex 1.43748 86.5153 20.39
    endloop
  endfacet
  facet normal -0.831387 -0.555694 0
    outer loop
      vertex 1.62731 86.1304 18
      vertex 1.54737 86.25 20.39
      vertex 1.54737 86.25 18
    endloop
  endfacet
  facet normal -0.831387 -0.555694 0
    outer loop
      vertex 1.54737 86.25 20.39
      vertex 1.62731 86.1304 18
      vertex 1.62731 86.1304 20.39
    endloop
  endfacet
  facet normal 0.0653289 -0.997864 0
    outer loop
      vertex 2.5 85.7 18
      vertex 2.64358 85.7094 20.39
      vertex 2.5 85.7 20.39
    endloop
  endfacet
  facet normal 0.0653289 -0.997864 0
    outer loop
      vertex 2.64358 85.7094 20.39
      vertex 2.5 85.7 18
      vertex 2.64358 85.7094 18
    endloop
  endfacet
  facet normal -0.195287 -0.980746 0
    outer loop
      vertex 2.2153 85.7375 18
      vertex 2.35642 85.7094 20.39
      vertex 2.2153 85.7375 20.39
    endloop
  endfacet
  facet normal -0.195287 -0.980746 -0
    outer loop
      vertex 2.35642 85.7094 20.39
      vertex 2.2153 85.7375 18
      vertex 2.35642 85.7094 18
    endloop
  endfacet
  facet normal 0.751905 -0.659272 0
    outer loop
      vertex 3.27782 86.0222 20.39
      vertex 3.37269 86.1304 18
      vertex 3.37269 86.1304 20.39
    endloop
  endfacet
  facet normal 0.751905 -0.659272 0
    outer loop
      vertex 3.37269 86.1304 18
      vertex 3.27782 86.0222 20.39
      vertex 3.27782 86.0222 18
    endloop
  endfacet
  facet normal 0.659458 0.751741 -0
    outer loop
      vertex 3.27782 87.5778 18
      vertex 3.16964 87.6727 20.39
      vertex 3.27782 87.5778 20.39
    endloop
  endfacet
  facet normal 0.659458 0.751741 0
    outer loop
      vertex 3.16964 87.6727 20.39
      vertex 3.27782 87.5778 18
      vertex 3.16964 87.6727 18
    endloop
  endfacet
  facet normal 0.896806 -0.442424 0
    outer loop
      vertex 3.45263 86.25 20.39
      vertex 3.51627 86.379 18
      vertex 3.51627 86.379 20.39
    endloop
  endfacet
  facet normal 0.896806 -0.442424 0
    outer loop
      vertex 3.51627 86.379 18
      vertex 3.45263 86.25 20.39
      vertex 3.45263 86.25 18
    endloop
  endfacet
  facet normal -0.0653289 0.997864 0
    outer loop
      vertex 2.5 87.9 18
      vertex 2.35642 87.8906 20.39
      vertex 2.5 87.9 20.39
    endloop
  endfacet
  facet normal -0.0653289 0.997864 0
    outer loop
      vertex 2.35642 87.8906 20.39
      vertex 2.5 87.9 18
      vertex 2.35642 87.8906 18
    endloop
  endfacet
  facet normal -0.751905 -0.659272 0
    outer loop
      vertex 1.72218 86.0222 18
      vertex 1.62731 86.1304 20.39
      vertex 1.62731 86.1304 18
    endloop
  endfacet
  facet normal -0.751905 -0.659272 0
    outer loop
      vertex 1.62731 86.1304 20.39
      vertex 1.72218 86.0222 18
      vertex 1.72218 86.0222 20.39
    endloop
  endfacet
  facet normal -0.831387 0.555694 0
    outer loop
      vertex 1.54737 87.35 18
      vertex 1.62731 87.4696 20.39
      vertex 1.62731 87.4696 18
    endloop
  endfacet
  facet normal -0.831387 0.555694 0
    outer loop
      vertex 1.62731 87.4696 20.39
      vertex 1.54737 87.35 18
      vertex 1.54737 87.35 20.39
    endloop
  endfacet
  facet normal -0.659458 0.751741 0
    outer loop
      vertex 1.83036 87.6727 18
      vertex 1.72218 87.5778 20.39
      vertex 1.83036 87.6727 20.39
    endloop
  endfacet
  facet normal -0.659458 0.751741 0
    outer loop
      vertex 1.72218 87.5778 20.39
      vertex 1.83036 87.6727 18
      vertex 1.72218 87.5778 18
    endloop
  endfacet
  facet normal 0 0 1
    outer loop
      vertex 3.59059 86.9436 20.39
      vertex 3.59059 86.6564 20.39
      vertex 3.6 86.8 20.39
    endloop
  endfacet
  facet normal 0 0 1
    outer loop
      vertex 3.56252 87.0847 20.39
      vertex 3.59059 86.6564 20.39
      vertex 3.59059 86.9436 20.39
    endloop
  endfacet
  facet normal 0 0 1
    outer loop
      vertex 3.56252 87.0847 20.39
      vertex 3.56252 86.5153 20.39
      vertex 3.59059 86.6564 20.39
    endloop
  endfacet
  facet normal 0 0 1
    outer loop
      vertex 3.51627 87.2209 20.39
      vertex 3.56252 86.5153 20.39
      vertex 3.56252 87.0847 20.39
    endloop
  endfacet
  facet normal 0 0 1
    outer loop
      vertex 3.51627 87.2209 20.39
      vertex 3.51627 86.379 20.39
      vertex 3.56252 86.5153 20.39
    endloop
  endfacet
  facet normal 0 0 1
    outer loop
      vertex 3.45263 87.35 20.39
      vertex 3.51627 86.379 20.39
      vertex 3.51627 87.2209 20.39
    endloop
  endfacet
  facet normal 0 0 1
    outer loop
      vertex 3.45263 87.35 20.39
      vertex 3.45263 86.25 20.39
      vertex 3.51627 86.379 20.39
    endloop
  endfacet
  facet normal 0 0 1
    outer loop
      vertex 3.37269 87.4696 20.39
      vertex 3.45263 86.25 20.39
      vertex 3.45263 87.35 20.39
    endloop
  endfacet
  facet normal 0 0 1
    outer loop
      vertex 3.37269 87.4696 20.39
      vertex 3.37269 86.1304 20.39
      vertex 3.45263 86.25 20.39
    endloop
  endfacet
  facet normal 0 0 1
    outer loop
      vertex 3.27782 87.5778 20.39
      vertex 3.37269 86.1304 20.39
      vertex 3.37269 87.4696 20.39
    endloop
  endfacet
  facet normal 0 0 1
    outer loop
      vertex 3.27782 87.5778 20.39
      vertex 3.27782 86.0222 20.39
      vertex 3.37269 86.1304 20.39
    endloop
  endfacet
  facet normal 0 0 1
    outer loop
      vertex 3.16964 87.6727 20.39
      vertex 3.27782 86.0222 20.39
      vertex 3.27782 87.5778 20.39
    endloop
  endfacet
  facet normal 0 0 1
    outer loop
      vertex 3.16964 87.6727 20.39
      vertex 3.16964 85.9273 20.39
      vertex 3.27782 86.0222 20.39
    endloop
  endfacet
  facet normal 0 0 1
    outer loop
      vertex 3.05 87.7526 20.39
      vertex 3.16964 85.9273 20.39
      vertex 3.16964 87.6727 20.39
    endloop
  endfacet
  facet normal 0 0 1
    outer loop
      vertex 3.05 87.7526 20.39
      vertex 3.05 85.8474 20.39
      vertex 3.16964 85.9273 20.39
    endloop
  endfacet
  facet normal 0 0 1
    outer loop
      vertex 2.92095 87.8163 20.39
      vertex 3.05 85.8474 20.39
      vertex 3.05 87.7526 20.39
    endloop
  endfacet
  facet normal 0 0 1
    outer loop
      vertex 2.92095 87.8163 20.39
      vertex 2.92095 85.7837 20.39
      vertex 3.05 85.8474 20.39
    endloop
  endfacet
  facet normal 0 0 1
    outer loop
      vertex 2.7847 87.8625 20.39
      vertex 2.92095 85.7837 20.39
      vertex 2.92095 87.8163 20.39
    endloop
  endfacet
  facet normal 0 0 1
    outer loop
      vertex 2.7847 87.8625 20.39
      vertex 2.7847 85.7375 20.39
      vertex 2.92095 85.7837 20.39
    endloop
  endfacet
  facet normal 0 0 1
    outer loop
      vertex 2.64358 87.8906 20.39
      vertex 2.7847 85.7375 20.39
      vertex 2.7847 87.8625 20.39
    endloop
  endfacet
  facet normal 0 0 1
    outer loop
      vertex 2.64358 87.8906 20.39
      vertex 2.64358 85.7094 20.39
      vertex 2.7847 85.7375 20.39
    endloop
  endfacet
  facet normal 0 0 1
    outer loop
      vertex 2.5 87.9 20.39
      vertex 2.64358 85.7094 20.39
      vertex 2.64358 87.8906 20.39
    endloop
  endfacet
  facet normal 0 0 1
    outer loop
      vertex 2.5 87.9 20.39
      vertex 2.5 85.7 20.39
      vertex 2.64358 85.7094 20.39
    endloop
  endfacet
  facet normal -0 0 1
    outer loop
      vertex 2.35642 87.8906 20.39
      vertex 2.5 85.7 20.39
      vertex 2.5 87.9 20.39
    endloop
  endfacet
  facet normal 0 0 1
    outer loop
      vertex 2.35642 87.8906 20.39
      vertex 2.35642 85.7094 20.39
      vertex 2.5 85.7 20.39
    endloop
  endfacet
  facet normal -0 0 1
    outer loop
      vertex 2.2153 87.8625 20.39
      vertex 2.35642 85.7094 20.39
      vertex 2.35642 87.8906 20.39
    endloop
  endfacet
  facet normal 0 0 1
    outer loop
      vertex 2.2153 87.8625 20.39
      vertex 2.2153 85.7375 20.39
      vertex 2.35642 85.7094 20.39
    endloop
  endfacet
  facet normal -0 0 1
    outer loop
      vertex 2.07905 87.8163 20.39
      vertex 2.2153 85.7375 20.39
      vertex 2.2153 87.8625 20.39
    endloop
  endfacet
  facet normal 0 0 1
    outer loop
      vertex 2.07905 87.8163 20.39
      vertex 2.07905 85.7837 20.39
      vertex 2.2153 85.7375 20.39
    endloop
  endfacet
  facet normal -0 0 1
    outer loop
      vertex 1.95 87.7526 20.39
      vertex 2.07905 85.7837 20.39
      vertex 2.07905 87.8163 20.39
    endloop
  endfacet
  facet normal 0 0 1
    outer loop
      vertex 1.95 87.7526 20.39
      vertex 1.95 85.8474 20.39
      vertex 2.07905 85.7837 20.39
    endloop
  endfacet
  facet normal -0 0 1
    outer loop
      vertex 1.83036 87.6727 20.39
      vertex 1.95 85.8474 20.39
      vertex 1.95 87.7526 20.39
    endloop
  endfacet
  facet normal 0 0 1
    outer loop
      vertex 1.83036 87.6727 20.39
      vertex 1.83036 85.9273 20.39
      vertex 1.95 85.8474 20.39
    endloop
  endfacet
  facet normal -0 0 1
    outer loop
      vertex 1.72218 87.5778 20.39
      vertex 1.83036 85.9273 20.39
      vertex 1.83036 87.6727 20.39
    endloop
  endfacet
  facet normal 0 0 1
    outer loop
      vertex 1.72218 87.5778 20.39
      vertex 1.72218 86.0222 20.39
      vertex 1.83036 85.9273 20.39
    endloop
  endfacet
  facet normal -0 0 1
    outer loop
      vertex 1.62731 87.4696 20.39
      vertex 1.72218 86.0222 20.39
      vertex 1.72218 87.5778 20.39
    endloop
  endfacet
  facet normal 0 0 1
    outer loop
      vertex 1.62731 87.4696 20.39
      vertex 1.62731 86.1304 20.39
      vertex 1.72218 86.0222 20.39
    endloop
  endfacet
  facet normal -0 0 1
    outer loop
      vertex 1.54737 87.35 20.39
      vertex 1.62731 86.1304 20.39
      vertex 1.62731 87.4696 20.39
    endloop
  endfacet
  facet normal 0 0 1
    outer loop
      vertex 1.54737 87.35 20.39
      vertex 1.54737 86.25 20.39
      vertex 1.62731 86.1304 20.39
    endloop
  endfacet
  facet normal -0 0 1
    outer loop
      vertex 1.48373 87.2209 20.39
      vertex 1.54737 86.25 20.39
      vertex 1.54737 87.35 20.39
    endloop
  endfacet
  facet normal 0 0 1
    outer loop
      vertex 1.48373 87.2209 20.39
      vertex 1.48373 86.379 20.39
      vertex 1.54737 86.25 20.39
    endloop
  endfacet
  facet normal -0 0 1
    outer loop
      vertex 1.43748 87.0847 20.39
      vertex 1.48373 86.379 20.39
      vertex 1.48373 87.2209 20.39
    endloop
  endfacet
  facet normal 0 0 1
    outer loop
      vertex 1.43748 87.0847 20.39
      vertex 1.43748 86.5153 20.39
      vertex 1.48373 86.379 20.39
    endloop
  endfacet
  facet normal -0 0 1
    outer loop
      vertex 1.40941 86.9436 20.39
      vertex 1.43748 86.5153 20.39
      vertex 1.43748 87.0847 20.39
    endloop
  endfacet
  facet normal 0 0 1
    outer loop
      vertex 1.40941 86.9436 20.39
      vertex 1.40941 86.6564 20.39
      vertex 1.43748 86.5153 20.39
    endloop
  endfacet
  facet normal 0 -0 1
    outer loop
      vertex 1.40941 86.6564 20.39
      vertex 1.40941 86.9436 20.39
      vertex 1.4 86.8 20.39
    endloop
  endfacet
  facet normal 0.195287 -0.980746 0
    outer loop
      vertex 2.64358 85.7094 18
      vertex 2.7847 85.7375 20.39
      vertex 2.64358 85.7094 20.39
    endloop
  endfacet
  facet normal 0.195287 -0.980746 0
    outer loop
      vertex 2.7847 85.7375 20.39
      vertex 2.64358 85.7094 18
      vertex 2.7847 85.7375 18
    endloop
  endfacet
  facet normal -0.0653289 -0.997864 0
    outer loop
      vertex 2.35642 85.7094 18
      vertex 2.5 85.7 20.39
      vertex 2.35642 85.7094 20.39
    endloop
  endfacet
  facet normal -0.0653289 -0.997864 -0
    outer loop
      vertex 2.5 85.7 20.39
      vertex 2.35642 85.7094 18
      vertex 2.5 85.7 18
    endloop
  endfacet
  facet normal -0.442622 0.896708 0
    outer loop
      vertex 2.07905 87.8163 18
      vertex 1.95 87.7526 20.39
      vertex 2.07905 87.8163 20.39
    endloop
  endfacet
  facet normal -0.442622 0.896708 0
    outer loop
      vertex 1.95 87.7526 20.39
      vertex 2.07905 87.8163 18
      vertex 1.95 87.7526 18
    endloop
  endfacet
  facet normal 0.195287 0.980746 -0
    outer loop
      vertex 2.7847 87.8625 18
      vertex 2.64358 87.8906 20.39
      vertex 2.7847 87.8625 20.39
    endloop
  endfacet
  facet normal 0.195287 0.980746 0
    outer loop
      vertex 2.64358 87.8906 20.39
      vertex 2.7847 87.8625 18
      vertex 2.64358 87.8906 18
    endloop
  endfacet
  facet normal 0.442622 0.896708 -0
    outer loop
      vertex 3.05 87.7526 18
      vertex 2.92095 87.8163 20.39
      vertex 3.05 87.7526 20.39
    endloop
  endfacet
  facet normal 0.442622 0.896708 0
    outer loop
      vertex 2.92095 87.8163 20.39
      vertex 3.05 87.7526 18
      vertex 2.92095 87.8163 18
    endloop
  endfacet
  facet normal -0.896806 -0.442424 0
    outer loop
      vertex 1.54737 86.25 18
      vertex 1.48373 86.379 20.39
      vertex 1.48373 86.379 18
    endloop
  endfacet
  facet normal -0.896806 -0.442424 0
    outer loop
      vertex 1.48373 86.379 20.39
      vertex 1.54737 86.25 18
      vertex 1.54737 86.25 20.39
    endloop
  endfacet
  facet normal 0.555374 0.831601 -0
    outer loop
      vertex 3.16964 87.6727 18
      vertex 3.05 87.7526 20.39
      vertex 3.16964 87.6727 20.39
    endloop
  endfacet
  facet normal 0.555374 0.831601 0
    outer loop
      vertex 3.05 87.7526 20.39
      vertex 3.16964 87.6727 18
      vertex 3.05 87.7526 18
    endloop
  endfacet
  facet normal -0.321124 0.947037 0
    outer loop
      vertex 2.2153 87.8625 18
      vertex 2.07905 87.8163 20.39
      vertex 2.2153 87.8625 20.39
    endloop
  endfacet
  facet normal -0.321124 0.947037 0
    outer loop
      vertex 2.07905 87.8163 20.39
      vertex 2.2153 87.8625 18
      vertex 2.07905 87.8163 18
    endloop
  endfacet
  facet normal 0.99786 -0.065389 0
    outer loop
      vertex 3.59059 86.6564 20.39
      vertex 3.6 86.8 18
      vertex 3.6 86.8 20.39
    endloop
  endfacet
  facet normal 0.99786 -0.065389 0
    outer loop
      vertex 3.6 86.8 18
      vertex 3.59059 86.6564 20.39
      vertex 3.59059 86.6564 18
    endloop
  endfacet
  facet normal 0.751905 0.659272 0
    outer loop
      vertex 3.37269 87.4696 20.39
      vertex 3.27782 87.5778 18
      vertex 3.27782 87.5778 20.39
    endloop
  endfacet
  facet normal 0.751905 0.659272 0
    outer loop
      vertex 3.27782 87.5778 18
      vertex 3.37269 87.4696 20.39
      vertex 3.37269 87.4696 18
    endloop
  endfacet
  facet normal -0.321124 -0.947037 0
    outer loop
      vertex 2.07905 85.7837 18
      vertex 2.2153 85.7375 20.39
      vertex 2.07905 85.7837 20.39
    endloop
  endfacet
  facet normal -0.321124 -0.947037 -0
    outer loop
      vertex 2.2153 85.7375 20.39
      vertex 2.07905 85.7837 18
      vertex 2.2153 85.7375 18
    endloop
  endfacet
  facet normal -0.442622 -0.896708 0
    outer loop
      vertex 1.95 85.8474 18
      vertex 2.07905 85.7837 20.39
      vertex 1.95 85.8474 20.39
    endloop
  endfacet
  facet normal -0.442622 -0.896708 -0
    outer loop
      vertex 2.07905 85.7837 20.39
      vertex 1.95 85.8474 18
      vertex 2.07905 85.7837 18
    endloop
  endfacet
  facet normal -0.946896 0.321541 0
    outer loop
      vertex 1.43748 87.0847 18
      vertex 1.48373 87.2209 20.39
      vertex 1.48373 87.2209 18
    endloop
  endfacet
  facet normal -0.946896 0.321541 0
    outer loop
      vertex 1.48373 87.2209 20.39
      vertex 1.43748 87.0847 18
      vertex 1.43748 87.0847 20.39
    endloop
  endfacet
  facet normal 0.0653289 0.997864 -0
    outer loop
      vertex 2.64358 87.8906 18
      vertex 2.5 87.9 20.39
      vertex 2.64358 87.8906 20.39
    endloop
  endfacet
  facet normal 0.0653289 0.997864 0
    outer loop
      vertex 2.5 87.9 20.39
      vertex 2.64358 87.8906 18
      vertex 2.5 87.9 18
    endloop
  endfacet
  facet normal 0.321124 0.947037 -0
    outer loop
      vertex 2.92095 87.8163 18
      vertex 2.7847 87.8625 20.39
      vertex 2.92095 87.8163 20.39
    endloop
  endfacet
  facet normal 0.321124 0.947037 0
    outer loop
      vertex 2.7847 87.8625 20.39
      vertex 2.92095 87.8163 18
      vertex 2.7847 87.8625 18
    endloop
  endfacet
  facet normal -0.659458 -0.751741 0
    outer loop
      vertex 1.72218 86.0222 18
      vertex 1.83036 85.9273 20.39
      vertex 1.72218 86.0222 20.39
    endloop
  endfacet
  facet normal -0.659458 -0.751741 -0
    outer loop
      vertex 1.83036 85.9273 20.39
      vertex 1.72218 86.0222 18
      vertex 1.83036 85.9273 18
    endloop
  endfacet
  facet normal 0.946896 0.321541 0
    outer loop
      vertex 3.56252 87.0847 20.39
      vertex 3.51627 87.2209 18
      vertex 3.51627 87.2209 20.39
    endloop
  endfacet
  facet normal 0.946896 0.321541 0
    outer loop
      vertex 3.51627 87.2209 18
      vertex 3.56252 87.0847 20.39
      vertex 3.56252 87.0847 18
    endloop
  endfacet
  facet normal 0.831387 -0.555694 0
    outer loop
      vertex 3.37269 86.1304 20.39
      vertex 3.45263 86.25 18
      vertex 3.45263 86.25 20.39
    endloop
  endfacet
  facet normal 0.831387 -0.555694 0
    outer loop
      vertex 3.45263 86.25 18
      vertex 3.37269 86.1304 20.39
      vertex 3.37269 86.1304 18
    endloop
  endfacet
  facet normal -0.946967 -0.32133 0
    outer loop
      vertex 1.48373 86.379 18
      vertex 1.43748 86.5153 20.39
      vertex 1.43748 86.5153 18
    endloop
  endfacet
  facet normal -0.946967 -0.32133 0
    outer loop
      vertex 1.43748 86.5153 20.39
      vertex 1.48373 86.379 18
      vertex 1.48373 86.379 20.39
    endloop
  endfacet
  facet normal -0.99786 0.065389 0
    outer loop
      vertex 1.4 86.8 18
      vertex 1.40941 86.9436 20.39
      vertex 1.40941 86.9436 18
    endloop
  endfacet
  facet normal -0.99786 0.065389 0
    outer loop
      vertex 1.40941 86.9436 20.39
      vertex 1.4 86.8 18
      vertex 1.4 86.8 20.39
    endloop
  endfacet
  facet normal -0.555374 0.831601 0
    outer loop
      vertex 1.95 87.7526 18
      vertex 1.83036 87.6727 20.39
      vertex 1.95 87.7526 20.39
    endloop
  endfacet
  facet normal -0.555374 0.831601 0
    outer loop
      vertex 1.83036 87.6727 20.39
      vertex 1.95 87.7526 18
      vertex 1.83036 87.6727 18
    endloop
  endfacet
  facet normal -0.896942 0.442149 0
    outer loop
      vertex 1.48373 87.2209 18
      vertex 1.54737 87.35 20.39
      vertex 1.54737 87.35 18
    endloop
  endfacet
  facet normal -0.896942 0.442149 0
    outer loop
      vertex 1.54737 87.35 20.39
      vertex 1.48373 87.2209 18
      vertex 1.48373 87.2209 20.39
    endloop
  endfacet
  facet normal -0.555374 -0.831601 0
    outer loop
      vertex 1.83036 85.9273 18
      vertex 1.95 85.8474 20.39
      vertex 1.83036 85.9273 20.39
    endloop
  endfacet
  facet normal -0.555374 -0.831601 -0
    outer loop
      vertex 1.95 85.8474 20.39
      vertex 1.83036 85.9273 18
      vertex 1.95 85.8474 18
    endloop
  endfacet
  facet normal 0.659458 -0.751741 0
    outer loop
      vertex 3.16964 85.9273 18
      vertex 3.27782 86.0222 20.39
      vertex 3.16964 85.9273 20.39
    endloop
  endfacet
  facet normal 0.659458 -0.751741 0
    outer loop
      vertex 3.27782 86.0222 20.39
      vertex 3.16964 85.9273 18
      vertex 3.27782 86.0222 18
    endloop
  endfacet
  facet normal -0.321526 -0.946901 0
    outer loop
      vertex 66.2754 83.8436 2
      vertex 66.6718 83.709 18
      vertex 66.2754 83.8436 18
    endloop
  endfacet
  facet normal -0.321526 -0.946901 -0
    outer loop
      vertex 66.6718 83.709 18
      vertex 66.2754 83.8436 2
      vertex 66.6718 83.709 2
    endloop
  endfacet
  facet normal 0.896898 -0.442237 0
    outer loop
      vertex 70.2713 85.2 18
      vertex 70.4564 85.5754 2
      vertex 70.4564 85.5754 18
    endloop
  endfacet
  facet normal 0.896898 -0.442237 0
    outer loop
      vertex 70.4564 85.5754 2
      vertex 70.2713 85.2 18
      vertex 70.2713 85.2 2
    endloop
  endfacet
  facet normal -0.194967 0.98081 0
    outer loop
      vertex 67.0823 89.9726 2
      vertex 66.6718 89.891 18
      vertex 67.0823 89.9726 18
    endloop
  endfacet
  facet normal -0.194967 0.98081 0
    outer loop
      vertex 66.6718 89.891 18
      vertex 67.0823 89.9726 2
      vertex 66.6718 89.891 2
    endloop
  endfacet
  facet normal 0.751821 0.659367 0
    outer loop
      vertex 70.0387 88.748 18
      vertex 69.7627 89.0627 2
      vertex 69.7627 89.0627 18
    endloop
  endfacet
  facet normal 0.751821 0.659367 0
    outer loop
      vertex 69.7627 89.0627 2
      vertex 70.0387 88.748 18
      vertex 70.0387 88.748 2
    endloop
  endfacet
  facet normal 0.194967 -0.98081 0
    outer loop
      vertex 67.9177 83.6274 2
      vertex 68.3282 83.709 18
      vertex 67.9177 83.6274 18
    endloop
  endfacet
  facet normal 0.194967 -0.98081 0
    outer loop
      vertex 68.3282 83.709 18
      vertex 67.9177 83.6274 2
      vertex 68.3282 83.709 2
    endloop
  endfacet
  facet normal -0.659367 -0.751821 0
    outer loop
      vertex 65.2373 84.5373 2
      vertex 65.552 84.2613 18
      vertex 65.2373 84.5373 18
    endloop
  endfacet
  facet normal -0.659367 -0.751821 -0
    outer loop
      vertex 65.552 84.2613 18
      vertex 65.2373 84.5373 2
      vertex 65.552 84.2613 2
    endloop
  endfacet
  facet normal -0.98081 -0.194967 0
    outer loop
      vertex 64.409 85.9718 2
      vertex 64.3274 86.3823 18
      vertex 64.3274 86.3823 2
    endloop
  endfacet
  facet normal -0.98081 -0.194967 0
    outer loop
      vertex 64.3274 86.3823 18
      vertex 64.409 85.9718 2
      vertex 64.409 85.9718 18
    endloop
  endfacet
  facet normal 0.831388 0.555692 0
    outer loop
      vertex 70.2713 88.4 18
      vertex 70.0387 88.748 2
      vertex 70.0387 88.748 18
    endloop
  endfacet
  facet normal 0.831388 0.555692 0
    outer loop
      vertex 70.0387 88.748 2
      vertex 70.2713 88.4 18
      vertex 70.2713 88.4 2
    endloop
  endfacet
  facet normal -0.997855 -0.0654566 0
    outer loop
      vertex 64.3274 86.3823 2
      vertex 64.3 86.8 18
      vertex 64.3 86.8 2
    endloop
  endfacet
  facet normal -0.997855 -0.0654566 0
    outer loop
      vertex 64.3 86.8 18
      vertex 64.3274 86.3823 2
      vertex 64.3274 86.3823 18
    endloop
  endfacet
  facet normal -0.555692 0.831388 0
    outer loop
      vertex 65.9 89.5713 2
      vertex 65.552 89.3387 18
      vertex 65.9 89.5713 18
    endloop
  endfacet
  facet normal -0.555692 0.831388 0
    outer loop
      vertex 65.552 89.3387 18
      vertex 65.9 89.5713 2
      vertex 65.552 89.3387 2
    endloop
  endfacet
  facet normal 0.442237 -0.896898 0
    outer loop
      vertex 68.7246 83.8436 2
      vertex 69.1 84.0287 18
      vertex 68.7246 83.8436 18
    endloop
  endfacet
  facet normal 0.442237 -0.896898 0
    outer loop
      vertex 69.1 84.0287 18
      vertex 68.7246 83.8436 2
      vertex 69.1 84.0287 2
    endloop
  endfacet
  facet normal 0.831388 -0.555692 0
    outer loop
      vertex 70.0387 84.852 18
      vertex 70.2713 85.2 2
      vertex 70.2713 85.2 18
    endloop
  endfacet
  facet normal 0.831388 -0.555692 0
    outer loop
      vertex 70.2713 85.2 2
      vertex 70.0387 84.852 18
      vertex 70.0387 84.852 2
    endloop
  endfacet
  facet normal 0.751821 -0.659367 0
    outer loop
      vertex 69.7627 84.5373 18
      vertex 70.0387 84.852 2
      vertex 70.0387 84.852 18
    endloop
  endfacet
  facet normal 0.751821 -0.659367 0
    outer loop
      vertex 70.0387 84.852 2
      vertex 69.7627 84.5373 18
      vertex 69.7627 84.5373 2
    endloop
  endfacet
  facet normal -0.946901 0.321526 0
    outer loop
      vertex 64.409 87.6282 2
      vertex 64.5436 88.0246 18
      vertex 64.5436 88.0246 2
    endloop
  endfacet
  facet normal -0.946901 0.321526 0
    outer loop
      vertex 64.5436 88.0246 18
      vertex 64.409 87.6282 2
      vertex 64.409 87.6282 18
    endloop
  endfacet
  facet normal 0.555692 -0.831388 0
    outer loop
      vertex 69.1 84.0287 2
      vertex 69.448 84.2613 18
      vertex 69.1 84.0287 18
    endloop
  endfacet
  facet normal 0.555692 -0.831388 0
    outer loop
      vertex 69.448 84.2613 18
      vertex 69.1 84.0287 2
      vertex 69.448 84.2613 2
    endloop
  endfacet
  facet normal -0.896898 -0.442237 0
    outer loop
      vertex 64.7287 85.2 2
      vertex 64.5436 85.5754 18
      vertex 64.5436 85.5754 2
    endloop
  endfacet
  facet normal -0.896898 -0.442237 0
    outer loop
      vertex 64.5436 85.5754 18
      vertex 64.7287 85.2 2
      vertex 64.7287 85.2 18
    endloop
  endfacet
  facet normal 0.321526 -0.946901 0
    outer loop
      vertex 68.3282 83.709 2
      vertex 68.7246 83.8436 18
      vertex 68.3282 83.709 18
    endloop
  endfacet
  facet normal 0.321526 -0.946901 0
    outer loop
      vertex 68.7246 83.8436 18
      vertex 68.3282 83.709 2
      vertex 68.7246 83.8436 2
    endloop
  endfacet
  facet normal -0.751821 -0.659367 0
    outer loop
      vertex 65.2373 84.5373 2
      vertex 64.9613 84.852 18
      vertex 64.9613 84.852 2
    endloop
  endfacet
  facet normal -0.751821 -0.659367 0
    outer loop
      vertex 64.9613 84.852 18
      vertex 65.2373 84.5373 2
      vertex 65.2373 84.5373 18
    endloop
  endfacet
  facet normal -0.659367 0.751821 0
    outer loop
      vertex 65.552 89.3387 2
      vertex 65.2373 89.0627 18
      vertex 65.552 89.3387 18
    endloop
  endfacet
  facet normal -0.659367 0.751821 0
    outer loop
      vertex 65.2373 89.0627 18
      vertex 65.552 89.3387 2
      vertex 65.2373 89.0627 2
    endloop
  endfacet
  facet normal 0.946899 -0.321533 0
    outer loop
      vertex 70.4564 85.5754 18
      vertex 70.5 85.7038 2
      vertex 70.5 85.7038 18
    endloop
  endfacet
  facet normal 0.946899 -0.321533 0
    outer loop
      vertex 70.5 85.7038 2
      vertex 70.4564 85.5754 18
      vertex 70.4564 85.5754 2
    endloop
  endfacet
  facet normal -0.896898 0.442237 0
    outer loop
      vertex 64.5436 88.0246 2
      vertex 64.7287 88.4 18
      vertex 64.7287 88.4 2
    endloop
  endfacet
  facet normal -0.896898 0.442237 0
    outer loop
      vertex 64.7287 88.4 18
      vertex 64.5436 88.0246 2
      vertex 64.5436 88.0246 18
    endloop
  endfacet
  facet normal -0.194967 -0.98081 0
    outer loop
      vertex 66.6718 83.709 2
      vertex 67.0823 83.6274 18
      vertex 66.6718 83.709 18
    endloop
  endfacet
  facet normal -0.194967 -0.98081 -0
    outer loop
      vertex 67.0823 83.6274 18
      vertex 66.6718 83.709 2
      vertex 67.0823 83.6274 2
    endloop
  endfacet
  facet normal -0.442237 -0.896898 0
    outer loop
      vertex 65.9 84.0287 2
      vertex 66.2754 83.8436 18
      vertex 65.9 84.0287 18
    endloop
  endfacet
  facet normal -0.442237 -0.896898 -0
    outer loop
      vertex 66.2754 83.8436 18
      vertex 65.9 84.0287 2
      vertex 66.2754 83.8436 2
    endloop
  endfacet
  facet normal -0.98081 0.194967 0
    outer loop
      vertex 64.3274 87.2177 2
      vertex 64.409 87.6282 18
      vertex 64.409 87.6282 2
    endloop
  endfacet
  facet normal -0.98081 0.194967 0
    outer loop
      vertex 64.409 87.6282 18
      vertex 64.3274 87.2177 2
      vertex 64.3274 87.2177 18
    endloop
  endfacet
  facet normal 0.0654566 -0.997855 0
    outer loop
      vertex 67.5 83.6 2
      vertex 67.9177 83.6274 18
      vertex 67.5 83.6 18
    endloop
  endfacet
  facet normal 0.0654566 -0.997855 0
    outer loop
      vertex 67.9177 83.6274 18
      vertex 67.5 83.6 2
      vertex 67.9177 83.6274 2
    endloop
  endfacet
  facet normal 0.659367 0.751821 -0
    outer loop
      vertex 69.7627 89.0627 2
      vertex 69.448 89.3387 18
      vertex 69.7627 89.0627 18
    endloop
  endfacet
  facet normal 0.659367 0.751821 0
    outer loop
      vertex 69.448 89.3387 18
      vertex 69.7627 89.0627 2
      vertex 69.448 89.3387 2
    endloop
  endfacet
  facet normal -0.321526 0.946901 0
    outer loop
      vertex 66.6718 89.891 2
      vertex 66.2754 89.7564 18
      vertex 66.6718 89.891 18
    endloop
  endfacet
  facet normal -0.321526 0.946901 0
    outer loop
      vertex 66.2754 89.7564 18
      vertex 66.6718 89.891 2
      vertex 66.2754 89.7564 2
    endloop
  endfacet
  facet normal -0.997855 0.0654566 0
    outer loop
      vertex 64.3 86.8 2
      vertex 64.3274 87.2177 18
      vertex 64.3274 87.2177 2
    endloop
  endfacet
  facet normal -0.997855 0.0654566 0
    outer loop
      vertex 64.3274 87.2177 18
      vertex 64.3 86.8 2
      vertex 64.3 86.8 18
    endloop
  endfacet
  facet normal 0.555692 0.831388 -0
    outer loop
      vertex 69.448 89.3387 2
      vertex 69.1 89.5713 18
      vertex 69.448 89.3387 18
    endloop
  endfacet
  facet normal 0.555692 0.831388 0
    outer loop
      vertex 69.1 89.5713 18
      vertex 69.448 89.3387 2
      vertex 69.1 89.5713 2
    endloop
  endfacet
  facet normal 0.896898 0.442237 0
    outer loop
      vertex 70.4564 88.0246 18
      vertex 70.2713 88.4 2
      vertex 70.2713 88.4 18
    endloop
  endfacet
  facet normal 0.896898 0.442237 0
    outer loop
      vertex 70.2713 88.4 2
      vertex 70.4564 88.0246 18
      vertex 70.4564 88.0246 2
    endloop
  endfacet
  facet normal 0.442237 0.896898 -0
    outer loop
      vertex 69.1 89.5713 2
      vertex 68.7246 89.7564 18
      vertex 69.1 89.5713 18
    endloop
  endfacet
  facet normal 0.442237 0.896898 0
    outer loop
      vertex 68.7246 89.7564 18
      vertex 69.1 89.5713 2
      vertex 68.7246 89.7564 2
    endloop
  endfacet
  facet normal 0.321526 0.946901 -0
    outer loop
      vertex 68.7246 89.7564 2
      vertex 68.3282 89.891 18
      vertex 68.7246 89.7564 18
    endloop
  endfacet
  facet normal 0.321526 0.946901 0
    outer loop
      vertex 68.3282 89.891 18
      vertex 68.7246 89.7564 2
      vertex 68.3282 89.891 2
    endloop
  endfacet
  facet normal -0.831388 -0.555692 0
    outer loop
      vertex 64.9613 84.852 2
      vertex 64.7287 85.2 18
      vertex 64.7287 85.2 2
    endloop
  endfacet
  facet normal -0.831388 -0.555692 0
    outer loop
      vertex 64.7287 85.2 18
      vertex 64.9613 84.852 2
      vertex 64.9613 84.852 18
    endloop
  endfacet
  facet normal -0.0654566 -0.997855 0
    outer loop
      vertex 67.0823 83.6274 2
      vertex 67.5 83.6 18
      vertex 67.0823 83.6274 18
    endloop
  endfacet
  facet normal -0.0654566 -0.997855 -0
    outer loop
      vertex 67.5 83.6 18
      vertex 67.0823 83.6274 2
      vertex 67.5 83.6 2
    endloop
  endfacet
  facet normal -0.831388 0.555692 0
    outer loop
      vertex 64.7287 88.4 2
      vertex 64.9613 88.748 18
      vertex 64.9613 88.748 2
    endloop
  endfacet
  facet normal -0.831388 0.555692 0
    outer loop
      vertex 64.9613 88.748 18
      vertex 64.7287 88.4 2
      vertex 64.7287 88.4 18
    endloop
  endfacet
  facet normal -0.751821 0.659367 0
    outer loop
      vertex 64.9613 88.748 2
      vertex 65.2373 89.0627 18
      vertex 65.2373 89.0627 2
    endloop
  endfacet
  facet normal -0.751821 0.659367 0
    outer loop
      vertex 65.2373 89.0627 18
      vertex 64.9613 88.748 2
      vertex 64.9613 88.748 18
    endloop
  endfacet
  facet normal 0.946899 0.321533 0
    outer loop
      vertex 70.5 87.8962 18
      vertex 70.4564 88.0246 2
      vertex 70.4564 88.0246 18
    endloop
  endfacet
  facet normal 0.946899 0.321533 0
    outer loop
      vertex 70.4564 88.0246 2
      vertex 70.5 87.8962 18
      vertex 70.5 87.8962 2
    endloop
  endfacet
  facet normal -0.0654566 0.997855 0
    outer loop
      vertex 67.5 90 2
      vertex 67.0823 89.9726 18
      vertex 67.5 90 18
    endloop
  endfacet
  facet normal -0.0654566 0.997855 0
    outer loop
      vertex 67.0823 89.9726 18
      vertex 67.5 90 2
      vertex 67.0823 89.9726 2
    endloop
  endfacet
  facet normal -0.946901 -0.321526 0
    outer loop
      vertex 64.5436 85.5754 2
      vertex 64.409 85.9718 18
      vertex 64.409 85.9718 2
    endloop
  endfacet
  facet normal -0.946901 -0.321526 0
    outer loop
      vertex 64.409 85.9718 18
      vertex 64.5436 85.5754 2
      vertex 64.5436 85.5754 18
    endloop
  endfacet
  facet normal 0 0 1
    outer loop
      vertex 68.5163 87.2209 18
      vertex 70.5 87.8962 18
      vertex 70.4564 88.0246 18
    endloop
  endfacet
  facet normal 0 0 1
    outer loop
      vertex 70.5 87.8962 18
      vertex 68.6 86.8 18
      vertex 70.5 85.7038 18
    endloop
  endfacet
  facet normal 0 0 1
    outer loop
      vertex 68.5163 87.2209 18
      vertex 70.4564 88.0246 18
      vertex 70.2713 88.4 18
    endloop
  endfacet
  facet normal -0 0 1
    outer loop
      vertex 68.5906 86.6564 18
      vertex 70.5 85.7038 18
      vertex 68.6 86.8 18
    endloop
  endfacet
  facet normal 0 0 1
    outer loop
      vertex 68.4526 87.35 18
      vertex 70.2713 88.4 18
      vertex 70.0387 88.748 18
    endloop
  endfacet
  facet normal -0 0 1
    outer loop
      vertex 68.5625 86.5153 18
      vertex 70.5 85.7038 18
      vertex 68.5906 86.6564 18
    endloop
  endfacet
  facet normal 0 0 1
    outer loop
      vertex 68.3727 87.4696 18
      vertex 70.0387 88.748 18
      vertex 69.7627 89.0627 18
    endloop
  endfacet
  facet normal -0 0 1
    outer loop
      vertex 68.5163 86.379 18
      vertex 70.5 85.7038 18
      vertex 68.5625 86.5153 18
    endloop
  endfacet
  facet normal 0 0 1
    outer loop
      vertex 68.2778 87.5778 18
      vertex 69.7627 89.0627 18
      vertex 69.448 89.3387 18
    endloop
  endfacet
  facet normal 0 0 1
    outer loop
      vertex 70.5 85.7038 18
      vertex 68.5163 86.379 18
      vertex 70.4564 85.5754 18
    endloop
  endfacet
  facet normal 0 0 1
    outer loop
      vertex 68.1696 87.6727 18
      vertex 69.448 89.3387 18
      vertex 69.1 89.5713 18
    endloop
  endfacet
  facet normal 0 0 1
    outer loop
      vertex 70.4564 85.5754 18
      vertex 68.5163 86.379 18
      vertex 70.2713 85.2 18
    endloop
  endfacet
  facet normal 0 0 1
    outer loop
      vertex 68.05 87.7526 18
      vertex 69.1 89.5713 18
      vertex 68.7246 89.7564 18
    endloop
  endfacet
  facet normal -0 0 1
    outer loop
      vertex 68.4526 86.25 18
      vertex 70.2713 85.2 18
      vertex 68.5163 86.379 18
    endloop
  endfacet
  facet normal 0 0 1
    outer loop
      vertex 70.2713 85.2 18
      vertex 68.4526 86.25 18
      vertex 70.0387 84.852 18
    endloop
  endfacet
  facet normal 0 0 1
    outer loop
      vertex 70.5 87.8962 18
      vertex 68.5906 86.9436 18
      vertex 68.6 86.8 18
    endloop
  endfacet
  facet normal 0 0 1
    outer loop
      vertex 70.5 87.8962 18
      vertex 68.5625 87.0847 18
      vertex 68.5906 86.9436 18
    endloop
  endfacet
  facet normal 0 0 1
    outer loop
      vertex 70.5 87.8962 18
      vertex 68.5163 87.2209 18
      vertex 68.5625 87.0847 18
    endloop
  endfacet
  facet normal 0 0 1
    outer loop
      vertex 70.2713 88.4 18
      vertex 68.4526 87.35 18
      vertex 68.5163 87.2209 18
    endloop
  endfacet
  facet normal 0 0 1
    outer loop
      vertex 70.0387 88.748 18
      vertex 68.3727 87.4696 18
      vertex 68.4526 87.35 18
    endloop
  endfacet
  facet normal 0 0 1
    outer loop
      vertex 67.921 87.8163 18
      vertex 68.7246 89.7564 18
      vertex 68.3282 89.891 18
    endloop
  endfacet
  facet normal 0 0 1
    outer loop
      vertex 69.7627 89.0627 18
      vertex 68.2778 87.5778 18
      vertex 68.3727 87.4696 18
    endloop
  endfacet
  facet normal 0 0 1
    outer loop
      vertex 69.448 89.3387 18
      vertex 68.1696 87.6727 18
      vertex 68.2778 87.5778 18
    endloop
  endfacet
  facet normal 0 0 1
    outer loop
      vertex 69.1 89.5713 18
      vertex 68.05 87.7526 18
      vertex 68.1696 87.6727 18
    endloop
  endfacet
  facet normal 0 0 1
    outer loop
      vertex 68.7246 89.7564 18
      vertex 67.921 87.8163 18
      vertex 68.05 87.7526 18
    endloop
  endfacet
  facet normal 0 0 1
    outer loop
      vertex 67.7847 87.8625 18
      vertex 68.3282 89.891 18
      vertex 67.9177 89.9726 18
    endloop
  endfacet
  facet normal 0 0 1
    outer loop
      vertex 68.3282 89.891 18
      vertex 67.7847 87.8625 18
      vertex 67.921 87.8163 18
    endloop
  endfacet
  facet normal 0 0 1
    outer loop
      vertex 67.9177 89.9726 18
      vertex 67.6436 87.8906 18
      vertex 67.7847 87.8625 18
    endloop
  endfacet
  facet normal 0 0 1
    outer loop
      vertex 67.5 90 18
      vertex 67.6436 87.8906 18
      vertex 67.9177 89.9726 18
    endloop
  endfacet
  facet normal 0 0 1
    outer loop
      vertex 67.5 90 18
      vertex 67.5 87.9 18
      vertex 67.6436 87.8906 18
    endloop
  endfacet
  facet normal 0 0 1
    outer loop
      vertex 67.5 90 18
      vertex 67.3564 87.8906 18
      vertex 67.5 87.9 18
    endloop
  endfacet
  facet normal -0 0 1
    outer loop
      vertex 67.0823 89.9726 18
      vertex 67.3564 87.8906 18
      vertex 67.5 90 18
    endloop
  endfacet
  facet normal 0 0 1
    outer loop
      vertex 67.3564 87.8906 18
      vertex 67.0823 89.9726 18
      vertex 67.2153 87.8625 18
    endloop
  endfacet
  facet normal -0 0 1
    outer loop
      vertex 66.6718 89.891 18
      vertex 67.2153 87.8625 18
      vertex 67.0823 89.9726 18
    endloop
  endfacet
  facet normal 0 0 1
    outer loop
      vertex 67.2153 87.8625 18
      vertex 66.6718 89.891 18
      vertex 67.079 87.8163 18
    endloop
  endfacet
  facet normal -0 0 1
    outer loop
      vertex 66.2754 89.7564 18
      vertex 67.079 87.8163 18
      vertex 66.6718 89.891 18
    endloop
  endfacet
  facet normal 0 0 1
    outer loop
      vertex 67.079 87.8163 18
      vertex 66.2754 89.7564 18
      vertex 66.95 87.7526 18
    endloop
  endfacet
  facet normal -0 0 1
    outer loop
      vertex 65.9 89.5713 18
      vertex 66.95 87.7526 18
      vertex 66.2754 89.7564 18
    endloop
  endfacet
  facet normal 0 0 1
    outer loop
      vertex 66.95 87.7526 18
      vertex 65.9 89.5713 18
      vertex 66.8304 87.6727 18
    endloop
  endfacet
  facet normal -0 0 1
    outer loop
      vertex 65.552 89.3387 18
      vertex 66.8304 87.6727 18
      vertex 65.9 89.5713 18
    endloop
  endfacet
  facet normal 0 0 1
    outer loop
      vertex 66.8304 87.6727 18
      vertex 65.552 89.3387 18
      vertex 66.7222 87.5778 18
    endloop
  endfacet
  facet normal -0 0 1
    outer loop
      vertex 65.2373 89.0627 18
      vertex 66.7222 87.5778 18
      vertex 65.552 89.3387 18
    endloop
  endfacet
  facet normal 0 0 1
    outer loop
      vertex 66.7222 87.5778 18
      vertex 65.2373 89.0627 18
      vertex 66.6273 87.4696 18
    endloop
  endfacet
  facet normal 0 0 1
    outer loop
      vertex 66.6273 87.4696 18
      vertex 64.9613 88.748 18
      vertex 66.5474 87.35 18
    endloop
  endfacet
  facet normal -0 0 1
    outer loop
      vertex 64.9613 88.748 18
      vertex 66.6273 87.4696 18
      vertex 65.2373 89.0627 18
    endloop
  endfacet
  facet normal -0 0 1
    outer loop
      vertex 68.3727 86.1304 18
      vertex 70.0387 84.852 18
      vertex 68.4526 86.25 18
    endloop
  endfacet
  facet normal 0 0 1
    outer loop
      vertex 70.0387 84.852 18
      vertex 68.3727 86.1304 18
      vertex 69.7627 84.5373 18
    endloop
  endfacet
  facet normal -0 0 1
    outer loop
      vertex 68.2778 86.0222 18
      vertex 69.7627 84.5373 18
      vertex 68.3727 86.1304 18
    endloop
  endfacet
  facet normal 0 0 1
    outer loop
      vertex 69.7627 84.5373 18
      vertex 68.2778 86.0222 18
      vertex 69.448 84.2613 18
    endloop
  endfacet
  facet normal -0 0 1
    outer loop
      vertex 68.1696 85.9273 18
      vertex 69.448 84.2613 18
      vertex 68.2778 86.0222 18
    endloop
  endfacet
  facet normal 0 0 1
    outer loop
      vertex 69.448 84.2613 18
      vertex 68.1696 85.9273 18
      vertex 69.1 84.0287 18
    endloop
  endfacet
  facet normal -0 0 1
    outer loop
      vertex 68.05 85.8474 18
      vertex 69.1 84.0287 18
      vertex 68.1696 85.9273 18
    endloop
  endfacet
  facet normal 0 0 1
    outer loop
      vertex 69.1 84.0287 18
      vertex 68.05 85.8474 18
      vertex 68.7246 83.8436 18
    endloop
  endfacet
  facet normal -0 0 1
    outer loop
      vertex 67.921 85.7837 18
      vertex 68.7246 83.8436 18
      vertex 68.05 85.8474 18
    endloop
  endfacet
  facet normal 0 0 1
    outer loop
      vertex 68.7246 83.8436 18
      vertex 67.921 85.7837 18
      vertex 68.3282 83.709 18
    endloop
  endfacet
  facet normal -0 0 1
    outer loop
      vertex 67.7847 85.7375 18
      vertex 68.3282 83.709 18
      vertex 67.921 85.7837 18
    endloop
  endfacet
  facet normal 0 0 1
    outer loop
      vertex 68.3282 83.709 18
      vertex 67.7847 85.7375 18
      vertex 67.9177 83.6274 18
    endloop
  endfacet
  facet normal -0 0 1
    outer loop
      vertex 67.6436 85.7094 18
      vertex 67.9177 83.6274 18
      vertex 67.7847 85.7375 18
    endloop
  endfacet
  facet normal -0 0 1
    outer loop
      vertex 67.5 85.7 18
      vertex 67.9177 83.6274 18
      vertex 67.6436 85.7094 18
    endloop
  endfacet
  facet normal 0 0 1
    outer loop
      vertex 67.5 85.7 18
      vertex 67.5 83.6 18
      vertex 67.9177 83.6274 18
    endloop
  endfacet
  facet normal 0 0 1
    outer loop
      vertex 67.3564 85.7094 18
      vertex 67.5 83.6 18
      vertex 67.5 85.7 18
    endloop
  endfacet
  facet normal 0 0 1
    outer loop
      vertex 67.0823 83.6274 18
      vertex 67.3564 85.7094 18
      vertex 67.2153 85.7375 18
    endloop
  endfacet
  facet normal 0 0 1
    outer loop
      vertex 67.3564 85.7094 18
      vertex 67.0823 83.6274 18
      vertex 67.5 83.6 18
    endloop
  endfacet
  facet normal 0 0 1
    outer loop
      vertex 66.6718 83.709 18
      vertex 67.2153 85.7375 18
      vertex 67.079 85.7837 18
    endloop
  endfacet
  facet normal 0 0 1
    outer loop
      vertex 66.2754 83.8436 18
      vertex 67.079 85.7837 18
      vertex 66.95 85.8474 18
    endloop
  endfacet
  facet normal 0 0 1
    outer loop
      vertex 65.9 84.0287 18
      vertex 66.95 85.8474 18
      vertex 66.8304 85.9273 18
    endloop
  endfacet
  facet normal 0 0 1
    outer loop
      vertex 65.552 84.2613 18
      vertex 66.8304 85.9273 18
      vertex 66.7222 86.0222 18
    endloop
  endfacet
  facet normal 0 0 1
    outer loop
      vertex 67.2153 85.7375 18
      vertex 66.6718 83.709 18
      vertex 67.0823 83.6274 18
    endloop
  endfacet
  facet normal 0 0 1
    outer loop
      vertex 65.2373 84.5373 18
      vertex 66.7222 86.0222 18
      vertex 66.6273 86.1304 18
    endloop
  endfacet
  facet normal 0 0 1
    outer loop
      vertex 64.9613 84.852 18
      vertex 66.6273 86.1304 18
      vertex 66.5474 86.25 18
    endloop
  endfacet
  facet normal 0 0 1
    outer loop
      vertex 64.7287 85.2 18
      vertex 66.5474 86.25 18
      vertex 66.4837 86.379 18
    endloop
  endfacet
  facet normal 0 0 1
    outer loop
      vertex 64.5436 85.5754 18
      vertex 66.4837 86.379 18
      vertex 66.4375 86.5153 18
    endloop
  endfacet
  facet normal 0 0 1
    outer loop
      vertex 64.409 85.9718 18
      vertex 66.4375 86.5153 18
      vertex 66.4094 86.6564 18
    endloop
  endfacet
  facet normal 0 0 1
    outer loop
      vertex 67.079 85.7837 18
      vertex 66.2754 83.8436 18
      vertex 66.6718 83.709 18
    endloop
  endfacet
  facet normal 0 0 1
    outer loop
      vertex 64.3274 86.3823 18
      vertex 66.4094 86.6564 18
      vertex 66.4 86.8 18
    endloop
  endfacet
  facet normal -0 0 1
    outer loop
      vertex 64.7287 88.4 18
      vertex 66.5474 87.35 18
      vertex 64.9613 88.748 18
    endloop
  endfacet
  facet normal 0 0 1
    outer loop
      vertex 66.5474 87.35 18
      vertex 64.7287 88.4 18
      vertex 66.4837 87.2209 18
    endloop
  endfacet
  facet normal 0 0 1
    outer loop
      vertex 66.95 85.8474 18
      vertex 65.9 84.0287 18
      vertex 66.2754 83.8436 18
    endloop
  endfacet
  facet normal -0 0 1
    outer loop
      vertex 64.5436 88.0246 18
      vertex 66.4837 87.2209 18
      vertex 64.7287 88.4 18
    endloop
  endfacet
  facet normal 0 0 1
    outer loop
      vertex 66.8304 85.9273 18
      vertex 65.552 84.2613 18
      vertex 65.9 84.0287 18
    endloop
  endfacet
  facet normal 0 0 1
    outer loop
      vertex 66.4837 87.2209 18
      vertex 64.5436 88.0246 18
      vertex 66.4375 87.0847 18
    endloop
  endfacet
  facet normal 0 0 1
    outer loop
      vertex 66.7222 86.0222 18
      vertex 65.2373 84.5373 18
      vertex 65.552 84.2613 18
    endloop
  endfacet
  facet normal -0 0 1
    outer loop
      vertex 64.409 87.6282 18
      vertex 66.4375 87.0847 18
      vertex 64.5436 88.0246 18
    endloop
  endfacet
  facet normal 0 0 1
    outer loop
      vertex 66.6273 86.1304 18
      vertex 64.9613 84.852 18
      vertex 65.2373 84.5373 18
    endloop
  endfacet
  facet normal 0 0 1
    outer loop
      vertex 66.4375 87.0847 18
      vertex 64.409 87.6282 18
      vertex 66.4094 86.9436 18
    endloop
  endfacet
  facet normal 0 0 1
    outer loop
      vertex 66.5474 86.25 18
      vertex 64.7287 85.2 18
      vertex 64.9613 84.852 18
    endloop
  endfacet
  facet normal -0 0 1
    outer loop
      vertex 64.3274 87.2177 18
      vertex 66.4094 86.9436 18
      vertex 64.409 87.6282 18
    endloop
  endfacet
  facet normal 0 0 1
    outer loop
      vertex 66.4837 86.379 18
      vertex 64.5436 85.5754 18
      vertex 64.7287 85.2 18
    endloop
  endfacet
  facet normal 0 0 1
    outer loop
      vertex 66.4094 86.9436 18
      vertex 64.3274 87.2177 18
      vertex 66.4 86.8 18
    endloop
  endfacet
  facet normal 0 0 1
    outer loop
      vertex 66.4375 86.5153 18
      vertex 64.409 85.9718 18
      vertex 64.5436 85.5754 18
    endloop
  endfacet
  facet normal 0 0 1
    outer loop
      vertex 64.3 86.8 18
      vertex 66.4 86.8 18
      vertex 64.3274 87.2177 18
    endloop
  endfacet
  facet normal 0 0 1
    outer loop
      vertex 66.4094 86.6564 18
      vertex 64.3274 86.3823 18
      vertex 64.409 85.9718 18
    endloop
  endfacet
  facet normal 0 0 1
    outer loop
      vertex 66.4 86.8 18
      vertex 64.3 86.8 18
      vertex 64.3274 86.3823 18
    endloop
  endfacet
  facet normal 0.194967 0.98081 -0
    outer loop
      vertex 68.3282 89.891 2
      vertex 67.9177 89.9726 18
      vertex 68.3282 89.891 18
    endloop
  endfacet
  facet normal 0.194967 0.98081 0
    outer loop
      vertex 67.9177 89.9726 18
      vertex 68.3282 89.891 2
      vertex 67.9177 89.9726 2
    endloop
  endfacet
  facet normal 0.0654566 0.997855 -0
    outer loop
      vertex 67.9177 89.9726 2
      vertex 67.5 90 18
      vertex 67.9177 89.9726 18
    endloop
  endfacet
  facet normal 0.0654566 0.997855 0
    outer loop
      vertex 67.5 90 18
      vertex 67.9177 89.9726 2
      vertex 67.5 90 2
    endloop
  endfacet
  facet normal -0.442237 0.896898 0
    outer loop
      vertex 66.2754 89.7564 2
      vertex 65.9 89.5713 18
      vertex 66.2754 89.7564 18
    endloop
  endfacet
  facet normal -0.442237 0.896898 0
    outer loop
      vertex 65.9 89.5713 18
      vertex 66.2754 89.7564 2
      vertex 65.9 89.5713 2
    endloop
  endfacet
  facet normal -0.555692 -0.831388 0
    outer loop
      vertex 65.552 84.2613 2
      vertex 65.9 84.0287 18
      vertex 65.552 84.2613 18
    endloop
  endfacet
  facet normal -0.555692 -0.831388 -0
    outer loop
      vertex 65.9 84.0287 18
      vertex 65.552 84.2613 2
      vertex 65.9 84.0287 2
    endloop
  endfacet
  facet normal 0.659367 -0.751821 0
    outer loop
      vertex 69.448 84.2613 2
      vertex 69.7627 84.5373 18
      vertex 69.448 84.2613 18
    endloop
  endfacet
  facet normal 0.659367 -0.751821 0
    outer loop
      vertex 69.7627 84.5373 18
      vertex 69.448 84.2613 2
      vertex 69.7627 84.5373 2
    endloop
  endfacet
  facet normal 0.980741 0.195314 0
    outer loop
      vertex 68.5906 86.9436 20.39
      vertex 68.5625 87.0847 18
      vertex 68.5625 87.0847 20.39
    endloop
  endfacet
  facet normal 0.980741 0.195314 0
    outer loop
      vertex 68.5625 87.0847 18
      vertex 68.5906 86.9436 20.39
      vertex 68.5906 86.9436 18
    endloop
  endfacet
  facet normal 0.997864 0.0653198 0
    outer loop
      vertex 68.6 86.8 20.39
      vertex 68.5906 86.9436 18
      vertex 68.5906 86.9436 20.39
    endloop
  endfacet
  facet normal 0.997864 0.0653198 0
    outer loop
      vertex 68.5906 86.9436 18
      vertex 68.6 86.8 20.39
      vertex 68.6 86.8 18
    endloop
  endfacet
  facet normal 0.980741 -0.195314 0
    outer loop
      vertex 68.5625 86.5153 20.39
      vertex 68.5906 86.6564 18
      vertex 68.5906 86.6564 20.39
    endloop
  endfacet
  facet normal 0.980741 -0.195314 0
    outer loop
      vertex 68.5906 86.6564 18
      vertex 68.5625 86.5153 20.39
      vertex 68.5625 86.5153 18
    endloop
  endfacet
  facet normal -0.997864 -0.0653198 0
    outer loop
      vertex 66.4094 86.6564 18
      vertex 66.4 86.8 20.39
      vertex 66.4 86.8 18
    endloop
  endfacet
  facet normal -0.997864 -0.0653198 0
    outer loop
      vertex 66.4 86.8 20.39
      vertex 66.4094 86.6564 18
      vertex 66.4094 86.6564 20.39
    endloop
  endfacet
  facet normal -0.751801 0.65939 0
    outer loop
      vertex 66.6273 87.4696 18
      vertex 66.7222 87.5778 20.39
      vertex 66.7222 87.5778 18
    endloop
  endfacet
  facet normal -0.751801 0.65939 0
    outer loop
      vertex 66.7222 87.5778 20.39
      vertex 66.6273 87.4696 18
      vertex 66.6273 87.4696 20.39
    endloop
  endfacet
  facet normal 0.555502 -0.831515 0
    outer loop
      vertex 68.05 85.8474 18
      vertex 68.1696 85.9273 20.39
      vertex 68.05 85.8474 20.39
    endloop
  endfacet
  facet normal 0.555502 -0.831515 0
    outer loop
      vertex 68.1696 85.9273 20.39
      vertex 68.05 85.8474 18
      vertex 68.1696 85.9273 18
    endloop
  endfacet
  facet normal 0.831515 0.555502 0
    outer loop
      vertex 68.4526 87.35 20.39
      vertex 68.3727 87.4696 18
      vertex 68.3727 87.4696 20.39
    endloop
  endfacet
  facet normal 0.831515 0.555502 0
    outer loop
      vertex 68.3727 87.4696 18
      vertex 68.4526 87.35 20.39
      vertex 68.4526 87.35 18
    endloop
  endfacet
  facet normal 0.321018 -0.947073 0
    outer loop
      vertex 67.7847 85.7375 18
      vertex 67.921 85.7837 20.39
      vertex 67.7847 85.7375 20.39
    endloop
  endfacet
  facet normal 0.321018 -0.947073 0
    outer loop
      vertex 67.921 85.7837 20.39
      vertex 67.7847 85.7375 18
      vertex 67.921 85.7837 18
    endloop
  endfacet
  facet normal 0.896776 0.442484 0
    outer loop
      vertex 68.5163 87.2209 20.39
      vertex 68.4526 87.35 18
      vertex 68.4526 87.35 20.39
    endloop
  endfacet
  facet normal 0.896776 0.442484 0
    outer loop
      vertex 68.4526 87.35 18
      vertex 68.5163 87.2209 20.39
      vertex 68.5163 87.2209 18
    endloop
  endfacet
  facet normal 0.44276 -0.89664 0
    outer loop
      vertex 67.921 85.7837 18
      vertex 68.05 85.8474 20.39
      vertex 67.921 85.7837 20.39
    endloop
  endfacet
  facet normal 0.44276 -0.89664 0
    outer loop
      vertex 68.05 85.8474 20.39
      vertex 67.921 85.7837 18
      vertex 68.05 85.8474 18
    endloop
  endfacet
  facet normal 0.947073 -0.321018 0
    outer loop
      vertex 68.5163 86.379 20.39
      vertex 68.5625 86.5153 18
      vertex 68.5625 86.5153 20.39
    endloop
  endfacet
  facet normal 0.947073 -0.321018 0
    outer loop
      vertex 68.5625 86.5153 18
      vertex 68.5163 86.379 20.39
      vertex 68.5163 86.379 18
    endloop
  endfacet
  facet normal -0.195314 0.980741 0
    outer loop
      vertex 67.3564 87.8906 18
      vertex 67.2153 87.8625 20.39
      vertex 67.3564 87.8906 20.39
    endloop
  endfacet
  facet normal -0.195314 0.980741 0
    outer loop
      vertex 67.2153 87.8625 20.39
      vertex 67.3564 87.8906 18
      vertex 67.2153 87.8625 18
    endloop
  endfacet
  facet normal -0.980741 0.195314 0
    outer loop
      vertex 66.4094 86.9436 18
      vertex 66.4375 87.0847 20.39
      vertex 66.4375 87.0847 18
    endloop
  endfacet
  facet normal -0.980741 0.195314 0
    outer loop
      vertex 66.4375 87.0847 20.39
      vertex 66.4094 86.9436 18
      vertex 66.4094 86.9436 20.39
    endloop
  endfacet
  facet normal -0.980741 -0.195314 0
    outer loop
      vertex 66.4375 86.5153 18
      vertex 66.4094 86.6564 20.39
      vertex 66.4094 86.6564 18
    endloop
  endfacet
  facet normal -0.980741 -0.195314 0
    outer loop
      vertex 66.4094 86.6564 20.39
      vertex 66.4375 86.5153 18
      vertex 66.4375 86.5153 20.39
    endloop
  endfacet
  facet normal -0.831515 -0.555502 0
    outer loop
      vertex 66.6273 86.1304 18
      vertex 66.5474 86.25 20.39
      vertex 66.5474 86.25 18
    endloop
  endfacet
  facet normal -0.831515 -0.555502 0
    outer loop
      vertex 66.5474 86.25 20.39
      vertex 66.6273 86.1304 18
      vertex 66.6273 86.1304 20.39
    endloop
  endfacet
  facet normal 0.0653198 -0.997864 0
    outer loop
      vertex 67.5 85.7 18
      vertex 67.6436 85.7094 20.39
      vertex 67.5 85.7 20.39
    endloop
  endfacet
  facet normal 0.0653198 -0.997864 0
    outer loop
      vertex 67.6436 85.7094 20.39
      vertex 67.5 85.7 18
      vertex 67.6436 85.7094 18
    endloop
  endfacet
  facet normal -0.195314 -0.980741 0
    outer loop
      vertex 67.2153 85.7375 18
      vertex 67.3564 85.7094 20.39
      vertex 67.2153 85.7375 20.39
    endloop
  endfacet
  facet normal -0.195314 -0.980741 -0
    outer loop
      vertex 67.3564 85.7094 20.39
      vertex 67.2153 85.7375 18
      vertex 67.3564 85.7094 18
    endloop
  endfacet
  facet normal 0.751801 -0.65939 0
    outer loop
      vertex 68.2778 86.0222 20.39
      vertex 68.3727 86.1304 18
      vertex 68.3727 86.1304 20.39
    endloop
  endfacet
  facet normal 0.751801 -0.65939 0
    outer loop
      vertex 68.3727 86.1304 18
      vertex 68.2778 86.0222 20.39
      vertex 68.2778 86.0222 18
    endloop
  endfacet
  facet normal 0.65939 0.751801 -0
    outer loop
      vertex 68.2778 87.5778 18
      vertex 68.1696 87.6727 20.39
      vertex 68.2778 87.5778 20.39
    endloop
  endfacet
  facet normal 0.65939 0.751801 0
    outer loop
      vertex 68.1696 87.6727 20.39
      vertex 68.2778 87.5778 18
      vertex 68.1696 87.6727 18
    endloop
  endfacet
  facet normal 0.89664 -0.44276 0
    outer loop
      vertex 68.4526 86.25 20.39
      vertex 68.5163 86.379 18
      vertex 68.5163 86.379 20.39
    endloop
  endfacet
  facet normal 0.89664 -0.44276 0
    outer loop
      vertex 68.5163 86.379 18
      vertex 68.4526 86.25 20.39
      vertex 68.4526 86.25 18
    endloop
  endfacet
  facet normal -0.0653198 0.997864 0
    outer loop
      vertex 67.5 87.9 18
      vertex 67.3564 87.8906 20.39
      vertex 67.5 87.9 20.39
    endloop
  endfacet
  facet normal -0.0653198 0.997864 0
    outer loop
      vertex 67.3564 87.8906 20.39
      vertex 67.5 87.9 18
      vertex 67.3564 87.8906 18
    endloop
  endfacet
  facet normal -0.751801 -0.65939 0
    outer loop
      vertex 66.7222 86.0222 18
      vertex 66.6273 86.1304 20.39
      vertex 66.6273 86.1304 18
    endloop
  endfacet
  facet normal -0.751801 -0.65939 0
    outer loop
      vertex 66.6273 86.1304 20.39
      vertex 66.7222 86.0222 18
      vertex 66.7222 86.0222 20.39
    endloop
  endfacet
  facet normal -0.831515 0.555502 0
    outer loop
      vertex 66.5474 87.35 18
      vertex 66.6273 87.4696 20.39
      vertex 66.6273 87.4696 18
    endloop
  endfacet
  facet normal -0.831515 0.555502 0
    outer loop
      vertex 66.6273 87.4696 20.39
      vertex 66.5474 87.35 18
      vertex 66.5474 87.35 20.39
    endloop
  endfacet
  facet normal -0.65939 0.751801 0
    outer loop
      vertex 66.8304 87.6727 18
      vertex 66.7222 87.5778 20.39
      vertex 66.8304 87.6727 20.39
    endloop
  endfacet
  facet normal -0.65939 0.751801 0
    outer loop
      vertex 66.7222 87.5778 20.39
      vertex 66.8304 87.6727 18
      vertex 66.7222 87.5778 18
    endloop
  endfacet
  facet normal 0 0 1
    outer loop
      vertex 68.5906 86.9436 20.39
      vertex 68.5906 86.6564 20.39
      vertex 68.6 86.8 20.39
    endloop
  endfacet
  facet normal 0 0 1
    outer loop
      vertex 68.5625 87.0847 20.39
      vertex 68.5906 86.6564 20.39
      vertex 68.5906 86.9436 20.39
    endloop
  endfacet
  facet normal 0 0 1
    outer loop
      vertex 68.5625 87.0847 20.39
      vertex 68.5625 86.5153 20.39
      vertex 68.5906 86.6564 20.39
    endloop
  endfacet
  facet normal 0 0 1
    outer loop
      vertex 68.5163 87.2209 20.39
      vertex 68.5625 86.5153 20.39
      vertex 68.5625 87.0847 20.39
    endloop
  endfacet
  facet normal 0 0 1
    outer loop
      vertex 68.5163 87.2209 20.39
      vertex 68.5163 86.379 20.39
      vertex 68.5625 86.5153 20.39
    endloop
  endfacet
  facet normal 0 0 1
    outer loop
      vertex 68.4526 87.35 20.39
      vertex 68.5163 86.379 20.39
      vertex 68.5163 87.2209 20.39
    endloop
  endfacet
  facet normal 0 0 1
    outer loop
      vertex 68.4526 87.35 20.39
      vertex 68.4526 86.25 20.39
      vertex 68.5163 86.379 20.39
    endloop
  endfacet
  facet normal 0 0 1
    outer loop
      vertex 68.3727 87.4696 20.39
      vertex 68.4526 86.25 20.39
      vertex 68.4526 87.35 20.39
    endloop
  endfacet
  facet normal 0 0 1
    outer loop
      vertex 68.3727 87.4696 20.39
      vertex 68.3727 86.1304 20.39
      vertex 68.4526 86.25 20.39
    endloop
  endfacet
  facet normal 0 0 1
    outer loop
      vertex 68.2778 87.5778 20.39
      vertex 68.3727 86.1304 20.39
      vertex 68.3727 87.4696 20.39
    endloop
  endfacet
  facet normal 0 0 1
    outer loop
      vertex 68.2778 87.5778 20.39
      vertex 68.2778 86.0222 20.39
      vertex 68.3727 86.1304 20.39
    endloop
  endfacet
  facet normal 0 0 1
    outer loop
      vertex 68.1696 87.6727 20.39
      vertex 68.2778 86.0222 20.39
      vertex 68.2778 87.5778 20.39
    endloop
  endfacet
  facet normal 0 0 1
    outer loop
      vertex 68.1696 87.6727 20.39
      vertex 68.1696 85.9273 20.39
      vertex 68.2778 86.0222 20.39
    endloop
  endfacet
  facet normal 0 0 1
    outer loop
      vertex 68.05 87.7526 20.39
      vertex 68.1696 85.9273 20.39
      vertex 68.1696 87.6727 20.39
    endloop
  endfacet
  facet normal 0 0 1
    outer loop
      vertex 68.05 87.7526 20.39
      vertex 68.05 85.8474 20.39
      vertex 68.1696 85.9273 20.39
    endloop
  endfacet
  facet normal 0 0 1
    outer loop
      vertex 67.921 87.8163 20.39
      vertex 68.05 85.8474 20.39
      vertex 68.05 87.7526 20.39
    endloop
  endfacet
  facet normal 0 0 1
    outer loop
      vertex 67.921 87.8163 20.39
      vertex 67.921 85.7837 20.39
      vertex 68.05 85.8474 20.39
    endloop
  endfacet
  facet normal 0 0 1
    outer loop
      vertex 67.7847 87.8625 20.39
      vertex 67.921 85.7837 20.39
      vertex 67.921 87.8163 20.39
    endloop
  endfacet
  facet normal 0 0 1
    outer loop
      vertex 67.7847 87.8625 20.39
      vertex 67.7847 85.7375 20.39
      vertex 67.921 85.7837 20.39
    endloop
  endfacet
  facet normal 0 0 1
    outer loop
      vertex 67.6436 87.8906 20.39
      vertex 67.7847 85.7375 20.39
      vertex 67.7847 87.8625 20.39
    endloop
  endfacet
  facet normal 0 0 1
    outer loop
      vertex 67.6436 87.8906 20.39
      vertex 67.6436 85.7094 20.39
      vertex 67.7847 85.7375 20.39
    endloop
  endfacet
  facet normal 0 0 1
    outer loop
      vertex 67.5 87.9 20.39
      vertex 67.6436 85.7094 20.39
      vertex 67.6436 87.8906 20.39
    endloop
  endfacet
  facet normal 0 0 1
    outer loop
      vertex 67.5 87.9 20.39
      vertex 67.5 85.7 20.39
      vertex 67.6436 85.7094 20.39
    endloop
  endfacet
  facet normal -0 0 1
    outer loop
      vertex 67.3564 87.8906 20.39
      vertex 67.5 85.7 20.39
      vertex 67.5 87.9 20.39
    endloop
  endfacet
  facet normal 0 0 1
    outer loop
      vertex 67.3564 87.8906 20.39
      vertex 67.3564 85.7094 20.39
      vertex 67.5 85.7 20.39
    endloop
  endfacet
  facet normal -0 0 1
    outer loop
      vertex 67.2153 87.8625 20.39
      vertex 67.3564 85.7094 20.39
      vertex 67.3564 87.8906 20.39
    endloop
  endfacet
  facet normal 0 0 1
    outer loop
      vertex 67.2153 87.8625 20.39
      vertex 67.2153 85.7375 20.39
      vertex 67.3564 85.7094 20.39
    endloop
  endfacet
  facet normal -0 0 1
    outer loop
      vertex 67.079 87.8163 20.39
      vertex 67.2153 85.7375 20.39
      vertex 67.2153 87.8625 20.39
    endloop
  endfacet
  facet normal 0 0 1
    outer loop
      vertex 67.079 87.8163 20.39
      vertex 67.079 85.7837 20.39
      vertex 67.2153 85.7375 20.39
    endloop
  endfacet
  facet normal -0 0 1
    outer loop
      vertex 66.95 87.7526 20.39
      vertex 67.079 85.7837 20.39
      vertex 67.079 87.8163 20.39
    endloop
  endfacet
  facet normal 0 0 1
    outer loop
      vertex 66.95 87.7526 20.39
      vertex 66.95 85.8474 20.39
      vertex 67.079 85.7837 20.39
    endloop
  endfacet
  facet normal -0 0 1
    outer loop
      vertex 66.8304 87.6727 20.39
      vertex 66.95 85.8474 20.39
      vertex 66.95 87.7526 20.39
    endloop
  endfacet
  facet normal 0 0 1
    outer loop
      vertex 66.8304 87.6727 20.39
      vertex 66.8304 85.9273 20.39
      vertex 66.95 85.8474 20.39
    endloop
  endfacet
  facet normal -0 0 1
    outer loop
      vertex 66.7222 87.5778 20.39
      vertex 66.8304 85.9273 20.39
      vertex 66.8304 87.6727 20.39
    endloop
  endfacet
  facet normal 0 0 1
    outer loop
      vertex 66.7222 87.5778 20.39
      vertex 66.7222 86.0222 20.39
      vertex 66.8304 85.9273 20.39
    endloop
  endfacet
  facet normal -0 0 1
    outer loop
      vertex 66.6273 87.4696 20.39
      vertex 66.7222 86.0222 20.39
      vertex 66.7222 87.5778 20.39
    endloop
  endfacet
  facet normal 0 0 1
    outer loop
      vertex 66.6273 87.4696 20.39
      vertex 66.6273 86.1304 20.39
      vertex 66.7222 86.0222 20.39
    endloop
  endfacet
  facet normal -0 0 1
    outer loop
      vertex 66.5474 87.35 20.39
      vertex 66.6273 86.1304 20.39
      vertex 66.6273 87.4696 20.39
    endloop
  endfacet
  facet normal 0 0 1
    outer loop
      vertex 66.5474 87.35 20.39
      vertex 66.5474 86.25 20.39
      vertex 66.6273 86.1304 20.39
    endloop
  endfacet
  facet normal -0 0 1
    outer loop
      vertex 66.4837 87.2209 20.39
      vertex 66.5474 86.25 20.39
      vertex 66.5474 87.35 20.39
    endloop
  endfacet
  facet normal 0 0 1
    outer loop
      vertex 66.4837 87.2209 20.39
      vertex 66.4837 86.379 20.39
      vertex 66.5474 86.25 20.39
    endloop
  endfacet
  facet normal -0 0 1
    outer loop
      vertex 66.4375 87.0847 20.39
      vertex 66.4837 86.379 20.39
      vertex 66.4837 87.2209 20.39
    endloop
  endfacet
  facet normal 0 0 1
    outer loop
      vertex 66.4375 87.0847 20.39
      vertex 66.4375 86.5153 20.39
      vertex 66.4837 86.379 20.39
    endloop
  endfacet
  facet normal -0 0 1
    outer loop
      vertex 66.4094 86.9436 20.39
      vertex 66.4375 86.5153 20.39
      vertex 66.4375 87.0847 20.39
    endloop
  endfacet
  facet normal 0 0 1
    outer loop
      vertex 66.4094 86.9436 20.39
      vertex 66.4094 86.6564 20.39
      vertex 66.4375 86.5153 20.39
    endloop
  endfacet
  facet normal 0 -0 1
    outer loop
      vertex 66.4094 86.6564 20.39
      vertex 66.4094 86.9436 20.39
      vertex 66.4 86.8 20.39
    endloop
  endfacet
  facet normal 0.195314 -0.980741 0
    outer loop
      vertex 67.6436 85.7094 18
      vertex 67.7847 85.7375 20.39
      vertex 67.6436 85.7094 20.39
    endloop
  endfacet
  facet normal 0.195314 -0.980741 0
    outer loop
      vertex 67.7847 85.7375 20.39
      vertex 67.6436 85.7094 18
      vertex 67.7847 85.7375 18
    endloop
  endfacet
  facet normal -0.0653198 -0.997864 0
    outer loop
      vertex 67.3564 85.7094 18
      vertex 67.5 85.7 20.39
      vertex 67.3564 85.7094 20.39
    endloop
  endfacet
  facet normal -0.0653198 -0.997864 -0
    outer loop
      vertex 67.5 85.7 20.39
      vertex 67.3564 85.7094 18
      vertex 67.5 85.7 18
    endloop
  endfacet
  facet normal -0.44276 0.89664 0
    outer loop
      vertex 67.079 87.8163 18
      vertex 66.95 87.7526 20.39
      vertex 67.079 87.8163 20.39
    endloop
  endfacet
  facet normal -0.44276 0.89664 0
    outer loop
      vertex 66.95 87.7526 20.39
      vertex 67.079 87.8163 18
      vertex 66.95 87.7526 18
    endloop
  endfacet
  facet normal 0.195314 0.980741 -0
    outer loop
      vertex 67.7847 87.8625 18
      vertex 67.6436 87.8906 20.39
      vertex 67.7847 87.8625 20.39
    endloop
  endfacet
  facet normal 0.195314 0.980741 0
    outer loop
      vertex 67.6436 87.8906 20.39
      vertex 67.7847 87.8625 18
      vertex 67.6436 87.8906 18
    endloop
  endfacet
  facet normal 0.44276 0.89664 -0
    outer loop
      vertex 68.05 87.7526 18
      vertex 67.921 87.8163 20.39
      vertex 68.05 87.7526 20.39
    endloop
  endfacet
  facet normal 0.44276 0.89664 0
    outer loop
      vertex 67.921 87.8163 20.39
      vertex 68.05 87.7526 18
      vertex 67.921 87.8163 18
    endloop
  endfacet
  facet normal -0.89664 -0.44276 0
    outer loop
      vertex 66.5474 86.25 18
      vertex 66.4837 86.379 20.39
      vertex 66.4837 86.379 18
    endloop
  endfacet
  facet normal -0.89664 -0.44276 0
    outer loop
      vertex 66.4837 86.379 20.39
      vertex 66.5474 86.25 18
      vertex 66.5474 86.25 20.39
    endloop
  endfacet
  facet normal 0.555502 0.831515 -0
    outer loop
      vertex 68.1696 87.6727 18
      vertex 68.05 87.7526 20.39
      vertex 68.1696 87.6727 20.39
    endloop
  endfacet
  facet normal 0.555502 0.831515 0
    outer loop
      vertex 68.05 87.7526 20.39
      vertex 68.1696 87.6727 18
      vertex 68.05 87.7526 18
    endloop
  endfacet
  facet normal -0.321018 0.947073 0
    outer loop
      vertex 67.2153 87.8625 18
      vertex 67.079 87.8163 20.39
      vertex 67.2153 87.8625 20.39
    endloop
  endfacet
  facet normal -0.321018 0.947073 0
    outer loop
      vertex 67.079 87.8163 20.39
      vertex 67.2153 87.8625 18
      vertex 67.079 87.8163 18
    endloop
  endfacet
  facet normal 0.997864 -0.0653198 0
    outer loop
      vertex 68.5906 86.6564 20.39
      vertex 68.6 86.8 18
      vertex 68.6 86.8 20.39
    endloop
  endfacet
  facet normal 0.997864 -0.0653198 0
    outer loop
      vertex 68.6 86.8 18
      vertex 68.5906 86.6564 20.39
      vertex 68.5906 86.6564 18
    endloop
  endfacet
  facet normal 0.751801 0.65939 0
    outer loop
      vertex 68.3727 87.4696 20.39
      vertex 68.2778 87.5778 18
      vertex 68.2778 87.5778 20.39
    endloop
  endfacet
  facet normal 0.751801 0.65939 0
    outer loop
      vertex 68.2778 87.5778 18
      vertex 68.3727 87.4696 20.39
      vertex 68.3727 87.4696 18
    endloop
  endfacet
  facet normal -0.321018 -0.947073 0
    outer loop
      vertex 67.079 85.7837 18
      vertex 67.2153 85.7375 20.39
      vertex 67.079 85.7837 20.39
    endloop
  endfacet
  facet normal -0.321018 -0.947073 -0
    outer loop
      vertex 67.2153 85.7375 20.39
      vertex 67.079 85.7837 18
      vertex 67.2153 85.7375 18
    endloop
  endfacet
  facet normal -0.44276 -0.89664 0
    outer loop
      vertex 66.95 85.8474 18
      vertex 67.079 85.7837 20.39
      vertex 66.95 85.8474 20.39
    endloop
  endfacet
  facet normal -0.44276 -0.89664 -0
    outer loop
      vertex 67.079 85.7837 20.39
      vertex 66.95 85.8474 18
      vertex 67.079 85.7837 18
    endloop
  endfacet
  facet normal -0.947001 0.32123 0
    outer loop
      vertex 66.4375 87.0847 18
      vertex 66.4837 87.2209 20.39
      vertex 66.4837 87.2209 18
    endloop
  endfacet
  facet normal -0.947001 0.32123 0
    outer loop
      vertex 66.4837 87.2209 20.39
      vertex 66.4375 87.0847 18
      vertex 66.4375 87.0847 20.39
    endloop
  endfacet
  facet normal 0.0653198 0.997864 -0
    outer loop
      vertex 67.6436 87.8906 18
      vertex 67.5 87.9 20.39
      vertex 67.6436 87.8906 20.39
    endloop
  endfacet
  facet normal 0.0653198 0.997864 0
    outer loop
      vertex 67.5 87.9 20.39
      vertex 67.6436 87.8906 18
      vertex 67.5 87.9 18
    endloop
  endfacet
  facet normal 0.321018 0.947073 -0
    outer loop
      vertex 67.921 87.8163 18
      vertex 67.7847 87.8625 20.39
      vertex 67.921 87.8163 20.39
    endloop
  endfacet
  facet normal 0.321018 0.947073 0
    outer loop
      vertex 67.7847 87.8625 20.39
      vertex 67.921 87.8163 18
      vertex 67.7847 87.8625 18
    endloop
  endfacet
  facet normal 0.947001 0.32123 0
    outer loop
      vertex 68.5625 87.0847 20.39
      vertex 68.5163 87.2209 18
      vertex 68.5163 87.2209 20.39
    endloop
  endfacet
  facet normal 0.947001 0.32123 0
    outer loop
      vertex 68.5163 87.2209 18
      vertex 68.5625 87.0847 20.39
      vertex 68.5625 87.0847 18
    endloop
  endfacet
  facet normal 0.831515 -0.555502 0
    outer loop
      vertex 68.3727 86.1304 20.39
      vertex 68.4526 86.25 18
      vertex 68.4526 86.25 20.39
    endloop
  endfacet
  facet normal 0.831515 -0.555502 0
    outer loop
      vertex 68.4526 86.25 18
      vertex 68.3727 86.1304 20.39
      vertex 68.3727 86.1304 18
    endloop
  endfacet
  facet normal -0.947073 -0.321018 0
    outer loop
      vertex 66.4837 86.379 18
      vertex 66.4375 86.5153 20.39
      vertex 66.4375 86.5153 18
    endloop
  endfacet
  facet normal -0.947073 -0.321018 0
    outer loop
      vertex 66.4375 86.5153 20.39
      vertex 66.4837 86.379 18
      vertex 66.4837 86.379 20.39
    endloop
  endfacet
  facet normal -0.65939 -0.751801 0
    outer loop
      vertex 66.7222 86.0222 18
      vertex 66.8304 85.9273 20.39
      vertex 66.7222 86.0222 20.39
    endloop
  endfacet
  facet normal -0.65939 -0.751801 -0
    outer loop
      vertex 66.8304 85.9273 20.39
      vertex 66.7222 86.0222 18
      vertex 66.8304 85.9273 18
    endloop
  endfacet
  facet normal -0.997864 0.0653198 0
    outer loop
      vertex 66.4 86.8 18
      vertex 66.4094 86.9436 20.39
      vertex 66.4094 86.9436 18
    endloop
  endfacet
  facet normal -0.997864 0.0653198 0
    outer loop
      vertex 66.4094 86.9436 20.39
      vertex 66.4 86.8 18
      vertex 66.4 86.8 20.39
    endloop
  endfacet
  facet normal -0.555502 0.831515 0
    outer loop
      vertex 66.95 87.7526 18
      vertex 66.8304 87.6727 20.39
      vertex 66.95 87.7526 20.39
    endloop
  endfacet
  facet normal -0.555502 0.831515 0
    outer loop
      vertex 66.8304 87.6727 20.39
      vertex 66.95 87.7526 18
      vertex 66.8304 87.6727 18
    endloop
  endfacet
  facet normal -0.896776 0.442484 0
    outer loop
      vertex 66.4837 87.2209 18
      vertex 66.5474 87.35 20.39
      vertex 66.5474 87.35 18
    endloop
  endfacet
  facet normal -0.896776 0.442484 0
    outer loop
      vertex 66.5474 87.35 20.39
      vertex 66.4837 87.2209 18
      vertex 66.4837 87.2209 20.39
    endloop
  endfacet
  facet normal -0.555502 -0.831515 0
    outer loop
      vertex 66.8304 85.9273 18
      vertex 66.95 85.8474 20.39
      vertex 66.8304 85.9273 20.39
    endloop
  endfacet
  facet normal -0.555502 -0.831515 -0
    outer loop
      vertex 66.95 85.8474 20.39
      vertex 66.8304 85.9273 18
      vertex 66.95 85.8474 18
    endloop
  endfacet
  facet normal 0.65939 -0.751801 0
    outer loop
      vertex 68.1696 85.9273 18
      vertex 68.2778 86.0222 20.39
      vertex 68.1696 85.9273 20.39
    endloop
  endfacet
  facet normal 0.65939 -0.751801 0
    outer loop
      vertex 68.2778 86.0222 20.39
      vertex 68.1696 85.9273 18
      vertex 68.2778 86.0222 18
    endloop
  endfacet
  facet normal -0 0 1
    outer loop
      vertex 7.79999 10 5.99
      vertex 9 2 5.99
      vertex 9 10 5.99
    endloop
  endfacet
  facet normal 0 0 1
    outer loop
      vertex 9 2 5.99
      vertex 7.79999 10 5.99
      vertex 7.79999 2 5.99
    endloop
  endfacet
  facet normal -0 0 1
    outer loop
      vertex 9.5 1.5 5.99
      vertex 17.5 0.299988 5.99
      vertex 17.5 1.5 5.99
    endloop
  endfacet
  facet normal 0 0 1
    outer loop
      vertex 17.5 0.299988 5.99
      vertex 9.5 1.5 5.99
      vertex 9.5 0.299988 5.99
    endloop
  endfacet
  facet normal 0 1 -0
    outer loop
      vertex 9 10 2
      vertex 7.79999 10 5.99
      vertex 9 10 5.99
    endloop
  endfacet
  facet normal 0 1 0
    outer loop
      vertex 7.79999 10 5.99
      vertex 9 10 2
      vertex 7.79999 10 2
    endloop
  endfacet
  facet normal -1 0 0
    outer loop
      vertex 7.79999 2 2
      vertex 7.79999 10 5.99
      vertex 7.79999 10 2
    endloop
  endfacet
  facet normal -1 -0 0
    outer loop
      vertex 7.79999 10 5.99
      vertex 7.79999 2 2
      vertex 7.79999 2 5.99
    endloop
  endfacet
  facet normal 0 -1 0
    outer loop
      vertex 7.79999 2 2
      vertex 9 2 5.99
      vertex 7.79999 2 5.99
    endloop
  endfacet
  facet normal 0 -1 -0
    outer loop
      vertex 9 2 5.99
      vertex 7.79999 2 2
      vertex 9 2 2
    endloop
  endfacet
  facet normal 1 -0 0
    outer loop
      vertex 9 2 5.99
      vertex 9 10 2
      vertex 9 10 5.99
    endloop
  endfacet
  facet normal 1 0 0
    outer loop
      vertex 9 10 2
      vertex 9 2 5.99
      vertex 9 2 2
    endloop
  endfacet
  facet normal 0 1 -0
    outer loop
      vertex 17.5 1.5 2
      vertex 9.5 1.5 5.99
      vertex 17.5 1.5 5.99
    endloop
  endfacet
  facet normal 0 1 0
    outer loop
      vertex 9.5 1.5 5.99
      vertex 17.5 1.5 2
      vertex 9.5 1.5 2
    endloop
  endfacet
  facet normal -1 0 0
    outer loop
      vertex 9.5 0.299988 2
      vertex 9.5 1.5 5.99
      vertex 9.5 1.5 2
    endloop
  endfacet
  facet normal -1 -0 0
    outer loop
      vertex 9.5 1.5 5.99
      vertex 9.5 0.299988 2
      vertex 9.5 0.299988 5.99
    endloop
  endfacet
  facet normal 0 -1 0
    outer loop
      vertex 9.5 0.299988 2
      vertex 17.5 0.299988 5.99
      vertex 9.5 0.299988 5.99
    endloop
  endfacet
  facet normal 0 -1 -0
    outer loop
      vertex 17.5 0.299988 5.99
      vertex 9.5 0.299988 2
      vertex 17.5 0.299988 2
    endloop
  endfacet
  facet normal 1 -0 0
    outer loop
      vertex 17.5 0.299988 5.99
      vertex 17.5 1.5 2
      vertex 17.5 1.5 5.99
    endloop
  endfacet
  facet normal 1 0 0
    outer loop
      vertex 17.5 1.5 2
      vertex 17.5 0.299988 5.99
      vertex 17.5 0.299988 2
    endloop
  endfacet
  facet normal -0 0 1
    outer loop
      vertex 9.5 69.7 5.99
      vertex 17.5 68.5 5.99
      vertex 17.5 69.7 5.99
    endloop
  endfacet
  facet normal 0 0 1
    outer loop
      vertex 17.5 68.5 5.99
      vertex 9.5 69.7 5.99
      vertex 9.5 68.5 5.99
    endloop
  endfacet
  facet normal -0 0 1
    outer loop
      vertex 7.79999 68 5.99
      vertex 9 60 5.99
      vertex 9 68 5.99
    endloop
  endfacet
  facet normal 0 0 1
    outer loop
      vertex 9 60 5.99
      vertex 7.79999 68 5.99
      vertex 7.79999 60 5.99
    endloop
  endfacet
  facet normal 0 1 -0
    outer loop
      vertex 17.5 69.7 2
      vertex 9.5 69.7 5.99
      vertex 17.5 69.7 5.99
    endloop
  endfacet
  facet normal 0 1 0
    outer loop
      vertex 9.5 69.7 5.99
      vertex 17.5 69.7 2
      vertex 9.5 69.7 2
    endloop
  endfacet
  facet normal -1 0 0
    outer loop
      vertex 9.5 68.5 2
      vertex 9.5 69.7 5.99
      vertex 9.5 69.7 2
    endloop
  endfacet
  facet normal -1 -0 0
    outer loop
      vertex 9.5 69.7 5.99
      vertex 9.5 68.5 2
      vertex 9.5 68.5 5.99
    endloop
  endfacet
  facet normal 0 -1 0
    outer loop
      vertex 9.5 68.5 2
      vertex 17.5 68.5 5.99
      vertex 9.5 68.5 5.99
    endloop
  endfacet
  facet normal 0 -1 -0
    outer loop
      vertex 17.5 68.5 5.99
      vertex 9.5 68.5 2
      vertex 17.5 68.5 2
    endloop
  endfacet
  facet normal 1 -0 0
    outer loop
      vertex 17.5 68.5 5.99
      vertex 17.5 69.7 2
      vertex 17.5 69.7 5.99
    endloop
  endfacet
  facet normal 1 0 0
    outer loop
      vertex 17.5 69.7 2
      vertex 17.5 68.5 5.99
      vertex 17.5 68.5 2
    endloop
  endfacet
  facet normal 0 1 -0
    outer loop
      vertex 9 68 2
      vertex 7.79999 68 5.99
      vertex 9 68 5.99
    endloop
  endfacet
  facet normal 0 1 0
    outer loop
      vertex 7.79999 68 5.99
      vertex 9 68 2
      vertex 7.79999 68 2
    endloop
  endfacet
  facet normal -1 0 0
    outer loop
      vertex 7.79999 60 2
      vertex 7.79999 68 5.99
      vertex 7.79999 68 2
    endloop
  endfacet
  facet normal -1 -0 0
    outer loop
      vertex 7.79999 68 5.99
      vertex 7.79999 60 2
      vertex 7.79999 60 5.99
    endloop
  endfacet
  facet normal 0 -1 0
    outer loop
      vertex 7.79999 60 2
      vertex 9 60 5.99
      vertex 7.79999 60 5.99
    endloop
  endfacet
  facet normal 0 -1 -0
    outer loop
      vertex 9 60 5.99
      vertex 7.79999 60 2
      vertex 9 60 2
    endloop
  endfacet
  facet normal 1 -0 0
    outer loop
      vertex 9 60 5.99
      vertex 9 68 2
      vertex 9 68 5.99
    endloop
  endfacet
  facet normal 1 0 0
    outer loop
      vertex 9 68 2
      vertex 9 60 5.99
      vertex 9 60 2
    endloop
  endfacet
  facet normal -0 0 1
    outer loop
      vertex 61 10 5.99
      vertex 62.2 2 5.99
      vertex 62.2 10 5.99
    endloop
  endfacet
  facet normal 0 0 1
    outer loop
      vertex 62.2 2 5.99
      vertex 61 10 5.99
      vertex 61 2 5.99
    endloop
  endfacet
  facet normal -0 0 1
    outer loop
      vertex 52.5 1.5 5.99
      vertex 60.5 0.299988 5.99
      vertex 60.5 1.5 5.99
    endloop
  endfacet
  facet normal 0 0 1
    outer loop
      vertex 60.5 0.299988 5.99
      vertex 52.5 1.5 5.99
      vertex 52.5 0.299988 5.99
    endloop
  endfacet
  facet normal 0 1 -0
    outer loop
      vertex 62.2 10 2
      vertex 61 10 5.99
      vertex 62.2 10 5.99
    endloop
  endfacet
  facet normal 0 1 0
    outer loop
      vertex 61 10 5.99
      vertex 62.2 10 2
      vertex 61 10 2
    endloop
  endfacet
  facet normal -1 0 0
    outer loop
      vertex 61 2 2
      vertex 61 10 5.99
      vertex 61 10 2
    endloop
  endfacet
  facet normal -1 -0 0
    outer loop
      vertex 61 10 5.99
      vertex 61 2 2
      vertex 61 2 5.99
    endloop
  endfacet
  facet normal 0 -1 0
    outer loop
      vertex 61 2 2
      vertex 62.2 2 5.99
      vertex 61 2 5.99
    endloop
  endfacet
  facet normal 0 -1 -0
    outer loop
      vertex 62.2 2 5.99
      vertex 61 2 2
      vertex 62.2 2 2
    endloop
  endfacet
  facet normal 1 -0 0
    outer loop
      vertex 62.2 2 5.99
      vertex 62.2 10 2
      vertex 62.2 10 5.99
    endloop
  endfacet
  facet normal 1 0 0
    outer loop
      vertex 62.2 10 2
      vertex 62.2 2 5.99
      vertex 62.2 2 2
    endloop
  endfacet
  facet normal 0 1 -0
    outer loop
      vertex 60.5 1.5 2
      vertex 52.5 1.5 5.99
      vertex 60.5 1.5 5.99
    endloop
  endfacet
  facet normal 0 1 0
    outer loop
      vertex 52.5 1.5 5.99
      vertex 60.5 1.5 2
      vertex 52.5 1.5 2
    endloop
  endfacet
  facet normal -1 0 0
    outer loop
      vertex 52.5 0.299988 2
      vertex 52.5 1.5 5.99
      vertex 52.5 1.5 2
    endloop
  endfacet
  facet normal -1 -0 0
    outer loop
      vertex 52.5 1.5 5.99
      vertex 52.5 0.299988 2
      vertex 52.5 0.299988 5.99
    endloop
  endfacet
  facet normal 0 -1 0
    outer loop
      vertex 52.5 0.299988 2
      vertex 60.5 0.299988 5.99
      vertex 52.5 0.299988 5.99
    endloop
  endfacet
  facet normal 0 -1 -0
    outer loop
      vertex 60.5 0.299988 5.99
      vertex 52.5 0.299988 2
      vertex 60.5 0.299988 2
    endloop
  endfacet
  facet normal 1 -0 0
    outer loop
      vertex 60.5 0.299988 5.99
      vertex 60.5 1.5 2
      vertex 60.5 1.5 5.99
    endloop
  endfacet
  facet normal 1 0 0
    outer loop
      vertex 60.5 1.5 2
      vertex 60.5 0.299988 5.99
      vertex 60.5 0.299988 2
    endloop
  endfacet
  facet normal -0 0 1
    outer loop
      vertex 52.5 69.7 5.99
      vertex 60.5 68.5 5.99
      vertex 60.5 69.7 5.99
    endloop
  endfacet
  facet normal 0 0 1
    outer loop
      vertex 60.5 68.5 5.99
      vertex 52.5 69.7 5.99
      vertex 52.5 68.5 5.99
    endloop
  endfacet
  facet normal -0 0 1
    outer loop
      vertex 61 68 5.99
      vertex 62.2 60 5.99
      vertex 62.2 68 5.99
    endloop
  endfacet
  facet normal 0 0 1
    outer loop
      vertex 62.2 60 5.99
      vertex 61 68 5.99
      vertex 61 60 5.99
    endloop
  endfacet
  facet normal 0 1 -0
    outer loop
      vertex 60.5 69.7 2
      vertex 52.5 69.7 5.99
      vertex 60.5 69.7 5.99
    endloop
  endfacet
  facet normal 0 1 0
    outer loop
      vertex 52.5 69.7 5.99
      vertex 60.5 69.7 2
      vertex 52.5 69.7 2
    endloop
  endfacet
  facet normal -1 0 0
    outer loop
      vertex 52.5 68.5 2
      vertex 52.5 69.7 5.99
      vertex 52.5 69.7 2
    endloop
  endfacet
  facet normal -1 -0 0
    outer loop
      vertex 52.5 69.7 5.99
      vertex 52.5 68.5 2
      vertex 52.5 68.5 5.99
    endloop
  endfacet
  facet normal 0 -1 0
    outer loop
      vertex 52.5 68.5 2
      vertex 60.5 68.5 5.99
      vertex 52.5 68.5 5.99
    endloop
  endfacet
  facet normal 0 -1 -0
    outer loop
      vertex 60.5 68.5 5.99
      vertex 52.5 68.5 2
      vertex 60.5 68.5 2
    endloop
  endfacet
  facet normal 1 -0 0
    outer loop
      vertex 60.5 68.5 5.99
      vertex 60.5 69.7 2
      vertex 60.5 69.7 5.99
    endloop
  endfacet
  facet normal 1 0 0
    outer loop
      vertex 60.5 69.7 2
      vertex 60.5 68.5 5.99
      vertex 60.5 68.5 2
    endloop
  endfacet
  facet normal 0 1 -0
    outer loop
      vertex 62.2 68 2
      vertex 61 68 5.99
      vertex 62.2 68 5.99
    endloop
  endfacet
  facet normal 0 1 0
    outer loop
      vertex 61 68 5.99
      vertex 62.2 68 2
      vertex 61 68 2
    endloop
  endfacet
  facet normal -1 0 0
    outer loop
      vertex 61 60 2
      vertex 61 68 5.99
      vertex 61 68 2
    endloop
  endfacet
  facet normal -1 -0 0
    outer loop
      vertex 61 68 5.99
      vertex 61 60 2
      vertex 61 60 5.99
    endloop
  endfacet
  facet normal 0 -1 0
    outer loop
      vertex 61 60 2
      vertex 62.2 60 5.99
      vertex 61 60 5.99
    endloop
  endfacet
  facet normal 0 -1 -0
    outer loop
      vertex 62.2 60 5.99
      vertex 61 60 2
      vertex 62.2 60 2
    endloop
  endfacet
  facet normal 1 -0 0
    outer loop
      vertex 62.2 60 5.99
      vertex 62.2 68 2
      vertex 62.2 68 5.99
    endloop
  endfacet
  facet normal 1 0 0
    outer loop
      vertex 62.2 68 2
      vertex 62.2 60 5.99
      vertex 62.2 60 2
    endloop
  endfacet
  facet normal -0.0535956 0.817476 0.573464
    outer loop
      vertex 69.7221 -1.18694 21.45
      vertex 69.6305 -0.49144 20.45
      vertex 69.5229 -1.2 21.45
    endloop
  endfacet
  facet normal -1 0 0
    outer loop
      vertex 71.2 0.477066 21.45
      vertex 71.2 89.5229 21.46
      vertex 71.2 89.5229 21.45
    endloop
  endfacet
  facet normal -1 -0 0
    outer loop
      vertex 71.2 89.5229 21.46
      vertex 71.2 0.477066 21.45
      vertex 71.2 0.477066 21.46
    endloop
  endfacet
  facet normal 0 1 -0
    outer loop
      vertex 69.5229 -1.2 21.45
      vertex 0.477066 -1.2 21.46
      vertex 69.5229 -1.2 21.46
    endloop
  endfacet
  facet normal 0 1 0
    outer loop
      vertex 0.477066 -1.2 21.46
      vertex 69.5229 -1.2 21.45
      vertex 0.477066 -1.2 21.45
    endloop
  endfacet
  facet normal -0.819232 0 0.573462
    outer loop
      vertex 70.5 0.5 20.45
      vertex 71.2 89.5229 21.45
      vertex 70.5 89.5 20.45
    endloop
  endfacet
  facet normal -0.819232 0 0.573462
    outer loop
      vertex 71.2 89.5229 21.45
      vertex 70.5 0.5 20.45
      vertex 71.2 0.477066 21.45
    endloop
  endfacet
  facet normal 0 -1 0
    outer loop
      vertex 0.477066 91.2 21.45
      vertex 69.5229 91.2 21.46
      vertex 0.477066 91.2 21.46
    endloop
  endfacet
  facet normal 0 -1 -0
    outer loop
      vertex 69.5229 91.2 21.46
      vertex 0.477066 91.2 21.45
      vertex 69.5229 91.2 21.45
    endloop
  endfacet
  facet normal -0.159815 0.803492 0.573463
    outer loop
      vertex 69.9404 -1.14352 21.45
      vertex 69.7588 -0.465927 20.45
      vertex 69.7221 -1.18694 21.45
    endloop
  endfacet
  facet normal -0.734574 -0.36259 0.573524
    outer loop
      vertex 70.4239 89.8827 20.45
      vertex 70.9736 90.3508 21.45
      vertex 70.366 90 20.45
    endloop
  endfacet
  facet normal -0.615666 -0.540509 0.573416
    outer loop
      vertex 70.2934 90.1088 20.45
      vertex 70.8499 90.5358 21.45
      vertex 70.2071 90.2071 20.45
    endloop
  endfacet
  facet normal -0.159779 0.803496 0.573467
    outer loop
      vertex 69.7221 -1.18694 21.45
      vertex 69.7588 -0.465927 20.45
      vertex 69.6305 -0.49144 20.45
    endloop
  endfacet
  facet normal -0.159744 -0.803505 0.573465
    outer loop
      vertex 69.7588 90.4659 20.45
      vertex 69.9404 91.1435 21.45
      vertex 69.7221 91.1869 21.45
    endloop
  endfacet
  facet normal 0.263179 -0.775805 0.573466
    outer loop
      vertex 0.24118 90.4659 20.45
      vertex 0.0596313 91.1435 21.45
      vertex -0.151138 91.072 21.45
    endloop
  endfacet
  facet normal 0.946907 -0.321508 0
    outer loop
      vertex -1.14352 89.9404 21.46
      vertex -1.07198 90.1511 21.45
      vertex -1.07198 90.1511 21.46
    endloop
  endfacet
  facet normal 0.946907 -0.321508 0
    outer loop
      vertex -1.07198 90.1511 21.45
      vertex -1.14352 89.9404 21.46
      vertex -1.14352 89.9404 21.45
    endloop
  endfacet
  facet normal 0.734736 -0.362332 0.573479
    outer loop
      vertex -0.423874 89.8827 20.45
      vertex -0.366028 90 20.45
      vertex -0.973557 90.3508 21.45
    endloop
  endfacet
  facet normal -0.0654218 0.997858 0
    outer loop
      vertex 69.7221 -1.18694 21.45
      vertex 69.5229 -1.2 21.46
      vertex 69.7221 -1.18694 21.46
    endloop
  endfacet
  facet normal -0.0654218 0.997858 0
    outer loop
      vertex 69.5229 -1.2 21.46
      vertex 69.7221 -1.18694 21.45
      vertex 69.5229 -1.2 21.45
    endloop
  endfacet
  facet normal 0 0.819232 0.573462
    outer loop
      vertex 69.5 -0.5 20.45
      vertex 0.477066 -1.2 21.45
      vertex 69.5229 -1.2 21.45
    endloop
  endfacet
  facet normal 0 0.819232 0.573462
    outer loop
      vertex 0.477066 -1.2 21.45
      vertex 69.5 -0.5 20.45
      vertex 0.5 -0.5 20.45
    endloop
  endfacet
  facet normal 0.61594 0.540149 0.573461
    outer loop
      vertex -0.207108 -0.207108 20.45
      vertex -0.29335 -0.108765 20.45
      vertex -0.849884 -0.535812 21.45
    endloop
  endfacet
  facet normal 0.455269 -0.681092 0.573449
    outer loop
      vertex -0.108765 90.2934 20.45
      vertex -0.350754 90.9736 21.45
      vertex -0.535812 90.8499 21.45
    endloop
  endfacet
  facet normal -0.362167 0.734835 0.573457
    outer loop
      vertex 70.1511 -1.07198 21.45
      vertex 70.3508 -0.973557 21.45
      vertex 69.8827 -0.423874 20.45
    endloop
  endfacet
  facet normal 0.831426 0.555636 0
    outer loop
      vertex -0.849884 -0.535812 21.46
      vertex -0.973557 -0.350754 21.45
      vertex -0.973557 -0.350754 21.46
    endloop
  endfacet
  facet normal 0.831426 0.555636 0
    outer loop
      vertex -0.973557 -0.350754 21.45
      vertex -0.849884 -0.535812 21.46
      vertex -0.849884 -0.535812 21.45
    endloop
  endfacet
  facet normal -0.734869 -0.362099 0.573456
    outer loop
      vertex 71.072 90.1511 21.45
      vertex 70.9736 90.3508 21.45
      vertex 70.4239 89.8827 20.45
    endloop
  endfacet
  facet normal -0.36259 -0.734574 0.573524
    outer loop
      vertex 70 90.366 20.45
      vertex 70.3508 90.9736 21.45
      vertex 69.8827 90.4239 20.45
    endloop
  endfacet
  facet normal 0.159821 0.803495 0.573458
    outer loop
      vertex 0.277924 -1.18694 21.45
      vertex 0.24118 -0.465927 20.45
      vertex 0.0596313 -1.14352 21.45
    endloop
  endfacet
  facet normal 0.26336 0.775745 0.573464
    outer loop
      vertex 0.24118 -0.465927 20.45
      vertex 0.11731 -0.423874 20.45
      vertex -0.151138 -1.07198 21.45
    endloop
  endfacet
  facet normal -0.0536214 0.817476 0.573461
    outer loop
      vertex 69.5229 -1.2 21.45
      vertex 69.6305 -0.49144 20.45
      vertex 69.5 -0.5 20.45
    endloop
  endfacet
  facet normal 0 -0.819232 0.573462
    outer loop
      vertex 0.5 90.5 20.45
      vertex 69.5229 91.2 21.45
      vertex 0.477066 91.2 21.45
    endloop
  endfacet
  facet normal 0 -0.819232 0.573462
    outer loop
      vertex 69.5229 91.2 21.45
      vertex 0.5 90.5 20.45
      vertex 69.5 90.5 20.45
    endloop
  endfacet
  facet normal -0.442079 0.896976 0
    outer loop
      vertex 70.3508 -0.973557 21.45
      vertex 70.1511 -1.07198 21.46
      vertex 70.3508 -0.973557 21.46
    endloop
  endfacet
  facet normal -0.442079 0.896976 0
    outer loop
      vertex 70.1511 -1.07198 21.46
      vertex 70.3508 -0.973557 21.45
      vertex 70.1511 -1.07198 21.45
    endloop
  endfacet
  facet normal 0.831345 -0.555756 0
    outer loop
      vertex -0.973557 90.3508 21.46
      vertex -0.849884 90.5358 21.45
      vertex -0.849884 90.5358 21.46
    endloop
  endfacet
  facet normal 0.831345 -0.555756 0
    outer loop
      vertex -0.849884 90.5358 21.45
      vertex -0.973557 90.3508 21.46
      vertex -0.973557 90.3508 21.45
    endloop
  endfacet
  facet normal 0.734835 -0.362167 0.573457
    outer loop
      vertex -0.423874 89.8827 20.45
      vertex -0.973557 90.3508 21.45
      vertex -1.07198 90.1511 21.45
    endloop
  endfacet
  facet normal -0.817462 -0.0538711 0.573457
    outer loop
      vertex 70.5 89.5 20.45
      vertex 71.2 89.5229 21.45
      vertex 70.4914 89.6305 20.45
    endloop
  endfacet
  facet normal -0.817462 0.0538612 0.573459
    outer loop
      vertex 71.2 0.477066 21.45
      vertex 70.5 0.5 20.45
      vertex 70.4914 0.369476 20.45
    endloop
  endfacet
  facet normal 0.0536115 0.817476 0.573463
    outer loop
      vertex 0.477066 -1.2 21.45
      vertex 0.5 -0.5 20.45
      vertex 0.369476 -0.49144 20.45
    endloop
  endfacet
  facet normal 0.817476 0.0536112 0.573463
    outer loop
      vertex -1.18694 0.277924 21.45
      vertex -0.49144 0.369476 20.45
      vertex -1.2 0.477066 21.45
    endloop
  endfacet
  facet normal -0.362099 -0.734869 0.573456
    outer loop
      vertex 70.3508 90.9736 21.45
      vertex 70.1511 91.072 21.45
      vertex 69.8827 90.4239 20.45
    endloop
  endfacet
  facet normal -0.659411 0.751782 0
    outer loop
      vertex 70.7031 -0.70314 21.45
      vertex 70.5358 -0.849884 21.46
      vertex 70.7031 -0.70314 21.46
    endloop
  endfacet
  facet normal -0.659411 0.751782 0
    outer loop
      vertex 70.5358 -0.849884 21.46
      vertex 70.7031 -0.70314 21.45
      vertex 70.5358 -0.849884 21.45
    endloop
  endfacet
  facet normal 0.362219 -0.734804 0.573463
    outer loop
      vertex 0.11731 90.4239 20.45
      vertex -0.151138 91.072 21.45
      vertex -0.350754 90.9736 21.45
    endloop
  endfacet
  facet normal 1 -0 0
    outer loop
      vertex -1.2 0.477066 21.46
      vertex -1.2 89.5229 21.45
      vertex -1.2 89.5229 21.46
    endloop
  endfacet
  facet normal 1 0 0
    outer loop
      vertex -1.2 89.5229 21.45
      vertex -1.2 0.477066 21.46
      vertex -1.2 0.477066 21.45
    endloop
  endfacet
  facet normal 0.540149 0.61594 0.573461
    outer loop
      vertex -0.108765 -0.29335 20.45
      vertex -0.207108 -0.207108 20.45
      vertex -0.535812 -0.849884 21.45
    endloop
  endfacet
  facet normal -0.615833 0.540282 0.57345
    outer loop
      vertex 70.7031 -0.70314 21.45
      vertex 70.8499 -0.535812 21.45
      vertex 70.2071 -0.207108 20.45
    endloop
  endfacet
  facet normal 0.0654408 0.997856 -0
    outer loop
      vertex 0.477066 -1.2 21.45
      vertex 0.277924 -1.18694 21.46
      vertex 0.477066 -1.2 21.46
    endloop
  endfacet
  facet normal 0.0654408 0.997856 0
    outer loop
      vertex 0.277924 -1.18694 21.46
      vertex 0.477066 -1.2 21.45
      vertex 0.277924 -1.18694 21.45
    endloop
  endfacet
  facet normal -0.897017 -0.441995 0
    outer loop
      vertex 71.072 90.1511 21.45
      vertex 70.9736 90.3508 21.46
      vertex 70.9736 90.3508 21.45
    endloop
  endfacet
  facet normal -0.897017 -0.441995 0
    outer loop
      vertex 70.9736 90.3508 21.46
      vertex 71.072 90.1511 21.45
      vertex 71.072 90.1511 21.46
    endloop
  endfacet
  facet normal -0.803505 -0.159744 0.573465
    outer loop
      vertex 71.1869 89.7221 21.45
      vertex 71.1435 89.9404 21.45
      vertex 70.4659 89.7588 20.45
    endloop
  endfacet
  facet normal -0.321508 0.946907 0
    outer loop
      vertex 70.1511 -1.07198 21.45
      vertex 69.9404 -1.14352 21.46
      vertex 70.1511 -1.07198 21.46
    endloop
  endfacet
  facet normal -0.321508 0.946907 0
    outer loop
      vertex 69.9404 -1.14352 21.46
      vertex 70.1511 -1.07198 21.45
      vertex 69.9404 -1.14352 21.45
    endloop
  endfacet
  facet normal -0.555756 0.831345 0
    outer loop
      vertex 70.5358 -0.849884 21.45
      vertex 70.3508 -0.973557 21.46
      vertex 70.5358 -0.849884 21.46
    endloop
  endfacet
  facet normal -0.555756 0.831345 0
    outer loop
      vertex 70.3508 -0.973557 21.46
      vertex 70.5358 -0.849884 21.45
      vertex 70.3508 -0.973557 21.45
    endloop
  endfacet
  facet normal -0.362332 0.734736 0.573479
    outer loop
      vertex 70.3508 -0.973557 21.45
      vertex 70 -0.366028 20.45
      vertex 69.8827 -0.423874 20.45
    endloop
  endfacet
  facet normal 0.73477 0.362287 0.573464
    outer loop
      vertex -0.973557 -0.350754 21.45
      vertex -0.423874 0.11731 20.45
      vertex -1.07198 -0.151138 21.45
    endloop
  endfacet
  facet normal -0.817462 -0.0537588 0.573469
    outer loop
      vertex 71.2 89.5229 21.45
      vertex 71.1869 89.7221 21.45
      vertex 70.4914 89.6305 20.45
    endloop
  endfacet
  facet normal -0.540217 0.615891 0.573449
    outer loop
      vertex 70.5358 -0.849884 21.45
      vertex 70.7031 -0.70314 21.45
      vertex 70.2071 -0.207108 20.45
    endloop
  endfacet
  facet normal 0.817476 0.0536115 0.573463
    outer loop
      vertex -0.49144 0.369476 20.45
      vertex -0.5 0.5 20.45
      vertex -1.2 0.477066 21.45
    endloop
  endfacet
  facet normal 0.659349 0.751837 -0
    outer loop
      vertex -0.535812 -0.849884 21.45
      vertex -0.70314 -0.70314 21.46
      vertex -0.535812 -0.849884 21.46
    endloop
  endfacet
  facet normal 0.659349 0.751837 0
    outer loop
      vertex -0.70314 -0.70314 21.46
      vertex -0.535812 -0.849884 21.45
      vertex -0.70314 -0.70314 21.45
    endloop
  endfacet
  facet normal -0.946994 0.321252 0
    outer loop
      vertex 71.072 -0.151138 21.45
      vertex 71.1435 0.0596313 21.46
      vertex 71.1435 0.0596313 21.45
    endloop
  endfacet
  facet normal -0.946994 0.321252 0
    outer loop
      vertex 71.1435 0.0596313 21.46
      vertex 71.072 -0.151138 21.45
      vertex 71.072 -0.151138 21.46
    endloop
  endfacet
  facet normal 0.946939 0.321413 0
    outer loop
      vertex -1.07198 -0.151138 21.46
      vertex -1.14352 0.0596313 21.45
      vertex -1.14352 0.0596313 21.46
    endloop
  endfacet
  facet normal 0.946939 0.321413 0
    outer loop
      vertex -1.14352 0.0596313 21.45
      vertex -1.07198 -0.151138 21.46
      vertex -1.07198 -0.151138 21.45
    endloop
  endfacet
  facet normal 0.775745 0.26336 0.573464
    outer loop
      vertex -0.423874 0.11731 20.45
      vertex -0.465927 0.24118 20.45
      vertex -1.07198 -0.151138 21.45
    endloop
  endfacet
  facet normal -0.0656213 -0.997845 0
    outer loop
      vertex 69.5229 91.2 21.45
      vertex 69.7221 91.1869 21.46
      vertex 69.5229 91.2 21.46
    endloop
  endfacet
  facet normal -0.0656213 -0.997845 -0
    outer loop
      vertex 69.7221 91.1869 21.46
      vertex 69.5229 91.2 21.45
      vertex 69.7221 91.1869 21.45
    endloop
  endfacet
  facet normal -0.0538711 -0.817462 0.573457
    outer loop
      vertex 69.6305 90.4914 20.45
      vertex 69.5229 91.2 21.45
      vertex 69.5 90.5 20.45
    endloop
  endfacet
  facet normal 0.0538612 -0.817462 0.573459
    outer loop
      vertex 0.5 90.5 20.45
      vertex 0.477066 91.2 21.45
      vertex 0.369476 90.4914 20.45
    endloop
  endfacet
  facet normal -0.681092 0.455269 0.573449
    outer loop
      vertex 70.8499 -0.535812 21.45
      vertex 70.9736 -0.350754 21.45
      vertex 70.2934 -0.108765 20.45
    endloop
  endfacet
  facet normal 0.775735 -0.263389 0.573464
    outer loop
      vertex -0.465927 89.7588 20.45
      vertex -1.07198 90.1511 21.45
      vertex -1.14352 89.9404 21.45
    endloop
  endfacet
  facet normal 0.195085 0.980786 -0
    outer loop
      vertex 0.277924 -1.18694 21.45
      vertex 0.0596313 -1.14352 21.46
      vertex 0.277924 -1.18694 21.46
    endloop
  endfacet
  facet normal 0.195085 0.980786 0
    outer loop
      vertex 0.0596313 -1.14352 21.46
      vertex 0.277924 -1.18694 21.45
      vertex 0.0596313 -1.14352 21.45
    endloop
  endfacet
  facet normal -0.831289 -0.55584 0
    outer loop
      vertex 70.9736 90.3508 21.45
      vertex 70.8499 90.5358 21.46
      vertex 70.8499 90.5358 21.45
    endloop
  endfacet
  facet normal -0.831289 -0.55584 0
    outer loop
      vertex 70.8499 90.5358 21.46
      vertex 70.9736 90.3508 21.45
      vertex 70.9736 90.3508 21.46
    endloop
  endfacet
  facet normal 0.615891 -0.540217 0.573449
    outer loop
      vertex -0.207108 90.2071 20.45
      vertex -0.70314 90.7031 21.45
      vertex -0.849884 90.5358 21.45
    endloop
  endfacet
  facet normal 0.819232 0 0.573462
    outer loop
      vertex -1.2 89.5229 21.45
      vertex -0.5 0.5 20.45
      vertex -0.5 89.5 20.45
    endloop
  endfacet
  facet normal 0.819232 0 0.573462
    outer loop
      vertex -0.5 0.5 20.45
      vertex -1.2 89.5229 21.45
      vertex -1.2 0.477066 21.45
    endloop
  endfacet
  facet normal 0.751782 -0.659411 0
    outer loop
      vertex -0.849884 90.5358 21.46
      vertex -0.70314 90.7031 21.45
      vertex -0.70314 90.7031 21.46
    endloop
  endfacet
  facet normal 0.751782 -0.659411 0
    outer loop
      vertex -0.70314 90.7031 21.45
      vertex -0.849884 90.5358 21.46
      vertex -0.849884 90.5358 21.45
    endloop
  endfacet
  facet normal -0.540337 -0.615793 0.573441
    outer loop
      vertex 70.7031 90.7031 21.45
      vertex 70.5358 90.8499 21.45
      vertex 70.2071 90.2071 20.45
    endloop
  endfacet
  facet normal -0.615793 -0.540337 0.573441
    outer loop
      vertex 70.8499 90.5358 21.45
      vertex 70.7031 90.7031 21.45
      vertex 70.2071 90.2071 20.45
    endloop
  endfacet
  facet normal -0.263389 0.775735 0.573464
    outer loop
      vertex 69.9404 -1.14352 21.45
      vertex 70.1511 -1.07198 21.45
      vertex 69.7588 -0.465927 20.45
    endloop
  endfacet
  facet normal -0.263305 0.775772 0.573453
    outer loop
      vertex 70.1511 -1.07198 21.45
      vertex 69.8827 -0.423874 20.45
      vertex 69.7588 -0.465927 20.45
    endloop
  endfacet
  facet normal 0.615835 -0.540293 0.573438
    outer loop
      vertex -0.29335 90.1088 20.45
      vertex -0.207108 90.2071 20.45
      vertex -0.849884 90.5358 21.45
    endloop
  endfacet
  facet normal -0.734594 0.362569 0.573512
    outer loop
      vertex 70.9736 -0.350754 21.45
      vertex 70.4239 0.11731 20.45
      vertex 70.366 0 20.45
    endloop
  endfacet
  facet normal -0.83137 0.55572 0
    outer loop
      vertex 70.8499 -0.535812 21.45
      vertex 70.9736 -0.350754 21.46
      vertex 70.9736 -0.350754 21.45
    endloop
  endfacet
  facet normal -0.83137 0.55572 0
    outer loop
      vertex 70.9736 -0.350754 21.46
      vertex 70.8499 -0.535812 21.45
      vertex 70.8499 -0.535812 21.46
    endloop
  endfacet
  facet normal -0.195079 0.980787 0
    outer loop
      vertex 69.9404 -1.14352 21.45
      vertex 69.7221 -1.18694 21.46
      vertex 69.9404 -1.14352 21.46
    endloop
  endfacet
  facet normal -0.195079 0.980787 0
    outer loop
      vertex 69.7221 -1.18694 21.46
      vertex 69.9404 -1.14352 21.45
      vertex 69.7221 -1.18694 21.45
    endloop
  endfacet
  facet normal 0.263313 0.775766 0.573458
    outer loop
      vertex 0.0596313 -1.14352 21.45
      vertex 0.24118 -0.465927 20.45
      vertex -0.151138 -1.07198 21.45
    endloop
  endfacet
  facet normal 0.980787 -0.195079 0
    outer loop
      vertex -1.18694 89.7221 21.46
      vertex -1.14352 89.9404 21.45
      vertex -1.14352 89.9404 21.46
    endloop
  endfacet
  facet normal 0.980787 -0.195079 0
    outer loop
      vertex -1.14352 89.9404 21.45
      vertex -1.18694 89.7221 21.46
      vertex -1.18694 89.7221 21.45
    endloop
  endfacet
  facet normal -0.1597 -0.80351 0.57347
    outer loop
      vertex 69.7588 90.4659 20.45
      vertex 69.7221 91.1869 21.45
      vertex 69.6305 90.4914 20.45
    endloop
  endfacet
  facet normal -0.441995 -0.897017 0
    outer loop
      vertex 70.1511 91.072 21.45
      vertex 70.3508 90.9736 21.46
      vertex 70.1511 91.072 21.46
    endloop
  endfacet
  facet normal -0.441995 -0.897017 -0
    outer loop
      vertex 70.3508 90.9736 21.46
      vertex 70.1511 91.072 21.45
      vertex 70.3508 90.9736 21.45
    endloop
  endfacet
  facet normal -0.775775 -0.263255 0.573472
    outer loop
      vertex 71.1435 89.9404 21.45
      vertex 71.072 90.1511 21.45
      vertex 70.4659 89.7588 20.45
    endloop
  endfacet
  facet normal 0.321413 0.946939 -0
    outer loop
      vertex 0.0596313 -1.14352 21.45
      vertex -0.151138 -1.07198 21.46
      vertex 0.0596313 -1.14352 21.46
    endloop
  endfacet
  facet normal 0.321413 0.946939 0
    outer loop
      vertex -0.151138 -1.07198 21.46
      vertex 0.0596313 -1.14352 21.45
      vertex -0.151138 -1.07198 21.45
    endloop
  endfacet
  facet normal -0.734804 0.362219 0.573463
    outer loop
      vertex 70.9736 -0.350754 21.45
      vertex 71.072 -0.151138 21.45
      vertex 70.4239 0.11731 20.45
    endloop
  endfacet
  facet normal 0.454799 -0.681353 0.573512
    outer loop
      vertex -0.108765 90.2934 20.45
      vertex 0 90.366 20.45
      vertex -0.350754 90.9736 21.45
    endloop
  endfacet
  facet normal -0.817461 0.0537744 0.573468
    outer loop
      vertex 71.1869 0.277924 21.45
      vertex 71.2 0.477066 21.45
      vertex 70.4914 0.369476 20.45
    endloop
  endfacet
  facet normal 0.455195 0.681131 0.573462
    outer loop
      vertex -0.350754 -0.973557 21.45
      vertex -0.108765 -0.29335 20.45
      vertex -0.535812 -0.849884 21.45
    endloop
  endfacet
  facet normal 0.734756 0.362311 0.573467
    outer loop
      vertex -0.366028 0 20.45
      vertex -0.423874 0.11731 20.45
      vertex -0.973557 -0.350754 21.45
    endloop
  endfacet
  facet normal -0.775881 -0.263011 0.573441
    outer loop
      vertex 70.4659 89.7588 20.45
      vertex 71.072 90.1511 21.45
      vertex 70.4239 89.8827 20.45
    endloop
  endfacet
  facet normal -0.455372 -0.681033 0.573438
    outer loop
      vertex 70.5358 90.8499 21.45
      vertex 70.3508 90.9736 21.45
      vertex 70.1088 90.2934 20.45
    endloop
  endfacet
  facet normal 0.455154 0.681153 0.573467
    outer loop
      vertex 0 -0.366028 20.45
      vertex -0.108765 -0.29335 20.45
      vertex -0.350754 -0.973557 21.45
    endloop
  endfacet
  facet normal -0.803508 0.15975 0.573459
    outer loop
      vertex 71.1435 0.0596313 21.45
      vertex 71.1869 0.277924 21.45
      vertex 70.4659 0.24118 20.45
    endloop
  endfacet
  facet normal -0.775805 0.263179 0.573466
    outer loop
      vertex 71.072 -0.151138 21.45
      vertex 71.1435 0.0596313 21.45
      vertex 70.4659 0.24118 20.45
    endloop
  endfacet
  facet normal -0.454691 -0.68141 0.57353
    outer loop
      vertex 70.1088 90.2934 20.45
      vertex 70.3508 90.9736 21.45
      vertex 70 90.366 20.45
    endloop
  endfacet
  facet normal 0.896976 -0.442079 0
    outer loop
      vertex -1.07198 90.1511 21.46
      vertex -0.973557 90.3508 21.45
      vertex -0.973557 90.3508 21.46
    endloop
  endfacet
  facet normal 0.896976 -0.442079 0
    outer loop
      vertex -0.973557 90.3508 21.45
      vertex -1.07198 90.1511 21.46
      vertex -1.07198 90.1511 21.45
    endloop
  endfacet
  facet normal 0.0536112 0.817476 0.573463
    outer loop
      vertex 0.477066 -1.2 21.45
      vertex 0.369476 -0.49144 20.45
      vertex 0.277924 -1.18694 21.45
    endloop
  endfacet
  facet normal 0.980786 0.195085 0
    outer loop
      vertex -1.14352 0.0596313 21.46
      vertex -1.18694 0.277924 21.45
      vertex -1.18694 0.277924 21.46
    endloop
  endfacet
  facet normal 0.980786 0.195085 0
    outer loop
      vertex -1.18694 0.277924 21.45
      vertex -1.14352 0.0596313 21.46
      vertex -1.14352 0.0596313 21.45
    endloop
  endfacet
  facet normal 0.803499 0.159784 0.573462
    outer loop
      vertex -0.465927 0.24118 20.45
      vertex -0.49144 0.369476 20.45
      vertex -1.18694 0.277924 21.45
    endloop
  endfacet
  facet normal -0.681353 0.454799 0.573512
    outer loop
      vertex 70.9736 -0.350754 21.45
      vertex 70.366 0 20.45
      vertex 70.2934 -0.108765 20.45
    endloop
  endfacet
  facet normal 0.555636 0.831426 -0
    outer loop
      vertex -0.350754 -0.973557 21.45
      vertex -0.535812 -0.849884 21.46
      vertex -0.350754 -0.973557 21.46
    endloop
  endfacet
  facet normal 0.555636 0.831426 0
    outer loop
      vertex -0.535812 -0.849884 21.46
      vertex -0.350754 -0.973557 21.45
      vertex -0.535812 -0.849884 21.45
    endloop
  endfacet
  facet normal -0.80351 -0.1597 0.57347
    outer loop
      vertex 70.4914 89.6305 20.45
      vertex 71.1869 89.7221 21.45
      vertex 70.4659 89.7588 20.45
    endloop
  endfacet
  facet normal 0.159784 0.803499 0.573462
    outer loop
      vertex 0.277924 -1.18694 21.45
      vertex 0.369476 -0.49144 20.45
      vertex 0.24118 -0.465927 20.45
    endloop
  endfacet
  facet normal 0.362569 -0.734594 0.573512
    outer loop
      vertex 0 90.366 20.45
      vertex 0.11731 90.4239 20.45
      vertex -0.350754 90.9736 21.45
    endloop
  endfacet
  facet normal 0.803492 -0.159815 0.573463
    outer loop
      vertex -0.465927 89.7588 20.45
      vertex -1.14352 89.9404 21.45
      vertex -1.18694 89.7221 21.45
    endloop
  endfacet
  facet normal 0.751837 0.659349 0
    outer loop
      vertex -0.70314 -0.70314 21.46
      vertex -0.849884 -0.535812 21.45
      vertex -0.849884 -0.535812 21.46
    endloop
  endfacet
  facet normal 0.751837 0.659349 0
    outer loop
      vertex -0.849884 -0.535812 21.45
      vertex -0.70314 -0.70314 21.46
      vertex -0.70314 -0.70314 21.45
    endloop
  endfacet
  facet normal -0.659554 -0.751658 0
    outer loop
      vertex 70.5358 90.8499 21.45
      vertex 70.7031 90.7031 21.46
      vertex 70.5358 90.8499 21.46
    endloop
  endfacet
  facet normal -0.659554 -0.751658 -0
    outer loop
      vertex 70.7031 90.7031 21.46
      vertex 70.5358 90.8499 21.45
      vertex 70.7031 90.7031 21.45
    endloop
  endfacet
  facet normal 0.442228 0.896903 -0
    outer loop
      vertex -0.151138 -1.07198 21.45
      vertex -0.350754 -0.973557 21.46
      vertex -0.151138 -1.07198 21.46
    endloop
  endfacet
  facet normal 0.442228 0.896903 0
    outer loop
      vertex -0.350754 -0.973557 21.46
      vertex -0.151138 -1.07198 21.45
      vertex -0.350754 -0.973557 21.45
    endloop
  endfacet
  facet normal 0.896903 0.442228 0
    outer loop
      vertex -0.973557 -0.350754 21.46
      vertex -1.07198 -0.151138 21.45
      vertex -1.07198 -0.151138 21.46
    endloop
  endfacet
  facet normal 0.896903 0.442228 0
    outer loop
      vertex -1.07198 -0.151138 21.45
      vertex -0.973557 -0.350754 21.46
      vertex -0.973557 -0.350754 21.45
    endloop
  endfacet
  facet normal -0.997845 -0.0656213 0
    outer loop
      vertex 71.2 89.5229 21.45
      vertex 71.1869 89.7221 21.46
      vertex 71.1869 89.7221 21.45
    endloop
  endfacet
  facet normal -0.997845 -0.0656213 0
    outer loop
      vertex 71.1869 89.7221 21.46
      vertex 71.2 89.5229 21.45
      vertex 71.2 89.5229 21.46
    endloop
  endfacet
  facet normal -0.751712 0.659491 0
    outer loop
      vertex 70.7031 -0.70314 21.45
      vertex 70.8499 -0.535812 21.46
      vertex 70.8499 -0.535812 21.45
    endloop
  endfacet
  facet normal -0.751712 0.659491 0
    outer loop
      vertex 70.8499 -0.535812 21.46
      vertex 70.7031 -0.70314 21.45
      vertex 70.7031 -0.70314 21.46
    endloop
  endfacet
  facet normal 0.0656403 -0.997843 0
    outer loop
      vertex 0.277924 91.1869 21.45
      vertex 0.477066 91.2 21.46
      vertex 0.277924 91.1869 21.46
    endloop
  endfacet
  facet normal 0.0656403 -0.997843 0
    outer loop
      vertex 0.477066 91.2 21.46
      vertex 0.277924 91.1869 21.45
      vertex 0.477066 91.2 21.45
    endloop
  endfacet
  facet normal -0.55584 -0.831289 0
    outer loop
      vertex 70.3508 90.9736 21.45
      vertex 70.5358 90.8499 21.46
      vertex 70.3508 90.9736 21.46
    endloop
  endfacet
  facet normal -0.55584 -0.831289 -0
    outer loop
      vertex 70.5358 90.8499 21.46
      vertex 70.3508 90.9736 21.45
      vertex 70.5358 90.8499 21.45
    endloop
  endfacet
  facet normal 0.55572 -0.83137 0
    outer loop
      vertex -0.535812 90.8499 21.45
      vertex -0.350754 90.9736 21.46
      vertex -0.535812 90.8499 21.46
    endloop
  endfacet
  facet normal 0.55572 -0.83137 0
    outer loop
      vertex -0.350754 90.9736 21.46
      vertex -0.535812 90.8499 21.45
      vertex -0.350754 90.9736 21.45
    endloop
  endfacet
  facet normal 0.68121 -0.455046 0.573485
    outer loop
      vertex -0.366028 90 20.45
      vertex -0.29335 90.1088 20.45
      vertex -0.973557 90.3508 21.45
    endloop
  endfacet
  facet normal 0.362311 0.734756 0.573467
    outer loop
      vertex 0.11731 -0.423874 20.45
      vertex 0 -0.366028 20.45
      vertex -0.350754 -0.973557 21.45
    endloop
  endfacet
  facet normal 0.362287 0.73477 0.573464
    outer loop
      vertex -0.151138 -1.07198 21.45
      vertex 0.11731 -0.423874 20.45
      vertex -0.350754 -0.973557 21.45
    endloop
  endfacet
  facet normal 0.615931 0.540161 0.573459
    outer loop
      vertex -0.70314 -0.70314 21.45
      vertex -0.207108 -0.207108 20.45
      vertex -0.849884 -0.535812 21.45
    endloop
  endfacet
  facet normal 0.540161 0.615931 0.573459
    outer loop
      vertex -0.535812 -0.849884 21.45
      vertex -0.207108 -0.207108 20.45
      vertex -0.70314 -0.70314 21.45
    endloop
  endfacet
  facet normal -0.540509 -0.615666 0.573416
    outer loop
      vertex 70.2071 90.2071 20.45
      vertex 70.5358 90.8499 21.45
      vertex 70.1088 90.2934 20.45
    endloop
  endfacet
  facet normal -0.980805 -0.194993 0
    outer loop
      vertex 71.1869 89.7221 21.45
      vertex 71.1435 89.9404 21.46
      vertex 71.1435 89.9404 21.45
    endloop
  endfacet
  facet normal -0.980805 -0.194993 0
    outer loop
      vertex 71.1435 89.9404 21.46
      vertex 71.1869 89.7221 21.45
      vertex 71.1869 89.7221 21.46
    endloop
  endfacet
  facet normal -0.540293 0.615835 0.573438
    outer loop
      vertex 70.5358 -0.849884 21.45
      vertex 70.2071 -0.207108 20.45
      vertex 70.1088 -0.29335 20.45
    endloop
  endfacet
  facet normal 0.681153 0.455154 0.573467
    outer loop
      vertex -0.29335 -0.108765 20.45
      vertex -0.366028 0 20.45
      vertex -0.973557 -0.350754 21.45
    endloop
  endfacet
  facet normal 0.681131 0.455195 0.573462
    outer loop
      vertex -0.849884 -0.535812 21.45
      vertex -0.29335 -0.108765 20.45
      vertex -0.973557 -0.350754 21.45
    endloop
  endfacet
  facet normal -0.263255 -0.775775 0.573472
    outer loop
      vertex 70.1511 91.072 21.45
      vertex 69.9404 91.1435 21.45
      vertex 69.7588 90.4659 20.45
    endloop
  endfacet
  facet normal -0.0537588 -0.817462 0.573469
    outer loop
      vertex 69.6305 90.4914 20.45
      vertex 69.7221 91.1869 21.45
      vertex 69.5229 91.2 21.45
    endloop
  endfacet
  facet normal -0.455298 0.681071 0.573451
    outer loop
      vertex 70.3508 -0.973557 21.45
      vertex 70.5358 -0.849884 21.45
      vertex 70.1088 -0.29335 20.45
    endloop
  endfacet
  facet normal -0.775855 0.263065 0.573451
    outer loop
      vertex 71.072 -0.151138 21.45
      vertex 70.4659 0.24118 20.45
      vertex 70.4239 0.11731 20.45
    endloop
  endfacet
  facet normal 0.540282 -0.615833 0.57345
    outer loop
      vertex -0.207108 90.2071 20.45
      vertex -0.535812 90.8499 21.45
      vertex -0.70314 90.7031 21.45
    endloop
  endfacet
  facet normal 0.540365 -0.615772 0.573438
    outer loop
      vertex -0.207108 90.2071 20.45
      vertex -0.108765 90.2934 20.45
      vertex -0.535812 90.8499 21.45
    endloop
  endfacet
  facet normal 0.0537744 -0.817461 0.573468
    outer loop
      vertex 0.369476 90.4914 20.45
      vertex 0.477066 91.2 21.45
      vertex 0.277924 91.1869 21.45
    endloop
  endfacet
  facet normal 0.803496 -0.159779 0.573467
    outer loop
      vertex -0.49144 89.6305 20.45
      vertex -0.465927 89.7588 20.45
      vertex -1.18694 89.7221 21.45
    endloop
  endfacet
  facet normal -0.896944 0.442145 0
    outer loop
      vertex 70.9736 -0.350754 21.45
      vertex 71.072 -0.151138 21.46
      vertex 71.072 -0.151138 21.45
    endloop
  endfacet
  facet normal -0.896944 0.442145 0
    outer loop
      vertex 71.072 -0.151138 21.46
      vertex 70.9736 -0.350754 21.45
      vertex 70.9736 -0.350754 21.46
    endloop
  endfacet
  facet normal 0.194999 -0.980803 0
    outer loop
      vertex 0.0596313 91.1435 21.45
      vertex 0.277924 91.1869 21.46
      vertex 0.0596313 91.1435 21.46
    endloop
  endfacet
  facet normal 0.194999 -0.980803 0
    outer loop
      vertex 0.277924 91.1869 21.46
      vertex 0.0596313 91.1435 21.45
      vertex 0.277924 91.1869 21.45
    endloop
  endfacet
  facet normal 0.997858 -0.0654218 0
    outer loop
      vertex -1.2 89.5229 21.46
      vertex -1.18694 89.7221 21.45
      vertex -1.18694 89.7221 21.46
    endloop
  endfacet
  facet normal 0.997858 -0.0654218 0
    outer loop
      vertex -1.18694 89.7221 21.45
      vertex -1.2 89.5229 21.46
      vertex -1.2 89.5229 21.45
    endloop
  endfacet
  facet normal -0.263011 -0.775881 0.573441
    outer loop
      vertex 69.8827 90.4239 20.45
      vertex 70.1511 91.072 21.45
      vertex 69.7588 90.4659 20.45
    endloop
  endfacet
  facet normal 0.775772 -0.263305 0.573453
    outer loop
      vertex -0.465927 89.7588 20.45
      vertex -0.423874 89.8827 20.45
      vertex -1.07198 90.1511 21.45
    endloop
  endfacet
  facet normal -0.803513 0.159705 0.573464
    outer loop
      vertex 71.1869 0.277924 21.45
      vertex 70.4914 0.369476 20.45
      vertex 70.4659 0.24118 20.45
    endloop
  endfacet
  facet normal -0.455046 0.68121 0.573485
    outer loop
      vertex 70.3508 -0.973557 21.45
      vertex 70.1088 -0.29335 20.45
      vertex 70 -0.366028 20.45
    endloop
  endfacet
  facet normal -0.615772 0.540365 0.573438
    outer loop
      vertex 70.8499 -0.535812 21.45
      vertex 70.2934 -0.108765 20.45
      vertex 70.2071 -0.207108 20.45
    endloop
  endfacet
  facet normal -0.980803 0.194999 0
    outer loop
      vertex 71.1435 0.0596313 21.45
      vertex 71.1869 0.277924 21.46
      vertex 71.1869 0.277924 21.45
    endloop
  endfacet
  facet normal -0.980803 0.194999 0
    outer loop
      vertex 71.1869 0.277924 21.46
      vertex 71.1435 0.0596313 21.45
      vertex 71.1435 0.0596313 21.46
    endloop
  endfacet
  facet normal -0.194993 -0.980805 0
    outer loop
      vertex 69.7221 91.1869 21.45
      vertex 69.9404 91.1435 21.46
      vertex 69.7221 91.1869 21.46
    endloop
  endfacet
  facet normal -0.194993 -0.980805 -0
    outer loop
      vertex 69.9404 91.1435 21.46
      vertex 69.7221 91.1869 21.45
      vertex 69.9404 91.1435 21.45
    endloop
  endfacet
  facet normal 0.159705 -0.803513 0.573464
    outer loop
      vertex 0.369476 90.4914 20.45
      vertex 0.277924 91.1869 21.45
      vertex 0.24118 90.4659 20.45
    endloop
  endfacet
  facet normal 0.817476 -0.0536214 0.573461
    outer loop
      vertex -0.5 89.5 20.45
      vertex -0.49144 89.6305 20.45
      vertex -1.2 89.5229 21.45
    endloop
  endfacet
  facet normal 0.681071 -0.455298 0.573451
    outer loop
      vertex -0.29335 90.1088 20.45
      vertex -0.849884 90.5358 21.45
      vertex -0.973557 90.3508 21.45
    endloop
  endfacet
  facet normal -0.946962 -0.321347 0
    outer loop
      vertex 71.1435 89.9404 21.45
      vertex 71.072 90.1511 21.46
      vertex 71.072 90.1511 21.45
    endloop
  endfacet
  facet normal -0.946962 -0.321347 0
    outer loop
      vertex 71.072 90.1511 21.46
      vertex 71.1435 89.9404 21.45
      vertex 71.1435 89.9404 21.46
    endloop
  endfacet
  facet normal 0.442145 -0.896944 0
    outer loop
      vertex -0.350754 90.9736 21.45
      vertex -0.151138 91.072 21.46
      vertex -0.350754 90.9736 21.46
    endloop
  endfacet
  facet normal 0.442145 -0.896944 0
    outer loop
      vertex -0.151138 91.072 21.46
      vertex -0.350754 90.9736 21.45
      vertex -0.151138 91.072 21.45
    endloop
  endfacet
  facet normal -0.997843 0.0656403 0
    outer loop
      vertex 71.1869 0.277924 21.45
      vertex 71.2 0.477066 21.46
      vertex 71.2 0.477066 21.45
    endloop
  endfacet
  facet normal -0.997843 0.0656403 0
    outer loop
      vertex 71.2 0.477066 21.46
      vertex 71.1869 0.277924 21.45
      vertex 71.1869 0.277924 21.46
    endloop
  endfacet
  facet normal 0.263065 -0.775855 0.573451
    outer loop
      vertex 0.11731 90.4239 20.45
      vertex 0.24118 90.4659 20.45
      vertex -0.151138 91.072 21.45
    endloop
  endfacet
  facet normal -0.751658 -0.659554 0
    outer loop
      vertex 70.8499 90.5358 21.45
      vertex 70.7031 90.7031 21.46
      vertex 70.7031 90.7031 21.45
    endloop
  endfacet
  facet normal -0.751658 -0.659554 0
    outer loop
      vertex 70.7031 90.7031 21.46
      vertex 70.8499 90.5358 21.45
      vertex 70.8499 90.5358 21.46
    endloop
  endfacet
  facet normal 0.659491 -0.751712 0
    outer loop
      vertex -0.70314 90.7031 21.45
      vertex -0.535812 90.8499 21.46
      vertex -0.70314 90.7031 21.46
    endloop
  endfacet
  facet normal 0.659491 -0.751712 0
    outer loop
      vertex -0.535812 90.8499 21.46
      vertex -0.70314 90.7031 21.45
      vertex -0.535812 90.8499 21.45
    endloop
  endfacet
  facet normal -0.68141 -0.454691 0.57353
    outer loop
      vertex 70.366 90 20.45
      vertex 70.9736 90.3508 21.45
      vertex 70.2934 90.1088 20.45
    endloop
  endfacet
  facet normal -0.681033 -0.455372 0.573438
    outer loop
      vertex 70.9736 90.3508 21.45
      vertex 70.8499 90.5358 21.45
      vertex 70.2934 90.1088 20.45
    endloop
  endfacet
  facet normal 0.15975 -0.803508 0.573459
    outer loop
      vertex 0.24118 90.4659 20.45
      vertex 0.277924 91.1869 21.45
      vertex 0.0596313 91.1435 21.45
    endloop
  endfacet
  facet normal 0.997856 0.0654408 0
    outer loop
      vertex -1.18694 0.277924 21.46
      vertex -1.2 0.477066 21.45
      vertex -1.2 0.477066 21.46
    endloop
  endfacet
  facet normal 0.997856 0.0654408 0
    outer loop
      vertex -1.2 0.477066 21.45
      vertex -1.18694 0.277924 21.46
      vertex -1.18694 0.277924 21.45
    endloop
  endfacet
  facet normal -0.321347 -0.946962 0
    outer loop
      vertex 69.9404 91.1435 21.45
      vertex 70.1511 91.072 21.46
      vertex 69.9404 91.1435 21.46
    endloop
  endfacet
  facet normal -0.321347 -0.946962 -0
    outer loop
      vertex 70.1511 91.072 21.46
      vertex 69.9404 91.1435 21.45
      vertex 70.1511 91.072 21.45
    endloop
  endfacet
  facet normal 0.817476 -0.0535956 0.573464
    outer loop
      vertex -0.49144 89.6305 20.45
      vertex -1.18694 89.7221 21.45
      vertex -1.2 89.5229 21.45
    endloop
  endfacet
  facet normal 0.803495 0.159821 0.573458
    outer loop
      vertex -1.14352 0.0596313 21.45
      vertex -0.465927 0.24118 20.45
      vertex -1.18694 0.277924 21.45
    endloop
  endfacet
  facet normal 0.775766 0.263313 0.573458
    outer loop
      vertex -1.07198 -0.151138 21.45
      vertex -0.465927 0.24118 20.45
      vertex -1.14352 0.0596313 21.45
    endloop
  endfacet
  facet normal 0.321252 -0.946994 0
    outer loop
      vertex -0.151138 91.072 21.45
      vertex 0.0596313 91.1435 21.46
      vertex -0.151138 91.072 21.46
    endloop
  endfacet
  facet normal 0.321252 -0.946994 0
    outer loop
      vertex 0.0596313 91.1435 21.46
      vertex -0.151138 91.072 21.45
      vertex 0.0596313 91.1435 21.45
    endloop
  endfacet
  facet normal -0.0538711 -0.817462 -0.573457
    outer loop
      vertex 69.5229 91.2 21.46
      vertex 69.6305 90.4914 22.46
      vertex 69.5 90.5 22.46
    endloop
  endfacet
  facet normal 0.26336 0.775745 -0.573464
    outer loop
      vertex 0.11731 -0.423874 22.46
      vertex 0.24118 -0.465927 22.46
      vertex -0.151138 -1.07198 21.46
    endloop
  endfacet
  facet normal 0.159821 0.803495 -0.573458
    outer loop
      vertex 0.24118 -0.465927 22.46
      vertex 0.277924 -1.18694 21.46
      vertex 0.0596313 -1.14352 21.46
    endloop
  endfacet
  facet normal 0.615931 0.540161 -0.573459
    outer loop
      vertex -0.207108 -0.207108 22.46
      vertex -0.70314 -0.70314 21.46
      vertex -0.849884 -0.535812 21.46
    endloop
  endfacet
  facet normal -0.68141 -0.454691 -0.57353
    outer loop
      vertex 70.9736 90.3508 21.46
      vertex 70.366 90 22.46
      vertex 70.2934 90.1088 22.46
    endloop
  endfacet
  facet normal 0.362219 -0.734804 -0.573463
    outer loop
      vertex -0.151138 91.072 21.46
      vertex 0.11731 90.4239 22.46
      vertex -0.350754 90.9736 21.46
    endloop
  endfacet
  facet normal 0.159784 0.803499 -0.573462
    outer loop
      vertex 0.369476 -0.49144 22.46
      vertex 0.277924 -1.18694 21.46
      vertex 0.24118 -0.465927 22.46
    endloop
  endfacet
  facet normal 0.68121 -0.455046 -0.573485
    outer loop
      vertex -0.29335 90.1088 22.46
      vertex -0.366028 90 22.46
      vertex -0.973557 90.3508 21.46
    endloop
  endfacet
  facet normal -0.734594 0.362569 -0.573512
    outer loop
      vertex 70.4239 0.11731 22.46
      vertex 70.9736 -0.350754 21.46
      vertex 70.366 0 22.46
    endloop
  endfacet
  facet normal 0.263313 0.775766 -0.573458
    outer loop
      vertex 0.24118 -0.465927 22.46
      vertex 0.0596313 -1.14352 21.46
      vertex -0.151138 -1.07198 21.46
    endloop
  endfacet
  facet normal -0.615666 -0.540509 -0.573416
    outer loop
      vertex 70.8499 90.5358 21.46
      vertex 70.2934 90.1088 22.46
      vertex 70.2071 90.2071 22.46
    endloop
  endfacet
  facet normal 0.362287 0.73477 -0.573464
    outer loop
      vertex 0.11731 -0.423874 22.46
      vertex -0.151138 -1.07198 21.46
      vertex -0.350754 -0.973557 21.46
    endloop
  endfacet
  facet normal 0.0536112 0.817476 -0.573463
    outer loop
      vertex 0.369476 -0.49144 22.46
      vertex 0.477066 -1.2 21.46
      vertex 0.277924 -1.18694 21.46
    endloop
  endfacet
  facet normal -0.454691 -0.68141 -0.57353
    outer loop
      vertex 70.3508 90.9736 21.46
      vertex 70.1088 90.2934 22.46
      vertex 70 90.366 22.46
    endloop
  endfacet
  facet normal -0.0537588 -0.817462 -0.573469
    outer loop
      vertex 69.7221 91.1869 21.46
      vertex 69.6305 90.4914 22.46
      vertex 69.5229 91.2 21.46
    endloop
  endfacet
  facet normal -0.817462 -0.0538711 -0.573457
    outer loop
      vertex 71.2 89.5229 21.46
      vertex 70.5 89.5 22.46
      vertex 70.4914 89.6305 22.46
    endloop
  endfacet
  facet normal 0 -0.819232 -0.573462
    outer loop
      vertex 0.477066 91.2 21.46
      vertex 69.5 90.5 22.46
      vertex 0.5 90.5 22.46
    endloop
  endfacet
  facet normal 0 -0.819232 -0.573462
    outer loop
      vertex 69.5 90.5 22.46
      vertex 0.477066 91.2 21.46
      vertex 69.5229 91.2 21.46
    endloop
  endfacet
  facet normal -0.681353 0.454799 -0.573512
    outer loop
      vertex 70.366 0 22.46
      vertex 70.9736 -0.350754 21.46
      vertex 70.2934 -0.108765 22.46
    endloop
  endfacet
  facet normal 0.61594 0.540149 -0.573461
    outer loop
      vertex -0.29335 -0.108765 22.46
      vertex -0.207108 -0.207108 22.46
      vertex -0.849884 -0.535812 21.46
    endloop
  endfacet
  facet normal 0.0538612 -0.817462 -0.573459
    outer loop
      vertex 0.477066 91.2 21.46
      vertex 0.5 90.5 22.46
      vertex 0.369476 90.4914 22.46
    endloop
  endfacet
  facet normal 0.454799 -0.681353 -0.573512
    outer loop
      vertex 0 90.366 22.46
      vertex -0.108765 90.2934 22.46
      vertex -0.350754 90.9736 21.46
    endloop
  endfacet
  facet normal -0.615793 -0.540337 -0.573441
    outer loop
      vertex 70.7031 90.7031 21.46
      vertex 70.8499 90.5358 21.46
      vertex 70.2071 90.2071 22.46
    endloop
  endfacet
  facet normal -0.159744 -0.803505 -0.573465
    outer loop
      vertex 69.9404 91.1435 21.46
      vertex 69.7588 90.4659 22.46
      vertex 69.7221 91.1869 21.46
    endloop
  endfacet
  facet normal -0.455372 -0.681033 -0.573438
    outer loop
      vertex 70.3508 90.9736 21.46
      vertex 70.5358 90.8499 21.46
      vertex 70.1088 90.2934 22.46
    endloop
  endfacet
  facet normal 0.540161 0.615931 -0.573459
    outer loop
      vertex -0.207108 -0.207108 22.46
      vertex -0.535812 -0.849884 21.46
      vertex -0.70314 -0.70314 21.46
    endloop
  endfacet
  facet normal 0.734756 0.362311 -0.573467
    outer loop
      vertex -0.423874 0.11731 22.46
      vertex -0.366028 0 22.46
      vertex -0.973557 -0.350754 21.46
    endloop
  endfacet
  facet normal -0.263389 0.775735 -0.573464
    outer loop
      vertex 70.1511 -1.07198 21.46
      vertex 69.9404 -1.14352 21.46
      vertex 69.7588 -0.465927 22.46
    endloop
  endfacet
  facet normal 0.15975 -0.803508 -0.573459
    outer loop
      vertex 0.277924 91.1869 21.46
      vertex 0.24118 90.4659 22.46
      vertex 0.0596313 91.1435 21.46
    endloop
  endfacet
  facet normal 0.803499 0.159784 -0.573462
    outer loop
      vertex -0.49144 0.369476 22.46
      vertex -0.465927 0.24118 22.46
      vertex -1.18694 0.277924 21.46
    endloop
  endfacet
  facet normal -0.817461 0.0537744 -0.573468
    outer loop
      vertex 71.2 0.477066 21.46
      vertex 71.1869 0.277924 21.46
      vertex 70.4914 0.369476 22.46
    endloop
  endfacet
  facet normal 0.0537744 -0.817461 -0.573468
    outer loop
      vertex 0.477066 91.2 21.46
      vertex 0.369476 90.4914 22.46
      vertex 0.277924 91.1869 21.46
    endloop
  endfacet
  facet normal 0.362311 0.734756 -0.573467
    outer loop
      vertex 0 -0.366028 22.46
      vertex 0.11731 -0.423874 22.46
      vertex -0.350754 -0.973557 21.46
    endloop
  endfacet
  facet normal 0.803495 0.159821 -0.573458
    outer loop
      vertex -0.465927 0.24118 22.46
      vertex -1.14352 0.0596313 21.46
      vertex -1.18694 0.277924 21.46
    endloop
  endfacet
  facet normal 0.73477 0.362287 -0.573464
    outer loop
      vertex -0.423874 0.11731 22.46
      vertex -0.973557 -0.350754 21.46
      vertex -1.07198 -0.151138 21.46
    endloop
  endfacet
  facet normal -0.263255 -0.775775 -0.573472
    outer loop
      vertex 69.9404 91.1435 21.46
      vertex 70.1511 91.072 21.46
      vertex 69.7588 90.4659 22.46
    endloop
  endfacet
  facet normal 0.775735 -0.263389 -0.573464
    outer loop
      vertex -1.07198 90.1511 21.46
      vertex -0.465927 89.7588 22.46
      vertex -1.14352 89.9404 21.46
    endloop
  endfacet
  facet normal -0.159815 0.803492 -0.573463
    outer loop
      vertex 69.7588 -0.465927 22.46
      vertex 69.9404 -1.14352 21.46
      vertex 69.7221 -1.18694 21.46
    endloop
  endfacet
  facet normal 0.803496 -0.159779 -0.573467
    outer loop
      vertex -0.465927 89.7588 22.46
      vertex -0.49144 89.6305 22.46
      vertex -1.18694 89.7221 21.46
    endloop
  endfacet
  facet normal -0.263011 -0.775881 -0.573441
    outer loop
      vertex 70.1511 91.072 21.46
      vertex 69.8827 90.4239 22.46
      vertex 69.7588 90.4659 22.46
    endloop
  endfacet
  facet normal -0.540509 -0.615666 -0.573416
    outer loop
      vertex 70.5358 90.8499 21.46
      vertex 70.2071 90.2071 22.46
      vertex 70.1088 90.2934 22.46
    endloop
  endfacet
  facet normal 0.775766 0.263313 -0.573458
    outer loop
      vertex -0.465927 0.24118 22.46
      vertex -1.07198 -0.151138 21.46
      vertex -1.14352 0.0596313 21.46
    endloop
  endfacet
  facet normal 0.817476 0.0536115 -0.573463
    outer loop
      vertex -0.5 0.5 22.46
      vertex -0.49144 0.369476 22.46
      vertex -1.2 0.477066 21.46
    endloop
  endfacet
  facet normal -0.803508 0.15975 -0.573459
    outer loop
      vertex 71.1869 0.277924 21.46
      vertex 71.1435 0.0596313 21.46
      vertex 70.4659 0.24118 22.46
    endloop
  endfacet
  facet normal 0.681131 0.455195 -0.573462
    outer loop
      vertex -0.29335 -0.108765 22.46
      vertex -0.849884 -0.535812 21.46
      vertex -0.973557 -0.350754 21.46
    endloop
  endfacet
  facet normal 0.734835 -0.362167 -0.573457
    outer loop
      vertex -0.973557 90.3508 21.46
      vertex -0.423874 89.8827 22.46
      vertex -1.07198 90.1511 21.46
    endloop
  endfacet
  facet normal 0.0536115 0.817476 -0.573463
    outer loop
      vertex 0.5 -0.5 22.46
      vertex 0.477066 -1.2 21.46
      vertex 0.369476 -0.49144 22.46
    endloop
  endfacet
  facet normal -0.1597 -0.80351 -0.57347
    outer loop
      vertex 69.7221 91.1869 21.46
      vertex 69.7588 90.4659 22.46
      vertex 69.6305 90.4914 22.46
    endloop
  endfacet
  facet normal -0.540337 -0.615793 -0.573441
    outer loop
      vertex 70.5358 90.8499 21.46
      vertex 70.7031 90.7031 21.46
      vertex 70.2071 90.2071 22.46
    endloop
  endfacet
  facet normal -0.0535956 0.817476 -0.573464
    outer loop
      vertex 69.6305 -0.49144 22.46
      vertex 69.7221 -1.18694 21.46
      vertex 69.5229 -1.2 21.46
    endloop
  endfacet
  facet normal -0.734869 -0.362099 -0.573456
    outer loop
      vertex 70.9736 90.3508 21.46
      vertex 71.072 90.1511 21.46
      vertex 70.4239 89.8827 22.46
    endloop
  endfacet
  facet normal -0.36259 -0.734574 -0.573524
    outer loop
      vertex 70.3508 90.9736 21.46
      vertex 70 90.366 22.46
      vertex 69.8827 90.4239 22.46
    endloop
  endfacet
  facet normal -0.775881 -0.263011 -0.573441
    outer loop
      vertex 71.072 90.1511 21.46
      vertex 70.4659 89.7588 22.46
      vertex 70.4239 89.8827 22.46
    endloop
  endfacet
  facet normal 0.540149 0.61594 -0.573461
    outer loop
      vertex -0.207108 -0.207108 22.46
      vertex -0.108765 -0.29335 22.46
      vertex -0.535812 -0.849884 21.46
    endloop
  endfacet
  facet normal 0 0.819232 -0.573462
    outer loop
      vertex 69.5 -0.5 22.46
      vertex 42 -1.032 21.7
      vertex 42 -0.5 22.46
    endloop
  endfacet
  facet normal 0 0.819232 -0.573462
    outer loop
      vertex 42 -1.032 21.7
      vertex 69.5229 -1.2 21.46
      vertex 28 -1.032 21.7
    endloop
  endfacet
  facet normal 3.05739e-17 0.819232 -0.573462
    outer loop
      vertex 69.5229 -1.2 21.46
      vertex 42 -1.032 21.7
      vertex 69.5 -0.5 22.46
    endloop
  endfacet
  facet normal 0 0.819232 -0.573462
    outer loop
      vertex 28 -1.032 21.7
      vertex 0.5 -0.5 22.46
      vertex 28 -0.5 22.46
    endloop
  endfacet
  facet normal -3.05739e-17 0.819232 -0.573462
    outer loop
      vertex 28 -1.032 21.7
      vertex 0.477066 -1.2 21.46
      vertex 0.5 -0.5 22.46
    endloop
  endfacet
  facet normal 0 0.819232 -0.573462
    outer loop
      vertex 0.477066 -1.2 21.46
      vertex 28 -1.032 21.7
      vertex 69.5229 -1.2 21.46
    endloop
  endfacet
  facet normal -0.80351 -0.1597 -0.57347
    outer loop
      vertex 71.1869 89.7221 21.46
      vertex 70.4914 89.6305 22.46
      vertex 70.4659 89.7588 22.46
    endloop
  endfacet
  facet normal 0.681071 -0.455298 -0.573451
    outer loop
      vertex -0.849884 90.5358 21.46
      vertex -0.29335 90.1088 22.46
      vertex -0.973557 90.3508 21.46
    endloop
  endfacet
  facet normal 0.159705 -0.803513 -0.573464
    outer loop
      vertex 0.277924 91.1869 21.46
      vertex 0.369476 90.4914 22.46
      vertex 0.24118 90.4659 22.46
    endloop
  endfacet
  facet normal 0.803492 -0.159815 -0.573463
    outer loop
      vertex -1.14352 89.9404 21.46
      vertex -0.465927 89.7588 22.46
      vertex -1.18694 89.7221 21.46
    endloop
  endfacet
  facet normal 0.775772 -0.263305 -0.573453
    outer loop
      vertex -0.423874 89.8827 22.46
      vertex -0.465927 89.7588 22.46
      vertex -1.07198 90.1511 21.46
    endloop
  endfacet
  facet normal 0.819232 0 -0.573462
    outer loop
      vertex -0.5 0.5 22.46
      vertex -1.2 89.5229 21.46
      vertex -0.5 89.5 22.46
    endloop
  endfacet
  facet normal 0.819232 0 -0.573462
    outer loop
      vertex -1.2 89.5229 21.46
      vertex -0.5 0.5 22.46
      vertex -1.2 0.477066 21.46
    endloop
  endfacet
  facet normal 0.615835 -0.540293 -0.573438
    outer loop
      vertex -0.207108 90.2071 22.46
      vertex -0.29335 90.1088 22.46
      vertex -0.849884 90.5358 21.46
    endloop
  endfacet
  facet normal -0.362167 0.734835 -0.573457
    outer loop
      vertex 70.3508 -0.973557 21.46
      vertex 70.1511 -1.07198 21.46
      vertex 69.8827 -0.423874 22.46
    endloop
  endfacet
  facet normal -0.455298 0.681071 -0.573451
    outer loop
      vertex 70.5358 -0.849884 21.46
      vertex 70.3508 -0.973557 21.46
      vertex 70.1088 -0.29335 22.46
    endloop
  endfacet
  facet normal 0.775745 0.26336 -0.573464
    outer loop
      vertex -0.465927 0.24118 22.46
      vertex -0.423874 0.11731 22.46
      vertex -1.07198 -0.151138 21.46
    endloop
  endfacet
  facet normal 0.455195 0.681131 -0.573462
    outer loop
      vertex -0.108765 -0.29335 22.46
      vertex -0.350754 -0.973557 21.46
      vertex -0.535812 -0.849884 21.46
    endloop
  endfacet
  facet normal -0.817462 0.0538612 -0.573459
    outer loop
      vertex 70.5 0.5 22.46
      vertex 71.2 0.477066 21.46
      vertex 70.4914 0.369476 22.46
    endloop
  endfacet
  facet normal 0.455154 0.681153 -0.573467
    outer loop
      vertex -0.108765 -0.29335 22.46
      vertex 0 -0.366028 22.46
      vertex -0.350754 -0.973557 21.46
    endloop
  endfacet
  facet normal -0.803513 0.159705 -0.573464
    outer loop
      vertex 70.4914 0.369476 22.46
      vertex 71.1869 0.277924 21.46
      vertex 70.4659 0.24118 22.46
    endloop
  endfacet
  facet normal -0.819232 0 -0.573462
    outer loop
      vertex 71.2 89.5229 21.46
      vertex 70.5 0.5 22.46
      vertex 70.5 89.5 22.46
    endloop
  endfacet
  facet normal -0.819232 0 -0.573462
    outer loop
      vertex 70.5 0.5 22.46
      vertex 71.2 89.5229 21.46
      vertex 71.2 0.477066 21.46
    endloop
  endfacet
  facet normal -0.803505 -0.159744 -0.573465
    outer loop
      vertex 71.1435 89.9404 21.46
      vertex 71.1869 89.7221 21.46
      vertex 70.4659 89.7588 22.46
    endloop
  endfacet
  facet normal -0.775775 -0.263255 -0.573472
    outer loop
      vertex 71.072 90.1511 21.46
      vertex 71.1435 89.9404 21.46
      vertex 70.4659 89.7588 22.46
    endloop
  endfacet
  facet normal -0.362099 -0.734869 -0.573456
    outer loop
      vertex 70.1511 91.072 21.46
      vertex 70.3508 90.9736 21.46
      vertex 69.8827 90.4239 22.46
    endloop
  endfacet
  facet normal -0.681092 0.455269 -0.573449
    outer loop
      vertex 70.9736 -0.350754 21.46
      vertex 70.8499 -0.535812 21.46
      vertex 70.2934 -0.108765 22.46
    endloop
  endfacet
  facet normal -0.775855 0.263065 -0.573451
    outer loop
      vertex 70.4659 0.24118 22.46
      vertex 71.072 -0.151138 21.46
      vertex 70.4239 0.11731 22.46
    endloop
  endfacet
  facet normal -0.263305 0.775772 -0.573453
    outer loop
      vertex 69.8827 -0.423874 22.46
      vertex 70.1511 -1.07198 21.46
      vertex 69.7588 -0.465927 22.46
    endloop
  endfacet
  facet normal -0.0536214 0.817476 -0.573461
    outer loop
      vertex 69.6305 -0.49144 22.46
      vertex 69.5229 -1.2 21.46
      vertex 69.5 -0.5 22.46
    endloop
  endfacet
  facet normal 0.817476 0.0536112 -0.573463
    outer loop
      vertex -0.49144 0.369476 22.46
      vertex -1.18694 0.277924 21.46
      vertex -1.2 0.477066 21.46
    endloop
  endfacet
  facet normal -0.734574 -0.36259 -0.573524
    outer loop
      vertex 70.9736 90.3508 21.46
      vertex 70.4239 89.8827 22.46
      vertex 70.366 90 22.46
    endloop
  endfacet
  facet normal -0.775805 0.263179 -0.573466
    outer loop
      vertex 71.1435 0.0596313 21.46
      vertex 71.072 -0.151138 21.46
      vertex 70.4659 0.24118 22.46
    endloop
  endfacet
  facet normal -0.159779 0.803496 -0.573467
    outer loop
      vertex 69.7588 -0.465927 22.46
      vertex 69.7221 -1.18694 21.46
      vertex 69.6305 -0.49144 22.46
    endloop
  endfacet
  facet normal 0.362569 -0.734594 -0.573512
    outer loop
      vertex 0.11731 90.4239 22.46
      vertex 0 90.366 22.46
      vertex -0.350754 90.9736 21.46
    endloop
  endfacet
  facet normal -0.734804 0.362219 -0.573463
    outer loop
      vertex 71.072 -0.151138 21.46
      vertex 70.9736 -0.350754 21.46
      vertex 70.4239 0.11731 22.46
    endloop
  endfacet
  facet normal 0.615891 -0.540217 -0.573449
    outer loop
      vertex -0.70314 90.7031 21.46
      vertex -0.207108 90.2071 22.46
      vertex -0.849884 90.5358 21.46
    endloop
  endfacet
  facet normal 0.540282 -0.615833 -0.57345
    outer loop
      vertex -0.535812 90.8499 21.46
      vertex -0.207108 90.2071 22.46
      vertex -0.70314 90.7031 21.46
    endloop
  endfacet
  facet normal 0.734736 -0.362332 -0.573479
    outer loop
      vertex -0.366028 90 22.46
      vertex -0.423874 89.8827 22.46
      vertex -0.973557 90.3508 21.46
    endloop
  endfacet
  facet normal 0.681153 0.455154 -0.573467
    outer loop
      vertex -0.366028 0 22.46
      vertex -0.29335 -0.108765 22.46
      vertex -0.973557 -0.350754 21.46
    endloop
  endfacet
  facet normal 0.263065 -0.775855 -0.573451
    outer loop
      vertex 0.24118 90.4659 22.46
      vertex 0.11731 90.4239 22.46
      vertex -0.151138 91.072 21.46
    endloop
  endfacet
  facet normal 0.263179 -0.775805 -0.573466
    outer loop
      vertex 0.0596313 91.1435 21.46
      vertex 0.24118 90.4659 22.46
      vertex -0.151138 91.072 21.46
    endloop
  endfacet
  facet normal -0.681033 -0.455372 -0.573438
    outer loop
      vertex 70.8499 90.5358 21.46
      vertex 70.9736 90.3508 21.46
      vertex 70.2934 90.1088 22.46
    endloop
  endfacet
  facet normal -0.362332 0.734736 -0.573479
    outer loop
      vertex 70 -0.366028 22.46
      vertex 70.3508 -0.973557 21.46
      vertex 69.8827 -0.423874 22.46
    endloop
  endfacet
  facet normal 0.455269 -0.681092 -0.573449
    outer loop
      vertex -0.350754 90.9736 21.46
      vertex -0.108765 90.2934 22.46
      vertex -0.535812 90.8499 21.46
    endloop
  endfacet
  facet normal -0.817462 -0.0537588 -0.573469
    outer loop
      vertex 71.1869 89.7221 21.46
      vertex 71.2 89.5229 21.46
      vertex 70.4914 89.6305 22.46
    endloop
  endfacet
  facet normal 0.540365 -0.615772 -0.573438
    outer loop
      vertex -0.108765 90.2934 22.46
      vertex -0.207108 90.2071 22.46
      vertex -0.535812 90.8499 21.46
    endloop
  endfacet
  facet normal 0.817476 -0.0535956 -0.573464
    outer loop
      vertex -1.18694 89.7221 21.46
      vertex -0.49144 89.6305 22.46
      vertex -1.2 89.5229 21.46
    endloop
  endfacet
  facet normal 0.817476 -0.0536214 -0.573461
    outer loop
      vertex -0.49144 89.6305 22.46
      vertex -0.5 89.5 22.46
      vertex -1.2 89.5229 21.46
    endloop
  endfacet
  facet normal -0.540293 0.615835 -0.573438
    outer loop
      vertex 70.2071 -0.207108 22.46
      vertex 70.5358 -0.849884 21.46
      vertex 70.1088 -0.29335 22.46
    endloop
  endfacet
  facet normal -0.540217 0.615891 -0.573449
    outer loop
      vertex 70.7031 -0.70314 21.46
      vertex 70.5358 -0.849884 21.46
      vertex 70.2071 -0.207108 22.46
    endloop
  endfacet
  facet normal -0.455046 0.68121 -0.573485
    outer loop
      vertex 70.1088 -0.29335 22.46
      vertex 70.3508 -0.973557 21.46
      vertex 70 -0.366028 22.46
    endloop
  endfacet
  facet normal -0.615833 0.540282 -0.57345
    outer loop
      vertex 70.8499 -0.535812 21.46
      vertex 70.7031 -0.70314 21.46
      vertex 70.2071 -0.207108 22.46
    endloop
  endfacet
  facet normal -0.615772 0.540365 -0.573438
    outer loop
      vertex 70.2934 -0.108765 22.46
      vertex 70.8499 -0.535812 21.46
      vertex 70.2071 -0.207108 22.46
    endloop
  endfacet
  facet normal 0 0 -1
    outer loop
      vertex -2.5 8 17.6
      vertex -0.5 21 17.6
      vertex -0.5 8 17.6
    endloop
  endfacet
  facet normal -0 0 -1
    outer loop
      vertex -0.5 21 17.6
      vertex -2.5 8 17.6
      vertex -2.5 21 17.6
    endloop
  endfacet
  facet normal -0 0 1
    outer loop
      vertex -2.5 21 9
      vertex -0.5 8 9
      vertex -0.5 21 9
    endloop
  endfacet
  facet normal 0 0 1
    outer loop
      vertex -0.5 8 9
      vertex -2.5 21 9
      vertex -2.5 8 9
    endloop
  endfacet
  facet normal 0 -1 0
    outer loop
      vertex -2.5 21 9
      vertex -0.5 21 17.6
      vertex -2.5 21 17.6
    endloop
  endfacet
  facet normal 0 -1 -0
    outer loop
      vertex -0.5 21 17.6
      vertex -2.5 21 9
      vertex -0.5 21 9
    endloop
  endfacet
  facet normal 0 1 -0
    outer loop
      vertex -0.5 8 9
      vertex -2.5 8 17.6
      vertex -0.5 8 17.6
    endloop
  endfacet
  facet normal 0 1 0
    outer loop
      vertex -2.5 8 17.6
      vertex -0.5 8 9
      vertex -2.5 8 9
    endloop
  endfacet
  facet normal 0 0 -1
    outer loop
      vertex 70.5 7 17.6
      vertex 72.5 20 17.6
      vertex 72.5 7 17.6
    endloop
  endfacet
  facet normal -0 0 -1
    outer loop
      vertex 72.5 20 17.6
      vertex 70.5 7 17.6
      vertex 70.5 20 17.6
    endloop
  endfacet
  facet normal -0 0 1
    outer loop
      vertex 70.5 20 9
      vertex 72.5 7 9
      vertex 72.5 20 9
    endloop
  endfacet
  facet normal 0 0 1
    outer loop
      vertex 72.5 7 9
      vertex 70.5 20 9
      vertex 70.5 7 9
    endloop
  endfacet
  facet normal 0 -1 0
    outer loop
      vertex 70.5 20 9
      vertex 72.5 20 17.6
      vertex 70.5 20 17.6
    endloop
  endfacet
  facet normal 0 -1 -0
    outer loop
      vertex 72.5 20 17.6
      vertex 70.5 20 9
      vertex 72.5 20 9
    endloop
  endfacet
  facet normal 0 1 -0
    outer loop
      vertex 72.5 7 9
      vertex 70.5 7 17.6
      vertex 72.5 7 17.6
    endloop
  endfacet
  facet normal 0 1 0
    outer loop
      vertex 70.5 7 17.6
      vertex 72.5 7 9
      vertex 70.5 7 9
    endloop
  endfacet
  facet normal -0.980654 -0.195749 0
    outer loop
      vertex 15.9932 77.1044 0
      vertex 15.9727 77.2071 2
      vertex 15.9727 77.2071 0
    endloop
  endfacet
  facet normal -0.980654 -0.195749 0
    outer loop
      vertex 15.9727 77.2071 2
      vertex 15.9932 77.1044 0
      vertex 15.9932 77.1044 2
    endloop
  endfacet
  facet normal -0.997886 -0.0649964 0
    outer loop
      vertex 16 77 0
      vertex 15.9932 77.1044 2
      vertex 15.9932 77.1044 0
    endloop
  endfacet
  facet normal -0.997886 -0.0649964 0
    outer loop
      vertex 15.9932 77.1044 2
      vertex 16 77 0
      vertex 16 77 2
    endloop
  endfacet
  facet normal -0.946948 -0.321388 0
    outer loop
      vertex 15.9727 77.2071 0
      vertex 15.9391 77.3061 2
      vertex 15.9391 77.3061 0
    endloop
  endfacet
  facet normal -0.946948 -0.321388 0
    outer loop
      vertex 15.9391 77.3061 2
      vertex 15.9727 77.2071 0
      vertex 15.9727 77.2071 2
    endloop
  endfacet
  facet normal 0.751925 0.659248 0
    outer loop
      vertex 14.6343 76.4343 2
      vertex 14.5653 76.513 0
      vertex 14.5653 76.513 2
    endloop
  endfacet
  facet normal 0.751925 0.659248 0
    outer loop
      vertex 14.5653 76.513 0
      vertex 14.6343 76.4343 2
      vertex 14.6343 76.4343 0
    endloop
  endfacet
  facet normal -0.321388 -0.946948 0
    outer loop
      vertex 15.4071 77.7727 0
      vertex 15.5061 77.7391 2
      vertex 15.4071 77.7727 2
    endloop
  endfacet
  facet normal -0.321388 -0.946948 -0
    outer loop
      vertex 15.5061 77.7391 2
      vertex 15.4071 77.7727 0
      vertex 15.5061 77.7391 0
    endloop
  endfacet
  facet normal 0.751925 -0.659248 0
    outer loop
      vertex 14.5653 77.487 2
      vertex 14.6343 77.5657 0
      vertex 14.6343 77.5657 2
    endloop
  endfacet
  facet normal 0.751925 -0.659248 0
    outer loop
      vertex 14.6343 77.5657 0
      vertex 14.5653 77.487 2
      vertex 14.5653 77.487 0
    endloop
  endfacet
  facet normal -0.896897 -0.44224 0
    outer loop
      vertex 15.9391 77.3061 0
      vertex 15.8928 77.4 2
      vertex 15.8928 77.4 0
    endloop
  endfacet
  facet normal -0.896897 -0.44224 0
    outer loop
      vertex 15.8928 77.4 2
      vertex 15.9391 77.3061 0
      vertex 15.9391 77.3061 2
    endloop
  endfacet
  facet normal -0.831609 -0.555362 0
    outer loop
      vertex 15.8928 77.4 0
      vertex 15.8347 77.487 2
      vertex 15.8347 77.487 0
    endloop
  endfacet
  facet normal -0.831609 -0.555362 0
    outer loop
      vertex 15.8347 77.487 2
      vertex 15.8928 77.4 0
      vertex 15.8928 77.4 2
    endloop
  endfacet
  facet normal 0.555362 -0.831609 0
    outer loop
      vertex 14.713 77.6347 0
      vertex 14.8 77.6928 2
      vertex 14.713 77.6347 2
    endloop
  endfacet
  facet normal 0.555362 -0.831609 0
    outer loop
      vertex 14.8 77.6928 2
      vertex 14.713 77.6347 0
      vertex 14.8 77.6928 0
    endloop
  endfacet
  facet normal 0.321388 0.946948 -0
    outer loop
      vertex 14.9929 76.2273 0
      vertex 14.8939 76.2609 2
      vertex 14.9929 76.2273 2
    endloop
  endfacet
  facet normal 0.321388 0.946948 0
    outer loop
      vertex 14.8939 76.2609 2
      vertex 14.9929 76.2273 0
      vertex 14.8939 76.2609 0
    endloop
  endfacet
  facet normal 0.0649964 0.997886 -0
    outer loop
      vertex 15.2 76.2 0
      vertex 15.0956 76.2068 2
      vertex 15.2 76.2 2
    endloop
  endfacet
  facet normal 0.0649964 0.997886 0
    outer loop
      vertex 15.0956 76.2068 2
      vertex 15.2 76.2 0
      vertex 15.0956 76.2068 0
    endloop
  endfacet
  facet normal -0.321388 0.946948 0
    outer loop
      vertex 15.5061 76.2609 0
      vertex 15.4071 76.2273 2
      vertex 15.5061 76.2609 2
    endloop
  endfacet
  facet normal -0.321388 0.946948 0
    outer loop
      vertex 15.4071 76.2273 2
      vertex 15.5061 76.2609 0
      vertex 15.4071 76.2273 0
    endloop
  endfacet
  facet normal -0.751925 -0.659248 0
    outer loop
      vertex 15.8347 77.487 0
      vertex 15.7657 77.5657 2
      vertex 15.7657 77.5657 0
    endloop
  endfacet
  facet normal -0.751925 -0.659248 0
    outer loop
      vertex 15.7657 77.5657 2
      vertex 15.8347 77.487 0
      vertex 15.8347 77.487 2
    endloop
  endfacet
  facet normal -0.946948 0.321388 0
    outer loop
      vertex 15.9391 76.6939 0
      vertex 15.9727 76.7929 2
      vertex 15.9727 76.7929 0
    endloop
  endfacet
  facet normal -0.946948 0.321388 0
    outer loop
      vertex 15.9727 76.7929 2
      vertex 15.9391 76.6939 0
      vertex 15.9391 76.6939 2
    endloop
  endfacet
  facet normal -0.0649964 0.997886 0
    outer loop
      vertex 15.3044 76.2068 0
      vertex 15.2 76.2 2
      vertex 15.3044 76.2068 2
    endloop
  endfacet
  facet normal -0.0649964 0.997886 0
    outer loop
      vertex 15.2 76.2 2
      vertex 15.3044 76.2068 0
      vertex 15.2 76.2 0
    endloop
  endfacet
  facet normal 0.555362 0.831609 -0
    outer loop
      vertex 14.8 76.3072 0
      vertex 14.713 76.3653 2
      vertex 14.8 76.3072 2
    endloop
  endfacet
  facet normal 0.555362 0.831609 0
    outer loop
      vertex 14.713 76.3653 2
      vertex 14.8 76.3072 0
      vertex 14.713 76.3653 0
    endloop
  endfacet
  facet normal -0.195749 -0.980654 0
    outer loop
      vertex 15.3044 77.7932 0
      vertex 15.4071 77.7727 2
      vertex 15.3044 77.7932 2
    endloop
  endfacet
  facet normal -0.195749 -0.980654 -0
    outer loop
      vertex 15.4071 77.7727 2
      vertex 15.3044 77.7932 0
      vertex 15.4071 77.7727 0
    endloop
  endfacet
  facet normal 0.946948 0.321388 0
    outer loop
      vertex 14.4609 76.6939 2
      vertex 14.4273 76.7929 0
      vertex 14.4273 76.7929 2
    endloop
  endfacet
  facet normal 0.946948 0.321388 0
    outer loop
      vertex 14.4273 76.7929 0
      vertex 14.4609 76.6939 2
      vertex 14.4609 76.6939 0
    endloop
  endfacet
  facet normal -0.44224 0.896897 0
    outer loop
      vertex 15.6 76.3072 0
      vertex 15.5061 76.2609 2
      vertex 15.6 76.3072 2
    endloop
  endfacet
  facet normal -0.44224 0.896897 0
    outer loop
      vertex 15.5061 76.2609 2
      vertex 15.6 76.3072 0
      vertex 15.5061 76.2609 0
    endloop
  endfacet
  facet normal -0.659248 -0.751925 0
    outer loop
      vertex 15.687 77.6347 0
      vertex 15.7657 77.5657 2
      vertex 15.687 77.6347 2
    endloop
  endfacet
  facet normal -0.659248 -0.751925 -0
    outer loop
      vertex 15.7657 77.5657 2
      vertex 15.687 77.6347 0
      vertex 15.7657 77.5657 0
    endloop
  endfacet
  facet normal -0.831609 0.555362 0
    outer loop
      vertex 15.8347 76.513 0
      vertex 15.8928 76.6 2
      vertex 15.8928 76.6 0
    endloop
  endfacet
  facet normal -0.831609 0.555362 0
    outer loop
      vertex 15.8928 76.6 2
      vertex 15.8347 76.513 0
      vertex 15.8347 76.513 2
    endloop
  endfacet
  facet normal -0.44224 -0.896897 0
    outer loop
      vertex 15.5061 77.7391 0
      vertex 15.6 77.6928 2
      vertex 15.5061 77.7391 2
    endloop
  endfacet
  facet normal -0.44224 -0.896897 -0
    outer loop
      vertex 15.6 77.6928 2
      vertex 15.5061 77.7391 0
      vertex 15.6 77.6928 0
    endloop
  endfacet
  facet normal 0.980654 -0.195749 0
    outer loop
      vertex 14.4068 77.1044 2
      vertex 14.4273 77.2071 0
      vertex 14.4273 77.2071 2
    endloop
  endfacet
  facet normal 0.980654 -0.195749 0
    outer loop
      vertex 14.4273 77.2071 0
      vertex 14.4068 77.1044 2
      vertex 14.4068 77.1044 0
    endloop
  endfacet
  facet normal -0.997886 0.0649964 0
    outer loop
      vertex 15.9932 76.8956 0
      vertex 16 77 2
      vertex 16 77 0
    endloop
  endfacet
  facet normal -0.997886 0.0649964 0
    outer loop
      vertex 16 77 2
      vertex 15.9932 76.8956 0
      vertex 15.9932 76.8956 2
    endloop
  endfacet
  facet normal 0.0649964 -0.997886 0
    outer loop
      vertex 15.0956 77.7932 0
      vertex 15.2 77.8 2
      vertex 15.0956 77.7932 2
    endloop
  endfacet
  facet normal 0.0649964 -0.997886 0
    outer loop
      vertex 15.2 77.8 2
      vertex 15.0956 77.7932 0
      vertex 15.2 77.8 0
    endloop
  endfacet
  facet normal 0.321388 -0.946948 0
    outer loop
      vertex 14.8939 77.7391 0
      vertex 14.9929 77.7727 2
      vertex 14.8939 77.7391 2
    endloop
  endfacet
  facet normal 0.321388 -0.946948 0
    outer loop
      vertex 14.9929 77.7727 2
      vertex 14.8939 77.7391 0
      vertex 14.9929 77.7727 0
    endloop
  endfacet
  facet normal 0.195749 -0.980654 0
    outer loop
      vertex 14.9929 77.7727 0
      vertex 15.0956 77.7932 2
      vertex 14.9929 77.7727 2
    endloop
  endfacet
  facet normal 0.195749 -0.980654 0
    outer loop
      vertex 15.0956 77.7932 2
      vertex 14.9929 77.7727 0
      vertex 15.0956 77.7932 0
    endloop
  endfacet
  facet normal -0.0649964 -0.997886 0
    outer loop
      vertex 15.2 77.8 0
      vertex 15.3044 77.7932 2
      vertex 15.2 77.8 2
    endloop
  endfacet
  facet normal -0.0649964 -0.997886 -0
    outer loop
      vertex 15.3044 77.7932 2
      vertex 15.2 77.8 0
      vertex 15.3044 77.7932 0
    endloop
  endfacet
  facet normal 0.195749 0.980654 -0
    outer loop
      vertex 15.0956 76.2068 0
      vertex 14.9929 76.2273 2
      vertex 15.0956 76.2068 2
    endloop
  endfacet
  facet normal 0.195749 0.980654 0
    outer loop
      vertex 14.9929 76.2273 2
      vertex 15.0956 76.2068 0
      vertex 14.9929 76.2273 0
    endloop
  endfacet
  facet normal 0.997886 -0.0649964 0
    outer loop
      vertex 14.4 77 2
      vertex 14.4068 77.1044 0
      vertex 14.4068 77.1044 2
    endloop
  endfacet
  facet normal 0.997886 -0.0649964 0
    outer loop
      vertex 14.4068 77.1044 0
      vertex 14.4 77 2
      vertex 14.4 77 0
    endloop
  endfacet
  facet normal 0.44224 -0.896897 0
    outer loop
      vertex 14.8 77.6928 0
      vertex 14.8939 77.7391 2
      vertex 14.8 77.6928 2
    endloop
  endfacet
  facet normal 0.44224 -0.896897 0
    outer loop
      vertex 14.8939 77.7391 2
      vertex 14.8 77.6928 0
      vertex 14.8939 77.7391 0
    endloop
  endfacet
  facet normal -0.195749 0.980654 0
    outer loop
      vertex 15.4071 76.2273 0
      vertex 15.3044 76.2068 2
      vertex 15.4071 76.2273 2
    endloop
  endfacet
  facet normal -0.195749 0.980654 0
    outer loop
      vertex 15.3044 76.2068 2
      vertex 15.4071 76.2273 0
      vertex 15.3044 76.2068 0
    endloop
  endfacet
  facet normal 0.896897 -0.44224 0
    outer loop
      vertex 14.4609 77.3061 2
      vertex 14.5072 77.4 0
      vertex 14.5072 77.4 2
    endloop
  endfacet
  facet normal 0.896897 -0.44224 0
    outer loop
      vertex 14.5072 77.4 0
      vertex 14.4609 77.3061 2
      vertex 14.4609 77.3061 0
    endloop
  endfacet
  facet normal -0.751925 0.659248 0
    outer loop
      vertex 15.7657 76.4343 0
      vertex 15.8347 76.513 2
      vertex 15.8347 76.513 0
    endloop
  endfacet
  facet normal -0.751925 0.659248 0
    outer loop
      vertex 15.8347 76.513 2
      vertex 15.7657 76.4343 0
      vertex 15.7657 76.4343 2
    endloop
  endfacet
  facet normal 0.831609 0.555362 0
    outer loop
      vertex 14.5653 76.513 2
      vertex 14.5072 76.6 0
      vertex 14.5072 76.6 2
    endloop
  endfacet
  facet normal 0.831609 0.555362 0
    outer loop
      vertex 14.5072 76.6 0
      vertex 14.5653 76.513 2
      vertex 14.5653 76.513 0
    endloop
  endfacet
  facet normal -0.980654 0.195749 0
    outer loop
      vertex 15.9727 76.7929 0
      vertex 15.9932 76.8956 2
      vertex 15.9932 76.8956 0
    endloop
  endfacet
  facet normal -0.980654 0.195749 0
    outer loop
      vertex 15.9932 76.8956 2
      vertex 15.9727 76.7929 0
      vertex 15.9727 76.7929 2
    endloop
  endfacet
  facet normal 0.896897 0.44224 0
    outer loop
      vertex 14.5072 76.6 2
      vertex 14.4609 76.6939 0
      vertex 14.4609 76.6939 2
    endloop
  endfacet
  facet normal 0.896897 0.44224 0
    outer loop
      vertex 14.4609 76.6939 0
      vertex 14.5072 76.6 2
      vertex 14.5072 76.6 0
    endloop
  endfacet
  facet normal 0.946948 -0.321388 0
    outer loop
      vertex 14.4273 77.2071 2
      vertex 14.4609 77.3061 0
      vertex 14.4609 77.3061 2
    endloop
  endfacet
  facet normal 0.946948 -0.321388 0
    outer loop
      vertex 14.4609 77.3061 0
      vertex 14.4273 77.2071 2
      vertex 14.4273 77.2071 0
    endloop
  endfacet
  facet normal -0.555362 0.831609 0
    outer loop
      vertex 15.687 76.3653 0
      vertex 15.6 76.3072 2
      vertex 15.687 76.3653 2
    endloop
  endfacet
  facet normal -0.555362 0.831609 0
    outer loop
      vertex 15.6 76.3072 2
      vertex 15.687 76.3653 0
      vertex 15.6 76.3072 0
    endloop
  endfacet
  facet normal 0.44224 0.896897 -0
    outer loop
      vertex 14.8939 76.2609 0
      vertex 14.8 76.3072 2
      vertex 14.8939 76.2609 2
    endloop
  endfacet
  facet normal 0.44224 0.896897 0
    outer loop
      vertex 14.8 76.3072 2
      vertex 14.8939 76.2609 0
      vertex 14.8 76.3072 0
    endloop
  endfacet
  facet normal -0.659248 0.751925 0
    outer loop
      vertex 15.7657 76.4343 0
      vertex 15.687 76.3653 2
      vertex 15.7657 76.4343 2
    endloop
  endfacet
  facet normal -0.659248 0.751925 0
    outer loop
      vertex 15.687 76.3653 2
      vertex 15.7657 76.4343 0
      vertex 15.687 76.3653 0
    endloop
  endfacet
  facet normal 0.980654 0.195749 0
    outer loop
      vertex 14.4273 76.7929 2
      vertex 14.4068 76.8956 0
      vertex 14.4068 76.8956 2
    endloop
  endfacet
  facet normal 0.980654 0.195749 0
    outer loop
      vertex 14.4068 76.8956 0
      vertex 14.4273 76.7929 2
      vertex 14.4273 76.7929 0
    endloop
  endfacet
  facet normal 0.659248 -0.751925 0
    outer loop
      vertex 14.6343 77.5657 0
      vertex 14.713 77.6347 2
      vertex 14.6343 77.5657 2
    endloop
  endfacet
  facet normal 0.659248 -0.751925 0
    outer loop
      vertex 14.713 77.6347 2
      vertex 14.6343 77.5657 0
      vertex 14.713 77.6347 0
    endloop
  endfacet
  facet normal -0.896897 0.44224 0
    outer loop
      vertex 15.8928 76.6 0
      vertex 15.9391 76.6939 2
      vertex 15.9391 76.6939 0
    endloop
  endfacet
  facet normal -0.896897 0.44224 0
    outer loop
      vertex 15.9391 76.6939 2
      vertex 15.8928 76.6 0
      vertex 15.8928 76.6 2
    endloop
  endfacet
  facet normal -0.555362 -0.831609 0
    outer loop
      vertex 15.6 77.6928 0
      vertex 15.687 77.6347 2
      vertex 15.6 77.6928 2
    endloop
  endfacet
  facet normal -0.555362 -0.831609 -0
    outer loop
      vertex 15.687 77.6347 2
      vertex 15.6 77.6928 0
      vertex 15.687 77.6347 0
    endloop
  endfacet
  facet normal 0.659248 0.751925 -0
    outer loop
      vertex 14.713 76.3653 0
      vertex 14.6343 76.4343 2
      vertex 14.713 76.3653 2
    endloop
  endfacet
  facet normal 0.659248 0.751925 0
    outer loop
      vertex 14.6343 76.4343 2
      vertex 14.713 76.3653 0
      vertex 14.6343 76.4343 0
    endloop
  endfacet
  facet normal 0.997886 0.0649964 0
    outer loop
      vertex 14.4068 76.8956 2
      vertex 14.4 77 0
      vertex 14.4 77 2
    endloop
  endfacet
  facet normal 0.997886 0.0649964 0
    outer loop
      vertex 14.4 77 0
      vertex 14.4068 76.8956 2
      vertex 14.4068 76.8956 0
    endloop
  endfacet
  facet normal 0.831609 -0.555362 0
    outer loop
      vertex 14.5072 77.4 2
      vertex 14.5653 77.487 0
      vertex 14.5653 77.487 2
    endloop
  endfacet
  facet normal 0.831609 -0.555362 0
    outer loop
      vertex 14.5653 77.487 0
      vertex 14.5072 77.4 2
      vertex 14.5072 77.4 0
    endloop
  endfacet
  facet normal -0.321388 -0.946948 0
    outer loop
      vertex 13.8071 80.544 0
      vertex 13.9061 80.5104 2
      vertex 13.8071 80.544 2
    endloop
  endfacet
  facet normal -0.321388 -0.946948 -0
    outer loop
      vertex 13.9061 80.5104 2
      vertex 13.8071 80.544 0
      vertex 13.9061 80.5104 0
    endloop
  endfacet
  facet normal -0.44224 -0.896897 0
    outer loop
      vertex 13.9061 80.5104 0
      vertex 14 80.4641 2
      vertex 13.9061 80.5104 2
    endloop
  endfacet
  facet normal -0.44224 -0.896897 -0
    outer loop
      vertex 14 80.4641 2
      vertex 13.9061 80.5104 0
      vertex 14 80.4641 0
    endloop
  endfacet
  facet normal -0.19483 -0.980837 0
    outer loop
      vertex 13.7044 80.5644 0
      vertex 13.8071 80.544 2
      vertex 13.7044 80.5644 2
    endloop
  endfacet
  facet normal -0.19483 -0.980837 -0
    outer loop
      vertex 13.8071 80.544 2
      vertex 13.7044 80.5644 0
      vertex 13.8071 80.544 0
    endloop
  endfacet
  facet normal -0.659248 -0.751925 0
    outer loop
      vertex 14.087 80.406 0
      vertex 14.1657 80.337 2
      vertex 14.087 80.406 2
    endloop
  endfacet
  facet normal -0.659248 -0.751925 -0
    outer loop
      vertex 14.1657 80.337 2
      vertex 14.087 80.406 0
      vertex 14.1657 80.337 0
    endloop
  endfacet
  facet normal 0.0659481 -0.997823 0
    outer loop
      vertex 13.4956 80.5644 0
      vertex 13.6 80.5713 2
      vertex 13.4956 80.5644 2
    endloop
  endfacet
  facet normal 0.0659481 -0.997823 0
    outer loop
      vertex 13.6 80.5713 2
      vertex 13.4956 80.5644 0
      vertex 13.6 80.5713 0
    endloop
  endfacet
  facet normal 0.659248 -0.751925 0
    outer loop
      vertex 13.0343 80.337 0
      vertex 13.113 80.406 2
      vertex 13.0343 80.337 2
    endloop
  endfacet
  facet normal 0.659248 -0.751925 0
    outer loop
      vertex 13.113 80.406 2
      vertex 13.0343 80.337 0
      vertex 13.113 80.406 0
    endloop
  endfacet
  facet normal 0.19483 0.980837 -0
    outer loop
      vertex 13.4956 78.9781 0
      vertex 13.3929 78.9985 2
      vertex 13.4956 78.9781 2
    endloop
  endfacet
  facet normal 0.19483 0.980837 0
    outer loop
      vertex 13.3929 78.9985 2
      vertex 13.4956 78.9781 0
      vertex 13.3929 78.9985 0
    endloop
  endfacet
  facet normal -0.751925 -0.659248 0
    outer loop
      vertex 14.2347 80.2583 0
      vertex 14.1657 80.337 2
      vertex 14.1657 80.337 0
    endloop
  endfacet
  facet normal -0.751925 -0.659248 0
    outer loop
      vertex 14.1657 80.337 2
      vertex 14.2347 80.2583 0
      vertex 14.2347 80.2583 2
    endloop
  endfacet
  facet normal 0.322246 0.946656 -0
    outer loop
      vertex 13.3929 78.9985 0
      vertex 13.2939 79.0322 2
      vertex 13.3929 78.9985 2
    endloop
  endfacet
  facet normal 0.322246 0.946656 0
    outer loop
      vertex 13.2939 79.0322 2
      vertex 13.3929 78.9985 0
      vertex 13.2939 79.0322 0
    endloop
  endfacet
  facet normal -0.0659481 -0.997823 0
    outer loop
      vertex 13.6 80.5713 0
      vertex 13.7044 80.5644 2
      vertex 13.6 80.5713 2
    endloop
  endfacet
  facet normal -0.0659481 -0.997823 -0
    outer loop
      vertex 13.7044 80.5644 2
      vertex 13.6 80.5713 0
      vertex 13.7044 80.5644 0
    endloop
  endfacet
  facet normal 0.947046 -0.321097 0
    outer loop
      vertex 12.8273 79.9783 2
      vertex 12.8609 80.0774 0
      vertex 12.8609 80.0774 2
    endloop
  endfacet
  facet normal 0.947046 -0.321097 0
    outer loop
      vertex 12.8609 80.0774 0
      vertex 12.8273 79.9783 2
      vertex 12.8273 79.9783 0
    endloop
  endfacet
  facet normal -0.896897 -0.44224 0
    outer loop
      vertex 14.3391 80.0774 0
      vertex 14.2928 80.1713 2
      vertex 14.2928 80.1713 0
    endloop
  endfacet
  facet normal -0.896897 -0.44224 0
    outer loop
      vertex 14.2928 80.1713 2
      vertex 14.3391 80.0774 0
      vertex 14.3391 80.0774 2
    endloop
  endfacet
  facet normal 0.751925 -0.659248 0
    outer loop
      vertex 12.9653 80.2583 2
      vertex 13.0343 80.337 0
      vertex 13.0343 80.337 2
    endloop
  endfacet
  facet normal 0.751925 -0.659248 0
    outer loop
      vertex 13.0343 80.337 0
      vertex 12.9653 80.2583 2
      vertex 12.9653 80.2583 0
    endloop
  endfacet
  facet normal -0.997886 -0.0649964 0
    outer loop
      vertex 14.4 79.7713 0
      vertex 14.3932 79.8757 2
      vertex 14.3932 79.8757 0
    endloop
  endfacet
  facet normal -0.997886 -0.0649964 0
    outer loop
      vertex 14.3932 79.8757 2
      vertex 14.4 79.7713 0
      vertex 14.4 79.7713 2
    endloop
  endfacet
  facet normal -0.947046 0.321097 0
    outer loop
      vertex 14.3391 79.4651 0
      vertex 14.3727 79.5642 2
      vertex 14.3727 79.5642 0
    endloop
  endfacet
  facet normal -0.947046 0.321097 0
    outer loop
      vertex 14.3727 79.5642 2
      vertex 14.3391 79.4651 0
      vertex 14.3391 79.4651 2
    endloop
  endfacet
  facet normal -0.19483 0.980837 0
    outer loop
      vertex 13.8071 78.9985 0
      vertex 13.7044 78.9781 2
      vertex 13.8071 78.9985 2
    endloop
  endfacet
  facet normal -0.19483 0.980837 0
    outer loop
      vertex 13.7044 78.9781 2
      vertex 13.8071 78.9985 0
      vertex 13.7044 78.9781 0
    endloop
  endfacet
  facet normal -0.947046 -0.321097 0
    outer loop
      vertex 14.3727 79.9783 0
      vertex 14.3391 80.0774 2
      vertex 14.3391 80.0774 0
    endloop
  endfacet
  facet normal -0.947046 -0.321097 0
    outer loop
      vertex 14.3391 80.0774 2
      vertex 14.3727 79.9783 0
      vertex 14.3727 79.9783 2
    endloop
  endfacet
  facet normal 0.659248 0.751925 -0
    outer loop
      vertex 13.113 79.1366 0
      vertex 13.0343 79.2056 2
      vertex 13.113 79.1366 2
    endloop
  endfacet
  facet normal 0.659248 0.751925 0
    outer loop
      vertex 13.0343 79.2056 2
      vertex 13.113 79.1366 0
      vertex 13.0343 79.2056 0
    endloop
  endfacet
  facet normal -0.89671 0.442619 0
    outer loop
      vertex 14.2928 79.3713 0
      vertex 14.3391 79.4651 2
      vertex 14.3391 79.4651 0
    endloop
  endfacet
  facet normal -0.89671 0.442619 0
    outer loop
      vertex 14.3391 79.4651 2
      vertex 14.2928 79.3713 0
      vertex 14.2928 79.3713 2
    endloop
  endfacet
  facet normal -0.659248 0.751925 0
    outer loop
      vertex 14.1657 79.2056 0
      vertex 14.087 79.1366 2
      vertex 14.1657 79.2056 2
    endloop
  endfacet
  facet normal -0.659248 0.751925 0
    outer loop
      vertex 14.087 79.1366 2
      vertex 14.1657 79.2056 0
      vertex 14.087 79.1366 0
    endloop
  endfacet
  facet normal -0.555362 0.831609 0
    outer loop
      vertex 14.087 79.1366 0
      vertex 14 79.0785 2
      vertex 14.087 79.1366 2
    endloop
  endfacet
  facet normal -0.555362 0.831609 0
    outer loop
      vertex 14 79.0785 2
      vertex 14.087 79.1366 0
      vertex 14 79.0785 0
    endloop
  endfacet
  facet normal -0.555362 -0.831609 0
    outer loop
      vertex 14 80.4641 0
      vertex 14.087 80.406 2
      vertex 14 80.4641 2
    endloop
  endfacet
  facet normal -0.555362 -0.831609 -0
    outer loop
      vertex 14.087 80.406 2
      vertex 14 80.4641 0
      vertex 14.087 80.406 0
    endloop
  endfacet
  facet normal -0.980654 0.195749 0
    outer loop
      vertex 14.3727 79.5642 0
      vertex 14.3932 79.6669 2
      vertex 14.3932 79.6669 0
    endloop
  endfacet
  facet normal -0.980654 0.195749 0
    outer loop
      vertex 14.3932 79.6669 2
      vertex 14.3727 79.5642 0
      vertex 14.3727 79.5642 2
    endloop
  endfacet
  facet normal 0.0649964 0.997886 -0
    outer loop
      vertex 13.6 78.9713 0
      vertex 13.4956 78.9781 2
      vertex 13.6 78.9713 2
    endloop
  endfacet
  facet normal 0.0649964 0.997886 0
    outer loop
      vertex 13.4956 78.9781 2
      vertex 13.6 78.9713 0
      vertex 13.4956 78.9781 0
    endloop
  endfacet
  facet normal 0.896897 -0.44224 0
    outer loop
      vertex 12.8609 80.0774 2
      vertex 12.9072 80.1713 0
      vertex 12.9072 80.1713 2
    endloop
  endfacet
  facet normal 0.896897 -0.44224 0
    outer loop
      vertex 12.9072 80.1713 0
      vertex 12.8609 80.0774 2
      vertex 12.8609 80.0774 0
    endloop
  endfacet
  facet normal 0.44224 -0.896897 0
    outer loop
      vertex 13.2 80.4641 0
      vertex 13.2939 80.5104 2
      vertex 13.2 80.4641 2
    endloop
  endfacet
  facet normal 0.44224 -0.896897 0
    outer loop
      vertex 13.2939 80.5104 2
      vertex 13.2 80.4641 0
      vertex 13.2939 80.5104 0
    endloop
  endfacet
  facet normal -0.831609 -0.555362 0
    outer loop
      vertex 14.2928 80.1713 0
      vertex 14.2347 80.2583 2
      vertex 14.2347 80.2583 0
    endloop
  endfacet
  facet normal -0.831609 -0.555362 0
    outer loop
      vertex 14.2347 80.2583 2
      vertex 14.2928 80.1713 0
      vertex 14.2928 80.1713 2
    endloop
  endfacet
  facet normal 0.555362 -0.831609 0
    outer loop
      vertex 13.113 80.406 0
      vertex 13.2 80.4641 2
      vertex 13.113 80.406 2
    endloop
  endfacet
  facet normal 0.555362 -0.831609 0
    outer loop
      vertex 13.2 80.4641 2
      vertex 13.113 80.406 0
      vertex 13.2 80.4641 0
    endloop
  endfacet
  facet normal 0.947046 0.321097 0
    outer loop
      vertex 12.8609 79.4651 2
      vertex 12.8273 79.5642 0
      vertex 12.8273 79.5642 2
    endloop
  endfacet
  facet normal 0.947046 0.321097 0
    outer loop
      vertex 12.8273 79.5642 0
      vertex 12.8609 79.4651 2
      vertex 12.8609 79.4651 0
    endloop
  endfacet
  facet normal -0.0649964 0.997886 0
    outer loop
      vertex 13.7044 78.9781 0
      vertex 13.6 78.9713 2
      vertex 13.7044 78.9781 2
    endloop
  endfacet
  facet normal -0.0649964 0.997886 0
    outer loop
      vertex 13.6 78.9713 2
      vertex 13.7044 78.9781 0
      vertex 13.6 78.9713 0
    endloop
  endfacet
  facet normal 0.751925 0.659248 0
    outer loop
      vertex 13.0343 79.2056 2
      vertex 12.9653 79.2843 0
      vertex 12.9653 79.2843 2
    endloop
  endfacet
  facet normal 0.751925 0.659248 0
    outer loop
      vertex 12.9653 79.2843 0
      vertex 13.0343 79.2056 2
      vertex 13.0343 79.2056 0
    endloop
  endfacet
  facet normal -0.997886 0.0649964 0
    outer loop
      vertex 14.3932 79.6669 0
      vertex 14.4 79.7713 2
      vertex 14.4 79.7713 0
    endloop
  endfacet
  facet normal -0.997886 0.0649964 0
    outer loop
      vertex 14.4 79.7713 2
      vertex 14.3932 79.6669 0
      vertex 14.3932 79.6669 2
    endloop
  endfacet
  facet normal 0.555362 0.831609 -0
    outer loop
      vertex 13.2 79.0785 0
      vertex 13.113 79.1366 2
      vertex 13.2 79.0785 2
    endloop
  endfacet
  facet normal 0.555362 0.831609 0
    outer loop
      vertex 13.113 79.1366 2
      vertex 13.2 79.0785 0
      vertex 13.113 79.1366 0
    endloop
  endfacet
  facet normal 0.321388 -0.946948 0
    outer loop
      vertex 13.2939 80.5104 0
      vertex 13.3929 80.544 2
      vertex 13.2939 80.5104 2
    endloop
  endfacet
  facet normal 0.321388 -0.946948 0
    outer loop
      vertex 13.3929 80.544 2
      vertex 13.2939 80.5104 0
      vertex 13.3929 80.544 0
    endloop
  endfacet
  facet normal 0.89671 0.442619 0
    outer loop
      vertex 12.9072 79.3713 2
      vertex 12.8609 79.4651 0
      vertex 12.8609 79.4651 2
    endloop
  endfacet
  facet normal 0.89671 0.442619 0
    outer loop
      vertex 12.8609 79.4651 0
      vertex 12.9072 79.3713 2
      vertex 12.9072 79.3713 0
    endloop
  endfacet
  facet normal 0.980654 0.195749 0
    outer loop
      vertex 12.8273 79.5642 2
      vertex 12.8068 79.6669 0
      vertex 12.8068 79.6669 2
    endloop
  endfacet
  facet normal 0.980654 0.195749 0
    outer loop
      vertex 12.8068 79.6669 0
      vertex 12.8273 79.5642 2
      vertex 12.8273 79.5642 0
    endloop
  endfacet
  facet normal 0.997886 -0.0649964 0
    outer loop
      vertex 12.8 79.7713 2
      vertex 12.8068 79.8757 0
      vertex 12.8068 79.8757 2
    endloop
  endfacet
  facet normal 0.997886 -0.0649964 0
    outer loop
      vertex 12.8068 79.8757 0
      vertex 12.8 79.7713 2
      vertex 12.8 79.7713 0
    endloop
  endfacet
  facet normal 0.44224 0.896897 -0
    outer loop
      vertex 13.2939 79.0322 0
      vertex 13.2 79.0785 2
      vertex 13.2939 79.0322 2
    endloop
  endfacet
  facet normal 0.44224 0.896897 0
    outer loop
      vertex 13.2 79.0785 2
      vertex 13.2939 79.0322 0
      vertex 13.2 79.0785 0
    endloop
  endfacet
  facet normal 0.19483 -0.980837 0
    outer loop
      vertex 13.3929 80.544 0
      vertex 13.4956 80.5644 2
      vertex 13.3929 80.544 2
    endloop
  endfacet
  facet normal 0.19483 -0.980837 0
    outer loop
      vertex 13.4956 80.5644 2
      vertex 13.3929 80.544 0
      vertex 13.4956 80.5644 0
    endloop
  endfacet
  facet normal -0.44224 0.896897 0
    outer loop
      vertex 14 79.0785 0
      vertex 13.9061 79.0322 2
      vertex 14 79.0785 2
    endloop
  endfacet
  facet normal -0.44224 0.896897 0
    outer loop
      vertex 13.9061 79.0322 2
      vertex 14 79.0785 0
      vertex 13.9061 79.0322 0
    endloop
  endfacet
  facet normal -0.980617 -0.195932 0
    outer loop
      vertex 14.3932 79.8757 0
      vertex 14.3727 79.9783 2
      vertex 14.3727 79.9783 0
    endloop
  endfacet
  facet normal -0.980617 -0.195932 0
    outer loop
      vertex 14.3727 79.9783 2
      vertex 14.3932 79.8757 0
      vertex 14.3932 79.8757 2
    endloop
  endfacet
  facet normal 0.980617 -0.195932 0
    outer loop
      vertex 12.8068 79.8757 2
      vertex 12.8273 79.9783 0
      vertex 12.8273 79.9783 2
    endloop
  endfacet
  facet normal 0.980617 -0.195932 0
    outer loop
      vertex 12.8273 79.9783 0
      vertex 12.8068 79.8757 2
      vertex 12.8068 79.8757 0
    endloop
  endfacet
  facet normal 0.997886 0.0649964 0
    outer loop
      vertex 12.8068 79.6669 2
      vertex 12.8 79.7713 0
      vertex 12.8 79.7713 2
    endloop
  endfacet
  facet normal 0.997886 0.0649964 0
    outer loop
      vertex 12.8 79.7713 0
      vertex 12.8068 79.6669 2
      vertex 12.8068 79.6669 0
    endloop
  endfacet
  facet normal -0.751925 0.659248 0
    outer loop
      vertex 14.1657 79.2056 0
      vertex 14.2347 79.2843 2
      vertex 14.2347 79.2843 0
    endloop
  endfacet
  facet normal -0.751925 0.659248 0
    outer loop
      vertex 14.2347 79.2843 2
      vertex 14.1657 79.2056 0
      vertex 14.1657 79.2056 2
    endloop
  endfacet
  facet normal 0.831609 0.555362 0
    outer loop
      vertex 12.9653 79.2843 2
      vertex 12.9072 79.3713 0
      vertex 12.9072 79.3713 2
    endloop
  endfacet
  facet normal 0.831609 0.555362 0
    outer loop
      vertex 12.9072 79.3713 0
      vertex 12.9653 79.2843 2
      vertex 12.9653 79.2843 0
    endloop
  endfacet
  facet normal -0.831609 0.555362 0
    outer loop
      vertex 14.2347 79.2843 0
      vertex 14.2928 79.3713 2
      vertex 14.2928 79.3713 0
    endloop
  endfacet
  facet normal -0.831609 0.555362 0
    outer loop
      vertex 14.2928 79.3713 2
      vertex 14.2347 79.2843 0
      vertex 14.2347 79.2843 2
    endloop
  endfacet
  facet normal -0.322246 0.946656 0
    outer loop
      vertex 13.9061 79.0322 0
      vertex 13.8071 78.9985 2
      vertex 13.9061 79.0322 2
    endloop
  endfacet
  facet normal -0.322246 0.946656 0
    outer loop
      vertex 13.8071 78.9985 2
      vertex 13.9061 79.0322 0
      vertex 13.8071 78.9985 0
    endloop
  endfacet
  facet normal 0.831609 -0.555362 0
    outer loop
      vertex 12.9072 80.1713 2
      vertex 12.9653 80.2583 0
      vertex 12.9653 80.2583 2
    endloop
  endfacet
  facet normal 0.831609 -0.555362 0
    outer loop
      vertex 12.9653 80.2583 0
      vertex 12.9072 80.1713 2
      vertex 12.9072 80.1713 0
    endloop
  endfacet
  facet normal 0.19483 0.980837 -0
    outer loop
      vertex 10.2956 78.9781 0
      vertex 10.1929 78.9985 2
      vertex 10.2956 78.9781 2
    endloop
  endfacet
  facet normal 0.19483 0.980837 0
    outer loop
      vertex 10.1929 78.9985 2
      vertex 10.2956 78.9781 0
      vertex 10.1929 78.9985 0
    endloop
  endfacet
  facet normal 0.65939 -0.751801 0
    outer loop
      vertex 9.83432 80.337 0
      vertex 9.91299 80.406 2
      vertex 9.83432 80.337 2
    endloop
  endfacet
  facet normal 0.65939 -0.751801 0
    outer loop
      vertex 9.91299 80.406 2
      vertex 9.83432 80.337 0
      vertex 9.91299 80.406 0
    endloop
  endfacet
  facet normal 0.555318 -0.831638 0
    outer loop
      vertex 9.91299 80.406 0
      vertex 10 80.4641 2
      vertex 9.91299 80.406 2
    endloop
  endfacet
  facet normal 0.555318 -0.831638 0
    outer loop
      vertex 10 80.4641 2
      vertex 9.91299 80.406 0
      vertex 10 80.4641 0
    endloop
  endfacet
  facet normal 0.751925 -0.659248 0
    outer loop
      vertex 9.76532 80.2583 2
      vertex 9.83432 80.337 0
      vertex 9.83432 80.337 2
    endloop
  endfacet
  facet normal 0.751925 -0.659248 0
    outer loop
      vertex 9.83432 80.337 0
      vertex 9.76532 80.2583 2
      vertex 9.76532 80.2583 0
    endloop
  endfacet
  facet normal 0.9808 0.195014 0
    outer loop
      vertex 9.62726 79.5642 2
      vertex 9.60684 79.6669 0
      vertex 9.60684 79.6669 2
    endloop
  endfacet
  facet normal 0.9808 0.195014 0
    outer loop
      vertex 9.60684 79.6669 0
      vertex 9.62726 79.5642 2
      vertex 9.62726 79.5642 0
    endloop
  endfacet
  facet normal 0.980764 -0.195197 0
    outer loop
      vertex 9.60684 79.8757 2
      vertex 9.62726 79.9783 0
      vertex 9.62726 79.9783 2
    endloop
  endfacet
  facet normal 0.980764 -0.195197 0
    outer loop
      vertex 9.62726 79.9783 0
      vertex 9.60684 79.8757 2
      vertex 9.60684 79.8757 0
    endloop
  endfacet
  facet normal 0.997861 -0.0653771 0
    outer loop
      vertex 9.6 79.7713 2
      vertex 9.60684 79.8757 0
      vertex 9.60684 79.8757 2
    endloop
  endfacet
  facet normal 0.997861 -0.0653771 0
    outer loop
      vertex 9.60684 79.8757 0
      vertex 9.6 79.7713 2
      vertex 9.6 79.7713 0
    endloop
  endfacet
  facet normal 0.19483 -0.980837 0
    outer loop
      vertex 10.1929 80.544 0
      vertex 10.2956 80.5644 2
      vertex 10.1929 80.544 2
    endloop
  endfacet
  facet normal 0.19483 -0.980837 0
    outer loop
      vertex 10.2956 80.5644 2
      vertex 10.1929 80.544 0
      vertex 10.2956 80.5644 0
    endloop
  endfacet
  facet normal -0.659248 -0.751925 0
    outer loop
      vertex 10.887 80.406 0
      vertex 10.9657 80.337 2
      vertex 10.887 80.406 2
    endloop
  endfacet
  facet normal -0.659248 -0.751925 -0
    outer loop
      vertex 10.9657 80.337 2
      vertex 10.887 80.406 0
      vertex 10.9657 80.337 0
    endloop
  endfacet
  facet normal 0.831432 -0.555626 0
    outer loop
      vertex 9.70718 80.1713 2
      vertex 9.76532 80.2583 0
      vertex 9.76532 80.2583 2
    endloop
  endfacet
  facet normal 0.831432 -0.555626 0
    outer loop
      vertex 9.76532 80.2583 0
      vertex 9.70718 80.1713 2
      vertex 9.70718 80.1713 0
    endloop
  endfacet
  facet normal -0.980654 0.195749 0
    outer loop
      vertex 11.1727 79.5642 0
      vertex 11.1932 79.6669 2
      vertex 11.1932 79.6669 0
    endloop
  endfacet
  facet normal -0.980654 0.195749 0
    outer loop
      vertex 11.1932 79.6669 2
      vertex 11.1727 79.5642 0
      vertex 11.1727 79.5642 2
    endloop
  endfacet
  facet normal -0.659248 0.751925 0
    outer loop
      vertex 10.9657 79.2056 0
      vertex 10.887 79.1366 2
      vertex 10.9657 79.2056 2
    endloop
  endfacet
  facet normal -0.659248 0.751925 0
    outer loop
      vertex 10.887 79.1366 2
      vertex 10.9657 79.2056 0
      vertex 10.887 79.1366 0
    endloop
  endfacet
  facet normal 0.44224 0.896897 -0
    outer loop
      vertex 10.0939 79.0322 0
      vertex 10 79.0785 2
      vertex 10.0939 79.0322 2
    endloop
  endfacet
  facet normal 0.44224 0.896897 0
    outer loop
      vertex 10 79.0785 2
      vertex 10.0939 79.0322 0
      vertex 10 79.0785 0
    endloop
  endfacet
  facet normal -0.980617 -0.195932 0
    outer loop
      vertex 11.1932 79.8757 0
      vertex 11.1727 79.9783 2
      vertex 11.1727 79.9783 0
    endloop
  endfacet
  facet normal -0.980617 -0.195932 0
    outer loop
      vertex 11.1727 79.9783 2
      vertex 11.1932 79.8757 0
      vertex 11.1932 79.8757 2
    endloop
  endfacet
  facet normal -0.831609 -0.555362 0
    outer loop
      vertex 11.0928 80.1713 0
      vertex 11.0347 80.2583 2
      vertex 11.0347 80.2583 0
    endloop
  endfacet
  facet normal -0.831609 -0.555362 0
    outer loop
      vertex 11.0347 80.2583 2
      vertex 11.0928 80.1713 0
      vertex 11.0928 80.1713 2
    endloop
  endfacet
  facet normal -0.44224 0.896897 0
    outer loop
      vertex 10.8 79.0785 0
      vertex 10.7061 79.0322 2
      vertex 10.8 79.0785 2
    endloop
  endfacet
  facet normal -0.44224 0.896897 0
    outer loop
      vertex 10.7061 79.0322 2
      vertex 10.8 79.0785 0
      vertex 10.7061 79.0322 0
    endloop
  endfacet
  facet normal 0.997861 0.0653771 0
    outer loop
      vertex 9.60684 79.6669 2
      vertex 9.6 79.7713 0
      vertex 9.6 79.7713 2
    endloop
  endfacet
  facet normal 0.997861 0.0653771 0
    outer loop
      vertex 9.6 79.7713 0
      vertex 9.60684 79.6669 2
      vertex 9.60684 79.6669 0
    endloop
  endfacet
  facet normal 0.555318 0.831638 -0
    outer loop
      vertex 10 79.0785 0
      vertex 9.91299 79.1366 2
      vertex 10 79.0785 2
    endloop
  endfacet
  facet normal 0.555318 0.831638 0
    outer loop
      vertex 9.91299 79.1366 2
      vertex 10 79.0785 0
      vertex 9.91299 79.1366 0
    endloop
  endfacet
  facet normal 0.65939 0.751801 -0
    outer loop
      vertex 9.91299 79.1366 0
      vertex 9.83432 79.2056 2
      vertex 9.91299 79.1366 2
    endloop
  endfacet
  facet normal 0.65939 0.751801 0
    outer loop
      vertex 9.83432 79.2056 2
      vertex 9.91299 79.1366 0
      vertex 9.83432 79.2056 0
    endloop
  endfacet
  facet normal 0.94693 -0.32144 0
    outer loop
      vertex 9.62726 79.9783 2
      vertex 9.6609 80.0774 0
      vertex 9.6609 80.0774 2
    endloop
  endfacet
  facet normal 0.94693 -0.32144 0
    outer loop
      vertex 9.6609 80.0774 0
      vertex 9.62726 79.9783 2
      vertex 9.62726 79.9783 0
    endloop
  endfacet
  facet normal 0.0649964 0.997886 -0
    outer loop
      vertex 10.4 78.9713 0
      vertex 10.2956 78.9781 2
      vertex 10.4 78.9713 2
    endloop
  endfacet
  facet normal 0.0649964 0.997886 0
    outer loop
      vertex 10.2956 78.9781 2
      vertex 10.4 78.9713 0
      vertex 10.2956 78.9781 0
    endloop
  endfacet
  facet normal -0.997886 0.0649964 0
    outer loop
      vertex 11.1932 79.6669 0
      vertex 11.2 79.7713 2
      vertex 11.2 79.7713 0
    endloop
  endfacet
  facet normal -0.997886 0.0649964 0
    outer loop
      vertex 11.2 79.7713 2
      vertex 11.1932 79.6669 0
      vertex 11.1932 79.6669 2
    endloop
  endfacet
  facet normal -0.896897 -0.44224 0
    outer loop
      vertex 11.1391 80.0774 0
      vertex 11.0928 80.1713 2
      vertex 11.0928 80.1713 0
    endloop
  endfacet
  facet normal -0.896897 -0.44224 0
    outer loop
      vertex 11.0928 80.1713 2
      vertex 11.1391 80.0774 0
      vertex 11.1391 80.0774 2
    endloop
  endfacet
  facet normal 0.322246 0.946656 -0
    outer loop
      vertex 10.1929 78.9985 0
      vertex 10.0939 79.0322 2
      vertex 10.1929 78.9985 2
    endloop
  endfacet
  facet normal 0.322246 0.946656 0
    outer loop
      vertex 10.0939 79.0322 2
      vertex 10.1929 78.9985 0
      vertex 10.0939 79.0322 0
    endloop
  endfacet
  facet normal -0.19483 0.980837 0
    outer loop
      vertex 10.6071 78.9985 0
      vertex 10.5044 78.9781 2
      vertex 10.6071 78.9985 2
    endloop
  endfacet
  facet normal -0.19483 0.980837 0
    outer loop
      vertex 10.5044 78.9781 2
      vertex 10.6071 78.9985 0
      vertex 10.5044 78.9781 0
    endloop
  endfacet
  facet normal 0.896973 -0.442086 0
    outer loop
      vertex 9.6609 80.0774 2
      vertex 9.70718 80.1713 0
      vertex 9.70718 80.1713 2
    endloop
  endfacet
  facet normal 0.896973 -0.442086 0
    outer loop
      vertex 9.70718 80.1713 0
      vertex 9.6609 80.0774 2
      vertex 9.6609 80.0774 0
    endloop
  endfacet
  facet normal -0.555362 0.831609 0
    outer loop
      vertex 10.887 79.1366 0
      vertex 10.8 79.0785 2
      vertex 10.887 79.1366 2
    endloop
  endfacet
  facet normal -0.555362 0.831609 0
    outer loop
      vertex 10.8 79.0785 2
      vertex 10.887 79.1366 0
      vertex 10.8 79.0785 0
    endloop
  endfacet
  facet normal 0.321388 -0.946948 0
    outer loop
      vertex 10.0939 80.5104 0
      vertex 10.1929 80.544 2
      vertex 10.0939 80.5104 2
    endloop
  endfacet
  facet normal 0.321388 -0.946948 0
    outer loop
      vertex 10.1929 80.544 2
      vertex 10.0939 80.5104 0
      vertex 10.1929 80.544 0
    endloop
  endfacet
  facet normal -0.0659481 -0.997823 0
    outer loop
      vertex 10.4 80.5713 0
      vertex 10.5044 80.5644 2
      vertex 10.4 80.5713 2
    endloop
  endfacet
  facet normal -0.0659481 -0.997823 -0
    outer loop
      vertex 10.5044 80.5644 2
      vertex 10.4 80.5713 0
      vertex 10.5044 80.5644 0
    endloop
  endfacet
  facet normal -0.947046 -0.321097 0
    outer loop
      vertex 11.1727 79.9783 0
      vertex 11.1391 80.0774 2
      vertex 11.1391 80.0774 0
    endloop
  endfacet
  facet normal -0.947046 -0.321097 0
    outer loop
      vertex 11.1391 80.0774 2
      vertex 11.1727 79.9783 0
      vertex 11.1727 79.9783 2
    endloop
  endfacet
  facet normal 0.44224 -0.896897 0
    outer loop
      vertex 10 80.4641 0
      vertex 10.0939 80.5104 2
      vertex 10 80.4641 2
    endloop
  endfacet
  facet normal 0.44224 -0.896897 0
    outer loop
      vertex 10.0939 80.5104 2
      vertex 10 80.4641 0
      vertex 10.0939 80.5104 0
    endloop
  endfacet
  facet normal -0.322246 0.946656 0
    outer loop
      vertex 10.7061 79.0322 0
      vertex 10.6071 78.9985 2
      vertex 10.7061 79.0322 2
    endloop
  endfacet
  facet normal -0.322246 0.946656 0
    outer loop
      vertex 10.6071 78.9985 2
      vertex 10.7061 79.0322 0
      vertex 10.6071 78.9985 0
    endloop
  endfacet
  facet normal -0.831609 0.555362 0
    outer loop
      vertex 11.0347 79.2843 0
      vertex 11.0928 79.3713 2
      vertex 11.0928 79.3713 0
    endloop
  endfacet
  facet normal -0.831609 0.555362 0
    outer loop
      vertex 11.0928 79.3713 2
      vertex 11.0347 79.2843 0
      vertex 11.0347 79.2843 2
    endloop
  endfacet
  facet normal 0.0659481 -0.997823 0
    outer loop
      vertex 10.2956 80.5644 0
      vertex 10.4 80.5713 2
      vertex 10.2956 80.5644 2
    endloop
  endfacet
  facet normal 0.0659481 -0.997823 0
    outer loop
      vertex 10.4 80.5713 2
      vertex 10.2956 80.5644 0
      vertex 10.4 80.5713 0
    endloop
  endfacet
  facet normal -0.751925 0.659248 0
    outer loop
      vertex 10.9657 79.2056 0
      vertex 11.0347 79.2843 2
      vertex 11.0347 79.2843 0
    endloop
  endfacet
  facet normal -0.751925 0.659248 0
    outer loop
      vertex 11.0347 79.2843 2
      vertex 10.9657 79.2056 0
      vertex 10.9657 79.2056 2
    endloop
  endfacet
  facet normal -0.555362 -0.831609 0
    outer loop
      vertex 10.8 80.4641 0
      vertex 10.887 80.406 2
      vertex 10.8 80.4641 2
    endloop
  endfacet
  facet normal -0.555362 -0.831609 -0
    outer loop
      vertex 10.887 80.406 2
      vertex 10.8 80.4641 0
      vertex 10.887 80.406 0
    endloop
  endfacet
  facet normal -0.89671 0.442619 0
    outer loop
      vertex 11.0928 79.3713 0
      vertex 11.1391 79.4651 2
      vertex 11.1391 79.4651 0
    endloop
  endfacet
  facet normal -0.89671 0.442619 0
    outer loop
      vertex 11.1391 79.4651 2
      vertex 11.0928 79.3713 0
      vertex 11.0928 79.3713 2
    endloop
  endfacet
  facet normal -0.0649964 0.997886 0
    outer loop
      vertex 10.5044 78.9781 0
      vertex 10.4 78.9713 2
      vertex 10.5044 78.9781 2
    endloop
  endfacet
  facet normal -0.0649964 0.997886 0
    outer loop
      vertex 10.4 78.9713 2
      vertex 10.5044 78.9781 0
      vertex 10.4 78.9713 0
    endloop
  endfacet
  facet normal 0.896786 0.442465 0
    outer loop
      vertex 9.70718 79.3713 2
      vertex 9.6609 79.4651 0
      vertex 9.6609 79.4651 2
    endloop
  endfacet
  facet normal 0.896786 0.442465 0
    outer loop
      vertex 9.6609 79.4651 0
      vertex 9.70718 79.3713 2
      vertex 9.70718 79.3713 0
    endloop
  endfacet
  facet normal 0.94693 0.32144 0
    outer loop
      vertex 9.6609 79.4651 2
      vertex 9.62726 79.5642 0
      vertex 9.62726 79.5642 2
    endloop
  endfacet
  facet normal 0.94693 0.32144 0
    outer loop
      vertex 9.62726 79.5642 0
      vertex 9.6609 79.4651 2
      vertex 9.6609 79.4651 0
    endloop
  endfacet
  facet normal -0.44224 -0.896897 0
    outer loop
      vertex 10.7061 80.5104 0
      vertex 10.8 80.4641 2
      vertex 10.7061 80.5104 2
    endloop
  endfacet
  facet normal -0.44224 -0.896897 -0
    outer loop
      vertex 10.8 80.4641 2
      vertex 10.7061 80.5104 0
      vertex 10.8 80.4641 0
    endloop
  endfacet
  facet normal 0.831432 0.555626 0
    outer loop
      vertex 9.76532 79.2843 2
      vertex 9.70718 79.3713 0
      vertex 9.70718 79.3713 2
    endloop
  endfacet
  facet normal 0.831432 0.555626 0
    outer loop
      vertex 9.70718 79.3713 0
      vertex 9.76532 79.2843 2
      vertex 9.76532 79.2843 0
    endloop
  endfacet
  facet normal 0.751925 0.659248 0
    outer loop
      vertex 9.83432 79.2056 2
      vertex 9.76532 79.2843 0
      vertex 9.76532 79.2843 2
    endloop
  endfacet
  facet normal 0.751925 0.659248 0
    outer loop
      vertex 9.76532 79.2843 0
      vertex 9.83432 79.2056 2
      vertex 9.83432 79.2056 0
    endloop
  endfacet
  facet normal -0.751925 -0.659248 0
    outer loop
      vertex 11.0347 80.2583 0
      vertex 10.9657 80.337 2
      vertex 10.9657 80.337 0
    endloop
  endfacet
  facet normal -0.751925 -0.659248 0
    outer loop
      vertex 10.9657 80.337 2
      vertex 11.0347 80.2583 0
      vertex 11.0347 80.2583 2
    endloop
  endfacet
  facet normal -0.321388 -0.946948 0
    outer loop
      vertex 10.6071 80.544 0
      vertex 10.7061 80.5104 2
      vertex 10.6071 80.544 2
    endloop
  endfacet
  facet normal -0.321388 -0.946948 -0
    outer loop
      vertex 10.7061 80.5104 2
      vertex 10.6071 80.544 0
      vertex 10.7061 80.5104 0
    endloop
  endfacet
  facet normal -0.997886 -0.0649964 0
    outer loop
      vertex 11.2 79.7713 0
      vertex 11.1932 79.8757 2
      vertex 11.1932 79.8757 0
    endloop
  endfacet
  facet normal -0.997886 -0.0649964 0
    outer loop
      vertex 11.1932 79.8757 2
      vertex 11.2 79.7713 0
      vertex 11.2 79.7713 2
    endloop
  endfacet
  facet normal -0.947046 0.321097 0
    outer loop
      vertex 11.1391 79.4651 0
      vertex 11.1727 79.5642 2
      vertex 11.1727 79.5642 0
    endloop
  endfacet
  facet normal -0.947046 0.321097 0
    outer loop
      vertex 11.1727 79.5642 2
      vertex 11.1391 79.4651 0
      vertex 11.1391 79.4651 2
    endloop
  endfacet
  facet normal -0.19483 -0.980837 0
    outer loop
      vertex 10.5044 80.5644 0
      vertex 10.6071 80.544 2
      vertex 10.5044 80.5644 2
    endloop
  endfacet
  facet normal -0.19483 -0.980837 -0
    outer loop
      vertex 10.6071 80.544 2
      vertex 10.5044 80.5644 0
      vertex 10.6071 80.544 0
    endloop
  endfacet
  facet normal 0.442429 0.896803 -0
    outer loop
      vertex 8.49385 76.2609 0
      vertex 8.4 76.3072 2
      vertex 8.49385 76.2609 2
    endloop
  endfacet
  facet normal 0.442429 0.896803 0
    outer loop
      vertex 8.4 76.3072 2
      vertex 8.49385 76.2609 0
      vertex 8.4 76.3072 0
    endloop
  endfacet
  facet normal 0.946831 0.321731 0
    outer loop
      vertex 8.0609 76.6939 2
      vertex 8.02726 76.7929 0
      vertex 8.02726 76.7929 2
    endloop
  endfacet
  facet normal 0.946831 0.321731 0
    outer loop
      vertex 8.02726 76.7929 0
      vertex 8.0609 76.6939 2
      vertex 8.0609 76.6939 0
    endloop
  endfacet
  facet normal -0.751973 -0.659194 0
    outer loop
      vertex 9.43468 77.487 0
      vertex 9.36569 77.5657 2
      vertex 9.36569 77.5657 0
    endloop
  endfacet
  facet normal -0.751973 -0.659194 0
    outer loop
      vertex 9.36569 77.5657 2
      vertex 9.43468 77.487 0
      vertex 9.43468 77.487 2
    endloop
  endfacet
  facet normal -0.946831 0.321731 0
    outer loop
      vertex 9.5391 76.6939 0
      vertex 9.57274 76.7929 2
      vertex 9.57274 76.7929 0
    endloop
  endfacet
  facet normal -0.946831 0.321731 0
    outer loop
      vertex 9.57274 76.7929 2
      vertex 9.5391 76.6939 0
      vertex 9.5391 76.6939 2
    endloop
  endfacet
  facet normal 0.195877 0.980628 -0
    outer loop
      vertex 8.69558 76.2068 0
      vertex 8.59295 76.2273 2
      vertex 8.69558 76.2068 2
    endloop
  endfacet
  facet normal 0.195877 0.980628 0
    outer loop
      vertex 8.59295 76.2273 2
      vertex 8.69558 76.2068 0
      vertex 8.59295 76.2273 0
    endloop
  endfacet
  facet normal 0.896973 0.442086 0
    outer loop
      vertex 8.10718 76.6 2
      vertex 8.0609 76.6939 0
      vertex 8.0609 76.6939 2
    endloop
  endfacet
  facet normal 0.896973 0.442086 0
    outer loop
      vertex 8.0609 76.6939 0
      vertex 8.10718 76.6 2
      vertex 8.10718 76.6 0
    endloop
  endfacet
  facet normal 0.831432 0.555626 0
    outer loop
      vertex 8.16532 76.513 2
      vertex 8.10718 76.6 0
      vertex 8.10718 76.6 2
    endloop
  endfacet
  facet normal 0.831432 0.555626 0
    outer loop
      vertex 8.10718 76.6 0
      vertex 8.16532 76.513 2
      vertex 8.16532 76.513 0
    endloop
  endfacet
  facet normal -0.555318 0.831638 0
    outer loop
      vertex 9.28701 76.3653 0
      vertex 9.2 76.3072 2
      vertex 9.28701 76.3653 2
    endloop
  endfacet
  facet normal -0.555318 0.831638 0
    outer loop
      vertex 9.2 76.3072 2
      vertex 9.28701 76.3653 0
      vertex 9.2 76.3072 0
    endloop
  endfacet
  facet normal 0.997861 0.0653771 0
    outer loop
      vertex 8.00684 76.8956 2
      vertex 8 77 0
      vertex 8 77 2
    endloop
  endfacet
  facet normal 0.997861 0.0653771 0
    outer loop
      vertex 8 77 0
      vertex 8.00684 76.8956 2
      vertex 8.00684 76.8956 0
    endloop
  endfacet
  facet normal -0.997861 0.0653771 0
    outer loop
      vertex 9.59316 76.8956 0
      vertex 9.6 77 2
      vertex 9.6 77 0
    endloop
  endfacet
  facet normal -0.997861 0.0653771 0
    outer loop
      vertex 9.6 77 2
      vertex 9.59316 76.8956 0
      vertex 9.59316 76.8956 2
    endloop
  endfacet
  facet normal -0.442429 -0.896803 0
    outer loop
      vertex 9.10615 77.7391 0
      vertex 9.2 77.6928 2
      vertex 9.10615 77.7391 2
    endloop
  endfacet
  facet normal -0.442429 -0.896803 -0
    outer loop
      vertex 9.2 77.6928 2
      vertex 9.10615 77.7391 0
      vertex 9.2 77.6928 0
    endloop
  endfacet
  facet normal -0.321126 -0.947036 0
    outer loop
      vertex 9.00706 77.7727 0
      vertex 9.10615 77.7391 2
      vertex 9.00706 77.7727 2
    endloop
  endfacet
  facet normal -0.321126 -0.947036 -0
    outer loop
      vertex 9.10615 77.7391 2
      vertex 9.00706 77.7727 0
      vertex 9.10615 77.7391 0
    endloop
  endfacet
  facet normal 0.321097 -0.947046 0
    outer loop
      vertex 8.49385 77.7391 0
      vertex 8.59295 77.7727 2
      vertex 8.49385 77.7391 2
    endloop
  endfacet
  facet normal 0.321097 -0.947046 0
    outer loop
      vertex 8.59295 77.7727 2
      vertex 8.49385 77.7391 0
      vertex 8.59295 77.7727 0
    endloop
  endfacet
  facet normal -0.946831 -0.321731 0
    outer loop
      vertex 9.57274 77.2071 0
      vertex 9.5391 77.3061 2
      vertex 9.5391 77.3061 0
    endloop
  endfacet
  facet normal -0.946831 -0.321731 0
    outer loop
      vertex 9.5391 77.3061 2
      vertex 9.57274 77.2071 0
      vertex 9.57274 77.2071 2
    endloop
  endfacet
  facet normal -0.555318 -0.831638 0
    outer loop
      vertex 9.2 77.6928 0
      vertex 9.28701 77.6347 2
      vertex 9.2 77.6928 2
    endloop
  endfacet
  facet normal -0.555318 -0.831638 -0
    outer loop
      vertex 9.28701 77.6347 2
      vertex 9.2 77.6928 0
      vertex 9.28701 77.6347 0
    endloop
  endfacet
  facet normal -0.896973 -0.442086 0
    outer loop
      vertex 9.5391 77.3061 0
      vertex 9.49282 77.4 2
      vertex 9.49282 77.4 0
    endloop
  endfacet
  facet normal -0.896973 -0.442086 0
    outer loop
      vertex 9.49282 77.4 2
      vertex 9.5391 77.3061 0
      vertex 9.5391 77.3061 2
    endloop
  endfacet
  facet normal 0.195877 -0.980628 0
    outer loop
      vertex 8.59295 77.7727 0
      vertex 8.69558 77.7932 2
      vertex 8.59295 77.7727 2
    endloop
  endfacet
  facet normal 0.195877 -0.980628 0
    outer loop
      vertex 8.69558 77.7932 2
      vertex 8.59295 77.7727 0
      vertex 8.69558 77.7932 0
    endloop
  endfacet
  facet normal -0.442429 0.896803 0
    outer loop
      vertex 9.2 76.3072 0
      vertex 9.10615 76.2609 2
      vertex 9.2 76.3072 2
    endloop
  endfacet
  facet normal -0.442429 0.896803 0
    outer loop
      vertex 9.10615 76.2609 2
      vertex 9.2 76.3072 0
      vertex 9.10615 76.2609 0
    endloop
  endfacet
  facet normal 0.751973 0.659194 0
    outer loop
      vertex 8.23431 76.4343 2
      vertex 8.16532 76.513 0
      vertex 8.16532 76.513 2
    endloop
  endfacet
  facet normal 0.751973 0.659194 0
    outer loop
      vertex 8.16532 76.513 0
      vertex 8.23431 76.4343 2
      vertex 8.23431 76.4343 0
    endloop
  endfacet
  facet normal 0.442429 -0.896803 0
    outer loop
      vertex 8.4 77.6928 0
      vertex 8.49385 77.7391 2
      vertex 8.4 77.6928 2
    endloop
  endfacet
  facet normal 0.442429 -0.896803 0
    outer loop
      vertex 8.49385 77.7391 2
      vertex 8.4 77.6928 0
      vertex 8.49385 77.7391 0
    endloop
  endfacet
  facet normal 0.659343 0.751842 -0
    outer loop
      vertex 8.31299 76.3653 0
      vertex 8.23431 76.4343 2
      vertex 8.31299 76.3653 2
    endloop
  endfacet
  facet normal 0.659343 0.751842 0
    outer loop
      vertex 8.23431 76.4343 2
      vertex 8.31299 76.3653 0
      vertex 8.23431 76.4343 0
    endloop
  endfacet
  facet normal 0.946831 -0.321731 0
    outer loop
      vertex 8.02726 77.2071 2
      vertex 8.0609 77.3061 0
      vertex 8.0609 77.3061 2
    endloop
  endfacet
  facet normal 0.946831 -0.321731 0
    outer loop
      vertex 8.0609 77.3061 0
      vertex 8.02726 77.2071 2
      vertex 8.02726 77.2071 0
    endloop
  endfacet
  facet normal 0.831432 -0.555626 0
    outer loop
      vertex 8.10718 77.4 2
      vertex 8.16532 77.487 0
      vertex 8.16532 77.487 2
    endloop
  endfacet
  facet normal 0.831432 -0.555626 0
    outer loop
      vertex 8.16532 77.487 0
      vertex 8.10718 77.4 2
      vertex 8.10718 77.4 0
    endloop
  endfacet
  facet normal -0.064984 0.997886 0
    outer loop
      vertex 8.90442 76.2068 0
      vertex 8.8 76.2 2
      vertex 8.90442 76.2068 2
    endloop
  endfacet
  facet normal -0.064984 0.997886 0
    outer loop
      vertex 8.8 76.2 2
      vertex 8.90442 76.2068 0
      vertex 8.8 76.2 0
    endloop
  endfacet
  facet normal 0.321097 0.947046 -0
    outer loop
      vertex 8.59295 76.2273 0
      vertex 8.49385 76.2609 2
      vertex 8.59295 76.2273 2
    endloop
  endfacet
  facet normal 0.321097 0.947046 0
    outer loop
      vertex 8.49385 76.2609 2
      vertex 8.59295 76.2273 0
      vertex 8.49385 76.2609 0
    endloop
  endfacet
  facet normal -0.195859 0.980632 0
    outer loop
      vertex 9.00706 76.2273 0
      vertex 8.90442 76.2068 2
      vertex 9.00706 76.2273 2
    endloop
  endfacet
  facet normal -0.195859 0.980632 0
    outer loop
      vertex 8.90442 76.2068 2
      vertex 9.00706 76.2273 0
      vertex 8.90442 76.2068 0
    endloop
  endfacet
  facet normal 0.9808 -0.195014 0
    outer loop
      vertex 8.00684 77.1044 2
      vertex 8.02726 77.2071 0
      vertex 8.02726 77.2071 2
    endloop
  endfacet
  facet normal 0.9808 -0.195014 0
    outer loop
      vertex 8.02726 77.2071 0
      vertex 8.00684 77.1044 2
      vertex 8.00684 77.1044 0
    endloop
  endfacet
  facet normal 0.9808 0.195014 0
    outer loop
      vertex 8.02726 76.7929 2
      vertex 8.00684 76.8956 0
      vertex 8.00684 76.8956 2
    endloop
  endfacet
  facet normal 0.9808 0.195014 0
    outer loop
      vertex 8.00684 76.8956 0
      vertex 8.02726 76.7929 2
      vertex 8.02726 76.7929 0
    endloop
  endfacet
  facet normal -0.831432 -0.555626 0
    outer loop
      vertex 9.49282 77.4 0
      vertex 9.43468 77.487 2
      vertex 9.43468 77.487 0
    endloop
  endfacet
  facet normal -0.831432 -0.555626 0
    outer loop
      vertex 9.43468 77.487 2
      vertex 9.49282 77.4 0
      vertex 9.49282 77.4 2
    endloop
  endfacet
  facet normal 0.064984 0.997886 -0
    outer loop
      vertex 8.8 76.2 0
      vertex 8.69558 76.2068 2
      vertex 8.8 76.2 2
    endloop
  endfacet
  facet normal 0.064984 0.997886 0
    outer loop
      vertex 8.69558 76.2068 2
      vertex 8.8 76.2 0
      vertex 8.69558 76.2068 0
    endloop
  endfacet
  facet normal -0.751973 0.659194 0
    outer loop
      vertex 9.36569 76.4343 0
      vertex 9.43468 76.513 2
      vertex 9.43468 76.513 0
    endloop
  endfacet
  facet normal -0.751973 0.659194 0
    outer loop
      vertex 9.43468 76.513 2
      vertex 9.36569 76.4343 0
      vertex 9.36569 76.4343 2
    endloop
  endfacet
  facet normal 0.555318 -0.831638 0
    outer loop
      vertex 8.31299 77.6347 0
      vertex 8.4 77.6928 2
      vertex 8.31299 77.6347 2
    endloop
  endfacet
  facet normal 0.555318 -0.831638 0
    outer loop
      vertex 8.4 77.6928 2
      vertex 8.31299 77.6347 0
      vertex 8.4 77.6928 0
    endloop
  endfacet
  facet normal -0.195859 -0.980632 0
    outer loop
      vertex 8.90442 77.7932 0
      vertex 9.00706 77.7727 2
      vertex 8.90442 77.7932 2
    endloop
  endfacet
  facet normal -0.195859 -0.980632 -0
    outer loop
      vertex 9.00706 77.7727 2
      vertex 8.90442 77.7932 0
      vertex 9.00706 77.7727 0
    endloop
  endfacet
  facet normal -0.9808 -0.195014 0
    outer loop
      vertex 9.59316 77.1044 0
      vertex 9.57274 77.2071 2
      vertex 9.57274 77.2071 0
    endloop
  endfacet
  facet normal -0.9808 -0.195014 0
    outer loop
      vertex 9.57274 77.2071 2
      vertex 9.59316 77.1044 0
      vertex 9.59316 77.1044 2
    endloop
  endfacet
  facet normal -0.659343 0.751842 0
    outer loop
      vertex 9.36569 76.4343 0
      vertex 9.28701 76.3653 2
      vertex 9.36569 76.4343 2
    endloop
  endfacet
  facet normal -0.659343 0.751842 0
    outer loop
      vertex 9.28701 76.3653 2
      vertex 9.36569 76.4343 0
      vertex 9.28701 76.3653 0
    endloop
  endfacet
  facet normal -0.9808 0.195014 0
    outer loop
      vertex 9.57274 76.7929 0
      vertex 9.59316 76.8956 2
      vertex 9.59316 76.8956 0
    endloop
  endfacet
  facet normal -0.9808 0.195014 0
    outer loop
      vertex 9.59316 76.8956 2
      vertex 9.57274 76.7929 0
      vertex 9.57274 76.7929 2
    endloop
  endfacet
  facet normal 0.896973 -0.442086 0
    outer loop
      vertex 8.0609 77.3061 2
      vertex 8.10718 77.4 0
      vertex 8.10718 77.4 2
    endloop
  endfacet
  facet normal 0.896973 -0.442086 0
    outer loop
      vertex 8.10718 77.4 0
      vertex 8.0609 77.3061 2
      vertex 8.0609 77.3061 0
    endloop
  endfacet
  facet normal 0.555318 0.831638 -0
    outer loop
      vertex 8.4 76.3072 0
      vertex 8.31299 76.3653 2
      vertex 8.4 76.3072 2
    endloop
  endfacet
  facet normal 0.555318 0.831638 0
    outer loop
      vertex 8.31299 76.3653 2
      vertex 8.4 76.3072 0
      vertex 8.31299 76.3653 0
    endloop
  endfacet
  facet normal -0.064984 -0.997886 0
    outer loop
      vertex 8.8 77.8 0
      vertex 8.90442 77.7932 2
      vertex 8.8 77.8 2
    endloop
  endfacet
  facet normal -0.064984 -0.997886 -0
    outer loop
      vertex 8.90442 77.7932 2
      vertex 8.8 77.8 0
      vertex 8.90442 77.7932 0
    endloop
  endfacet
  facet normal -0.321126 0.947036 0
    outer loop
      vertex 9.10615 76.2609 0
      vertex 9.00706 76.2273 2
      vertex 9.10615 76.2609 2
    endloop
  endfacet
  facet normal -0.321126 0.947036 0
    outer loop
      vertex 9.00706 76.2273 2
      vertex 9.10615 76.2609 0
      vertex 9.00706 76.2273 0
    endloop
  endfacet
  facet normal 0.751973 -0.659194 0
    outer loop
      vertex 8.16532 77.487 2
      vertex 8.23431 77.5657 0
      vertex 8.23431 77.5657 2
    endloop
  endfacet
  facet normal 0.751973 -0.659194 0
    outer loop
      vertex 8.23431 77.5657 0
      vertex 8.16532 77.487 2
      vertex 8.16532 77.487 0
    endloop
  endfacet
  facet normal -0.896973 0.442086 0
    outer loop
      vertex 9.49282 76.6 0
      vertex 9.5391 76.6939 2
      vertex 9.5391 76.6939 0
    endloop
  endfacet
  facet normal -0.896973 0.442086 0
    outer loop
      vertex 9.5391 76.6939 2
      vertex 9.49282 76.6 0
      vertex 9.49282 76.6 2
    endloop
  endfacet
  facet normal -0.659343 -0.751842 0
    outer loop
      vertex 9.28701 77.6347 0
      vertex 9.36569 77.5657 2
      vertex 9.28701 77.6347 2
    endloop
  endfacet
  facet normal -0.659343 -0.751842 -0
    outer loop
      vertex 9.36569 77.5657 2
      vertex 9.28701 77.6347 0
      vertex 9.36569 77.5657 0
    endloop
  endfacet
  facet normal 0.659343 -0.751842 0
    outer loop
      vertex 8.23431 77.5657 0
      vertex 8.31299 77.6347 2
      vertex 8.23431 77.5657 2
    endloop
  endfacet
  facet normal 0.659343 -0.751842 0
    outer loop
      vertex 8.31299 77.6347 2
      vertex 8.23431 77.5657 0
      vertex 8.31299 77.6347 0
    endloop
  endfacet
  facet normal 0.997861 -0.0653771 0
    outer loop
      vertex 8 77 2
      vertex 8.00684 77.1044 0
      vertex 8.00684 77.1044 2
    endloop
  endfacet
  facet normal 0.997861 -0.0653771 0
    outer loop
      vertex 8.00684 77.1044 0
      vertex 8 77 2
      vertex 8 77 0
    endloop
  endfacet
  facet normal -0.997861 -0.0653771 0
    outer loop
      vertex 9.6 77 0
      vertex 9.59316 77.1044 2
      vertex 9.59316 77.1044 0
    endloop
  endfacet
  facet normal -0.997861 -0.0653771 0
    outer loop
      vertex 9.59316 77.1044 2
      vertex 9.6 77 0
      vertex 9.6 77 2
    endloop
  endfacet
  facet normal 0.064984 -0.997886 0
    outer loop
      vertex 8.69558 77.7932 0
      vertex 8.8 77.8 2
      vertex 8.69558 77.7932 2
    endloop
  endfacet
  facet normal 0.064984 -0.997886 0
    outer loop
      vertex 8.8 77.8 2
      vertex 8.69558 77.7932 0
      vertex 8.8 77.8 0
    endloop
  endfacet
  facet normal -0.831432 0.555626 0
    outer loop
      vertex 9.43468 76.513 0
      vertex 9.49282 76.6 2
      vertex 9.49282 76.6 0
    endloop
  endfacet
  facet normal -0.831432 0.555626 0
    outer loop
      vertex 9.49282 76.6 2
      vertex 9.43468 76.513 0
      vertex 9.43468 76.513 2
    endloop
  endfacet
  facet normal 0.19483 0.980837 -0
    outer loop
      vertex 10.2956 73.4356 0
      vertex 10.1929 73.456 2
      vertex 10.2956 73.4356 2
    endloop
  endfacet
  facet normal 0.19483 0.980837 0
    outer loop
      vertex 10.1929 73.456 2
      vertex 10.2956 73.4356 0
      vertex 10.1929 73.456 0
    endloop
  endfacet
  facet normal 0.751925 0.659248 0
    outer loop
      vertex 9.83432 73.663 2
      vertex 9.76532 73.7417 0
      vertex 9.76532 73.7417 2
    endloop
  endfacet
  facet normal 0.751925 0.659248 0
    outer loop
      vertex 9.76532 73.7417 0
      vertex 9.83432 73.663 2
      vertex 9.83432 73.663 0
    endloop
  endfacet
  facet normal -0.0659481 0.997823 0
    outer loop
      vertex 10.5044 73.4356 0
      vertex 10.4 73.4287 2
      vertex 10.5044 73.4356 2
    endloop
  endfacet
  facet normal -0.0659481 0.997823 0
    outer loop
      vertex 10.4 73.4287 2
      vertex 10.5044 73.4356 0
      vertex 10.4 73.4287 0
    endloop
  endfacet
  facet normal -0.659248 -0.751925 0
    outer loop
      vertex 10.887 74.8634 0
      vertex 10.9657 74.7944 2
      vertex 10.887 74.8634 2
    endloop
  endfacet
  facet normal -0.659248 -0.751925 -0
    outer loop
      vertex 10.9657 74.7944 2
      vertex 10.887 74.8634 0
      vertex 10.9657 74.7944 0
    endloop
  endfacet
  facet normal -0.19483 -0.980837 0
    outer loop
      vertex 10.5044 75.0219 0
      vertex 10.6071 75.0015 2
      vertex 10.5044 75.0219 2
    endloop
  endfacet
  facet normal -0.19483 -0.980837 -0
    outer loop
      vertex 10.6071 75.0015 2
      vertex 10.5044 75.0219 0
      vertex 10.6071 75.0015 0
    endloop
  endfacet
  facet normal 0.751925 -0.659248 0
    outer loop
      vertex 9.76532 74.7157 2
      vertex 9.83432 74.7944 0
      vertex 9.83432 74.7944 2
    endloop
  endfacet
  facet normal 0.751925 -0.659248 0
    outer loop
      vertex 9.83432 74.7944 0
      vertex 9.76532 74.7157 2
      vertex 9.76532 74.7157 0
    endloop
  endfacet
  facet normal -0.322246 -0.946656 0
    outer loop
      vertex 10.6071 75.0015 0
      vertex 10.7061 74.9678 2
      vertex 10.6071 75.0015 2
    endloop
  endfacet
  facet normal -0.322246 -0.946656 -0
    outer loop
      vertex 10.7061 74.9678 2
      vertex 10.6071 75.0015 0
      vertex 10.7061 74.9678 0
    endloop
  endfacet
  facet normal 0.0659481 0.997823 -0
    outer loop
      vertex 10.4 73.4287 0
      vertex 10.2956 73.4356 2
      vertex 10.4 73.4287 2
    endloop
  endfacet
  facet normal 0.0659481 0.997823 0
    outer loop
      vertex 10.2956 73.4356 2
      vertex 10.4 73.4287 0
      vertex 10.2956 73.4356 0
    endloop
  endfacet
  facet normal -0.947046 0.321097 0
    outer loop
      vertex 11.1391 73.9226 0
      vertex 11.1727 74.0217 2
      vertex 11.1727 74.0217 0
    endloop
  endfacet
  facet normal -0.947046 0.321097 0
    outer loop
      vertex 11.1727 74.0217 2
      vertex 11.1391 73.9226 0
      vertex 11.1391 73.9226 2
    endloop
  endfacet
  facet normal 0.44224 0.896897 -0
    outer loop
      vertex 10.0939 73.4896 0
      vertex 10 73.5359 2
      vertex 10.0939 73.4896 2
    endloop
  endfacet
  facet normal 0.44224 0.896897 0
    outer loop
      vertex 10 73.5359 2
      vertex 10.0939 73.4896 0
      vertex 10 73.5359 0
    endloop
  endfacet
  facet normal -0.831609 0.555362 0
    outer loop
      vertex 11.0347 73.7417 0
      vertex 11.0928 73.8287 2
      vertex 11.0928 73.8287 0
    endloop
  endfacet
  facet normal -0.831609 0.555362 0
    outer loop
      vertex 11.0928 73.8287 2
      vertex 11.0347 73.7417 0
      vertex 11.0347 73.7417 2
    endloop
  endfacet
  facet normal -0.751925 0.659248 0
    outer loop
      vertex 10.9657 73.663 0
      vertex 11.0347 73.7417 2
      vertex 11.0347 73.7417 0
    endloop
  endfacet
  facet normal -0.751925 0.659248 0
    outer loop
      vertex 11.0347 73.7417 2
      vertex 10.9657 73.663 0
      vertex 10.9657 73.663 2
    endloop
  endfacet
  facet normal 0.980764 0.195197 0
    outer loop
      vertex 9.62726 74.0217 2
      vertex 9.60684 74.1243 0
      vertex 9.60684 74.1243 2
    endloop
  endfacet
  facet normal 0.980764 0.195197 0
    outer loop
      vertex 9.60684 74.1243 0
      vertex 9.62726 74.0217 2
      vertex 9.62726 74.0217 0
    endloop
  endfacet
  facet normal 0.997861 0.0653771 0
    outer loop
      vertex 9.60684 74.1243 2
      vertex 9.6 74.2287 0
      vertex 9.6 74.2287 2
    endloop
  endfacet
  facet normal 0.997861 0.0653771 0
    outer loop
      vertex 9.6 74.2287 0
      vertex 9.60684 74.1243 2
      vertex 9.60684 74.1243 0
    endloop
  endfacet
  facet normal 0.94693 -0.32144 0
    outer loop
      vertex 9.62726 74.4358 2
      vertex 9.6609 74.5349 0
      vertex 9.6609 74.5349 2
    endloop
  endfacet
  facet normal 0.94693 -0.32144 0
    outer loop
      vertex 9.6609 74.5349 0
      vertex 9.62726 74.4358 2
      vertex 9.62726 74.4358 0
    endloop
  endfacet
  facet normal 0.19483 -0.980837 0
    outer loop
      vertex 10.1929 75.0015 0
      vertex 10.2956 75.0219 2
      vertex 10.1929 75.0015 2
    endloop
  endfacet
  facet normal 0.19483 -0.980837 0
    outer loop
      vertex 10.2956 75.0219 2
      vertex 10.1929 75.0015 0
      vertex 10.2956 75.0219 0
    endloop
  endfacet
  facet normal 0.94693 0.32144 0
    outer loop
      vertex 9.6609 73.9226 2
      vertex 9.62726 74.0217 0
      vertex 9.62726 74.0217 2
    endloop
  endfacet
  facet normal 0.94693 0.32144 0
    outer loop
      vertex 9.62726 74.0217 0
      vertex 9.6609 73.9226 2
      vertex 9.6609 73.9226 0
    endloop
  endfacet
  facet normal -0.659248 0.751925 0
    outer loop
      vertex 10.9657 73.663 0
      vertex 10.887 73.594 2
      vertex 10.9657 73.663 2
    endloop
  endfacet
  facet normal -0.659248 0.751925 0
    outer loop
      vertex 10.887 73.594 2
      vertex 10.9657 73.663 0
      vertex 10.887 73.594 0
    endloop
  endfacet
  facet normal -0.947046 -0.321097 0
    outer loop
      vertex 11.1727 74.4358 0
      vertex 11.1391 74.5349 2
      vertex 11.1391 74.5349 0
    endloop
  endfacet
  facet normal -0.947046 -0.321097 0
    outer loop
      vertex 11.1391 74.5349 2
      vertex 11.1727 74.4358 0
      vertex 11.1727 74.4358 2
    endloop
  endfacet
  facet normal 0.555318 -0.831638 0
    outer loop
      vertex 9.91299 74.8634 0
      vertex 10 74.9215 2
      vertex 9.91299 74.8634 2
    endloop
  endfacet
  facet normal 0.555318 -0.831638 0
    outer loop
      vertex 10 74.9215 2
      vertex 9.91299 74.8634 0
      vertex 10 74.9215 0
    endloop
  endfacet
  facet normal -0.321388 0.946948 0
    outer loop
      vertex 10.7061 73.4896 0
      vertex 10.6071 73.456 2
      vertex 10.7061 73.4896 2
    endloop
  endfacet
  facet normal -0.321388 0.946948 0
    outer loop
      vertex 10.6071 73.456 2
      vertex 10.7061 73.4896 0
      vertex 10.6071 73.456 0
    endloop
  endfacet
  facet normal 0.555318 0.831638 -0
    outer loop
      vertex 10 73.5359 0
      vertex 9.91299 73.594 2
      vertex 10 73.5359 2
    endloop
  endfacet
  facet normal 0.555318 0.831638 0
    outer loop
      vertex 9.91299 73.594 2
      vertex 10 73.5359 0
      vertex 9.91299 73.594 0
    endloop
  endfacet
  facet normal 0.65939 0.751801 -0
    outer loop
      vertex 9.91299 73.594 0
      vertex 9.83432 73.663 2
      vertex 9.91299 73.594 2
    endloop
  endfacet
  facet normal 0.65939 0.751801 0
    outer loop
      vertex 9.83432 73.663 2
      vertex 9.91299 73.594 0
      vertex 9.83432 73.663 0
    endloop
  endfacet
  facet normal -0.997886 0.0649964 0
    outer loop
      vertex 11.1932 74.1243 0
      vertex 11.2 74.2287 2
      vertex 11.2 74.2287 0
    endloop
  endfacet
  facet normal -0.997886 0.0649964 0
    outer loop
      vertex 11.2 74.2287 2
      vertex 11.1932 74.1243 0
      vertex 11.1932 74.1243 2
    endloop
  endfacet
  facet normal -0.555362 0.831609 0
    outer loop
      vertex 10.887 73.594 0
      vertex 10.8 73.5359 2
      vertex 10.887 73.594 2
    endloop
  endfacet
  facet normal -0.555362 0.831609 0
    outer loop
      vertex 10.8 73.5359 2
      vertex 10.887 73.594 0
      vertex 10.8 73.5359 0
    endloop
  endfacet
  facet normal -0.896897 0.44224 0
    outer loop
      vertex 11.0928 73.8287 0
      vertex 11.1391 73.9226 2
      vertex 11.1391 73.9226 0
    endloop
  endfacet
  facet normal -0.896897 0.44224 0
    outer loop
      vertex 11.1391 73.9226 2
      vertex 11.0928 73.8287 0
      vertex 11.0928 73.8287 2
    endloop
  endfacet
  facet normal -0.44224 0.896897 0
    outer loop
      vertex 10.8 73.5359 0
      vertex 10.7061 73.4896 2
      vertex 10.8 73.5359 2
    endloop
  endfacet
  facet normal -0.44224 0.896897 0
    outer loop
      vertex 10.7061 73.4896 2
      vertex 10.8 73.5359 0
      vertex 10.7061 73.4896 0
    endloop
  endfacet
  facet normal 0.0649964 -0.997886 0
    outer loop
      vertex 10.2956 75.0219 0
      vertex 10.4 75.0287 2
      vertex 10.2956 75.0219 2
    endloop
  endfacet
  facet normal 0.0649964 -0.997886 0
    outer loop
      vertex 10.4 75.0287 2
      vertex 10.2956 75.0219 0
      vertex 10.4 75.0287 0
    endloop
  endfacet
  facet normal -0.751925 -0.659248 0
    outer loop
      vertex 11.0347 74.7157 0
      vertex 10.9657 74.7944 2
      vertex 10.9657 74.7944 0
    endloop
  endfacet
  facet normal -0.751925 -0.659248 0
    outer loop
      vertex 10.9657 74.7944 2
      vertex 11.0347 74.7157 0
      vertex 11.0347 74.7157 2
    endloop
  endfacet
  facet normal 0.997861 -0.0653771 0
    outer loop
      vertex 9.6 74.2287 2
      vertex 9.60684 74.3331 0
      vertex 9.60684 74.3331 2
    endloop
  endfacet
  facet normal 0.997861 -0.0653771 0
    outer loop
      vertex 9.60684 74.3331 0
      vertex 9.6 74.2287 2
      vertex 9.6 74.2287 0
    endloop
  endfacet
  facet normal 0.321388 0.946948 -0
    outer loop
      vertex 10.1929 73.456 0
      vertex 10.0939 73.4896 2
      vertex 10.1929 73.456 2
    endloop
  endfacet
  facet normal 0.321388 0.946948 0
    outer loop
      vertex 10.0939 73.4896 2
      vertex 10.1929 73.456 0
      vertex 10.0939 73.4896 0
    endloop
  endfacet
  facet normal -0.555362 -0.831609 0
    outer loop
      vertex 10.8 74.9215 0
      vertex 10.887 74.8634 2
      vertex 10.8 74.9215 2
    endloop
  endfacet
  facet normal -0.555362 -0.831609 -0
    outer loop
      vertex 10.887 74.8634 2
      vertex 10.8 74.9215 0
      vertex 10.887 74.8634 0
    endloop
  endfacet
  facet normal -0.89671 -0.442619 0
    outer loop
      vertex 11.1391 74.5349 0
      vertex 11.0928 74.6287 2
      vertex 11.0928 74.6287 0
    endloop
  endfacet
  facet normal -0.89671 -0.442619 0
    outer loop
      vertex 11.0928 74.6287 2
      vertex 11.1391 74.5349 0
      vertex 11.1391 74.5349 2
    endloop
  endfacet
  facet normal -0.980654 -0.195749 0
    outer loop
      vertex 11.1932 74.3331 0
      vertex 11.1727 74.4358 2
      vertex 11.1727 74.4358 0
    endloop
  endfacet
  facet normal -0.980654 -0.195749 0
    outer loop
      vertex 11.1727 74.4358 2
      vertex 11.1932 74.3331 0
      vertex 11.1932 74.3331 2
    endloop
  endfacet
  facet normal 0.9808 -0.195014 0
    outer loop
      vertex 9.60684 74.3331 2
      vertex 9.62726 74.4358 0
      vertex 9.62726 74.4358 2
    endloop
  endfacet
  facet normal 0.9808 -0.195014 0
    outer loop
      vertex 9.62726 74.4358 0
      vertex 9.60684 74.3331 2
      vertex 9.60684 74.3331 0
    endloop
  endfacet
  facet normal 0.896786 -0.442465 0
    outer loop
      vertex 9.6609 74.5349 2
      vertex 9.70718 74.6287 0
      vertex 9.70718 74.6287 2
    endloop
  endfacet
  facet normal 0.896786 -0.442465 0
    outer loop
      vertex 9.70718 74.6287 0
      vertex 9.6609 74.5349 2
      vertex 9.6609 74.5349 0
    endloop
  endfacet
  facet normal 0.896973 0.442086 0
    outer loop
      vertex 9.70718 73.8287 2
      vertex 9.6609 73.9226 0
      vertex 9.6609 73.9226 2
    endloop
  endfacet
  facet normal 0.896973 0.442086 0
    outer loop
      vertex 9.6609 73.9226 0
      vertex 9.70718 73.8287 2
      vertex 9.70718 73.8287 0
    endloop
  endfacet
  facet normal 0.831432 0.555626 0
    outer loop
      vertex 9.76532 73.7417 2
      vertex 9.70718 73.8287 0
      vertex 9.70718 73.8287 2
    endloop
  endfacet
  facet normal 0.831432 0.555626 0
    outer loop
      vertex 9.70718 73.8287 0
      vertex 9.76532 73.7417 2
      vertex 9.76532 73.7417 0
    endloop
  endfacet
  facet normal 0.65939 -0.751801 0
    outer loop
      vertex 9.83432 74.7944 0
      vertex 9.91299 74.8634 2
      vertex 9.83432 74.7944 2
    endloop
  endfacet
  facet normal 0.65939 -0.751801 0
    outer loop
      vertex 9.91299 74.8634 2
      vertex 9.83432 74.7944 0
      vertex 9.91299 74.8634 0
    endloop
  endfacet
  facet normal -0.44224 -0.896897 0
    outer loop
      vertex 10.7061 74.9678 0
      vertex 10.8 74.9215 2
      vertex 10.7061 74.9678 2
    endloop
  endfacet
  facet normal -0.44224 -0.896897 -0
    outer loop
      vertex 10.8 74.9215 2
      vertex 10.7061 74.9678 0
      vertex 10.8 74.9215 0
    endloop
  endfacet
  facet normal 0.831432 -0.555626 0
    outer loop
      vertex 9.70718 74.6287 2
      vertex 9.76532 74.7157 0
      vertex 9.76532 74.7157 2
    endloop
  endfacet
  facet normal 0.831432 -0.555626 0
    outer loop
      vertex 9.76532 74.7157 0
      vertex 9.70718 74.6287 2
      vertex 9.70718 74.6287 0
    endloop
  endfacet
  facet normal -0.19483 0.980837 0
    outer loop
      vertex 10.6071 73.456 0
      vertex 10.5044 73.4356 2
      vertex 10.6071 73.456 2
    endloop
  endfacet
  facet normal -0.19483 0.980837 0
    outer loop
      vertex 10.5044 73.4356 2
      vertex 10.6071 73.456 0
      vertex 10.5044 73.4356 0
    endloop
  endfacet
  facet normal -0.0649964 -0.997886 0
    outer loop
      vertex 10.4 75.0287 0
      vertex 10.5044 75.0219 2
      vertex 10.4 75.0287 2
    endloop
  endfacet
  facet normal -0.0649964 -0.997886 -0
    outer loop
      vertex 10.5044 75.0219 2
      vertex 10.4 75.0287 0
      vertex 10.5044 75.0219 0
    endloop
  endfacet
  facet normal -0.980617 0.195932 0
    outer loop
      vertex 11.1727 74.0217 0
      vertex 11.1932 74.1243 2
      vertex 11.1932 74.1243 0
    endloop
  endfacet
  facet normal -0.980617 0.195932 0
    outer loop
      vertex 11.1932 74.1243 2
      vertex 11.1727 74.0217 0
      vertex 11.1727 74.0217 2
    endloop
  endfacet
  facet normal -0.997886 -0.0649964 0
    outer loop
      vertex 11.2 74.2287 0
      vertex 11.1932 74.3331 2
      vertex 11.1932 74.3331 0
    endloop
  endfacet
  facet normal -0.997886 -0.0649964 0
    outer loop
      vertex 11.1932 74.3331 2
      vertex 11.2 74.2287 0
      vertex 11.2 74.2287 2
    endloop
  endfacet
  facet normal -0.831609 -0.555362 0
    outer loop
      vertex 11.0928 74.6287 0
      vertex 11.0347 74.7157 2
      vertex 11.0347 74.7157 0
    endloop
  endfacet
  facet normal -0.831609 -0.555362 0
    outer loop
      vertex 11.0347 74.7157 2
      vertex 11.0928 74.6287 0
      vertex 11.0928 74.6287 2
    endloop
  endfacet
  facet normal 0.44224 -0.896897 0
    outer loop
      vertex 10 74.9215 0
      vertex 10.0939 74.9678 2
      vertex 10 74.9215 2
    endloop
  endfacet
  facet normal 0.44224 -0.896897 0
    outer loop
      vertex 10.0939 74.9678 2
      vertex 10 74.9215 0
      vertex 10.0939 74.9678 0
    endloop
  endfacet
  facet normal 0.322246 -0.946656 0
    outer loop
      vertex 10.0939 74.9678 0
      vertex 10.1929 75.0015 2
      vertex 10.0939 74.9678 2
    endloop
  endfacet
  facet normal 0.322246 -0.946656 0
    outer loop
      vertex 10.1929 75.0015 2
      vertex 10.0939 74.9678 0
      vertex 10.1929 75.0015 0
    endloop
  endfacet
  facet normal -0.19483 -0.980837 0
    outer loop
      vertex 13.7044 75.0219 0
      vertex 13.8071 75.0015 2
      vertex 13.7044 75.0219 2
    endloop
  endfacet
  facet normal -0.19483 -0.980837 -0
    outer loop
      vertex 13.8071 75.0015 2
      vertex 13.7044 75.0219 0
      vertex 13.8071 75.0015 0
    endloop
  endfacet
  facet normal 0.831609 0.555362 0
    outer loop
      vertex 12.9653 73.7417 2
      vertex 12.9072 73.8287 0
      vertex 12.9072 73.8287 2
    endloop
  endfacet
  facet normal 0.831609 0.555362 0
    outer loop
      vertex 12.9072 73.8287 0
      vertex 12.9653 73.7417 2
      vertex 12.9653 73.7417 0
    endloop
  endfacet
  facet normal -0.751925 0.659248 0
    outer loop
      vertex 14.1657 73.663 0
      vertex 14.2347 73.7417 2
      vertex 14.2347 73.7417 0
    endloop
  endfacet
  facet normal -0.751925 0.659248 0
    outer loop
      vertex 14.2347 73.7417 2
      vertex 14.1657 73.663 0
      vertex 14.1657 73.663 2
    endloop
  endfacet
  facet normal 0.997886 -0.0649964 0
    outer loop
      vertex 12.8 74.2287 2
      vertex 12.8068 74.3331 0
      vertex 12.8068 74.3331 2
    endloop
  endfacet
  facet normal 0.997886 -0.0649964 0
    outer loop
      vertex 12.8068 74.3331 0
      vertex 12.8 74.2287 2
      vertex 12.8 74.2287 0
    endloop
  endfacet
  facet normal -0.322246 -0.946656 0
    outer loop
      vertex 13.8071 75.0015 0
      vertex 13.9061 74.9678 2
      vertex 13.8071 75.0015 2
    endloop
  endfacet
  facet normal -0.322246 -0.946656 -0
    outer loop
      vertex 13.9061 74.9678 2
      vertex 13.8071 75.0015 0
      vertex 13.9061 74.9678 0
    endloop
  endfacet
  facet normal -0.555362 0.831609 0
    outer loop
      vertex 14.087 73.594 0
      vertex 14 73.5359 2
      vertex 14.087 73.594 2
    endloop
  endfacet
  facet normal -0.555362 0.831609 0
    outer loop
      vertex 14 73.5359 2
      vertex 14.087 73.594 0
      vertex 14 73.5359 0
    endloop
  endfacet
  facet normal 0.659248 -0.751925 0
    outer loop
      vertex 13.0343 74.7944 0
      vertex 13.113 74.8634 2
      vertex 13.0343 74.7944 2
    endloop
  endfacet
  facet normal 0.659248 -0.751925 0
    outer loop
      vertex 13.113 74.8634 2
      vertex 13.0343 74.7944 0
      vertex 13.113 74.8634 0
    endloop
  endfacet
  facet normal 0.659248 0.751925 -0
    outer loop
      vertex 13.113 73.594 0
      vertex 13.0343 73.663 2
      vertex 13.113 73.594 2
    endloop
  endfacet
  facet normal 0.659248 0.751925 0
    outer loop
      vertex 13.0343 73.663 2
      vertex 13.113 73.594 0
      vertex 13.0343 73.663 0
    endloop
  endfacet
  facet normal -0.997886 0.0649964 0
    outer loop
      vertex 14.3932 74.1243 0
      vertex 14.4 74.2287 2
      vertex 14.4 74.2287 0
    endloop
  endfacet
  facet normal -0.997886 0.0649964 0
    outer loop
      vertex 14.4 74.2287 2
      vertex 14.3932 74.1243 0
      vertex 14.3932 74.1243 2
    endloop
  endfacet
  facet normal -0.980617 0.195932 0
    outer loop
      vertex 14.3727 74.0217 0
      vertex 14.3932 74.1243 2
      vertex 14.3932 74.1243 0
    endloop
  endfacet
  facet normal -0.980617 0.195932 0
    outer loop
      vertex 14.3932 74.1243 2
      vertex 14.3727 74.0217 0
      vertex 14.3727 74.0217 2
    endloop
  endfacet
  facet normal -0.997886 -0.0649964 0
    outer loop
      vertex 14.4 74.2287 0
      vertex 14.3932 74.3331 2
      vertex 14.3932 74.3331 0
    endloop
  endfacet
  facet normal -0.997886 -0.0649964 0
    outer loop
      vertex 14.3932 74.3331 2
      vertex 14.4 74.2287 0
      vertex 14.4 74.2287 2
    endloop
  endfacet
  facet normal -0.19483 0.980837 0
    outer loop
      vertex 13.8071 73.456 0
      vertex 13.7044 73.4356 2
      vertex 13.8071 73.456 2
    endloop
  endfacet
  facet normal -0.19483 0.980837 0
    outer loop
      vertex 13.7044 73.4356 2
      vertex 13.8071 73.456 0
      vertex 13.7044 73.4356 0
    endloop
  endfacet
  facet normal -0.831609 0.555362 0
    outer loop
      vertex 14.2347 73.7417 0
      vertex 14.2928 73.8287 2
      vertex 14.2928 73.8287 0
    endloop
  endfacet
  facet normal -0.831609 0.555362 0
    outer loop
      vertex 14.2928 73.8287 2
      vertex 14.2347 73.7417 0
      vertex 14.2347 73.7417 2
    endloop
  endfacet
  facet normal 0.980654 -0.195749 0
    outer loop
      vertex 12.8068 74.3331 2
      vertex 12.8273 74.4358 0
      vertex 12.8273 74.4358 2
    endloop
  endfacet
  facet normal 0.980654 -0.195749 0
    outer loop
      vertex 12.8273 74.4358 0
      vertex 12.8068 74.3331 2
      vertex 12.8068 74.3331 0
    endloop
  endfacet
  facet normal -0.44224 -0.896897 0
    outer loop
      vertex 13.9061 74.9678 0
      vertex 14 74.9215 2
      vertex 13.9061 74.9678 2
    endloop
  endfacet
  facet normal -0.44224 -0.896897 -0
    outer loop
      vertex 14 74.9215 2
      vertex 13.9061 74.9678 0
      vertex 14 74.9215 0
    endloop
  endfacet
  facet normal 0.980617 0.195932 0
    outer loop
      vertex 12.8273 74.0217 2
      vertex 12.8068 74.1243 0
      vertex 12.8068 74.1243 2
    endloop
  endfacet
  facet normal 0.980617 0.195932 0
    outer loop
      vertex 12.8068 74.1243 0
      vertex 12.8273 74.0217 2
      vertex 12.8273 74.0217 0
    endloop
  endfacet
  facet normal 0.44224 -0.896897 0
    outer loop
      vertex 13.2 74.9215 0
      vertex 13.2939 74.9678 2
      vertex 13.2 74.9215 2
    endloop
  endfacet
  facet normal 0.44224 -0.896897 0
    outer loop
      vertex 13.2939 74.9678 2
      vertex 13.2 74.9215 0
      vertex 13.2939 74.9678 0
    endloop
  endfacet
  facet normal 0.751925 -0.659248 0
    outer loop
      vertex 12.9653 74.7157 2
      vertex 13.0343 74.7944 0
      vertex 13.0343 74.7944 2
    endloop
  endfacet
  facet normal 0.751925 -0.659248 0
    outer loop
      vertex 13.0343 74.7944 0
      vertex 12.9653 74.7157 2
      vertex 12.9653 74.7157 0
    endloop
  endfacet
  facet normal -0.555362 -0.831609 0
    outer loop
      vertex 14 74.9215 0
      vertex 14.087 74.8634 2
      vertex 14 74.9215 2
    endloop
  endfacet
  facet normal -0.555362 -0.831609 -0
    outer loop
      vertex 14.087 74.8634 2
      vertex 14 74.9215 0
      vertex 14.087 74.8634 0
    endloop
  endfacet
  facet normal 0.947046 0.321097 0
    outer loop
      vertex 12.8609 73.9226 2
      vertex 12.8273 74.0217 0
      vertex 12.8273 74.0217 2
    endloop
  endfacet
  facet normal 0.947046 0.321097 0
    outer loop
      vertex 12.8273 74.0217 0
      vertex 12.8609 73.9226 2
      vertex 12.8609 73.9226 0
    endloop
  endfacet
  facet normal 0.896897 0.44224 0
    outer loop
      vertex 12.9072 73.8287 2
      vertex 12.8609 73.9226 0
      vertex 12.8609 73.9226 2
    endloop
  endfacet
  facet normal 0.896897 0.44224 0
    outer loop
      vertex 12.8609 73.9226 0
      vertex 12.9072 73.8287 2
      vertex 12.9072 73.8287 0
    endloop
  endfacet
  facet normal -0.896897 0.44224 0
    outer loop
      vertex 14.2928 73.8287 0
      vertex 14.3391 73.9226 2
      vertex 14.3391 73.9226 0
    endloop
  endfacet
  facet normal -0.896897 0.44224 0
    outer loop
      vertex 14.3391 73.9226 2
      vertex 14.2928 73.8287 0
      vertex 14.2928 73.8287 2
    endloop
  endfacet
  facet normal 0.555362 -0.831609 0
    outer loop
      vertex 13.113 74.8634 0
      vertex 13.2 74.9215 2
      vertex 13.113 74.8634 2
    endloop
  endfacet
  facet normal 0.555362 -0.831609 0
    outer loop
      vertex 13.2 74.9215 2
      vertex 13.113 74.8634 0
      vertex 13.2 74.9215 0
    endloop
  endfacet
  facet normal -0.321388 0.946948 0
    outer loop
      vertex 13.9061 73.4896 0
      vertex 13.8071 73.456 2
      vertex 13.9061 73.4896 2
    endloop
  endfacet
  facet normal -0.321388 0.946948 0
    outer loop
      vertex 13.8071 73.456 2
      vertex 13.9061 73.4896 0
      vertex 13.8071 73.456 0
    endloop
  endfacet
  facet normal -0.44224 0.896897 0
    outer loop
      vertex 14 73.5359 0
      vertex 13.9061 73.4896 2
      vertex 14 73.5359 2
    endloop
  endfacet
  facet normal -0.44224 0.896897 0
    outer loop
      vertex 13.9061 73.4896 2
      vertex 14 73.5359 0
      vertex 13.9061 73.4896 0
    endloop
  endfacet
  facet normal -0.0649964 -0.997886 0
    outer loop
      vertex 13.6 75.0287 0
      vertex 13.7044 75.0219 2
      vertex 13.6 75.0287 2
    endloop
  endfacet
  facet normal -0.0649964 -0.997886 -0
    outer loop
      vertex 13.7044 75.0219 2
      vertex 13.6 75.0287 0
      vertex 13.7044 75.0219 0
    endloop
  endfacet
  facet normal -0.947046 0.321097 0
    outer loop
      vertex 14.3391 73.9226 0
      vertex 14.3727 74.0217 2
      vertex 14.3727 74.0217 0
    endloop
  endfacet
  facet normal -0.947046 0.321097 0
    outer loop
      vertex 14.3727 74.0217 2
      vertex 14.3391 73.9226 0
      vertex 14.3391 73.9226 2
    endloop
  endfacet
  facet normal -0.659248 0.751925 0
    outer loop
      vertex 14.1657 73.663 0
      vertex 14.087 73.594 2
      vertex 14.1657 73.663 2
    endloop
  endfacet
  facet normal -0.659248 0.751925 0
    outer loop
      vertex 14.087 73.594 2
      vertex 14.1657 73.663 0
      vertex 14.087 73.594 0
    endloop
  endfacet
  facet normal -0.980654 -0.195749 0
    outer loop
      vertex 14.3932 74.3331 0
      vertex 14.3727 74.4358 2
      vertex 14.3727 74.4358 0
    endloop
  endfacet
  facet normal -0.980654 -0.195749 0
    outer loop
      vertex 14.3727 74.4358 2
      vertex 14.3932 74.3331 0
      vertex 14.3932 74.3331 2
    endloop
  endfacet
  facet normal -0.659248 -0.751925 0
    outer loop
      vertex 14.087 74.8634 0
      vertex 14.1657 74.7944 2
      vertex 14.087 74.8634 2
    endloop
  endfacet
  facet normal -0.659248 -0.751925 -0
    outer loop
      vertex 14.1657 74.7944 2
      vertex 14.087 74.8634 0
      vertex 14.1657 74.7944 0
    endloop
  endfacet
  facet normal 0.322246 -0.946656 0
    outer loop
      vertex 13.2939 74.9678 0
      vertex 13.3929 75.0015 2
      vertex 13.2939 74.9678 2
    endloop
  endfacet
  facet normal 0.322246 -0.946656 0
    outer loop
      vertex 13.3929 75.0015 2
      vertex 13.2939 74.9678 0
      vertex 13.3929 75.0015 0
    endloop
  endfacet
  facet normal 0.831609 -0.555362 0
    outer loop
      vertex 12.9072 74.6287 2
      vertex 12.9653 74.7157 0
      vertex 12.9653 74.7157 2
    endloop
  endfacet
  facet normal 0.831609 -0.555362 0
    outer loop
      vertex 12.9653 74.7157 0
      vertex 12.9072 74.6287 2
      vertex 12.9072 74.6287 0
    endloop
  endfacet
  facet normal -0.0659481 0.997823 0
    outer loop
      vertex 13.7044 73.4356 0
      vertex 13.6 73.4287 2
      vertex 13.7044 73.4356 2
    endloop
  endfacet
  facet normal -0.0659481 0.997823 0
    outer loop
      vertex 13.6 73.4287 2
      vertex 13.7044 73.4356 0
      vertex 13.6 73.4287 0
    endloop
  endfacet
  facet normal 0.0659481 0.997823 -0
    outer loop
      vertex 13.6 73.4287 0
      vertex 13.4956 73.4356 2
      vertex 13.6 73.4287 2
    endloop
  endfacet
  facet normal 0.0659481 0.997823 0
    outer loop
      vertex 13.4956 73.4356 2
      vertex 13.6 73.4287 0
      vertex 13.4956 73.4356 0
    endloop
  endfacet
  facet normal 0.555362 0.831609 -0
    outer loop
      vertex 13.2 73.5359 0
      vertex 13.113 73.594 2
      vertex 13.2 73.5359 2
    endloop
  endfacet
  facet normal 0.555362 0.831609 0
    outer loop
      vertex 13.113 73.594 2
      vertex 13.2 73.5359 0
      vertex 13.113 73.594 0
    endloop
  endfacet
  facet normal 0.89671 -0.442619 0
    outer loop
      vertex 12.8609 74.5349 2
      vertex 12.9072 74.6287 0
      vertex 12.9072 74.6287 2
    endloop
  endfacet
  facet normal 0.89671 -0.442619 0
    outer loop
      vertex 12.9072 74.6287 0
      vertex 12.8609 74.5349 2
      vertex 12.8609 74.5349 0
    endloop
  endfacet
  facet normal 0.0649964 -0.997886 0
    outer loop
      vertex 13.4956 75.0219 0
      vertex 13.6 75.0287 2
      vertex 13.4956 75.0219 2
    endloop
  endfacet
  facet normal 0.0649964 -0.997886 0
    outer loop
      vertex 13.6 75.0287 2
      vertex 13.4956 75.0219 0
      vertex 13.6 75.0287 0
    endloop
  endfacet
  facet normal -0.947046 -0.321097 0
    outer loop
      vertex 14.3727 74.4358 0
      vertex 14.3391 74.5349 2
      vertex 14.3391 74.5349 0
    endloop
  endfacet
  facet normal -0.947046 -0.321097 0
    outer loop
      vertex 14.3391 74.5349 2
      vertex 14.3727 74.4358 0
      vertex 14.3727 74.4358 2
    endloop
  endfacet
  facet normal 0.19483 -0.980837 0
    outer loop
      vertex 13.3929 75.0015 0
      vertex 13.4956 75.0219 2
      vertex 13.3929 75.0015 2
    endloop
  endfacet
  facet normal 0.19483 -0.980837 0
    outer loop
      vertex 13.4956 75.0219 2
      vertex 13.3929 75.0015 0
      vertex 13.4956 75.0219 0
    endloop
  endfacet
  facet normal -0.831609 -0.555362 0
    outer loop
      vertex 14.2928 74.6287 0
      vertex 14.2347 74.7157 2
      vertex 14.2347 74.7157 0
    endloop
  endfacet
  facet normal -0.831609 -0.555362 0
    outer loop
      vertex 14.2347 74.7157 2
      vertex 14.2928 74.6287 0
      vertex 14.2928 74.6287 2
    endloop
  endfacet
  facet normal -0.751925 -0.659248 0
    outer loop
      vertex 14.2347 74.7157 0
      vertex 14.1657 74.7944 2
      vertex 14.1657 74.7944 0
    endloop
  endfacet
  facet normal -0.751925 -0.659248 0
    outer loop
      vertex 14.1657 74.7944 2
      vertex 14.2347 74.7157 0
      vertex 14.2347 74.7157 2
    endloop
  endfacet
  facet normal 0.751925 0.659248 0
    outer loop
      vertex 13.0343 73.663 2
      vertex 12.9653 73.7417 0
      vertex 12.9653 73.7417 2
    endloop
  endfacet
  facet normal 0.751925 0.659248 0
    outer loop
      vertex 12.9653 73.7417 0
      vertex 13.0343 73.663 2
      vertex 13.0343 73.663 0
    endloop
  endfacet
  facet normal 0.947046 -0.321097 0
    outer loop
      vertex 12.8273 74.4358 2
      vertex 12.8609 74.5349 0
      vertex 12.8609 74.5349 2
    endloop
  endfacet
  facet normal 0.947046 -0.321097 0
    outer loop
      vertex 12.8609 74.5349 0
      vertex 12.8273 74.4358 2
      vertex 12.8273 74.4358 0
    endloop
  endfacet
  facet normal -0.89671 -0.442619 0
    outer loop
      vertex 14.3391 74.5349 0
      vertex 14.2928 74.6287 2
      vertex 14.2928 74.6287 0
    endloop
  endfacet
  facet normal -0.89671 -0.442619 0
    outer loop
      vertex 14.2928 74.6287 2
      vertex 14.3391 74.5349 0
      vertex 14.3391 74.5349 2
    endloop
  endfacet
  facet normal 0.44224 0.896897 -0
    outer loop
      vertex 13.2939 73.4896 0
      vertex 13.2 73.5359 2
      vertex 13.2939 73.4896 2
    endloop
  endfacet
  facet normal 0.44224 0.896897 0
    outer loop
      vertex 13.2 73.5359 2
      vertex 13.2939 73.4896 0
      vertex 13.2 73.5359 0
    endloop
  endfacet
  facet normal 0.997886 0.0649964 0
    outer loop
      vertex 12.8068 74.1243 2
      vertex 12.8 74.2287 0
      vertex 12.8 74.2287 2
    endloop
  endfacet
  facet normal 0.997886 0.0649964 0
    outer loop
      vertex 12.8 74.2287 0
      vertex 12.8068 74.1243 2
      vertex 12.8068 74.1243 0
    endloop
  endfacet
  facet normal 0.321388 0.946948 -0
    outer loop
      vertex 13.3929 73.456 0
      vertex 13.2939 73.4896 2
      vertex 13.3929 73.456 2
    endloop
  endfacet
  facet normal 0.321388 0.946948 0
    outer loop
      vertex 13.2939 73.4896 2
      vertex 13.3929 73.456 0
      vertex 13.2939 73.4896 0
    endloop
  endfacet
  facet normal 0.19483 0.980837 -0
    outer loop
      vertex 13.4956 73.4356 0
      vertex 13.3929 73.456 2
      vertex 13.4956 73.4356 2
    endloop
  endfacet
  facet normal 0.19483 0.980837 0
    outer loop
      vertex 13.3929 73.456 2
      vertex 13.4956 73.4356 0
      vertex 13.3929 73.456 0
    endloop
  endfacet
  facet normal -0.195749 -0.980654 0
    outer loop
      vertex 12.1044 77.7932 0
      vertex 12.2071 77.7727 2
      vertex 12.1044 77.7932 2
    endloop
  endfacet
  facet normal -0.195749 -0.980654 -0
    outer loop
      vertex 12.2071 77.7727 2
      vertex 12.1044 77.7932 0
      vertex 12.2071 77.7727 0
    endloop
  endfacet
  facet normal -0.980654 -0.195749 0
    outer loop
      vertex 12.7932 77.1044 0
      vertex 12.7727 77.2071 2
      vertex 12.7727 77.2071 0
    endloop
  endfacet
  facet normal -0.980654 -0.195749 0
    outer loop
      vertex 12.7727 77.2071 2
      vertex 12.7932 77.1044 0
      vertex 12.7932 77.1044 2
    endloop
  endfacet
  facet normal -0.997886 -0.0649964 0
    outer loop
      vertex 12.8 77 0
      vertex 12.7932 77.1044 2
      vertex 12.7932 77.1044 0
    endloop
  endfacet
  facet normal -0.997886 -0.0649964 0
    outer loop
      vertex 12.7932 77.1044 2
      vertex 12.8 77 0
      vertex 12.8 77 2
    endloop
  endfacet
  facet normal -0.946948 -0.321388 0
    outer loop
      vertex 12.7727 77.2071 0
      vertex 12.7391 77.3061 2
      vertex 12.7391 77.3061 0
    endloop
  endfacet
  facet normal -0.946948 -0.321388 0
    outer loop
      vertex 12.7391 77.3061 2
      vertex 12.7727 77.2071 0
      vertex 12.7727 77.2071 2
    endloop
  endfacet
  facet normal -0.831609 -0.555362 0
    outer loop
      vertex 12.6928 77.4 0
      vertex 12.6347 77.487 2
      vertex 12.6347 77.487 0
    endloop
  endfacet
  facet normal -0.831609 -0.555362 0
    outer loop
      vertex 12.6347 77.487 2
      vertex 12.6928 77.4 0
      vertex 12.6928 77.4 2
    endloop
  endfacet
  facet normal -0.321388 -0.946948 0
    outer loop
      vertex 12.2071 77.7727 0
      vertex 12.3061 77.7391 2
      vertex 12.2071 77.7727 2
    endloop
  endfacet
  facet normal -0.321388 -0.946948 -0
    outer loop
      vertex 12.3061 77.7391 2
      vertex 12.2071 77.7727 0
      vertex 12.3061 77.7391 0
    endloop
  endfacet
  facet normal -0.997886 0.0649964 0
    outer loop
      vertex 12.7932 76.8956 0
      vertex 12.8 77 2
      vertex 12.8 77 0
    endloop
  endfacet
  facet normal -0.997886 0.0649964 0
    outer loop
      vertex 12.8 77 2
      vertex 12.7932 76.8956 0
      vertex 12.7932 76.8956 2
    endloop
  endfacet
  facet normal 0.555362 0.831609 -0
    outer loop
      vertex 11.6 76.3072 0
      vertex 11.513 76.3653 2
      vertex 11.6 76.3072 2
    endloop
  endfacet
  facet normal 0.555362 0.831609 0
    outer loop
      vertex 11.513 76.3653 2
      vertex 11.6 76.3072 0
      vertex 11.513 76.3653 0
    endloop
  endfacet
  facet normal 0.321388 0.946948 -0
    outer loop
      vertex 11.7929 76.2273 0
      vertex 11.6939 76.2609 2
      vertex 11.7929 76.2273 2
    endloop
  endfacet
  facet normal 0.321388 0.946948 0
    outer loop
      vertex 11.6939 76.2609 2
      vertex 11.7929 76.2273 0
      vertex 11.6939 76.2609 0
    endloop
  endfacet
  facet normal -0.896897 -0.44224 0
    outer loop
      vertex 12.7391 77.3061 0
      vertex 12.6928 77.4 2
      vertex 12.6928 77.4 0
    endloop
  endfacet
  facet normal -0.896897 -0.44224 0
    outer loop
      vertex 12.6928 77.4 2
      vertex 12.7391 77.3061 0
      vertex 12.7391 77.3061 2
    endloop
  endfacet
  facet normal 0.321388 -0.946948 0
    outer loop
      vertex 11.6939 77.7391 0
      vertex 11.7929 77.7727 2
      vertex 11.6939 77.7391 2
    endloop
  endfacet
  facet normal 0.321388 -0.946948 0
    outer loop
      vertex 11.7929 77.7727 2
      vertex 11.6939 77.7391 0
      vertex 11.7929 77.7727 0
    endloop
  endfacet
  facet normal -0.751925 -0.659248 0
    outer loop
      vertex 12.6347 77.487 0
      vertex 12.5657 77.5657 2
      vertex 12.5657 77.5657 0
    endloop
  endfacet
  facet normal -0.751925 -0.659248 0
    outer loop
      vertex 12.5657 77.5657 2
      vertex 12.6347 77.487 0
      vertex 12.6347 77.487 2
    endloop
  endfacet
  facet normal -0.946948 0.321388 0
    outer loop
      vertex 12.7391 76.6939 0
      vertex 12.7727 76.7929 2
      vertex 12.7727 76.7929 0
    endloop
  endfacet
  facet normal -0.946948 0.321388 0
    outer loop
      vertex 12.7727 76.7929 2
      vertex 12.7391 76.6939 0
      vertex 12.7391 76.6939 2
    endloop
  endfacet
  facet normal 0.751925 0.659248 0
    outer loop
      vertex 11.4343 76.4343 2
      vertex 11.3653 76.513 0
      vertex 11.3653 76.513 2
    endloop
  endfacet
  facet normal 0.751925 0.659248 0
    outer loop
      vertex 11.3653 76.513 0
      vertex 11.4343 76.4343 2
      vertex 11.4343 76.4343 0
    endloop
  endfacet
  facet normal -0.980654 0.195749 0
    outer loop
      vertex 12.7727 76.7929 0
      vertex 12.7932 76.8956 2
      vertex 12.7932 76.8956 0
    endloop
  endfacet
  facet normal -0.980654 0.195749 0
    outer loop
      vertex 12.7932 76.8956 2
      vertex 12.7727 76.7929 0
      vertex 12.7727 76.7929 2
    endloop
  endfacet
  facet normal 0.659248 -0.751925 0
    outer loop
      vertex 11.4343 77.5657 0
      vertex 11.513 77.6347 2
      vertex 11.4343 77.5657 2
    endloop
  endfacet
  facet normal 0.659248 -0.751925 0
    outer loop
      vertex 11.513 77.6347 2
      vertex 11.4343 77.5657 0
      vertex 11.513 77.6347 0
    endloop
  endfacet
  facet normal 0.946948 0.321388 0
    outer loop
      vertex 11.2609 76.6939 2
      vertex 11.2273 76.7929 0
      vertex 11.2273 76.7929 2
    endloop
  endfacet
  facet normal 0.946948 0.321388 0
    outer loop
      vertex 11.2273 76.7929 0
      vertex 11.2609 76.6939 2
      vertex 11.2609 76.6939 0
    endloop
  endfacet
  facet normal -0.831609 0.555362 0
    outer loop
      vertex 12.6347 76.513 0
      vertex 12.6928 76.6 2
      vertex 12.6928 76.6 0
    endloop
  endfacet
  facet normal -0.831609 0.555362 0
    outer loop
      vertex 12.6928 76.6 2
      vertex 12.6347 76.513 0
      vertex 12.6347 76.513 2
    endloop
  endfacet
  facet normal -0.44224 -0.896897 0
    outer loop
      vertex 12.3061 77.7391 0
      vertex 12.4 77.6928 2
      vertex 12.3061 77.7391 2
    endloop
  endfacet
  facet normal -0.44224 -0.896897 -0
    outer loop
      vertex 12.4 77.6928 2
      vertex 12.3061 77.7391 0
      vertex 12.4 77.6928 0
    endloop
  endfacet
  facet normal 0.44224 -0.896897 0
    outer loop
      vertex 11.6 77.6928 0
      vertex 11.6939 77.7391 2
      vertex 11.6 77.6928 2
    endloop
  endfacet
  facet normal 0.44224 -0.896897 0
    outer loop
      vertex 11.6939 77.7391 2
      vertex 11.6 77.6928 0
      vertex 11.6939 77.7391 0
    endloop
  endfacet
  facet normal -0.44224 0.896897 0
    outer loop
      vertex 12.4 76.3072 0
      vertex 12.3061 76.2609 2
      vertex 12.4 76.3072 2
    endloop
  endfacet
  facet normal -0.44224 0.896897 0
    outer loop
      vertex 12.3061 76.2609 2
      vertex 12.4 76.3072 0
      vertex 12.3061 76.2609 0
    endloop
  endfacet
  facet normal -0.321388 0.946948 0
    outer loop
      vertex 12.3061 76.2609 0
      vertex 12.2071 76.2273 2
      vertex 12.3061 76.2609 2
    endloop
  endfacet
  facet normal -0.321388 0.946948 0
    outer loop
      vertex 12.2071 76.2273 2
      vertex 12.3061 76.2609 0
      vertex 12.2071 76.2273 0
    endloop
  endfacet
  facet normal 0.896897 0.44224 0
    outer loop
      vertex 11.3072 76.6 2
      vertex 11.2609 76.6939 0
      vertex 11.2609 76.6939 2
    endloop
  endfacet
  facet normal 0.896897 0.44224 0
    outer loop
      vertex 11.2609 76.6939 0
      vertex 11.3072 76.6 2
      vertex 11.3072 76.6 0
    endloop
  endfacet
  facet normal 0.980654 0.195749 0
    outer loop
      vertex 11.2273 76.7929 2
      vertex 11.2068 76.8956 0
      vertex 11.2068 76.8956 2
    endloop
  endfacet
  facet normal 0.980654 0.195749 0
    outer loop
      vertex 11.2068 76.8956 0
      vertex 11.2273 76.7929 2
      vertex 11.2273 76.7929 0
    endloop
  endfacet
  facet normal 0.555362 -0.831609 0
    outer loop
      vertex 11.513 77.6347 0
      vertex 11.6 77.6928 2
      vertex 11.513 77.6347 2
    endloop
  endfacet
  facet normal 0.555362 -0.831609 0
    outer loop
      vertex 11.6 77.6928 2
      vertex 11.513 77.6347 0
      vertex 11.6 77.6928 0
    endloop
  endfacet
  facet normal -0.555362 0.831609 0
    outer loop
      vertex 12.487 76.3653 0
      vertex 12.4 76.3072 2
      vertex 12.487 76.3653 2
    endloop
  endfacet
  facet normal -0.555362 0.831609 0
    outer loop
      vertex 12.4 76.3072 2
      vertex 12.487 76.3653 0
      vertex 12.4 76.3072 0
    endloop
  endfacet
  facet normal -0.195749 0.980654 0
    outer loop
      vertex 12.2071 76.2273 0
      vertex 12.1044 76.2068 2
      vertex 12.2071 76.2273 2
    endloop
  endfacet
  facet normal -0.195749 0.980654 0
    outer loop
      vertex 12.1044 76.2068 2
      vertex 12.2071 76.2273 0
      vertex 12.1044 76.2068 0
    endloop
  endfacet
  facet normal -0.659248 -0.751925 0
    outer loop
      vertex 12.487 77.6347 0
      vertex 12.5657 77.5657 2
      vertex 12.487 77.6347 2
    endloop
  endfacet
  facet normal -0.659248 -0.751925 -0
    outer loop
      vertex 12.5657 77.5657 2
      vertex 12.487 77.6347 0
      vertex 12.5657 77.5657 0
    endloop
  endfacet
  facet normal 0.946948 -0.321388 0
    outer loop
      vertex 11.2273 77.2071 2
      vertex 11.2609 77.3061 0
      vertex 11.2609 77.3061 2
    endloop
  endfacet
  facet normal 0.946948 -0.321388 0
    outer loop
      vertex 11.2609 77.3061 0
      vertex 11.2273 77.2071 2
      vertex 11.2273 77.2071 0
    endloop
  endfacet
  facet normal -0.0649964 0.997886 0
    outer loop
      vertex 12.1044 76.2068 0
      vertex 12 76.2 2
      vertex 12.1044 76.2068 2
    endloop
  endfacet
  facet normal -0.0649964 0.997886 0
    outer loop
      vertex 12 76.2 2
      vertex 12.1044 76.2068 0
      vertex 12 76.2 0
    endloop
  endfacet
  facet normal 0.195749 -0.980654 0
    outer loop
      vertex 11.7929 77.7727 0
      vertex 11.8956 77.7932 2
      vertex 11.7929 77.7727 2
    endloop
  endfacet
  facet normal 0.195749 -0.980654 0
    outer loop
      vertex 11.8956 77.7932 2
      vertex 11.7929 77.7727 0
      vertex 11.8956 77.7932 0
    endloop
  endfacet
  facet normal 0.659248 0.751925 -0
    outer loop
      vertex 11.513 76.3653 0
      vertex 11.4343 76.4343 2
      vertex 11.513 76.3653 2
    endloop
  endfacet
  facet normal 0.659248 0.751925 0
    outer loop
      vertex 11.4343 76.4343 2
      vertex 11.513 76.3653 0
      vertex 11.4343 76.4343 0
    endloop
  endfacet
  facet normal 0.896897 -0.44224 0
    outer loop
      vertex 11.2609 77.3061 2
      vertex 11.3072 77.4 0
      vertex 11.3072 77.4 2
    endloop
  endfacet
  facet normal 0.896897 -0.44224 0
    outer loop
      vertex 11.3072 77.4 0
      vertex 11.2609 77.3061 2
      vertex 11.2609 77.3061 0
    endloop
  endfacet
  facet normal -0.896897 0.44224 0
    outer loop
      vertex 12.6928 76.6 0
      vertex 12.7391 76.6939 2
      vertex 12.7391 76.6939 0
    endloop
  endfacet
  facet normal -0.896897 0.44224 0
    outer loop
      vertex 12.7391 76.6939 2
      vertex 12.6928 76.6 0
      vertex 12.6928 76.6 2
    endloop
  endfacet
  facet normal -0.751925 0.659248 0
    outer loop
      vertex 12.5657 76.4343 0
      vertex 12.6347 76.513 2
      vertex 12.6347 76.513 0
    endloop
  endfacet
  facet normal -0.751925 0.659248 0
    outer loop
      vertex 12.6347 76.513 2
      vertex 12.5657 76.4343 0
      vertex 12.5657 76.4343 2
    endloop
  endfacet
  facet normal 0.0649964 0.997886 -0
    outer loop
      vertex 12 76.2 0
      vertex 11.8956 76.2068 2
      vertex 12 76.2 2
    endloop
  endfacet
  facet normal 0.0649964 0.997886 0
    outer loop
      vertex 11.8956 76.2068 2
      vertex 12 76.2 0
      vertex 11.8956 76.2068 0
    endloop
  endfacet
  facet normal -0.0649964 -0.997886 0
    outer loop
      vertex 12 77.8 0
      vertex 12.1044 77.7932 2
      vertex 12 77.8 2
    endloop
  endfacet
  facet normal -0.0649964 -0.997886 -0
    outer loop
      vertex 12.1044 77.7932 2
      vertex 12 77.8 0
      vertex 12.1044 77.7932 0
    endloop
  endfacet
  facet normal -0.555362 -0.831609 0
    outer loop
      vertex 12.4 77.6928 0
      vertex 12.487 77.6347 2
      vertex 12.4 77.6928 2
    endloop
  endfacet
  facet normal -0.555362 -0.831609 -0
    outer loop
      vertex 12.487 77.6347 2
      vertex 12.4 77.6928 0
      vertex 12.487 77.6347 0
    endloop
  endfacet
  facet normal 0.997886 0.0649964 0
    outer loop
      vertex 11.2068 76.8956 2
      vertex 11.2 77 0
      vertex 11.2 77 2
    endloop
  endfacet
  facet normal 0.997886 0.0649964 0
    outer loop
      vertex 11.2 77 0
      vertex 11.2068 76.8956 2
      vertex 11.2068 76.8956 0
    endloop
  endfacet
  facet normal 0.751925 -0.659248 0
    outer loop
      vertex 11.3653 77.487 2
      vertex 11.4343 77.5657 0
      vertex 11.4343 77.5657 2
    endloop
  endfacet
  facet normal 0.751925 -0.659248 0
    outer loop
      vertex 11.4343 77.5657 0
      vertex 11.3653 77.487 2
      vertex 11.3653 77.487 0
    endloop
  endfacet
  facet normal 0.0649964 -0.997886 0
    outer loop
      vertex 11.8956 77.7932 0
      vertex 12 77.8 2
      vertex 11.8956 77.7932 2
    endloop
  endfacet
  facet normal 0.0649964 -0.997886 0
    outer loop
      vertex 12 77.8 2
      vertex 11.8956 77.7932 0
      vertex 12 77.8 0
    endloop
  endfacet
  facet normal 0.195749 0.980654 -0
    outer loop
      vertex 11.8956 76.2068 0
      vertex 11.7929 76.2273 2
      vertex 11.8956 76.2068 2
    endloop
  endfacet
  facet normal 0.195749 0.980654 0
    outer loop
      vertex 11.7929 76.2273 2
      vertex 11.8956 76.2068 0
      vertex 11.7929 76.2273 0
    endloop
  endfacet
  facet normal 0.980654 -0.195749 0
    outer loop
      vertex 11.2068 77.1044 2
      vertex 11.2273 77.2071 0
      vertex 11.2273 77.2071 2
    endloop
  endfacet
  facet normal 0.980654 -0.195749 0
    outer loop
      vertex 11.2273 77.2071 0
      vertex 11.2068 77.1044 2
      vertex 11.2068 77.1044 0
    endloop
  endfacet
  facet normal 0.997886 -0.0649964 0
    outer loop
      vertex 11.2 77 2
      vertex 11.2068 77.1044 0
      vertex 11.2068 77.1044 2
    endloop
  endfacet
  facet normal 0.997886 -0.0649964 0
    outer loop
      vertex 11.2068 77.1044 0
      vertex 11.2 77 2
      vertex 11.2 77 0
    endloop
  endfacet
  facet normal 0.44224 0.896897 -0
    outer loop
      vertex 11.6939 76.2609 0
      vertex 11.6 76.3072 2
      vertex 11.6939 76.2609 2
    endloop
  endfacet
  facet normal 0.44224 0.896897 0
    outer loop
      vertex 11.6 76.3072 2
      vertex 11.6939 76.2609 0
      vertex 11.6 76.3072 0
    endloop
  endfacet
  facet normal -0.659248 0.751925 0
    outer loop
      vertex 12.5657 76.4343 0
      vertex 12.487 76.3653 2
      vertex 12.5657 76.4343 2
    endloop
  endfacet
  facet normal -0.659248 0.751925 0
    outer loop
      vertex 12.487 76.3653 2
      vertex 12.5657 76.4343 0
      vertex 12.487 76.3653 0
    endloop
  endfacet
  facet normal 0.831609 -0.555362 0
    outer loop
      vertex 11.3072 77.4 2
      vertex 11.3653 77.487 0
      vertex 11.3653 77.487 2
    endloop
  endfacet
  facet normal 0.831609 -0.555362 0
    outer loop
      vertex 11.3653 77.487 0
      vertex 11.3072 77.4 2
      vertex 11.3072 77.4 0
    endloop
  endfacet
  facet normal 0.831609 0.555362 0
    outer loop
      vertex 11.3653 76.513 2
      vertex 11.3072 76.6 0
      vertex 11.3072 76.6 2
    endloop
  endfacet
  facet normal 0.831609 0.555362 0
    outer loop
      vertex 11.3072 76.6 0
      vertex 11.3653 76.513 2
      vertex 11.3653 76.513 0
    endloop
  endfacet
  facet normal -0.997855 0 0.0654598
    outer loop
      vertex 61.1726 90.5 9.58232
      vertex 61.2 92.5 10
      vertex 61.1726 92.5 9.58232
    endloop
  endfacet
  facet normal -0.997855 0 0.0654598
    outer loop
      vertex 61.2 92.5 10
      vertex 61.1726 90.5 9.58232
      vertex 61.2 90.5 10
    endloop
  endfacet
  facet normal 0.0654091 0 0.997859
    outer loop
      vertex 57.5823 92.5 6.82738
      vertex 58 90.5 6.8
      vertex 58 92.5 6.8
    endloop
  endfacet
  facet normal 0.0654091 0 0.997859
    outer loop
      vertex 58 90.5 6.8
      vertex 57.5823 92.5 6.82738
      vertex 57.5823 90.5 6.82738
    endloop
  endfacet
  facet normal -0.946891 0 0.321555
    outer loop
      vertex 60.9564 90.5 8.77542
      vertex 61.091 92.5 9.17178
      vertex 60.9564 92.5 8.77542
    endloop
  endfacet
  facet normal -0.946891 0 0.321555
    outer loop
      vertex 61.091 92.5 9.17178
      vertex 60.9564 90.5 8.77542
      vertex 61.091 90.5 9.17178
    endloop
  endfacet
  facet normal 0.946891 -0 0.321555
    outer loop
      vertex 54.909 90.5 9.17178
      vertex 55.0436 92.5 8.77542
      vertex 54.909 92.5 9.17178
    endloop
  endfacet
  facet normal 0.946891 0 0.321555
    outer loop
      vertex 55.0436 92.5 8.77542
      vertex 54.909 90.5 9.17178
      vertex 55.0436 90.5 8.77542
    endloop
  endfacet
  facet normal -0.707122 0 -0.707091
    outer loop
      vertex 60.2627 90.5 12.2627
      vertex 58 92.5 14.5255
      vertex 60.2627 92.5 12.2627
    endloop
  endfacet
  facet normal -0.707122 -0 -0.707091
    outer loop
      vertex 58 92.5 14.5255
      vertex 60.2627 90.5 12.2627
      vertex 58 90.5 14.5255
    endloop
  endfacet
  facet normal -0.442314 0 0.89686
    outer loop
      vertex 59.2246 92.5 7.04359
      vertex 59.6 90.5 7.22873
      vertex 59.6 92.5 7.22873
    endloop
  endfacet
  facet normal -0.442314 0 0.89686
    outer loop
      vertex 59.6 90.5 7.22873
      vertex 59.2246 92.5 7.04359
      vertex 59.2246 90.5 7.04359
    endloop
  endfacet
  facet normal -0.321419 0 0.946937
    outer loop
      vertex 58.8282 92.5 6.90904
      vertex 59.2246 90.5 7.04359
      vertex 59.2246 92.5 7.04359
    endloop
  endfacet
  facet normal -0.321419 0 0.946937
    outer loop
      vertex 59.2246 90.5 7.04359
      vertex 58.8282 92.5 6.90904
      vertex 58.8282 90.5 6.90904
    endloop
  endfacet
  facet normal -0.195105 0 0.980782
    outer loop
      vertex 58.4177 92.5 6.82738
      vertex 58.8282 90.5 6.90904
      vertex 58.8282 92.5 6.90904
    endloop
  endfacet
  facet normal -0.195105 0 0.980782
    outer loop
      vertex 58.8282 90.5 6.90904
      vertex 58.4177 92.5 6.82738
      vertex 58.4177 90.5 6.82738
    endloop
  endfacet
  facet normal -0.751821 0 -0.659367
    outer loop
      vertex 60.5387 90.5 11.948
      vertex 60.2627 92.5 12.2627
      vertex 60.5387 92.5 11.948
    endloop
  endfacet
  facet normal -0.751821 -0 -0.659367
    outer loop
      vertex 60.2627 92.5 12.2627
      vertex 60.5387 90.5 11.948
      vertex 60.2627 90.5 12.2627
    endloop
  endfacet
  facet normal 0.946901 0 -0.321526
    outer loop
      vertex 55.0436 90.5 11.2246
      vertex 54.909 92.5 10.8282
      vertex 55.0436 92.5 11.2246
    endloop
  endfacet
  facet normal 0.946901 0 -0.321526
    outer loop
      vertex 54.909 92.5 10.8282
      vertex 55.0436 90.5 11.2246
      vertex 54.909 90.5 10.8282
    endloop
  endfacet
  facet normal -0.896898 0 -0.442237
    outer loop
      vertex 60.9564 90.5 11.2246
      vertex 60.7713 92.5 11.6
      vertex 60.9564 92.5 11.2246
    endloop
  endfacet
  facet normal -0.896898 -0 -0.442237
    outer loop
      vertex 60.7713 92.5 11.6
      vertex 60.9564 90.5 11.2246
      vertex 60.7713 90.5 11.6
    endloop
  endfacet
  facet normal -0.751832 0 0.659355
    outer loop
      vertex 60.2627 90.5 7.73726
      vertex 60.5387 92.5 8.05197
      vertex 60.2627 92.5 7.73726
    endloop
  endfacet
  facet normal -0.751832 0 0.659355
    outer loop
      vertex 60.5387 92.5 8.05197
      vertex 60.2627 90.5 7.73726
      vertex 60.5387 90.5 8.05197
    endloop
  endfacet
  facet normal -0.980813 0 0.194949
    outer loop
      vertex 61.091 90.5 9.17178
      vertex 61.1726 92.5 9.58232
      vertex 61.091 92.5 9.17178
    endloop
  endfacet
  facet normal -0.980813 0 0.194949
    outer loop
      vertex 61.1726 92.5 9.58232
      vertex 61.091 90.5 9.17178
      vertex 61.1726 90.5 9.58232
    endloop
  endfacet
  facet normal -0.831418 0 0.555648
    outer loop
      vertex 60.5387 90.5 8.05197
      vertex 60.7713 92.5 8.40001
      vertex 60.5387 92.5 8.05197
    endloop
  endfacet
  facet normal -0.831418 0 0.555648
    outer loop
      vertex 60.7713 92.5 8.40001
      vertex 60.5387 90.5 8.05197
      vertex 60.7713 90.5 8.40001
    endloop
  endfacet
  facet normal 0.659353 0 0.751833
    outer loop
      vertex 55.7373 92.5 7.73726
      vertex 56.052 90.5 7.46127
      vertex 56.052 92.5 7.46127
    endloop
  endfacet
  facet normal 0.659353 0 0.751833
    outer loop
      vertex 56.052 90.5 7.46127
      vertex 55.7373 92.5 7.73726
      vertex 55.7373 90.5 7.73726
    endloop
  endfacet
  facet normal 0.997855 -0 0.0654598
    outer loop
      vertex 54.8 90.5 10
      vertex 54.8274 92.5 9.58232
      vertex 54.8 92.5 10
    endloop
  endfacet
  facet normal 0.997855 0 0.0654598
    outer loop
      vertex 54.8274 92.5 9.58232
      vertex 54.8 90.5 10
      vertex 54.8274 90.5 9.58232
    endloop
  endfacet
  facet normal 0.831418 -0 0.555648
    outer loop
      vertex 55.2287 90.5 8.40001
      vertex 55.4613 92.5 8.05197
      vertex 55.2287 92.5 8.40001
    endloop
  endfacet
  facet normal 0.831418 0 0.555648
    outer loop
      vertex 55.4613 92.5 8.05197
      vertex 55.2287 90.5 8.40001
      vertex 55.4613 90.5 8.05197
    endloop
  endfacet
  facet normal 0.831388 0 -0.555692
    outer loop
      vertex 55.4613 90.5 11.948
      vertex 55.2287 92.5 11.6
      vertex 55.4613 92.5 11.948
    endloop
  endfacet
  facet normal 0.831388 0 -0.555692
    outer loop
      vertex 55.2287 92.5 11.6
      vertex 55.4613 90.5 11.948
      vertex 55.2287 90.5 11.6
    endloop
  endfacet
  facet normal -0.555593 0 0.831454
    outer loop
      vertex 59.6 92.5 7.22873
      vertex 59.948 90.5 7.46127
      vertex 59.948 92.5 7.46127
    endloop
  endfacet
  facet normal -0.555593 0 0.831454
    outer loop
      vertex 59.948 90.5 7.46127
      vertex 59.6 92.5 7.22873
      vertex 59.6 90.5 7.22873
    endloop
  endfacet
  facet normal 0.195105 0 0.980782
    outer loop
      vertex 57.1718 92.5 6.90904
      vertex 57.5823 90.5 6.82738
      vertex 57.5823 92.5 6.82738
    endloop
  endfacet
  facet normal 0.195105 0 0.980782
    outer loop
      vertex 57.5823 90.5 6.82738
      vertex 57.1718 92.5 6.90904
      vertex 57.1718 90.5 6.90904
    endloop
  endfacet
  facet normal -0.659353 0 0.751833
    outer loop
      vertex 59.948 92.5 7.46127
      vertex 60.2627 90.5 7.73726
      vertex 60.2627 92.5 7.73726
    endloop
  endfacet
  facet normal -0.659353 0 0.751833
    outer loop
      vertex 60.2627 90.5 7.73726
      vertex 59.948 92.5 7.46127
      vertex 59.948 90.5 7.46127
    endloop
  endfacet
  facet normal -0.946901 0 -0.321526
    outer loop
      vertex 61.091 90.5 10.8282
      vertex 60.9564 92.5 11.2246
      vertex 61.091 92.5 10.8282
    endloop
  endfacet
  facet normal -0.946901 -0 -0.321526
    outer loop
      vertex 60.9564 92.5 11.2246
      vertex 61.091 90.5 10.8282
      vertex 60.9564 90.5 11.2246
    endloop
  endfacet
  facet normal 0.707122 0 -0.707091
    outer loop
      vertex 58 90.5 14.5255
      vertex 55.7373 92.5 12.2627
      vertex 58 92.5 14.5255
    endloop
  endfacet
  facet normal 0.707122 0 -0.707091
    outer loop
      vertex 55.7373 92.5 12.2627
      vertex 58 90.5 14.5255
      vertex 55.7373 90.5 12.2627
    endloop
  endfacet
  facet normal 0.751821 0 -0.659367
    outer loop
      vertex 55.7373 90.5 12.2627
      vertex 55.4613 92.5 11.948
      vertex 55.7373 92.5 12.2627
    endloop
  endfacet
  facet normal 0.751821 0 -0.659367
    outer loop
      vertex 55.4613 92.5 11.948
      vertex 55.7373 90.5 12.2627
      vertex 55.4613 90.5 11.948
    endloop
  endfacet
  facet normal -0.0654091 0 0.997859
    outer loop
      vertex 58 92.5 6.8
      vertex 58.4177 90.5 6.82738
      vertex 58.4177 92.5 6.82738
    endloop
  endfacet
  facet normal -0.0654091 0 0.997859
    outer loop
      vertex 58.4177 90.5 6.82738
      vertex 58 92.5 6.8
      vertex 58 90.5 6.8
    endloop
  endfacet
  facet normal -0.896903 0 0.442228
    outer loop
      vertex 60.7713 90.5 8.40001
      vertex 60.9564 92.5 8.77542
      vertex 60.7713 92.5 8.40001
    endloop
  endfacet
  facet normal -0.896903 0 0.442228
    outer loop
      vertex 60.9564 92.5 8.77542
      vertex 60.7713 90.5 8.40001
      vertex 60.9564 90.5 8.77542
    endloop
  endfacet
  facet normal 0.980813 -0 0.194949
    outer loop
      vertex 54.8274 90.5 9.58232
      vertex 54.909 92.5 9.17178
      vertex 54.8274 92.5 9.58232
    endloop
  endfacet
  facet normal 0.980813 0 0.194949
    outer loop
      vertex 54.909 92.5 9.17178
      vertex 54.8274 90.5 9.58232
      vertex 54.909 90.5 9.17178
    endloop
  endfacet
  facet normal 0.896898 0 -0.442237
    outer loop
      vertex 55.2287 90.5 11.6
      vertex 55.0436 92.5 11.2246
      vertex 55.2287 92.5 11.6
    endloop
  endfacet
  facet normal 0.896898 0 -0.442237
    outer loop
      vertex 55.0436 92.5 11.2246
      vertex 55.2287 90.5 11.6
      vertex 55.0436 90.5 11.2246
    endloop
  endfacet
  facet normal 0.321419 0 0.946937
    outer loop
      vertex 56.7754 92.5 7.04359
      vertex 57.1718 90.5 6.90904
      vertex 57.1718 92.5 6.90904
    endloop
  endfacet
  facet normal 0.321419 0 0.946937
    outer loop
      vertex 57.1718 90.5 6.90904
      vertex 56.7754 92.5 7.04359
      vertex 56.7754 90.5 7.04359
    endloop
  endfacet
  facet normal 0.442314 0 0.89686
    outer loop
      vertex 56.4 92.5 7.22873
      vertex 56.7754 90.5 7.04359
      vertex 56.7754 92.5 7.04359
    endloop
  endfacet
  facet normal 0.442314 0 0.89686
    outer loop
      vertex 56.7754 90.5 7.04359
      vertex 56.4 92.5 7.22873
      vertex 56.4 90.5 7.22873
    endloop
  endfacet
  facet normal 0.555593 0 0.831454
    outer loop
      vertex 56.052 92.5 7.46127
      vertex 56.4 90.5 7.22873
      vertex 56.4 92.5 7.22873
    endloop
  endfacet
  facet normal 0.555593 0 0.831454
    outer loop
      vertex 56.4 90.5 7.22873
      vertex 56.052 92.5 7.46127
      vertex 56.052 90.5 7.46127
    endloop
  endfacet
  facet normal -0.831388 0 -0.555692
    outer loop
      vertex 60.7713 90.5 11.6
      vertex 60.5387 92.5 11.948
      vertex 60.7713 92.5 11.6
    endloop
  endfacet
  facet normal -0.831388 -0 -0.555692
    outer loop
      vertex 60.5387 92.5 11.948
      vertex 60.7713 90.5 11.6
      vertex 60.5387 90.5 11.948
    endloop
  endfacet
  facet normal -0.98081 0 -0.194967
    outer loop
      vertex 61.1726 90.5 10.4177
      vertex 61.091 92.5 10.8282
      vertex 61.1726 92.5 10.4177
    endloop
  endfacet
  facet normal -0.98081 -0 -0.194967
    outer loop
      vertex 61.091 92.5 10.8282
      vertex 61.1726 90.5 10.4177
      vertex 61.091 90.5 10.8282
    endloop
  endfacet
  facet normal 0.751832 -0 0.659355
    outer loop
      vertex 55.4613 90.5 8.05197
      vertex 55.7373 92.5 7.73726
      vertex 55.4613 92.5 8.05197
    endloop
  endfacet
  facet normal 0.751832 0 0.659355
    outer loop
      vertex 55.7373 92.5 7.73726
      vertex 55.4613 90.5 8.05197
      vertex 55.7373 90.5 7.73726
    endloop
  endfacet
  facet normal -0.997855 0 -0.0654566
    outer loop
      vertex 61.2 90.5 10
      vertex 61.1726 92.5 10.4177
      vertex 61.2 92.5 10
    endloop
  endfacet
  facet normal -0.997855 -0 -0.0654566
    outer loop
      vertex 61.1726 92.5 10.4177
      vertex 61.2 90.5 10
      vertex 61.1726 90.5 10.4177
    endloop
  endfacet
  facet normal 0.997855 0 -0.0654566
    outer loop
      vertex 54.8274 90.5 10.4177
      vertex 54.8 92.5 10
      vertex 54.8274 92.5 10.4177
    endloop
  endfacet
  facet normal 0.997855 0 -0.0654566
    outer loop
      vertex 54.8 92.5 10
      vertex 54.8274 90.5 10.4177
      vertex 54.8 90.5 10
    endloop
  endfacet
  facet normal 0.98081 0 -0.194967
    outer loop
      vertex 54.909 90.5 10.8282
      vertex 54.8274 92.5 10.4177
      vertex 54.909 92.5 10.8282
    endloop
  endfacet
  facet normal 0.98081 0 -0.194967
    outer loop
      vertex 54.8274 92.5 10.4177
      vertex 54.909 90.5 10.8282
      vertex 54.8274 90.5 10.4177
    endloop
  endfacet
  facet normal 0.896903 -0 0.442228
    outer loop
      vertex 55.0436 90.5 8.77542
      vertex 55.2287 92.5 8.40001
      vertex 55.0436 92.5 8.77542
    endloop
  endfacet
  facet normal 0.896903 0 0.442228
    outer loop
      vertex 55.2287 92.5 8.40001
      vertex 55.0436 90.5 8.77542
      vertex 55.2287 90.5 8.40001
    endloop
  endfacet
  facet normal -1 0 0
    outer loop
      vertex 42 -2.5 22.9
      vertex 42 -0.5 22.46
      vertex 42 -1.032 21.7
    endloop
  endfacet
  facet normal -1 0 0
    outer loop
      vertex 42 -2.5 22.9
      vertex 42 -1.032 21.7
      vertex 42 -2.5 21.7
    endloop
  endfacet
  facet normal -1 0 0
    outer loop
      vertex 42 -0.5 22.46
      vertex 42 -2.5 22.9
      vertex 42 -0.5 22.9
    endloop
  endfacet
  facet normal -0 0 1
    outer loop
      vertex 28 -1.032 21.7
      vertex 42 -2.5 21.7
      vertex 42 -1.032 21.7
    endloop
  endfacet
  facet normal 0 0 1
    outer loop
      vertex 42 -2.5 21.7
      vertex 28 -1.032 21.7
      vertex 28 -2.5 21.7
    endloop
  endfacet
  facet normal 1 -0 0
    outer loop
      vertex 28 -2.5 22.9
      vertex 28 -0.5 22.46
      vertex 28 -0.5 22.9
    endloop
  endfacet
  facet normal 1 0 0
    outer loop
      vertex 28 -0.5 22.46
      vertex 28 -2.5 22.9
      vertex 28 -1.032 21.7
    endloop
  endfacet
  facet normal 1 0 0
    outer loop
      vertex 28 -1.032 21.7
      vertex 28 -2.5 22.9
      vertex 28 -2.5 21.7
    endloop
  endfacet
endsolid OpenSCAD_Model
