solid OpenSCAD_Model
  facet normal -1 0 0
    outer loop
      vertex -4.3 -4.3 4.49
      vertex -4.3 4.3 4.5
      vertex -4.3 4.3 4.49
    endloop
  endfacet
  facet normal -1 -0 0
    outer loop
      vertex -4.3 4.3 4.5
      vertex -4.3 -4.3 4.49
      vertex -4.3 -4.3 4.5
    endloop
  endfacet
  facet normal 0 0 1
    outer loop
      vertex 4.3 4.3 4.5
      vertex 1.6 0 4.5
      vertex 4.3 -4.3 4.5
    endloop
  endfacet
  facet normal 0 0 1
    outer loop
      vertex 4.3 4.3 4.5
      vertex 1.58631 0.208841 4.5
      vertex 1.6 0 4.5
    endloop
  endfacet
  facet normal 0 0 1
    outer loop
      vertex 4.3 4.3 4.5
      vertex 1.54548 0.41411 4.5
      vertex 1.58631 0.208841 4.5
    endloop
  endfacet
  facet normal 0 0 1
    outer loop
      vertex 4.3 4.3 4.5
      vertex 1.47821 0.612293 4.5
      vertex 1.54548 0.41411 4.5
    endloop
  endfacet
  facet normal 0 0 1
    outer loop
      vertex 4.3 4.3 4.5
      vertex 1.38564 0.799999 4.5
      vertex 1.47821 0.612293 4.5
    endloop
  endfacet
  facet normal 0 0 1
    outer loop
      vertex 4.3 4.3 4.5
      vertex 1.26937 0.974018 4.5
      vertex 1.38564 0.799999 4.5
    endloop
  endfacet
  facet normal 0 0 1
    outer loop
      vertex 4.3 4.3 4.5
      vertex 1.13137 1.13137 4.5
      vertex 1.26937 0.974018 4.5
    endloop
  endfacet
  facet normal 0 0 1
    outer loop
      vertex 4.3 4.3 4.5
      vertex 0.974018 1.26937 4.5
      vertex 1.13137 1.13137 4.5
    endloop
  endfacet
  facet normal 0 0 1
    outer loop
      vertex 4.3 4.3 4.5
      vertex 0.799999 1.38564 4.5
      vertex 0.974018 1.26937 4.5
    endloop
  endfacet
  facet normal 0 0 1
    outer loop
      vertex 4.3 4.3 4.5
      vertex 0.612293 1.47821 4.5
      vertex 0.799999 1.38564 4.5
    endloop
  endfacet
  facet normal 0 0 1
    outer loop
      vertex 4.3 4.3 4.5
      vertex 0.41411 1.54548 4.5
      vertex 0.612293 1.47821 4.5
    endloop
  endfacet
  facet normal 0 0 1
    outer loop
      vertex 4.3 4.3 4.5
      vertex 0.208841 1.58631 4.5
      vertex 0.41411 1.54548 4.5
    endloop
  endfacet
  facet normal 0 0 1
    outer loop
      vertex 4.3 4.3 4.5
      vertex 0 1.6 4.5
      vertex 0.208841 1.58631 4.5
    endloop
  endfacet
  facet normal -0 0 1
    outer loop
      vertex -4.3 4.3 4.5
      vertex 0 1.6 4.5
      vertex 4.3 4.3 4.5
    endloop
  endfacet
  facet normal 0 0 1
    outer loop
      vertex 0 1.6 4.5
      vertex -4.3 4.3 4.5
      vertex -0.208841 1.58631 4.5
    endloop
  endfacet
  facet normal 0 0 1
    outer loop
      vertex -0.208841 1.58631 4.5
      vertex -4.3 4.3 4.5
      vertex -0.41411 1.54548 4.5
    endloop
  endfacet
  facet normal 0 0 1
    outer loop
      vertex -0.41411 1.54548 4.5
      vertex -4.3 4.3 4.5
      vertex -0.612293 1.47821 4.5
    endloop
  endfacet
  facet normal 0 0 1
    outer loop
      vertex -1.58631 0.208841 4.5
      vertex -4.3 4.3 4.5
      vertex -1.6 0 4.5
    endloop
  endfacet
  facet normal 0 0 1
    outer loop
      vertex -1.54548 0.41411 4.5
      vertex -4.3 4.3 4.5
      vertex -1.58631 0.208841 4.5
    endloop
  endfacet
  facet normal 0 0 1
    outer loop
      vertex -1.47821 0.612293 4.5
      vertex -4.3 4.3 4.5
      vertex -1.54548 0.41411 4.5
    endloop
  endfacet
  facet normal 0 0 1
    outer loop
      vertex -1.38564 0.799999 4.5
      vertex -4.3 4.3 4.5
      vertex -1.47821 0.612293 4.5
    endloop
  endfacet
  facet normal 0 0 1
    outer loop
      vertex -1.26937 0.974018 4.5
      vertex -4.3 4.3 4.5
      vertex -1.38564 0.799999 4.5
    endloop
  endfacet
  facet normal 0 0 1
    outer loop
      vertex -1.13137 1.13137 4.5
      vertex -4.3 4.3 4.5
      vertex -1.26937 0.974018 4.5
    endloop
  endfacet
  facet normal 0 0 1
    outer loop
      vertex -0.974018 1.26937 4.5
      vertex -4.3 4.3 4.5
      vertex -1.13137 1.13137 4.5
    endloop
  endfacet
  facet normal 0 0 1
    outer loop
      vertex -0.799999 1.38564 4.5
      vertex -4.3 4.3 4.5
      vertex -0.974018 1.26937 4.5
    endloop
  endfacet
  facet normal 0 0 1
    outer loop
      vertex -0.612293 1.47821 4.5
      vertex -4.3 4.3 4.5
      vertex -0.799999 1.38564 4.5
    endloop
  endfacet
  facet normal -0 0 1
    outer loop
      vertex 1.58631 -0.208841 4.5
      vertex 4.3 -4.3 4.5
      vertex 1.6 0 4.5
    endloop
  endfacet
  facet normal -0 0 1
    outer loop
      vertex 1.54548 -0.41411 4.5
      vertex 4.3 -4.3 4.5
      vertex 1.58631 -0.208841 4.5
    endloop
  endfacet
  facet normal -0 0 1
    outer loop
      vertex 1.47821 -0.612293 4.5
      vertex 4.3 -4.3 4.5
      vertex 1.54548 -0.41411 4.5
    endloop
  endfacet
  facet normal -0 0 1
    outer loop
      vertex 1.38564 -0.799999 4.5
      vertex 4.3 -4.3 4.5
      vertex 1.47821 -0.612293 4.5
    endloop
  endfacet
  facet normal -0 0 1
    outer loop
      vertex 1.26937 -0.974018 4.5
      vertex 4.3 -4.3 4.5
      vertex 1.38564 -0.799999 4.5
    endloop
  endfacet
  facet normal -0 0 1
    outer loop
      vertex 1.13137 -1.13137 4.5
      vertex 4.3 -4.3 4.5
      vertex 1.26937 -0.974018 4.5
    endloop
  endfacet
  facet normal -0 0 1
    outer loop
      vertex 0.974018 -1.26937 4.5
      vertex 4.3 -4.3 4.5
      vertex 1.13137 -1.13137 4.5
    endloop
  endfacet
  facet normal -0 0 1
    outer loop
      vertex 0.799999 -1.38564 4.5
      vertex 4.3 -4.3 4.5
      vertex 0.974018 -1.26937 4.5
    endloop
  endfacet
  facet normal -0 0 1
    outer loop
      vertex 0.612293 -1.47821 4.5
      vertex 4.3 -4.3 4.5
      vertex 0.799999 -1.38564 4.5
    endloop
  endfacet
  facet normal -0 0 1
    outer loop
      vertex 0.41411 -1.54548 4.5
      vertex 4.3 -4.3 4.5
      vertex 0.612293 -1.47821 4.5
    endloop
  endfacet
  facet normal -0 0 1
    outer loop
      vertex 0.208841 -1.58631 4.5
      vertex 4.3 -4.3 4.5
      vertex 0.41411 -1.54548 4.5
    endloop
  endfacet
  facet normal -0 0 1
    outer loop
      vertex 0 -1.6 4.5
      vertex 4.3 -4.3 4.5
      vertex 0.208841 -1.58631 4.5
    endloop
  endfacet
  facet normal 0 0 1
    outer loop
      vertex -4.3 -4.3 4.5
      vertex 0 -1.6 4.5
      vertex -0.208841 -1.58631 4.5
    endloop
  endfacet
  facet normal 0 0 1
    outer loop
      vertex -4.3 -4.3 4.5
      vertex -0.208841 -1.58631 4.5
      vertex -0.41411 -1.54548 4.5
    endloop
  endfacet
  facet normal 0 0 1
    outer loop
      vertex -4.3 -4.3 4.5
      vertex -0.41411 -1.54548 4.5
      vertex -0.612293 -1.47821 4.5
    endloop
  endfacet
  facet normal 0 0 1
    outer loop
      vertex -4.3 -4.3 4.5
      vertex -0.612293 -1.47821 4.5
      vertex -0.799999 -1.38564 4.5
    endloop
  endfacet
  facet normal 0 0 1
    outer loop
      vertex -4.3 -4.3 4.5
      vertex -1.6 0 4.5
      vertex -4.3 4.3 4.5
    endloop
  endfacet
  facet normal 0 0 1
    outer loop
      vertex -1.6 0 4.5
      vertex -4.3 -4.3 4.5
      vertex -1.58631 -0.208841 4.5
    endloop
  endfacet
  facet normal 0 0 1
    outer loop
      vertex -1.58631 -0.208841 4.5
      vertex -4.3 -4.3 4.5
      vertex -1.54548 -0.41411 4.5
    endloop
  endfacet
  facet normal 0 0 1
    outer loop
      vertex -1.54548 -0.41411 4.5
      vertex -4.3 -4.3 4.5
      vertex -1.47821 -0.612293 4.5
    endloop
  endfacet
  facet normal 0 0 1
    outer loop
      vertex 0 -1.6 4.5
      vertex -4.3 -4.3 4.5
      vertex 4.3 -4.3 4.5
    endloop
  endfacet
  facet normal 0 0 1
    outer loop
      vertex -0.974018 -1.26937 4.5
      vertex -4.3 -4.3 4.5
      vertex -0.799999 -1.38564 4.5
    endloop
  endfacet
  facet normal 0 0 1
    outer loop
      vertex -1.13137 -1.13137 4.5
      vertex -4.3 -4.3 4.5
      vertex -0.974018 -1.26937 4.5
    endloop
  endfacet
  facet normal 0 0 1
    outer loop
      vertex -1.26937 -0.974018 4.5
      vertex -4.3 -4.3 4.5
      vertex -1.13137 -1.13137 4.5
    endloop
  endfacet
  facet normal 0 0 1
    outer loop
      vertex -1.38564 -0.799999 4.5
      vertex -4.3 -4.3 4.5
      vertex -1.26937 -0.974018 4.5
    endloop
  endfacet
  facet normal 0 0 1
    outer loop
      vertex -1.47821 -0.612293 4.5
      vertex -4.3 -4.3 4.5
      vertex -1.38564 -0.799999 4.5
    endloop
  endfacet
  facet normal 0 -0.707107 -0.707107
    outer loop
      vertex -3.3 -3.3 3.49
      vertex 4.3 -4.3 4.49
      vertex -4.3 -4.3 4.49
    endloop
  endfacet
  facet normal 0 -0.707107 -0.707107
    outer loop
      vertex 4.3 -4.3 4.49
      vertex -3.3 -3.3 3.49
      vertex 3.3 -3.3 3.49
    endloop
  endfacet
  facet normal 0.707107 0 -0.707107
    outer loop
      vertex 4.3 4.3 4.49
      vertex 3.3 -3.3 3.49
      vertex 3.3 3.3 3.49
    endloop
  endfacet
  facet normal 0.707107 0 -0.707107
    outer loop
      vertex 3.3 -3.3 3.49
      vertex 4.3 4.3 4.49
      vertex 4.3 -4.3 4.49
    endloop
  endfacet
  facet normal 0 0.707107 -0.707107
    outer loop
      vertex 3.3 3.3 3.49
      vertex -4.3 4.3 4.49
      vertex 4.3 4.3 4.49
    endloop
  endfacet
  facet normal 0 0.707107 -0.707107
    outer loop
      vertex -4.3 4.3 4.49
      vertex 3.3 3.3 3.49
      vertex -3.3 3.3 3.49
    endloop
  endfacet
  facet normal -0.707107 0 -0.707107
    outer loop
      vertex -3.3 -3.3 3.49
      vertex -4.3 4.3 4.49
      vertex -3.3 3.3 3.49
    endloop
  endfacet
  facet normal -0.707107 -0 -0.707107
    outer loop
      vertex -4.3 4.3 4.49
      vertex -3.3 -3.3 3.49
      vertex -4.3 -4.3 4.49
    endloop
  endfacet
  facet normal 0 -1 0
    outer loop
      vertex -4.3 -4.3 4.49
      vertex 4.3 -4.3 4.5
      vertex -4.3 -4.3 4.5
    endloop
  endfacet
  facet normal 0 -1 -0
    outer loop
      vertex 4.3 -4.3 4.5
      vertex -4.3 -4.3 4.49
      vertex 4.3 -4.3 4.49
    endloop
  endfacet
  facet normal 0 1 -0
    outer loop
      vertex 4.3 4.3 4.49
      vertex -4.3 4.3 4.5
      vertex 4.3 4.3 4.5
    endloop
  endfacet
  facet normal 0 1 0
    outer loop
      vertex -4.3 4.3 4.5
      vertex 4.3 4.3 4.49
      vertex -4.3 4.3 4.49
    endloop
  endfacet
  facet normal 1 -0 0
    outer loop
      vertex 4.3 -4.3 4.5
      vertex 4.3 4.3 4.49
      vertex 4.3 4.3 4.5
    endloop
  endfacet
  facet normal 1 0 0
    outer loop
      vertex 4.3 4.3 4.49
      vertex 4.3 -4.3 4.5
      vertex 4.3 -4.3 4.49
    endloop
  endfacet
  facet normal -1 0 0
    outer loop
      vertex -3.3 -3.3 0
      vertex -3.3 3.3 3.49
      vertex -3.3 3.3 0
    endloop
  endfacet
  facet normal -1 -0 0
    outer loop
      vertex -3.3 3.3 3.49
      vertex -3.3 -3.3 0
      vertex -3.3 -3.3 3.49
    endloop
  endfacet
  facet normal 0 0 -1
    outer loop
      vertex 3.3 -3.3 0
      vertex 1.79999 1.2 0
      vertex 3.3 3.3 0
    endloop
  endfacet
  facet normal 0 0 -1
    outer loop
      vertex 3.3 -3.3 0
      vertex 0 -2 0
      vertex 1.79999 1.2 0
    endloop
  endfacet
  facet normal -0 0 -1
    outer loop
      vertex 0 -2 0
      vertex -3.3 -3.3 0
      vertex -1.79999 1.2 0
    endloop
  endfacet
  facet normal 0 0 -1
    outer loop
      vertex -3.3 -3.3 0
      vertex 0 -2 0
      vertex 3.3 -3.3 0
    endloop
  endfacet
  facet normal 0 0 -1
    outer loop
      vertex -1.79999 1.2 0
      vertex 3.3 3.3 0
      vertex 1.79999 1.2 0
    endloop
  endfacet
  facet normal 0 0 -1
    outer loop
      vertex -1.79999 1.2 0
      vertex -3.3 3.3 0
      vertex 3.3 3.3 0
    endloop
  endfacet
  facet normal 0 0 -1
    outer loop
      vertex -3.3 3.3 0
      vertex -1.79999 1.2 0
      vertex -3.3 -3.3 0
    endloop
  endfacet
  facet normal 0 -1 0
    outer loop
      vertex -3.3 -3.3 0
      vertex 3.3 -3.3 3.49
      vertex -3.3 -3.3 3.49
    endloop
  endfacet
  facet normal 0 -1 -0
    outer loop
      vertex 3.3 -3.3 3.49
      vertex -3.3 -3.3 0
      vertex 3.3 -3.3 0
    endloop
  endfacet
  facet normal 1 -0 0
    outer loop
      vertex 3.3 -3.3 3.49
      vertex 3.3 3.3 0
      vertex 3.3 3.3 3.49
    endloop
  endfacet
  facet normal 1 0 0
    outer loop
      vertex 3.3 3.3 0
      vertex 3.3 -3.3 3.49
      vertex 3.3 -3.3 0
    endloop
  endfacet
  facet normal 0 1 -0
    outer loop
      vertex 3.3 3.3 0
      vertex -3.3 3.3 3.49
      vertex 3.3 3.3 3.49
    endloop
  endfacet
  facet normal 0 1 0
    outer loop
      vertex -3.3 3.3 3.49
      vertex 3.3 3.3 0
      vertex -3.3 3.3 0
    endloop
  endfacet
  facet normal 0.195088 -0.980786 0
    outer loop
      vertex 0.208841 -1.58631 4.5
      vertex 0.41411 -1.54548 6
      vertex 0.208841 -1.58631 6
    endloop
  endfacet
  facet normal 0.195088 -0.980786 0
    outer loop
      vertex 0.41411 -1.54548 6
      vertex 0.208841 -1.58631 4.5
      vertex 0.41411 -1.54548 4.5
    endloop
  endfacet
  facet normal 0.980786 -0.195088 0
    outer loop
      vertex 1.54548 -0.41411 6
      vertex 1.58631 -0.208841 4.5
      vertex 1.58631 -0.208841 6
    endloop
  endfacet
  facet normal 0.980786 -0.195088 0
    outer loop
      vertex 1.58631 -0.208841 4.5
      vertex 1.54548 -0.41411 6
      vertex 1.54548 -0.41411 4.5
    endloop
  endfacet
  facet normal 0.997858 -0.0654119 0
    outer loop
      vertex 1.58631 -0.208841 6
      vertex 1.6 0 4.5
      vertex 1.6 0 6
    endloop
  endfacet
  facet normal 0.997858 -0.0654119 0
    outer loop
      vertex 1.6 0 4.5
      vertex 1.58631 -0.208841 6
      vertex 1.58631 -0.208841 4.5
    endloop
  endfacet
  facet normal 0.946936 -0.321422 0
    outer loop
      vertex 1.47821 -0.612293 6
      vertex 1.54548 -0.41411 4.5
      vertex 1.54548 -0.41411 6
    endloop
  endfacet
  facet normal 0.946936 -0.321422 0
    outer loop
      vertex 1.54548 -0.41411 4.5
      vertex 1.47821 -0.612293 6
      vertex 1.47821 -0.612293 4.5
    endloop
  endfacet
  facet normal 0.831482 -0.555551 0
    outer loop
      vertex 1.26937 -0.974018 6
      vertex 1.38564 -0.799999 4.5
      vertex 1.38564 -0.799999 6
    endloop
  endfacet
  facet normal 0.831482 -0.555551 0
    outer loop
      vertex 1.38564 -0.799999 4.5
      vertex 1.26937 -0.974018 6
      vertex 1.26937 -0.974018 4.5
    endloop
  endfacet
  facet normal 0.321422 -0.946936 0
    outer loop
      vertex 0.41411 -1.54548 4.5
      vertex 0.612293 -1.47821 6
      vertex 0.41411 -1.54548 6
    endloop
  endfacet
  facet normal 0.321422 -0.946936 0
    outer loop
      vertex 0.612293 -1.47821 6
      vertex 0.41411 -1.54548 4.5
      vertex 0.612293 -1.47821 4.5
    endloop
  endfacet
  facet normal 0.997858 0.0654119 0
    outer loop
      vertex 1.6 0 6
      vertex 1.58631 0.208841 4.5
      vertex 1.58631 0.208841 6
    endloop
  endfacet
  facet normal 0.997858 0.0654119 0
    outer loop
      vertex 1.58631 0.208841 4.5
      vertex 1.6 0 6
      vertex 1.6 0 4.5
    endloop
  endfacet
  facet normal -0.555551 0.831482 0
    outer loop
      vertex -0.799999 1.38564 4.5
      vertex -0.974018 1.26937 6
      vertex -0.799999 1.38564 6
    endloop
  endfacet
  facet normal -0.555551 0.831482 0
    outer loop
      vertex -0.974018 1.26937 6
      vertex -0.799999 1.38564 4.5
      vertex -0.974018 1.26937 4.5
    endloop
  endfacet
  facet normal -0.321422 0.946936 0
    outer loop
      vertex -0.41411 1.54548 4.5
      vertex -0.612293 1.47821 6
      vertex -0.41411 1.54548 6
    endloop
  endfacet
  facet normal -0.321422 0.946936 0
    outer loop
      vertex -0.612293 1.47821 6
      vertex -0.41411 1.54548 4.5
      vertex -0.612293 1.47821 4.5
    endloop
  endfacet
  facet normal 0.896866 -0.442303 0
    outer loop
      vertex 1.38564 -0.799999 6
      vertex 1.47821 -0.612293 4.5
      vertex 1.47821 -0.612293 6
    endloop
  endfacet
  facet normal 0.896866 -0.442303 0
    outer loop
      vertex 1.47821 -0.612293 4.5
      vertex 1.38564 -0.799999 6
      vertex 1.38564 -0.799999 4.5
    endloop
  endfacet
  facet normal -0.321422 -0.946936 0
    outer loop
      vertex -0.612293 -1.47821 4.5
      vertex -0.41411 -1.54548 6
      vertex -0.612293 -1.47821 6
    endloop
  endfacet
  facet normal -0.321422 -0.946936 -0
    outer loop
      vertex -0.41411 -1.54548 6
      vertex -0.612293 -1.47821 4.5
      vertex -0.41411 -1.54548 4.5
    endloop
  endfacet
  facet normal 0.751826 -0.659362 0
    outer loop
      vertex 1.13137 -1.13137 6
      vertex 1.26937 -0.974018 4.5
      vertex 1.26937 -0.974018 6
    endloop
  endfacet
  facet normal 0.751826 -0.659362 0
    outer loop
      vertex 1.26937 -0.974018 4.5
      vertex 1.13137 -1.13137 6
      vertex 1.13137 -1.13137 4.5
    endloop
  endfacet
  facet normal 0 0 1
    outer loop
      vertex 1.58631 0.208841 6
      vertex 1.58631 -0.208841 6
      vertex 1.6 0 6
    endloop
  endfacet
  facet normal 0 0 1
    outer loop
      vertex 1.54548 0.41411 6
      vertex 1.58631 -0.208841 6
      vertex 1.58631 0.208841 6
    endloop
  endfacet
  facet normal 0 0 1
    outer loop
      vertex 1.54548 0.41411 6
      vertex 1.54548 -0.41411 6
      vertex 1.58631 -0.208841 6
    endloop
  endfacet
  facet normal 0 0 1
    outer loop
      vertex 1.47821 0.612293 6
      vertex 1.54548 -0.41411 6
      vertex 1.54548 0.41411 6
    endloop
  endfacet
  facet normal 0 0 1
    outer loop
      vertex 1.47821 0.612293 6
      vertex 1.47821 -0.612293 6
      vertex 1.54548 -0.41411 6
    endloop
  endfacet
  facet normal 0 0 1
    outer loop
      vertex 1.38564 0.799999 6
      vertex 1.47821 -0.612293 6
      vertex 1.47821 0.612293 6
    endloop
  endfacet
  facet normal 0 0 1
    outer loop
      vertex 1.38564 0.799999 6
      vertex 1.38564 -0.799999 6
      vertex 1.47821 -0.612293 6
    endloop
  endfacet
  facet normal 0 0 1
    outer loop
      vertex 1.26937 0.974018 6
      vertex 1.38564 -0.799999 6
      vertex 1.38564 0.799999 6
    endloop
  endfacet
  facet normal 0 0 1
    outer loop
      vertex 1.26937 0.974018 6
      vertex 1.26937 -0.974018 6
      vertex 1.38564 -0.799999 6
    endloop
  endfacet
  facet normal 0 0 1
    outer loop
      vertex 1.13137 1.13137 6
      vertex 1.26937 -0.974018 6
      vertex 1.26937 0.974018 6
    endloop
  endfacet
  facet normal 0 0 1
    outer loop
      vertex 1.13137 1.13137 6
      vertex 1.13137 -1.13137 6
      vertex 1.26937 -0.974018 6
    endloop
  endfacet
  facet normal 0 0 1
    outer loop
      vertex 0.974018 1.26937 6
      vertex 1.13137 -1.13137 6
      vertex 1.13137 1.13137 6
    endloop
  endfacet
  facet normal 0 0 1
    outer loop
      vertex 0.974018 1.26937 6
      vertex 0.974018 -1.26937 6
      vertex 1.13137 -1.13137 6
    endloop
  endfacet
  facet normal 0 0 1
    outer loop
      vertex 0.799999 1.38564 6
      vertex 0.974018 -1.26937 6
      vertex 0.974018 1.26937 6
    endloop
  endfacet
  facet normal 0 0 1
    outer loop
      vertex 0.799999 1.38564 6
      vertex 0.799999 -1.38564 6
      vertex 0.974018 -1.26937 6
    endloop
  endfacet
  facet normal 0 0 1
    outer loop
      vertex 0.612293 1.47821 6
      vertex 0.799999 -1.38564 6
      vertex 0.799999 1.38564 6
    endloop
  endfacet
  facet normal 0 0 1
    outer loop
      vertex 0.612293 1.47821 6
      vertex 0.612293 -1.47821 6
      vertex 0.799999 -1.38564 6
    endloop
  endfacet
  facet normal 0 0 1
    outer loop
      vertex 0.41411 1.54548 6
      vertex 0.612293 -1.47821 6
      vertex 0.612293 1.47821 6
    endloop
  endfacet
  facet normal 0 0 1
    outer loop
      vertex 0.41411 1.54548 6
      vertex 0.41411 -1.54548 6
      vertex 0.612293 -1.47821 6
    endloop
  endfacet
  facet normal 0 0 1
    outer loop
      vertex 0.208841 1.58631 6
      vertex 0.41411 -1.54548 6
      vertex 0.41411 1.54548 6
    endloop
  endfacet
  facet normal 0 0 1
    outer loop
      vertex 0.208841 1.58631 6
      vertex 0.208841 -1.58631 6
      vertex 0.41411 -1.54548 6
    endloop
  endfacet
  facet normal 0 0 1
    outer loop
      vertex 0 1.6 6
      vertex 0.208841 -1.58631 6
      vertex 0.208841 1.58631 6
    endloop
  endfacet
  facet normal 0 0 1
    outer loop
      vertex 0 1.6 6
      vertex 0 -1.6 6
      vertex 0.208841 -1.58631 6
    endloop
  endfacet
  facet normal -0 0 1
    outer loop
      vertex -0.208841 1.58631 6
      vertex 0 -1.6 6
      vertex 0 1.6 6
    endloop
  endfacet
  facet normal 0 0 1
    outer loop
      vertex -0.208841 1.58631 6
      vertex -0.208841 -1.58631 6
      vertex 0 -1.6 6
    endloop
  endfacet
  facet normal -0 0 1
    outer loop
      vertex -0.41411 1.54548 6
      vertex -0.208841 -1.58631 6
      vertex -0.208841 1.58631 6
    endloop
  endfacet
  facet normal 0 0 1
    outer loop
      vertex -0.41411 1.54548 6
      vertex -0.41411 -1.54548 6
      vertex -0.208841 -1.58631 6
    endloop
  endfacet
  facet normal -0 0 1
    outer loop
      vertex -0.612293 1.47821 6
      vertex -0.41411 -1.54548 6
      vertex -0.41411 1.54548 6
    endloop
  endfacet
  facet normal 0 0 1
    outer loop
      vertex -0.612293 1.47821 6
      vertex -0.612293 -1.47821 6
      vertex -0.41411 -1.54548 6
    endloop
  endfacet
  facet normal -0 0 1
    outer loop
      vertex -0.799999 1.38564 6
      vertex -0.612293 -1.47821 6
      vertex -0.612293 1.47821 6
    endloop
  endfacet
  facet normal 0 0 1
    outer loop
      vertex -0.799999 1.38564 6
      vertex -0.799999 -1.38564 6
      vertex -0.612293 -1.47821 6
    endloop
  endfacet
  facet normal -0 0 1
    outer loop
      vertex -0.974018 1.26937 6
      vertex -0.799999 -1.38564 6
      vertex -0.799999 1.38564 6
    endloop
  endfacet
  facet normal 0 0 1
    outer loop
      vertex -0.974018 1.26937 6
      vertex -0.974018 -1.26937 6
      vertex -0.799999 -1.38564 6
    endloop
  endfacet
  facet normal -0 0 1
    outer loop
      vertex -1.13137 1.13137 6
      vertex -0.974018 -1.26937 6
      vertex -0.974018 1.26937 6
    endloop
  endfacet
  facet normal 0 0 1
    outer loop
      vertex -1.13137 1.13137 6
      vertex -1.13137 -1.13137 6
      vertex -0.974018 -1.26937 6
    endloop
  endfacet
  facet normal -0 0 1
    outer loop
      vertex -1.26937 0.974018 6
      vertex -1.13137 -1.13137 6
      vertex -1.13137 1.13137 6
    endloop
  endfacet
  facet normal 0 0 1
    outer loop
      vertex -1.26937 0.974018 6
      vertex -1.26937 -0.974018 6
      vertex -1.13137 -1.13137 6
    endloop
  endfacet
  facet normal -0 0 1
    outer loop
      vertex -1.38564 0.799999 6
      vertex -1.26937 -0.974018 6
      vertex -1.26937 0.974018 6
    endloop
  endfacet
  facet normal 0 0 1
    outer loop
      vertex -1.38564 0.799999 6
      vertex -1.38564 -0.799999 6
      vertex -1.26937 -0.974018 6
    endloop
  endfacet
  facet normal -0 0 1
    outer loop
      vertex -1.47821 0.612293 6
      vertex -1.38564 -0.799999 6
      vertex -1.38564 0.799999 6
    endloop
  endfacet
  facet normal 0 0 1
    outer loop
      vertex -1.47821 0.612293 6
      vertex -1.47821 -0.612293 6
      vertex -1.38564 -0.799999 6
    endloop
  endfacet
  facet normal -0 0 1
    outer loop
      vertex -1.54548 0.41411 6
      vertex -1.47821 -0.612293 6
      vertex -1.47821 0.612293 6
    endloop
  endfacet
  facet normal 0 0 1
    outer loop
      vertex -1.54548 0.41411 6
      vertex -1.54548 -0.41411 6
      vertex -1.47821 -0.612293 6
    endloop
  endfacet
  facet normal -0 0 1
    outer loop
      vertex -1.58631 0.208841 6
      vertex -1.54548 -0.41411 6
      vertex -1.54548 0.41411 6
    endloop
  endfacet
  facet normal 0 0 1
    outer loop
      vertex -1.58631 0.208841 6
      vertex -1.58631 -0.208841 6
      vertex -1.54548 -0.41411 6
    endloop
  endfacet
  facet normal 0 -0 1
    outer loop
      vertex -1.58631 -0.208841 6
      vertex -1.58631 0.208841 6
      vertex -1.6 0 6
    endloop
  endfacet
  facet normal 0.946936 0.321422 0
    outer loop
      vertex 1.54548 0.41411 6
      vertex 1.47821 0.612293 4.5
      vertex 1.47821 0.612293 6
    endloop
  endfacet
  facet normal 0.946936 0.321422 0
    outer loop
      vertex 1.47821 0.612293 4.5
      vertex 1.54548 0.41411 6
      vertex 1.54548 0.41411 4.5
    endloop
  endfacet
  facet normal -0.751826 0.659362 0
    outer loop
      vertex -1.26937 0.974018 4.5
      vertex -1.13137 1.13137 6
      vertex -1.13137 1.13137 4.5
    endloop
  endfacet
  facet normal -0.751826 0.659362 0
    outer loop
      vertex -1.13137 1.13137 6
      vertex -1.26937 0.974018 4.5
      vertex -1.26937 0.974018 6
    endloop
  endfacet
  facet normal 0.980786 0.195088 0
    outer loop
      vertex 1.58631 0.208841 6
      vertex 1.54548 0.41411 4.5
      vertex 1.54548 0.41411 6
    endloop
  endfacet
  facet normal 0.980786 0.195088 0
    outer loop
      vertex 1.54548 0.41411 4.5
      vertex 1.58631 0.208841 6
      vertex 1.58631 0.208841 4.5
    endloop
  endfacet
  facet normal -0.659362 -0.751826 0
    outer loop
      vertex -1.13137 -1.13137 4.5
      vertex -0.974018 -1.26937 6
      vertex -1.13137 -1.13137 6
    endloop
  endfacet
  facet normal -0.659362 -0.751826 -0
    outer loop
      vertex -0.974018 -1.26937 6
      vertex -1.13137 -1.13137 4.5
      vertex -0.974018 -1.26937 4.5
    endloop
  endfacet
  facet normal -0.946936 0.321422 0
    outer loop
      vertex -1.54548 0.41411 4.5
      vertex -1.47821 0.612293 6
      vertex -1.47821 0.612293 4.5
    endloop
  endfacet
  facet normal -0.946936 0.321422 0
    outer loop
      vertex -1.47821 0.612293 6
      vertex -1.54548 0.41411 4.5
      vertex -1.54548 0.41411 6
    endloop
  endfacet
  facet normal 0.831482 0.555551 0
    outer loop
      vertex 1.38564 0.799999 6
      vertex 1.26937 0.974018 4.5
      vertex 1.26937 0.974018 6
    endloop
  endfacet
  facet normal 0.831482 0.555551 0
    outer loop
      vertex 1.26937 0.974018 4.5
      vertex 1.38564 0.799999 6
      vertex 1.38564 0.799999 4.5
    endloop
  endfacet
  facet normal 0.442303 -0.896866 0
    outer loop
      vertex 0.612293 -1.47821 4.5
      vertex 0.799999 -1.38564 6
      vertex 0.612293 -1.47821 6
    endloop
  endfacet
  facet normal 0.442303 -0.896866 0
    outer loop
      vertex 0.799999 -1.38564 6
      vertex 0.612293 -1.47821 4.5
      vertex 0.799999 -1.38564 4.5
    endloop
  endfacet
  facet normal -0.442303 -0.896866 0
    outer loop
      vertex -0.799999 -1.38564 4.5
      vertex -0.612293 -1.47821 6
      vertex -0.799999 -1.38564 6
    endloop
  endfacet
  facet normal -0.442303 -0.896866 -0
    outer loop
      vertex -0.612293 -1.47821 6
      vertex -0.799999 -1.38564 4.5
      vertex -0.612293 -1.47821 4.5
    endloop
  endfacet
  facet normal 0.442303 0.896866 -0
    outer loop
      vertex 0.799999 1.38564 4.5
      vertex 0.612293 1.47821 6
      vertex 0.799999 1.38564 6
    endloop
  endfacet
  facet normal 0.442303 0.896866 0
    outer loop
      vertex 0.612293 1.47821 6
      vertex 0.799999 1.38564 4.5
      vertex 0.612293 1.47821 4.5
    endloop
  endfacet
  facet normal 0.321422 0.946936 -0
    outer loop
      vertex 0.612293 1.47821 4.5
      vertex 0.41411 1.54548 6
      vertex 0.612293 1.47821 6
    endloop
  endfacet
  facet normal 0.321422 0.946936 0
    outer loop
      vertex 0.41411 1.54548 6
      vertex 0.612293 1.47821 4.5
      vertex 0.41411 1.54548 4.5
    endloop
  endfacet
  facet normal -0.896866 0.442303 0
    outer loop
      vertex -1.47821 0.612293 4.5
      vertex -1.38564 0.799999 6
      vertex -1.38564 0.799999 4.5
    endloop
  endfacet
  facet normal -0.896866 0.442303 0
    outer loop
      vertex -1.38564 0.799999 6
      vertex -1.47821 0.612293 4.5
      vertex -1.47821 0.612293 6
    endloop
  endfacet
  facet normal -0.980786 0.195088 0
    outer loop
      vertex -1.58631 0.208841 4.5
      vertex -1.54548 0.41411 6
      vertex -1.54548 0.41411 4.5
    endloop
  endfacet
  facet normal -0.980786 0.195088 0
    outer loop
      vertex -1.54548 0.41411 6
      vertex -1.58631 0.208841 4.5
      vertex -1.58631 0.208841 6
    endloop
  endfacet
  facet normal -0.555551 -0.831482 0
    outer loop
      vertex -0.974018 -1.26937 4.5
      vertex -0.799999 -1.38564 6
      vertex -0.974018 -1.26937 6
    endloop
  endfacet
  facet normal -0.555551 -0.831482 -0
    outer loop
      vertex -0.799999 -1.38564 6
      vertex -0.974018 -1.26937 4.5
      vertex -0.799999 -1.38564 4.5
    endloop
  endfacet
  facet normal 0.555551 0.831482 -0
    outer loop
      vertex 0.974018 1.26937 4.5
      vertex 0.799999 1.38564 6
      vertex 0.974018 1.26937 6
    endloop
  endfacet
  facet normal 0.555551 0.831482 0
    outer loop
      vertex 0.799999 1.38564 6
      vertex 0.974018 1.26937 4.5
      vertex 0.799999 1.38564 4.5
    endloop
  endfacet
  facet normal 0.195088 0.980786 -0
    outer loop
      vertex 0.41411 1.54548 4.5
      vertex 0.208841 1.58631 6
      vertex 0.41411 1.54548 6
    endloop
  endfacet
  facet normal 0.195088 0.980786 0
    outer loop
      vertex 0.208841 1.58631 6
      vertex 0.41411 1.54548 4.5
      vertex 0.208841 1.58631 4.5
    endloop
  endfacet
  facet normal 0.659362 -0.751826 0
    outer loop
      vertex 0.974018 -1.26937 4.5
      vertex 1.13137 -1.13137 6
      vertex 0.974018 -1.26937 6
    endloop
  endfacet
  facet normal 0.659362 -0.751826 0
    outer loop
      vertex 1.13137 -1.13137 6
      vertex 0.974018 -1.26937 4.5
      vertex 1.13137 -1.13137 4.5
    endloop
  endfacet
  facet normal -0.946936 -0.321422 0
    outer loop
      vertex -1.47821 -0.612293 4.5
      vertex -1.54548 -0.41411 6
      vertex -1.54548 -0.41411 4.5
    endloop
  endfacet
  facet normal -0.946936 -0.321422 0
    outer loop
      vertex -1.54548 -0.41411 6
      vertex -1.47821 -0.612293 4.5
      vertex -1.47821 -0.612293 6
    endloop
  endfacet
  facet normal 0.0654119 0.997858 -0
    outer loop
      vertex 0.208841 1.58631 4.5
      vertex 0 1.6 6
      vertex 0.208841 1.58631 6
    endloop
  endfacet
  facet normal 0.0654119 0.997858 0
    outer loop
      vertex 0 1.6 6
      vertex 0.208841 1.58631 4.5
      vertex 0 1.6 4.5
    endloop
  endfacet
  facet normal -0.195088 -0.980786 0
    outer loop
      vertex -0.41411 -1.54548 4.5
      vertex -0.208841 -1.58631 6
      vertex -0.41411 -1.54548 6
    endloop
  endfacet
  facet normal -0.195088 -0.980786 -0
    outer loop
      vertex -0.208841 -1.58631 6
      vertex -0.41411 -1.54548 4.5
      vertex -0.208841 -1.58631 4.5
    endloop
  endfacet
  facet normal -0.659362 0.751826 0
    outer loop
      vertex -0.974018 1.26937 4.5
      vertex -1.13137 1.13137 6
      vertex -0.974018 1.26937 6
    endloop
  endfacet
  facet normal -0.659362 0.751826 0
    outer loop
      vertex -1.13137 1.13137 6
      vertex -0.974018 1.26937 4.5
      vertex -1.13137 1.13137 4.5
    endloop
  endfacet
  facet normal -0.896866 -0.442303 0
    outer loop
      vertex -1.38564 -0.799999 4.5
      vertex -1.47821 -0.612293 6
      vertex -1.47821 -0.612293 4.5
    endloop
  endfacet
  facet normal -0.896866 -0.442303 0
    outer loop
      vertex -1.47821 -0.612293 6
      vertex -1.38564 -0.799999 4.5
      vertex -1.38564 -0.799999 6
    endloop
  endfacet
  facet normal 0.896866 0.442303 0
    outer loop
      vertex 1.47821 0.612293 6
      vertex 1.38564 0.799999 4.5
      vertex 1.38564 0.799999 6
    endloop
  endfacet
  facet normal 0.896866 0.442303 0
    outer loop
      vertex 1.38564 0.799999 4.5
      vertex 1.47821 0.612293 6
      vertex 1.47821 0.612293 4.5
    endloop
  endfacet
  facet normal 0.751826 0.659362 0
    outer loop
      vertex 1.26937 0.974018 6
      vertex 1.13137 1.13137 4.5
      vertex 1.13137 1.13137 6
    endloop
  endfacet
  facet normal 0.751826 0.659362 0
    outer loop
      vertex 1.13137 1.13137 4.5
      vertex 1.26937 0.974018 6
      vertex 1.26937 0.974018 4.5
    endloop
  endfacet
  facet normal -0.0654119 0.997858 0
    outer loop
      vertex 0 1.6 4.5
      vertex -0.208841 1.58631 6
      vertex 0 1.6 6
    endloop
  endfacet
  facet normal -0.0654119 0.997858 0
    outer loop
      vertex -0.208841 1.58631 6
      vertex 0 1.6 4.5
      vertex -0.208841 1.58631 4.5
    endloop
  endfacet
  facet normal 0.0654119 -0.997858 0
    outer loop
      vertex 0 -1.6 4.5
      vertex 0.208841 -1.58631 6
      vertex 0 -1.6 6
    endloop
  endfacet
  facet normal 0.0654119 -0.997858 0
    outer loop
      vertex 0.208841 -1.58631 6
      vertex 0 -1.6 4.5
      vertex 0.208841 -1.58631 4.5
    endloop
  endfacet
  facet normal 0.555551 -0.831482 0
    outer loop
      vertex 0.799999 -1.38564 4.5
      vertex 0.974018 -1.26937 6
      vertex 0.799999 -1.38564 6
    endloop
  endfacet
  facet normal 0.555551 -0.831482 0
    outer loop
      vertex 0.974018 -1.26937 6
      vertex 0.799999 -1.38564 4.5
      vertex 0.974018 -1.26937 4.5
    endloop
  endfacet
  facet normal -0.997858 0.0654119 0
    outer loop
      vertex -1.6 0 4.5
      vertex -1.58631 0.208841 6
      vertex -1.58631 0.208841 4.5
    endloop
  endfacet
  facet normal -0.997858 0.0654119 0
    outer loop
      vertex -1.58631 0.208841 6
      vertex -1.6 0 4.5
      vertex -1.6 0 6
    endloop
  endfacet
  facet normal -0.751826 -0.659362 0
    outer loop
      vertex -1.13137 -1.13137 4.5
      vertex -1.26937 -0.974018 6
      vertex -1.26937 -0.974018 4.5
    endloop
  endfacet
  facet normal -0.751826 -0.659362 0
    outer loop
      vertex -1.26937 -0.974018 6
      vertex -1.13137 -1.13137 4.5
      vertex -1.13137 -1.13137 6
    endloop
  endfacet
  facet normal -0.0654119 -0.997858 0
    outer loop
      vertex -0.208841 -1.58631 4.5
      vertex 0 -1.6 6
      vertex -0.208841 -1.58631 6
    endloop
  endfacet
  facet normal -0.0654119 -0.997858 -0
    outer loop
      vertex 0 -1.6 6
      vertex -0.208841 -1.58631 4.5
      vertex 0 -1.6 4.5
    endloop
  endfacet
  facet normal -0.195088 0.980786 0
    outer loop
      vertex -0.208841 1.58631 4.5
      vertex -0.41411 1.54548 6
      vertex -0.208841 1.58631 6
    endloop
  endfacet
  facet normal -0.195088 0.980786 0
    outer loop
      vertex -0.41411 1.54548 6
      vertex -0.208841 1.58631 4.5
      vertex -0.41411 1.54548 4.5
    endloop
  endfacet
  facet normal -0.980786 -0.195088 0
    outer loop
      vertex -1.54548 -0.41411 4.5
      vertex -1.58631 -0.208841 6
      vertex -1.58631 -0.208841 4.5
    endloop
  endfacet
  facet normal -0.980786 -0.195088 0
    outer loop
      vertex -1.58631 -0.208841 6
      vertex -1.54548 -0.41411 4.5
      vertex -1.54548 -0.41411 6
    endloop
  endfacet
  facet normal -0.997858 -0.0654119 0
    outer loop
      vertex -1.58631 -0.208841 4.5
      vertex -1.6 0 6
      vertex -1.6 0 4.5
    endloop
  endfacet
  facet normal -0.997858 -0.0654119 0
    outer loop
      vertex -1.6 0 6
      vertex -1.58631 -0.208841 4.5
      vertex -1.58631 -0.208841 6
    endloop
  endfacet
  facet normal -0.442303 0.896866 0
    outer loop
      vertex -0.612293 1.47821 4.5
      vertex -0.799999 1.38564 6
      vertex -0.612293 1.47821 6
    endloop
  endfacet
  facet normal -0.442303 0.896866 0
    outer loop
      vertex -0.799999 1.38564 6
      vertex -0.612293 1.47821 4.5
      vertex -0.799999 1.38564 4.5
    endloop
  endfacet
  facet normal 0.659362 0.751826 -0
    outer loop
      vertex 1.13137 1.13137 4.5
      vertex 0.974018 1.26937 6
      vertex 1.13137 1.13137 6
    endloop
  endfacet
  facet normal 0.659362 0.751826 0
    outer loop
      vertex 0.974018 1.26937 6
      vertex 1.13137 1.13137 4.5
      vertex 0.974018 1.26937 4.5
    endloop
  endfacet
  facet normal -0.831482 -0.555551 0
    outer loop
      vertex -1.26937 -0.974018 4.5
      vertex -1.38564 -0.799999 6
      vertex -1.38564 -0.799999 4.5
    endloop
  endfacet
  facet normal -0.831482 -0.555551 0
    outer loop
      vertex -1.38564 -0.799999 6
      vertex -1.26937 -0.974018 4.5
      vertex -1.26937 -0.974018 6
    endloop
  endfacet
  facet normal -0.831482 0.555551 0
    outer loop
      vertex -1.38564 0.799999 4.5
      vertex -1.26937 0.974018 6
      vertex -1.26937 0.974018 4.5
    endloop
  endfacet
  facet normal -0.831482 0.555551 0
    outer loop
      vertex -1.26937 0.974018 6
      vertex -1.38564 0.799999 4.5
      vertex -1.38564 0.799999 6
    endloop
  endfacet
  facet normal -0 0 -1
    outer loop
      vertex 1.79999 1.2 0.5
      vertex 0 -2 0.5
      vertex -1.79999 1.2 0.5
    endloop
  endfacet
  facet normal 0 -1 0
    outer loop
      vertex -1.79999 1.2 0
      vertex 1.79999 1.2 0.5
      vertex -1.79999 1.2 0.5
    endloop
  endfacet
  facet normal 0 -1 -0
    outer loop
      vertex 1.79999 1.2 0.5
      vertex -1.79999 1.2 0
      vertex 1.79999 1.2 0
    endloop
  endfacet
  facet normal -0.871577 0.490259 0
    outer loop
      vertex 0 -2 0
      vertex 1.79999 1.2 0.5
      vertex 1.79999 1.2 0
    endloop
  endfacet
  facet normal -0.871577 0.490259 0
    outer loop
      vertex 1.79999 1.2 0.5
      vertex 0 -2 0
      vertex 0 -2 0.5
    endloop
  endfacet
  facet normal 0.871577 0.490259 0
    outer loop
      vertex 0 -2 0.5
      vertex -1.79999 1.2 0
      vertex -1.79999 1.2 0.5
    endloop
  endfacet
  facet normal 0.871577 0.490259 0
    outer loop
      vertex -1.79999 1.2 0
      vertex 0 -2 0.5
      vertex 0 -2 0
    endloop
  endfacet
  facet normal -1 0 0
    outer loop
      vertex 7.7 -4.3 4.49
      vertex 7.7 4.3 4.5
      vertex 7.7 4.3 4.49
    endloop
  endfacet
  facet normal -1 -0 0
    outer loop
      vertex 7.7 4.3 4.5
      vertex 7.7 -4.3 4.49
      vertex 7.7 -4.3 4.5
    endloop
  endfacet
  facet normal 0 0 1
    outer loop
      vertex 16.3 4.3 4.5
      vertex 13.6 0 4.5
      vertex 16.3 -4.3 4.5
    endloop
  endfacet
  facet normal 0 0 1
    outer loop
      vertex 16.3 4.3 4.5
      vertex 13.5863 0.208841 4.5
      vertex 13.6 0 4.5
    endloop
  endfacet
  facet normal 0 0 1
    outer loop
      vertex 16.3 4.3 4.5
      vertex 13.5455 0.41411 4.5
      vertex 13.5863 0.208841 4.5
    endloop
  endfacet
  facet normal 0 0 1
    outer loop
      vertex 16.3 4.3 4.5
      vertex 13.4782 0.612293 4.5
      vertex 13.5455 0.41411 4.5
    endloop
  endfacet
  facet normal 0 0 1
    outer loop
      vertex 16.3 4.3 4.5
      vertex 13.3856 0.799999 4.5
      vertex 13.4782 0.612293 4.5
    endloop
  endfacet
  facet normal 0 0 1
    outer loop
      vertex 16.3 4.3 4.5
      vertex 13.2694 0.974018 4.5
      vertex 13.3856 0.799999 4.5
    endloop
  endfacet
  facet normal 0 0 1
    outer loop
      vertex 16.3 4.3 4.5
      vertex 13.1314 1.13137 4.5
      vertex 13.2694 0.974018 4.5
    endloop
  endfacet
  facet normal 0 0 1
    outer loop
      vertex 16.3 4.3 4.5
      vertex 12.974 1.26937 4.5
      vertex 13.1314 1.13137 4.5
    endloop
  endfacet
  facet normal 0 0 1
    outer loop
      vertex 16.3 4.3 4.5
      vertex 12.8 1.38564 4.5
      vertex 12.974 1.26937 4.5
    endloop
  endfacet
  facet normal 0 0 1
    outer loop
      vertex 16.3 4.3 4.5
      vertex 12.6123 1.47821 4.5
      vertex 12.8 1.38564 4.5
    endloop
  endfacet
  facet normal 0 0 1
    outer loop
      vertex 16.3 4.3 4.5
      vertex 12.4141 1.54548 4.5
      vertex 12.6123 1.47821 4.5
    endloop
  endfacet
  facet normal 0 0 1
    outer loop
      vertex 16.3 4.3 4.5
      vertex 12.2088 1.58631 4.5
      vertex 12.4141 1.54548 4.5
    endloop
  endfacet
  facet normal 0 0 1
    outer loop
      vertex 16.3 4.3 4.5
      vertex 12 1.6 4.5
      vertex 12.2088 1.58631 4.5
    endloop
  endfacet
  facet normal -0 0 1
    outer loop
      vertex 7.7 4.3 4.5
      vertex 12 1.6 4.5
      vertex 16.3 4.3 4.5
    endloop
  endfacet
  facet normal 0 0 1
    outer loop
      vertex 12 1.6 4.5
      vertex 7.7 4.3 4.5
      vertex 11.7912 1.58631 4.5
    endloop
  endfacet
  facet normal 0 0 1
    outer loop
      vertex 11.7912 1.58631 4.5
      vertex 7.7 4.3 4.5
      vertex 11.5859 1.54548 4.5
    endloop
  endfacet
  facet normal 0 0 1
    outer loop
      vertex 11.5859 1.54548 4.5
      vertex 7.7 4.3 4.5
      vertex 11.3877 1.47821 4.5
    endloop
  endfacet
  facet normal 0 0 1
    outer loop
      vertex 10.4137 0.208841 4.5
      vertex 7.7 4.3 4.5
      vertex 10.4 0 4.5
    endloop
  endfacet
  facet normal 0 0 1
    outer loop
      vertex 10.4545 0.41411 4.5
      vertex 7.7 4.3 4.5
      vertex 10.4137 0.208841 4.5
    endloop
  endfacet
  facet normal 0 0 1
    outer loop
      vertex 10.5218 0.612293 4.5
      vertex 7.7 4.3 4.5
      vertex 10.4545 0.41411 4.5
    endloop
  endfacet
  facet normal 0 0 1
    outer loop
      vertex 10.6144 0.799999 4.5
      vertex 7.7 4.3 4.5
      vertex 10.5218 0.612293 4.5
    endloop
  endfacet
  facet normal 0 0 1
    outer loop
      vertex 10.7306 0.974018 4.5
      vertex 7.7 4.3 4.5
      vertex 10.6144 0.799999 4.5
    endloop
  endfacet
  facet normal 0 0 1
    outer loop
      vertex 10.8686 1.13137 4.5
      vertex 7.7 4.3 4.5
      vertex 10.7306 0.974018 4.5
    endloop
  endfacet
  facet normal 0 0 1
    outer loop
      vertex 11.026 1.26937 4.5
      vertex 7.7 4.3 4.5
      vertex 10.8686 1.13137 4.5
    endloop
  endfacet
  facet normal 0 0 1
    outer loop
      vertex 11.2 1.38564 4.5
      vertex 7.7 4.3 4.5
      vertex 11.026 1.26937 4.5
    endloop
  endfacet
  facet normal 0 0 1
    outer loop
      vertex 11.3877 1.47821 4.5
      vertex 7.7 4.3 4.5
      vertex 11.2 1.38564 4.5
    endloop
  endfacet
  facet normal -0 0 1
    outer loop
      vertex 13.5863 -0.208841 4.5
      vertex 16.3 -4.3 4.5
      vertex 13.6 0 4.5
    endloop
  endfacet
  facet normal -0 0 1
    outer loop
      vertex 13.5455 -0.41411 4.5
      vertex 16.3 -4.3 4.5
      vertex 13.5863 -0.208841 4.5
    endloop
  endfacet
  facet normal -0 0 1
    outer loop
      vertex 13.4782 -0.612293 4.5
      vertex 16.3 -4.3 4.5
      vertex 13.5455 -0.41411 4.5
    endloop
  endfacet
  facet normal -0 0 1
    outer loop
      vertex 13.3856 -0.799999 4.5
      vertex 16.3 -4.3 4.5
      vertex 13.4782 -0.612293 4.5
    endloop
  endfacet
  facet normal -0 0 1
    outer loop
      vertex 13.2694 -0.974018 4.5
      vertex 16.3 -4.3 4.5
      vertex 13.3856 -0.799999 4.5
    endloop
  endfacet
  facet normal -0 0 1
    outer loop
      vertex 13.1314 -1.13137 4.5
      vertex 16.3 -4.3 4.5
      vertex 13.2694 -0.974018 4.5
    endloop
  endfacet
  facet normal -0 0 1
    outer loop
      vertex 12.974 -1.26937 4.5
      vertex 16.3 -4.3 4.5
      vertex 13.1314 -1.13137 4.5
    endloop
  endfacet
  facet normal -0 0 1
    outer loop
      vertex 12.8 -1.38564 4.5
      vertex 16.3 -4.3 4.5
      vertex 12.974 -1.26937 4.5
    endloop
  endfacet
  facet normal -0 0 1
    outer loop
      vertex 12.6123 -1.47821 4.5
      vertex 16.3 -4.3 4.5
      vertex 12.8 -1.38564 4.5
    endloop
  endfacet
  facet normal -0 0 1
    outer loop
      vertex 12.4141 -1.54548 4.5
      vertex 16.3 -4.3 4.5
      vertex 12.6123 -1.47821 4.5
    endloop
  endfacet
  facet normal -0 0 1
    outer loop
      vertex 12.2088 -1.58631 4.5
      vertex 16.3 -4.3 4.5
      vertex 12.4141 -1.54548 4.5
    endloop
  endfacet
  facet normal -0 0 1
    outer loop
      vertex 12 -1.6 4.5
      vertex 16.3 -4.3 4.5
      vertex 12.2088 -1.58631 4.5
    endloop
  endfacet
  facet normal 0 0 1
    outer loop
      vertex 7.7 -4.3 4.5
      vertex 12 -1.6 4.5
      vertex 11.7912 -1.58631 4.5
    endloop
  endfacet
  facet normal 0 0 1
    outer loop
      vertex 7.7 -4.3 4.5
      vertex 11.7912 -1.58631 4.5
      vertex 11.5859 -1.54548 4.5
    endloop
  endfacet
  facet normal 0 0 1
    outer loop
      vertex 7.7 -4.3 4.5
      vertex 11.5859 -1.54548 4.5
      vertex 11.3877 -1.47821 4.5
    endloop
  endfacet
  facet normal 0 0 1
    outer loop
      vertex 7.7 -4.3 4.5
      vertex 11.3877 -1.47821 4.5
      vertex 11.2 -1.38564 4.5
    endloop
  endfacet
  facet normal 0 0 1
    outer loop
      vertex 7.7 -4.3 4.5
      vertex 10.4 0 4.5
      vertex 7.7 4.3 4.5
    endloop
  endfacet
  facet normal 0 0 1
    outer loop
      vertex 10.4 0 4.5
      vertex 7.7 -4.3 4.5
      vertex 10.4137 -0.208841 4.5
    endloop
  endfacet
  facet normal 0 0 1
    outer loop
      vertex 10.4137 -0.208841 4.5
      vertex 7.7 -4.3 4.5
      vertex 10.4545 -0.41411 4.5
    endloop
  endfacet
  facet normal 0 0 1
    outer loop
      vertex 10.4545 -0.41411 4.5
      vertex 7.7 -4.3 4.5
      vertex 10.5218 -0.612293 4.5
    endloop
  endfacet
  facet normal 0 0 1
    outer loop
      vertex 12 -1.6 4.5
      vertex 7.7 -4.3 4.5
      vertex 16.3 -4.3 4.5
    endloop
  endfacet
  facet normal 0 0 1
    outer loop
      vertex 11.026 -1.26937 4.5
      vertex 7.7 -4.3 4.5
      vertex 11.2 -1.38564 4.5
    endloop
  endfacet
  facet normal 0 0 1
    outer loop
      vertex 10.8686 -1.13137 4.5
      vertex 7.7 -4.3 4.5
      vertex 11.026 -1.26937 4.5
    endloop
  endfacet
  facet normal 0 0 1
    outer loop
      vertex 10.7306 -0.974018 4.5
      vertex 7.7 -4.3 4.5
      vertex 10.8686 -1.13137 4.5
    endloop
  endfacet
  facet normal 0 0 1
    outer loop
      vertex 10.6144 -0.799999 4.5
      vertex 7.7 -4.3 4.5
      vertex 10.7306 -0.974018 4.5
    endloop
  endfacet
  facet normal 0 0 1
    outer loop
      vertex 10.5218 -0.612293 4.5
      vertex 7.7 -4.3 4.5
      vertex 10.6144 -0.799999 4.5
    endloop
  endfacet
  facet normal 0 -0.707107 -0.707107
    outer loop
      vertex 8.7 -3.3 3.49
      vertex 16.3 -4.3 4.49
      vertex 7.7 -4.3 4.49
    endloop
  endfacet
  facet normal 0 -0.707107 -0.707107
    outer loop
      vertex 16.3 -4.3 4.49
      vertex 8.7 -3.3 3.49
      vertex 15.3 -3.3 3.49
    endloop
  endfacet
  facet normal 0.707107 0 -0.707107
    outer loop
      vertex 16.3 4.3 4.49
      vertex 15.3 -3.3 3.49
      vertex 15.3 3.3 3.49
    endloop
  endfacet
  facet normal 0.707107 0 -0.707107
    outer loop
      vertex 15.3 -3.3 3.49
      vertex 16.3 4.3 4.49
      vertex 16.3 -4.3 4.49
    endloop
  endfacet
  facet normal 0 0.707107 -0.707107
    outer loop
      vertex 15.3 3.3 3.49
      vertex 7.7 4.3 4.49
      vertex 16.3 4.3 4.49
    endloop
  endfacet
  facet normal 0 0.707107 -0.707107
    outer loop
      vertex 7.7 4.3 4.49
      vertex 15.3 3.3 3.49
      vertex 8.7 3.3 3.49
    endloop
  endfacet
  facet normal -0.707107 0 -0.707107
    outer loop
      vertex 8.7 -3.3 3.49
      vertex 7.7 4.3 4.49
      vertex 8.7 3.3 3.49
    endloop
  endfacet
  facet normal -0.707107 -0 -0.707107
    outer loop
      vertex 7.7 4.3 4.49
      vertex 8.7 -3.3 3.49
      vertex 7.7 -4.3 4.49
    endloop
  endfacet
  facet normal 0 -1 0
    outer loop
      vertex 7.7 -4.3 4.49
      vertex 16.3 -4.3 4.5
      vertex 7.7 -4.3 4.5
    endloop
  endfacet
  facet normal 0 -1 -0
    outer loop
      vertex 16.3 -4.3 4.5
      vertex 7.7 -4.3 4.49
      vertex 16.3 -4.3 4.49
    endloop
  endfacet
  facet normal 0 1 -0
    outer loop
      vertex 16.3 4.3 4.49
      vertex 7.7 4.3 4.5
      vertex 16.3 4.3 4.5
    endloop
  endfacet
  facet normal 0 1 0
    outer loop
      vertex 7.7 4.3 4.5
      vertex 16.3 4.3 4.49
      vertex 7.7 4.3 4.49
    endloop
  endfacet
  facet normal 1 -0 0
    outer loop
      vertex 16.3 -4.3 4.5
      vertex 16.3 4.3 4.49
      vertex 16.3 4.3 4.5
    endloop
  endfacet
  facet normal 1 0 0
    outer loop
      vertex 16.3 4.3 4.49
      vertex 16.3 -4.3 4.5
      vertex 16.3 -4.3 4.49
    endloop
  endfacet
  facet normal -1 0 0
    outer loop
      vertex 8.7 -3.3 0
      vertex 8.7 3.3 3.49
      vertex 8.7 3.3 0
    endloop
  endfacet
  facet normal -1 -0 0
    outer loop
      vertex 8.7 3.3 3.49
      vertex 8.7 -3.3 0
      vertex 8.7 -3.3 3.49
    endloop
  endfacet
  facet normal 0 0 -1
    outer loop
      vertex 15.3 -3.3 0
      vertex 14 0 0
      vertex 15.3 3.3 0
    endloop
  endfacet
  facet normal 0 0 -1
    outer loop
      vertex 15.3 -3.3 0
      vertex 10.8 -1.79999 0
      vertex 14 0 0
    endloop
  endfacet
  facet normal -0 0 -1
    outer loop
      vertex 10.8 -1.79999 0
      vertex 8.7 -3.3 0
      vertex 10.8 1.79999 0
    endloop
  endfacet
  facet normal 0 0 -1
    outer loop
      vertex 8.7 -3.3 0
      vertex 10.8 -1.79999 0
      vertex 15.3 -3.3 0
    endloop
  endfacet
  facet normal 0 0 -1
    outer loop
      vertex 10.8 1.79999 0
      vertex 15.3 3.3 0
      vertex 14 0 0
    endloop
  endfacet
  facet normal 0 0 -1
    outer loop
      vertex 10.8 1.79999 0
      vertex 8.7 3.3 0
      vertex 15.3 3.3 0
    endloop
  endfacet
  facet normal 0 0 -1
    outer loop
      vertex 8.7 3.3 0
      vertex 10.8 1.79999 0
      vertex 8.7 -3.3 0
    endloop
  endfacet
  facet normal 0 -1 0
    outer loop
      vertex 8.7 -3.3 0
      vertex 15.3 -3.3 3.49
      vertex 8.7 -3.3 3.49
    endloop
  endfacet
  facet normal 0 -1 -0
    outer loop
      vertex 15.3 -3.3 3.49
      vertex 8.7 -3.3 0
      vertex 15.3 -3.3 0
    endloop
  endfacet
  facet normal 1 -0 0
    outer loop
      vertex 15.3 -3.3 3.49
      vertex 15.3 3.3 0
      vertex 15.3 3.3 3.49
    endloop
  endfacet
  facet normal 1 0 0
    outer loop
      vertex 15.3 3.3 0
      vertex 15.3 -3.3 3.49
      vertex 15.3 -3.3 0
    endloop
  endfacet
  facet normal 0 1 -0
    outer loop
      vertex 15.3 3.3 0
      vertex 8.7 3.3 3.49
      vertex 15.3 3.3 3.49
    endloop
  endfacet
  facet normal 0 1 0
    outer loop
      vertex 8.7 3.3 3.49
      vertex 15.3 3.3 0
      vertex 8.7 3.3 0
    endloop
  endfacet
  facet normal 0.195059 -0.980791 0
    outer loop
      vertex 12.2088 -1.58631 4.5
      vertex 12.4141 -1.54548 6
      vertex 12.2088 -1.58631 6
    endloop
  endfacet
  facet normal 0.195059 -0.980791 0
    outer loop
      vertex 12.4141 -1.54548 6
      vertex 12.2088 -1.58631 4.5
      vertex 12.4141 -1.54548 4.5
    endloop
  endfacet
  facet normal 0.980813 -0.19495 0
    outer loop
      vertex 13.5455 -0.41411 6
      vertex 13.5863 -0.208841 4.5
      vertex 13.5863 -0.208841 6
    endloop
  endfacet
  facet normal 0.980813 -0.19495 0
    outer loop
      vertex 13.5863 -0.208841 4.5
      vertex 13.5455 -0.41411 6
      vertex 13.5455 -0.41411 4.5
    endloop
  endfacet
  facet normal 0.997855 -0.0654594 0
    outer loop
      vertex 13.5863 -0.208841 6
      vertex 13.6 0 4.5
      vertex 13.6 0 6
    endloop
  endfacet
  facet normal 0.997855 -0.0654594 0
    outer loop
      vertex 13.6 0 4.5
      vertex 13.5863 -0.208841 6
      vertex 13.5863 -0.208841 4.5
    endloop
  endfacet
  facet normal 0.946892 -0.321551 0
    outer loop
      vertex 13.4782 -0.612293 6
      vertex 13.5455 -0.41411 4.5
      vertex 13.5455 -0.41411 6
    endloop
  endfacet
  facet normal 0.946892 -0.321551 0
    outer loop
      vertex 13.5455 -0.41411 4.5
      vertex 13.4782 -0.612293 6
      vertex 13.4782 -0.612293 4.5
    endloop
  endfacet
  facet normal 0.831637 -0.55532 0
    outer loop
      vertex 13.2694 -0.974018 6
      vertex 13.3856 -0.799999 4.5
      vertex 13.3856 -0.799999 6
    endloop
  endfacet
  facet normal 0.831637 -0.55532 0
    outer loop
      vertex 13.3856 -0.799999 4.5
      vertex 13.2694 -0.974018 6
      vertex 13.2694 -0.974018 4.5
    endloop
  endfacet
  facet normal 0.321397 -0.946944 0
    outer loop
      vertex 12.4141 -1.54548 4.5
      vertex 12.6123 -1.47821 6
      vertex 12.4141 -1.54548 6
    endloop
  endfacet
  facet normal 0.321397 -0.946944 0
    outer loop
      vertex 12.6123 -1.47821 6
      vertex 12.4141 -1.54548 4.5
      vertex 12.6123 -1.47821 4.5
    endloop
  endfacet
  facet normal 0.997855 0.0654594 0
    outer loop
      vertex 13.6 0 6
      vertex 13.5863 0.208841 4.5
      vertex 13.5863 0.208841 6
    endloop
  endfacet
  facet normal 0.997855 0.0654594 0
    outer loop
      vertex 13.5863 0.208841 4.5
      vertex 13.6 0 6
      vertex 13.6 0 4.5
    endloop
  endfacet
  facet normal -0.555593 0.831454 0
    outer loop
      vertex 11.2 1.38564 4.5
      vertex 11.026 1.26937 6
      vertex 11.2 1.38564 6
    endloop
  endfacet
  facet normal -0.555593 0.831454 0
    outer loop
      vertex 11.026 1.26937 6
      vertex 11.2 1.38564 4.5
      vertex 11.026 1.26937 4.5
    endloop
  endfacet
  facet normal -0.321397 0.946944 0
    outer loop
      vertex 11.5859 1.54548 4.5
      vertex 11.3877 1.47821 6
      vertex 11.5859 1.54548 6
    endloop
  endfacet
  facet normal -0.321397 0.946944 0
    outer loop
      vertex 11.3877 1.47821 6
      vertex 11.5859 1.54548 4.5
      vertex 11.3877 1.47821 4.5
    endloop
  endfacet
  facet normal 0.896809 -0.442418 0
    outer loop
      vertex 13.3856 -0.799999 6
      vertex 13.4782 -0.612293 4.5
      vertex 13.4782 -0.612293 6
    endloop
  endfacet
  facet normal 0.896809 -0.442418 0
    outer loop
      vertex 13.4782 -0.612293 4.5
      vertex 13.3856 -0.799999 6
      vertex 13.3856 -0.799999 4.5
    endloop
  endfacet
  facet normal -0.321397 -0.946944 0
    outer loop
      vertex 11.3877 -1.47821 4.5
      vertex 11.5859 -1.54548 6
      vertex 11.3877 -1.47821 6
    endloop
  endfacet
  facet normal -0.321397 -0.946944 -0
    outer loop
      vertex 11.5859 -1.54548 6
      vertex 11.3877 -1.47821 4.5
      vertex 11.5859 -1.54548 4.5
    endloop
  endfacet
  facet normal 0.751826 -0.659362 0
    outer loop
      vertex 13.1314 -1.13137 6
      vertex 13.2694 -0.974018 4.5
      vertex 13.2694 -0.974018 6
    endloop
  endfacet
  facet normal 0.751826 -0.659362 0
    outer loop
      vertex 13.2694 -0.974018 4.5
      vertex 13.1314 -1.13137 6
      vertex 13.1314 -1.13137 4.5
    endloop
  endfacet
  facet normal 0 0 1
    outer loop
      vertex 13.5863 0.208841 6
      vertex 13.5863 -0.208841 6
      vertex 13.6 0 6
    endloop
  endfacet
  facet normal 0 0 1
    outer loop
      vertex 13.5455 0.41411 6
      vertex 13.5863 -0.208841 6
      vertex 13.5863 0.208841 6
    endloop
  endfacet
  facet normal 0 0 1
    outer loop
      vertex 13.5455 0.41411 6
      vertex 13.5455 -0.41411 6
      vertex 13.5863 -0.208841 6
    endloop
  endfacet
  facet normal 0 0 1
    outer loop
      vertex 13.4782 0.612293 6
      vertex 13.5455 -0.41411 6
      vertex 13.5455 0.41411 6
    endloop
  endfacet
  facet normal 0 0 1
    outer loop
      vertex 13.4782 0.612293 6
      vertex 13.4782 -0.612293 6
      vertex 13.5455 -0.41411 6
    endloop
  endfacet
  facet normal 0 0 1
    outer loop
      vertex 13.3856 0.799999 6
      vertex 13.4782 -0.612293 6
      vertex 13.4782 0.612293 6
    endloop
  endfacet
  facet normal 0 0 1
    outer loop
      vertex 13.3856 0.799999 6
      vertex 13.3856 -0.799999 6
      vertex 13.4782 -0.612293 6
    endloop
  endfacet
  facet normal 0 0 1
    outer loop
      vertex 13.2694 0.974018 6
      vertex 13.3856 -0.799999 6
      vertex 13.3856 0.799999 6
    endloop
  endfacet
  facet normal 0 0 1
    outer loop
      vertex 13.2694 0.974018 6
      vertex 13.2694 -0.974018 6
      vertex 13.3856 -0.799999 6
    endloop
  endfacet
  facet normal 0 0 1
    outer loop
      vertex 13.1314 1.13137 6
      vertex 13.2694 -0.974018 6
      vertex 13.2694 0.974018 6
    endloop
  endfacet
  facet normal 0 0 1
    outer loop
      vertex 13.1314 1.13137 6
      vertex 13.1314 -1.13137 6
      vertex 13.2694 -0.974018 6
    endloop
  endfacet
  facet normal 0 0 1
    outer loop
      vertex 12.974 1.26937 6
      vertex 13.1314 -1.13137 6
      vertex 13.1314 1.13137 6
    endloop
  endfacet
  facet normal 0 0 1
    outer loop
      vertex 12.974 1.26937 6
      vertex 12.974 -1.26937 6
      vertex 13.1314 -1.13137 6
    endloop
  endfacet
  facet normal 0 0 1
    outer loop
      vertex 12.8 1.38564 6
      vertex 12.974 -1.26937 6
      vertex 12.974 1.26937 6
    endloop
  endfacet
  facet normal 0 0 1
    outer loop
      vertex 12.8 1.38564 6
      vertex 12.8 -1.38564 6
      vertex 12.974 -1.26937 6
    endloop
  endfacet
  facet normal 0 0 1
    outer loop
      vertex 12.6123 1.47821 6
      vertex 12.8 -1.38564 6
      vertex 12.8 1.38564 6
    endloop
  endfacet
  facet normal 0 0 1
    outer loop
      vertex 12.6123 1.47821 6
      vertex 12.6123 -1.47821 6
      vertex 12.8 -1.38564 6
    endloop
  endfacet
  facet normal 0 0 1
    outer loop
      vertex 12.4141 1.54548 6
      vertex 12.6123 -1.47821 6
      vertex 12.6123 1.47821 6
    endloop
  endfacet
  facet normal 0 0 1
    outer loop
      vertex 12.4141 1.54548 6
      vertex 12.4141 -1.54548 6
      vertex 12.6123 -1.47821 6
    endloop
  endfacet
  facet normal 0 0 1
    outer loop
      vertex 12.2088 1.58631 6
      vertex 12.4141 -1.54548 6
      vertex 12.4141 1.54548 6
    endloop
  endfacet
  facet normal 0 0 1
    outer loop
      vertex 12.2088 1.58631 6
      vertex 12.2088 -1.58631 6
      vertex 12.4141 -1.54548 6
    endloop
  endfacet
  facet normal 0 0 1
    outer loop
      vertex 12 1.6 6
      vertex 12.2088 -1.58631 6
      vertex 12.2088 1.58631 6
    endloop
  endfacet
  facet normal 0 0 1
    outer loop
      vertex 12 1.6 6
      vertex 12 -1.6 6
      vertex 12.2088 -1.58631 6
    endloop
  endfacet
  facet normal -0 0 1
    outer loop
      vertex 11.7912 1.58631 6
      vertex 12 -1.6 6
      vertex 12 1.6 6
    endloop
  endfacet
  facet normal 0 0 1
    outer loop
      vertex 11.7912 1.58631 6
      vertex 11.7912 -1.58631 6
      vertex 12 -1.6 6
    endloop
  endfacet
  facet normal -0 0 1
    outer loop
      vertex 11.5859 1.54548 6
      vertex 11.7912 -1.58631 6
      vertex 11.7912 1.58631 6
    endloop
  endfacet
  facet normal 0 0 1
    outer loop
      vertex 11.5859 1.54548 6
      vertex 11.5859 -1.54548 6
      vertex 11.7912 -1.58631 6
    endloop
  endfacet
  facet normal -0 0 1
    outer loop
      vertex 11.3877 1.47821 6
      vertex 11.5859 -1.54548 6
      vertex 11.5859 1.54548 6
    endloop
  endfacet
  facet normal 0 0 1
    outer loop
      vertex 11.3877 1.47821 6
      vertex 11.3877 -1.47821 6
      vertex 11.5859 -1.54548 6
    endloop
  endfacet
  facet normal -0 0 1
    outer loop
      vertex 11.2 1.38564 6
      vertex 11.3877 -1.47821 6
      vertex 11.3877 1.47821 6
    endloop
  endfacet
  facet normal 0 0 1
    outer loop
      vertex 11.2 1.38564 6
      vertex 11.2 -1.38564 6
      vertex 11.3877 -1.47821 6
    endloop
  endfacet
  facet normal -0 0 1
    outer loop
      vertex 11.026 1.26937 6
      vertex 11.2 -1.38564 6
      vertex 11.2 1.38564 6
    endloop
  endfacet
  facet normal 0 0 1
    outer loop
      vertex 11.026 1.26937 6
      vertex 11.026 -1.26937 6
      vertex 11.2 -1.38564 6
    endloop
  endfacet
  facet normal -0 0 1
    outer loop
      vertex 10.8686 1.13137 6
      vertex 11.026 -1.26937 6
      vertex 11.026 1.26937 6
    endloop
  endfacet
  facet normal 0 0 1
    outer loop
      vertex 10.8686 1.13137 6
      vertex 10.8686 -1.13137 6
      vertex 11.026 -1.26937 6
    endloop
  endfacet
  facet normal -0 0 1
    outer loop
      vertex 10.7306 0.974018 6
      vertex 10.8686 -1.13137 6
      vertex 10.8686 1.13137 6
    endloop
  endfacet
  facet normal 0 0 1
    outer loop
      vertex 10.7306 0.974018 6
      vertex 10.7306 -0.974018 6
      vertex 10.8686 -1.13137 6
    endloop
  endfacet
  facet normal -0 0 1
    outer loop
      vertex 10.6144 0.799999 6
      vertex 10.7306 -0.974018 6
      vertex 10.7306 0.974018 6
    endloop
  endfacet
  facet normal 0 0 1
    outer loop
      vertex 10.6144 0.799999 6
      vertex 10.6144 -0.799999 6
      vertex 10.7306 -0.974018 6
    endloop
  endfacet
  facet normal -0 0 1
    outer loop
      vertex 10.5218 0.612293 6
      vertex 10.6144 -0.799999 6
      vertex 10.6144 0.799999 6
    endloop
  endfacet
  facet normal 0 0 1
    outer loop
      vertex 10.5218 0.612293 6
      vertex 10.5218 -0.612293 6
      vertex 10.6144 -0.799999 6
    endloop
  endfacet
  facet normal -0 0 1
    outer loop
      vertex 10.4545 0.41411 6
      vertex 10.5218 -0.612293 6
      vertex 10.5218 0.612293 6
    endloop
  endfacet
  facet normal 0 0 1
    outer loop
      vertex 10.4545 0.41411 6
      vertex 10.4545 -0.41411 6
      vertex 10.5218 -0.612293 6
    endloop
  endfacet
  facet normal -0 0 1
    outer loop
      vertex 10.4137 0.208841 6
      vertex 10.4545 -0.41411 6
      vertex 10.4545 0.41411 6
    endloop
  endfacet
  facet normal 0 0 1
    outer loop
      vertex 10.4137 0.208841 6
      vertex 10.4137 -0.208841 6
      vertex 10.4545 -0.41411 6
    endloop
  endfacet
  facet normal 0 -0 1
    outer loop
      vertex 10.4137 -0.208841 6
      vertex 10.4137 0.208841 6
      vertex 10.4 0 6
    endloop
  endfacet
  facet normal 0.946892 0.321551 0
    outer loop
      vertex 13.5455 0.41411 6
      vertex 13.4782 0.612293 4.5
      vertex 13.4782 0.612293 6
    endloop
  endfacet
  facet normal 0.946892 0.321551 0
    outer loop
      vertex 13.4782 0.612293 4.5
      vertex 13.5455 0.41411 6
      vertex 13.5455 0.41411 4.5
    endloop
  endfacet
  facet normal -0.751826 0.659362 0
    outer loop
      vertex 10.7306 0.974018 4.5
      vertex 10.8686 1.13137 6
      vertex 10.8686 1.13137 4.5
    endloop
  endfacet
  facet normal -0.751826 0.659362 0
    outer loop
      vertex 10.8686 1.13137 6
      vertex 10.7306 0.974018 4.5
      vertex 10.7306 0.974018 6
    endloop
  endfacet
  facet normal 0.980813 0.19495 0
    outer loop
      vertex 13.5863 0.208841 6
      vertex 13.5455 0.41411 4.5
      vertex 13.5455 0.41411 6
    endloop
  endfacet
  facet normal 0.980813 0.19495 0
    outer loop
      vertex 13.5455 0.41411 4.5
      vertex 13.5863 0.208841 6
      vertex 13.5863 0.208841 4.5
    endloop
  endfacet
  facet normal -0.659248 -0.751925 0
    outer loop
      vertex 10.8686 -1.13137 4.5
      vertex 11.026 -1.26937 6
      vertex 10.8686 -1.13137 6
    endloop
  endfacet
  facet normal -0.659248 -0.751925 -0
    outer loop
      vertex 11.026 -1.26937 6
      vertex 10.8686 -1.13137 4.5
      vertex 11.026 -1.26937 4.5
    endloop
  endfacet
  facet normal -0.946892 0.321551 0
    outer loop
      vertex 10.4545 0.41411 4.5
      vertex 10.5218 0.612293 6
      vertex 10.5218 0.612293 4.5
    endloop
  endfacet
  facet normal -0.946892 0.321551 0
    outer loop
      vertex 10.5218 0.612293 6
      vertex 10.4545 0.41411 4.5
      vertex 10.4545 0.41411 6
    endloop
  endfacet
  facet normal 0.831637 0.55532 0
    outer loop
      vertex 13.3856 0.799999 6
      vertex 13.2694 0.974018 4.5
      vertex 13.2694 0.974018 6
    endloop
  endfacet
  facet normal 0.831637 0.55532 0
    outer loop
      vertex 13.2694 0.974018 4.5
      vertex 13.3856 0.799999 6
      vertex 13.3856 0.799999 4.5
    endloop
  endfacet
  facet normal 0.442314 -0.89686 0
    outer loop
      vertex 12.6123 -1.47821 4.5
      vertex 12.8 -1.38564 6
      vertex 12.6123 -1.47821 6
    endloop
  endfacet
  facet normal 0.442314 -0.89686 0
    outer loop
      vertex 12.8 -1.38564 6
      vertex 12.6123 -1.47821 4.5
      vertex 12.8 -1.38564 4.5
    endloop
  endfacet
  facet normal -0.442314 -0.89686 0
    outer loop
      vertex 11.2 -1.38564 4.5
      vertex 11.3877 -1.47821 6
      vertex 11.2 -1.38564 6
    endloop
  endfacet
  facet normal -0.442314 -0.89686 -0
    outer loop
      vertex 11.3877 -1.47821 6
      vertex 11.2 -1.38564 4.5
      vertex 11.3877 -1.47821 4.5
    endloop
  endfacet
  facet normal 0.442314 0.89686 -0
    outer loop
      vertex 12.8 1.38564 4.5
      vertex 12.6123 1.47821 6
      vertex 12.8 1.38564 6
    endloop
  endfacet
  facet normal 0.442314 0.89686 0
    outer loop
      vertex 12.6123 1.47821 6
      vertex 12.8 1.38564 4.5
      vertex 12.6123 1.47821 4.5
    endloop
  endfacet
  facet normal 0.321397 0.946944 -0
    outer loop
      vertex 12.6123 1.47821 4.5
      vertex 12.4141 1.54548 6
      vertex 12.6123 1.47821 6
    endloop
  endfacet
  facet normal 0.321397 0.946944 0
    outer loop
      vertex 12.4141 1.54548 6
      vertex 12.6123 1.47821 4.5
      vertex 12.4141 1.54548 4.5
    endloop
  endfacet
  facet normal -0.896809 0.442418 0
    outer loop
      vertex 10.5218 0.612293 4.5
      vertex 10.6144 0.799999 6
      vertex 10.6144 0.799999 4.5
    endloop
  endfacet
  facet normal -0.896809 0.442418 0
    outer loop
      vertex 10.6144 0.799999 6
      vertex 10.5218 0.612293 4.5
      vertex 10.5218 0.612293 6
    endloop
  endfacet
  facet normal -0.980813 0.19495 0
    outer loop
      vertex 10.4137 0.208841 4.5
      vertex 10.4545 0.41411 6
      vertex 10.4545 0.41411 4.5
    endloop
  endfacet
  facet normal -0.980813 0.19495 0
    outer loop
      vertex 10.4545 0.41411 6
      vertex 10.4137 0.208841 4.5
      vertex 10.4137 0.208841 6
    endloop
  endfacet
  facet normal -0.555593 -0.831454 0
    outer loop
      vertex 11.026 -1.26937 4.5
      vertex 11.2 -1.38564 6
      vertex 11.026 -1.26937 6
    endloop
  endfacet
  facet normal -0.555593 -0.831454 -0
    outer loop
      vertex 11.2 -1.38564 6
      vertex 11.026 -1.26937 4.5
      vertex 11.2 -1.38564 4.5
    endloop
  endfacet
  facet normal 0.555593 0.831454 -0
    outer loop
      vertex 12.974 1.26937 4.5
      vertex 12.8 1.38564 6
      vertex 12.974 1.26937 6
    endloop
  endfacet
  facet normal 0.555593 0.831454 0
    outer loop
      vertex 12.8 1.38564 6
      vertex 12.974 1.26937 4.5
      vertex 12.8 1.38564 4.5
    endloop
  endfacet
  facet normal 0.195059 0.980791 -0
    outer loop
      vertex 12.4141 1.54548 4.5
      vertex 12.2088 1.58631 6
      vertex 12.4141 1.54548 6
    endloop
  endfacet
  facet normal 0.195059 0.980791 0
    outer loop
      vertex 12.2088 1.58631 6
      vertex 12.4141 1.54548 4.5
      vertex 12.2088 1.58631 4.5
    endloop
  endfacet
  facet normal 0.659248 -0.751925 0
    outer loop
      vertex 12.974 -1.26937 4.5
      vertex 13.1314 -1.13137 6
      vertex 12.974 -1.26937 6
    endloop
  endfacet
  facet normal 0.659248 -0.751925 0
    outer loop
      vertex 13.1314 -1.13137 6
      vertex 12.974 -1.26937 4.5
      vertex 13.1314 -1.13137 4.5
    endloop
  endfacet
  facet normal -0.946892 -0.321551 0
    outer loop
      vertex 10.5218 -0.612293 4.5
      vertex 10.4545 -0.41411 6
      vertex 10.4545 -0.41411 4.5
    endloop
  endfacet
  facet normal -0.946892 -0.321551 0
    outer loop
      vertex 10.4545 -0.41411 6
      vertex 10.5218 -0.612293 4.5
      vertex 10.5218 -0.612293 6
    endloop
  endfacet
  facet normal 0.0654247 0.997858 -0
    outer loop
      vertex 12.2088 1.58631 4.5
      vertex 12 1.6 6
      vertex 12.2088 1.58631 6
    endloop
  endfacet
  facet normal 0.0654247 0.997858 0
    outer loop
      vertex 12 1.6 6
      vertex 12.2088 1.58631 4.5
      vertex 12 1.6 4.5
    endloop
  endfacet
  facet normal -0.195059 -0.980791 0
    outer loop
      vertex 11.5859 -1.54548 4.5
      vertex 11.7912 -1.58631 6
      vertex 11.5859 -1.54548 6
    endloop
  endfacet
  facet normal -0.195059 -0.980791 -0
    outer loop
      vertex 11.7912 -1.58631 6
      vertex 11.5859 -1.54548 4.5
      vertex 11.7912 -1.58631 4.5
    endloop
  endfacet
  facet normal -0.659248 0.751925 0
    outer loop
      vertex 11.026 1.26937 4.5
      vertex 10.8686 1.13137 6
      vertex 11.026 1.26937 6
    endloop
  endfacet
  facet normal -0.659248 0.751925 0
    outer loop
      vertex 10.8686 1.13137 6
      vertex 11.026 1.26937 4.5
      vertex 10.8686 1.13137 4.5
    endloop
  endfacet
  facet normal -0.896809 -0.442418 0
    outer loop
      vertex 10.6144 -0.799999 4.5
      vertex 10.5218 -0.612293 6
      vertex 10.5218 -0.612293 4.5
    endloop
  endfacet
  facet normal -0.896809 -0.442418 0
    outer loop
      vertex 10.5218 -0.612293 6
      vertex 10.6144 -0.799999 4.5
      vertex 10.6144 -0.799999 6
    endloop
  endfacet
  facet normal 0.896809 0.442418 0
    outer loop
      vertex 13.4782 0.612293 6
      vertex 13.3856 0.799999 4.5
      vertex 13.3856 0.799999 6
    endloop
  endfacet
  facet normal 0.896809 0.442418 0
    outer loop
      vertex 13.3856 0.799999 4.5
      vertex 13.4782 0.612293 6
      vertex 13.4782 0.612293 4.5
    endloop
  endfacet
  facet normal 0.751826 0.659362 0
    outer loop
      vertex 13.2694 0.974018 6
      vertex 13.1314 1.13137 4.5
      vertex 13.1314 1.13137 6
    endloop
  endfacet
  facet normal 0.751826 0.659362 0
    outer loop
      vertex 13.1314 1.13137 4.5
      vertex 13.2694 0.974018 6
      vertex 13.2694 0.974018 4.5
    endloop
  endfacet
  facet normal -0.0654247 0.997858 0
    outer loop
      vertex 12 1.6 4.5
      vertex 11.7912 1.58631 6
      vertex 12 1.6 6
    endloop
  endfacet
  facet normal -0.0654247 0.997858 0
    outer loop
      vertex 11.7912 1.58631 6
      vertex 12 1.6 4.5
      vertex 11.7912 1.58631 4.5
    endloop
  endfacet
  facet normal 0.0654247 -0.997858 0
    outer loop
      vertex 12 -1.6 4.5
      vertex 12.2088 -1.58631 6
      vertex 12 -1.6 6
    endloop
  endfacet
  facet normal 0.0654247 -0.997858 0
    outer loop
      vertex 12.2088 -1.58631 6
      vertex 12 -1.6 4.5
      vertex 12.2088 -1.58631 4.5
    endloop
  endfacet
  facet normal 0.555593 -0.831454 0
    outer loop
      vertex 12.8 -1.38564 4.5
      vertex 12.974 -1.26937 6
      vertex 12.8 -1.38564 6
    endloop
  endfacet
  facet normal 0.555593 -0.831454 0
    outer loop
      vertex 12.974 -1.26937 6
      vertex 12.8 -1.38564 4.5
      vertex 12.974 -1.26937 4.5
    endloop
  endfacet
  facet normal -0.997855 0.0654594 0
    outer loop
      vertex 10.4 0 4.5
      vertex 10.4137 0.208841 6
      vertex 10.4137 0.208841 4.5
    endloop
  endfacet
  facet normal -0.997855 0.0654594 0
    outer loop
      vertex 10.4137 0.208841 6
      vertex 10.4 0 4.5
      vertex 10.4 0 6
    endloop
  endfacet
  facet normal -0.751826 -0.659362 0
    outer loop
      vertex 10.8686 -1.13137 4.5
      vertex 10.7306 -0.974018 6
      vertex 10.7306 -0.974018 4.5
    endloop
  endfacet
  facet normal -0.751826 -0.659362 0
    outer loop
      vertex 10.7306 -0.974018 6
      vertex 10.8686 -1.13137 4.5
      vertex 10.8686 -1.13137 6
    endloop
  endfacet
  facet normal -0.0654247 -0.997858 0
    outer loop
      vertex 11.7912 -1.58631 4.5
      vertex 12 -1.6 6
      vertex 11.7912 -1.58631 6
    endloop
  endfacet
  facet normal -0.0654247 -0.997858 -0
    outer loop
      vertex 12 -1.6 6
      vertex 11.7912 -1.58631 4.5
      vertex 12 -1.6 4.5
    endloop
  endfacet
  facet normal -0.195059 0.980791 0
    outer loop
      vertex 11.7912 1.58631 4.5
      vertex 11.5859 1.54548 6
      vertex 11.7912 1.58631 6
    endloop
  endfacet
  facet normal -0.195059 0.980791 0
    outer loop
      vertex 11.5859 1.54548 6
      vertex 11.7912 1.58631 4.5
      vertex 11.5859 1.54548 4.5
    endloop
  endfacet
  facet normal -0.980813 -0.19495 0
    outer loop
      vertex 10.4545 -0.41411 4.5
      vertex 10.4137 -0.208841 6
      vertex 10.4137 -0.208841 4.5
    endloop
  endfacet
  facet normal -0.980813 -0.19495 0
    outer loop
      vertex 10.4137 -0.208841 6
      vertex 10.4545 -0.41411 4.5
      vertex 10.4545 -0.41411 6
    endloop
  endfacet
  facet normal -0.997855 -0.0654594 0
    outer loop
      vertex 10.4137 -0.208841 4.5
      vertex 10.4 0 6
      vertex 10.4 0 4.5
    endloop
  endfacet
  facet normal -0.997855 -0.0654594 0
    outer loop
      vertex 10.4 0 6
      vertex 10.4137 -0.208841 4.5
      vertex 10.4137 -0.208841 6
    endloop
  endfacet
  facet normal -0.442314 0.89686 0
    outer loop
      vertex 11.3877 1.47821 4.5
      vertex 11.2 1.38564 6
      vertex 11.3877 1.47821 6
    endloop
  endfacet
  facet normal -0.442314 0.89686 0
    outer loop
      vertex 11.2 1.38564 6
      vertex 11.3877 1.47821 4.5
      vertex 11.2 1.38564 4.5
    endloop
  endfacet
  facet normal 0.659248 0.751925 -0
    outer loop
      vertex 13.1314 1.13137 4.5
      vertex 12.974 1.26937 6
      vertex 13.1314 1.13137 6
    endloop
  endfacet
  facet normal 0.659248 0.751925 0
    outer loop
      vertex 12.974 1.26937 6
      vertex 13.1314 1.13137 4.5
      vertex 12.974 1.26937 4.5
    endloop
  endfacet
  facet normal -0.831637 -0.55532 0
    outer loop
      vertex 10.7306 -0.974018 4.5
      vertex 10.6144 -0.799999 6
      vertex 10.6144 -0.799999 4.5
    endloop
  endfacet
  facet normal -0.831637 -0.55532 0
    outer loop
      vertex 10.6144 -0.799999 6
      vertex 10.7306 -0.974018 4.5
      vertex 10.7306 -0.974018 6
    endloop
  endfacet
  facet normal -0.831637 0.55532 0
    outer loop
      vertex 10.6144 0.799999 4.5
      vertex 10.7306 0.974018 6
      vertex 10.7306 0.974018 4.5
    endloop
  endfacet
  facet normal -0.831637 0.55532 0
    outer loop
      vertex 10.7306 0.974018 6
      vertex 10.6144 0.799999 4.5
      vertex 10.6144 0.799999 6
    endloop
  endfacet
  facet normal 0 0 -1
    outer loop
      vertex 10.8 1.79999 0.5
      vertex 14 0 0.5
      vertex 10.8 -1.79999 0.5
    endloop
  endfacet
  facet normal 1 -0 0
    outer loop
      vertex 10.8 -1.79999 0.5
      vertex 10.8 1.79999 0
      vertex 10.8 1.79999 0.5
    endloop
  endfacet
  facet normal 1 0 0
    outer loop
      vertex 10.8 1.79999 0
      vertex 10.8 -1.79999 0.5
      vertex 10.8 -1.79999 0
    endloop
  endfacet
  facet normal -0.490259 -0.871577 0
    outer loop
      vertex 10.8 1.79999 0
      vertex 14 0 0.5
      vertex 10.8 1.79999 0.5
    endloop
  endfacet
  facet normal -0.490259 -0.871577 -0
    outer loop
      vertex 14 0 0.5
      vertex 10.8 1.79999 0
      vertex 14 0 0
    endloop
  endfacet
  facet normal -0.490259 0.871577 0
    outer loop
      vertex 14 0 0
      vertex 10.8 -1.79999 0.5
      vertex 14 0 0.5
    endloop
  endfacet
  facet normal -0.490259 0.871577 0
    outer loop
      vertex 10.8 -1.79999 0.5
      vertex 14 0 0
      vertex 10.8 -1.79999 0
    endloop
  endfacet
  facet normal -1 0 0
    outer loop
      vertex 19.7 -4.3 4.49
      vertex 19.7 4.3 4.5
      vertex 19.7 4.3 4.49
    endloop
  endfacet
  facet normal -1 -0 0
    outer loop
      vertex 19.7 4.3 4.5
      vertex 19.7 -4.3 4.49
      vertex 19.7 -4.3 4.5
    endloop
  endfacet
  facet normal 0 0 1
    outer loop
      vertex 28.3 4.3 4.5
      vertex 25.6 0 4.5
      vertex 28.3 -4.3 4.5
    endloop
  endfacet
  facet normal 0 0 1
    outer loop
      vertex 28.3 4.3 4.5
      vertex 25.5863 0.208841 4.5
      vertex 25.6 0 4.5
    endloop
  endfacet
  facet normal 0 0 1
    outer loop
      vertex 28.3 4.3 4.5
      vertex 25.5455 0.41411 4.5
      vertex 25.5863 0.208841 4.5
    endloop
  endfacet
  facet normal 0 0 1
    outer loop
      vertex 28.3 4.3 4.5
      vertex 25.4782 0.612293 4.5
      vertex 25.5455 0.41411 4.5
    endloop
  endfacet
  facet normal 0 0 1
    outer loop
      vertex 28.3 4.3 4.5
      vertex 25.3856 0.799999 4.5
      vertex 25.4782 0.612293 4.5
    endloop
  endfacet
  facet normal 0 0 1
    outer loop
      vertex 28.3 4.3 4.5
      vertex 25.2694 0.974018 4.5
      vertex 25.3856 0.799999 4.5
    endloop
  endfacet
  facet normal 0 0 1
    outer loop
      vertex 28.3 4.3 4.5
      vertex 25.1314 1.13137 4.5
      vertex 25.2694 0.974018 4.5
    endloop
  endfacet
  facet normal 0 0 1
    outer loop
      vertex 28.3 4.3 4.5
      vertex 24.974 1.26937 4.5
      vertex 25.1314 1.13137 4.5
    endloop
  endfacet
  facet normal 0 0 1
    outer loop
      vertex 28.3 4.3 4.5
      vertex 24.8 1.38564 4.5
      vertex 24.974 1.26937 4.5
    endloop
  endfacet
  facet normal 0 0 1
    outer loop
      vertex 28.3 4.3 4.5
      vertex 24.6123 1.47821 4.5
      vertex 24.8 1.38564 4.5
    endloop
  endfacet
  facet normal 0 0 1
    outer loop
      vertex 28.3 4.3 4.5
      vertex 24.4141 1.54548 4.5
      vertex 24.6123 1.47821 4.5
    endloop
  endfacet
  facet normal 0 0 1
    outer loop
      vertex 28.3 4.3 4.5
      vertex 24.2088 1.58631 4.5
      vertex 24.4141 1.54548 4.5
    endloop
  endfacet
  facet normal 0 0 1
    outer loop
      vertex 28.3 4.3 4.5
      vertex 24 1.6 4.5
      vertex 24.2088 1.58631 4.5
    endloop
  endfacet
  facet normal -0 0 1
    outer loop
      vertex 19.7 4.3 4.5
      vertex 24 1.6 4.5
      vertex 28.3 4.3 4.5
    endloop
  endfacet
  facet normal 0 0 1
    outer loop
      vertex 24 1.6 4.5
      vertex 19.7 4.3 4.5
      vertex 23.7912 1.58631 4.5
    endloop
  endfacet
  facet normal 0 0 1
    outer loop
      vertex 23.7912 1.58631 4.5
      vertex 19.7 4.3 4.5
      vertex 23.5859 1.54548 4.5
    endloop
  endfacet
  facet normal 0 0 1
    outer loop
      vertex 23.5859 1.54548 4.5
      vertex 19.7 4.3 4.5
      vertex 23.3877 1.47821 4.5
    endloop
  endfacet
  facet normal 0 0 1
    outer loop
      vertex 22.4137 0.208841 4.5
      vertex 19.7 4.3 4.5
      vertex 22.4 0 4.5
    endloop
  endfacet
  facet normal 0 0 1
    outer loop
      vertex 22.4545 0.41411 4.5
      vertex 19.7 4.3 4.5
      vertex 22.4137 0.208841 4.5
    endloop
  endfacet
  facet normal 0 0 1
    outer loop
      vertex 22.5218 0.612293 4.5
      vertex 19.7 4.3 4.5
      vertex 22.4545 0.41411 4.5
    endloop
  endfacet
  facet normal 0 0 1
    outer loop
      vertex 22.6144 0.799999 4.5
      vertex 19.7 4.3 4.5
      vertex 22.5218 0.612293 4.5
    endloop
  endfacet
  facet normal 0 0 1
    outer loop
      vertex 22.7306 0.974018 4.5
      vertex 19.7 4.3 4.5
      vertex 22.6144 0.799999 4.5
    endloop
  endfacet
  facet normal 0 0 1
    outer loop
      vertex 22.8686 1.13137 4.5
      vertex 19.7 4.3 4.5
      vertex 22.7306 0.974018 4.5
    endloop
  endfacet
  facet normal 0 0 1
    outer loop
      vertex 23.026 1.26937 4.5
      vertex 19.7 4.3 4.5
      vertex 22.8686 1.13137 4.5
    endloop
  endfacet
  facet normal 0 0 1
    outer loop
      vertex 23.2 1.38564 4.5
      vertex 19.7 4.3 4.5
      vertex 23.026 1.26937 4.5
    endloop
  endfacet
  facet normal 0 0 1
    outer loop
      vertex 23.3877 1.47821 4.5
      vertex 19.7 4.3 4.5
      vertex 23.2 1.38564 4.5
    endloop
  endfacet
  facet normal -0 0 1
    outer loop
      vertex 25.5863 -0.208841 4.5
      vertex 28.3 -4.3 4.5
      vertex 25.6 0 4.5
    endloop
  endfacet
  facet normal -0 0 1
    outer loop
      vertex 25.5455 -0.41411 4.5
      vertex 28.3 -4.3 4.5
      vertex 25.5863 -0.208841 4.5
    endloop
  endfacet
  facet normal -0 0 1
    outer loop
      vertex 25.4782 -0.612293 4.5
      vertex 28.3 -4.3 4.5
      vertex 25.5455 -0.41411 4.5
    endloop
  endfacet
  facet normal -0 0 1
    outer loop
      vertex 25.3856 -0.799999 4.5
      vertex 28.3 -4.3 4.5
      vertex 25.4782 -0.612293 4.5
    endloop
  endfacet
  facet normal -0 0 1
    outer loop
      vertex 25.2694 -0.974018 4.5
      vertex 28.3 -4.3 4.5
      vertex 25.3856 -0.799999 4.5
    endloop
  endfacet
  facet normal -0 0 1
    outer loop
      vertex 25.1314 -1.13137 4.5
      vertex 28.3 -4.3 4.5
      vertex 25.2694 -0.974018 4.5
    endloop
  endfacet
  facet normal -0 0 1
    outer loop
      vertex 24.974 -1.26937 4.5
      vertex 28.3 -4.3 4.5
      vertex 25.1314 -1.13137 4.5
    endloop
  endfacet
  facet normal -0 0 1
    outer loop
      vertex 24.8 -1.38564 4.5
      vertex 28.3 -4.3 4.5
      vertex 24.974 -1.26937 4.5
    endloop
  endfacet
  facet normal -0 0 1
    outer loop
      vertex 24.6123 -1.47821 4.5
      vertex 28.3 -4.3 4.5
      vertex 24.8 -1.38564 4.5
    endloop
  endfacet
  facet normal -0 0 1
    outer loop
      vertex 24.4141 -1.54548 4.5
      vertex 28.3 -4.3 4.5
      vertex 24.6123 -1.47821 4.5
    endloop
  endfacet
  facet normal -0 0 1
    outer loop
      vertex 24.2088 -1.58631 4.5
      vertex 28.3 -4.3 4.5
      vertex 24.4141 -1.54548 4.5
    endloop
  endfacet
  facet normal -0 0 1
    outer loop
      vertex 24 -1.6 4.5
      vertex 28.3 -4.3 4.5
      vertex 24.2088 -1.58631 4.5
    endloop
  endfacet
  facet normal 0 0 1
    outer loop
      vertex 19.7 -4.3 4.5
      vertex 24 -1.6 4.5
      vertex 23.7912 -1.58631 4.5
    endloop
  endfacet
  facet normal 0 0 1
    outer loop
      vertex 19.7 -4.3 4.5
      vertex 23.7912 -1.58631 4.5
      vertex 23.5859 -1.54548 4.5
    endloop
  endfacet
  facet normal 0 0 1
    outer loop
      vertex 19.7 -4.3 4.5
      vertex 23.5859 -1.54548 4.5
      vertex 23.3877 -1.47821 4.5
    endloop
  endfacet
  facet normal 0 0 1
    outer loop
      vertex 19.7 -4.3 4.5
      vertex 23.3877 -1.47821 4.5
      vertex 23.2 -1.38564 4.5
    endloop
  endfacet
  facet normal 0 0 1
    outer loop
      vertex 19.7 -4.3 4.5
      vertex 22.4 0 4.5
      vertex 19.7 4.3 4.5
    endloop
  endfacet
  facet normal 0 0 1
    outer loop
      vertex 22.4 0 4.5
      vertex 19.7 -4.3 4.5
      vertex 22.4137 -0.208841 4.5
    endloop
  endfacet
  facet normal 0 0 1
    outer loop
      vertex 22.4137 -0.208841 4.5
      vertex 19.7 -4.3 4.5
      vertex 22.4545 -0.41411 4.5
    endloop
  endfacet
  facet normal 0 0 1
    outer loop
      vertex 22.4545 -0.41411 4.5
      vertex 19.7 -4.3 4.5
      vertex 22.5218 -0.612293 4.5
    endloop
  endfacet
  facet normal 0 0 1
    outer loop
      vertex 24 -1.6 4.5
      vertex 19.7 -4.3 4.5
      vertex 28.3 -4.3 4.5
    endloop
  endfacet
  facet normal 0 0 1
    outer loop
      vertex 23.026 -1.26937 4.5
      vertex 19.7 -4.3 4.5
      vertex 23.2 -1.38564 4.5
    endloop
  endfacet
  facet normal 0 0 1
    outer loop
      vertex 22.8686 -1.13137 4.5
      vertex 19.7 -4.3 4.5
      vertex 23.026 -1.26937 4.5
    endloop
  endfacet
  facet normal 0 0 1
    outer loop
      vertex 22.7306 -0.974018 4.5
      vertex 19.7 -4.3 4.5
      vertex 22.8686 -1.13137 4.5
    endloop
  endfacet
  facet normal 0 0 1
    outer loop
      vertex 22.6144 -0.799999 4.5
      vertex 19.7 -4.3 4.5
      vertex 22.7306 -0.974018 4.5
    endloop
  endfacet
  facet normal 0 0 1
    outer loop
      vertex 22.5218 -0.612293 4.5
      vertex 19.7 -4.3 4.5
      vertex 22.6144 -0.799999 4.5
    endloop
  endfacet
  facet normal 0 -0.707107 -0.707107
    outer loop
      vertex 20.7 -3.3 3.49
      vertex 28.3 -4.3 4.49
      vertex 19.7 -4.3 4.49
    endloop
  endfacet
  facet normal 0 -0.707107 -0.707107
    outer loop
      vertex 28.3 -4.3 4.49
      vertex 20.7 -3.3 3.49
      vertex 27.3 -3.3 3.49
    endloop
  endfacet
  facet normal 0.707107 0 -0.707107
    outer loop
      vertex 28.3 4.3 4.49
      vertex 27.3 -3.3 3.49
      vertex 27.3 3.3 3.49
    endloop
  endfacet
  facet normal 0.707107 0 -0.707107
    outer loop
      vertex 27.3 -3.3 3.49
      vertex 28.3 4.3 4.49
      vertex 28.3 -4.3 4.49
    endloop
  endfacet
  facet normal 0 0.707107 -0.707107
    outer loop
      vertex 27.3 3.3 3.49
      vertex 19.7 4.3 4.49
      vertex 28.3 4.3 4.49
    endloop
  endfacet
  facet normal 0 0.707107 -0.707107
    outer loop
      vertex 19.7 4.3 4.49
      vertex 27.3 3.3 3.49
      vertex 20.7 3.3 3.49
    endloop
  endfacet
  facet normal -0.707107 0 -0.707107
    outer loop
      vertex 20.7 -3.3 3.49
      vertex 19.7 4.3 4.49
      vertex 20.7 3.3 3.49
    endloop
  endfacet
  facet normal -0.707107 -0 -0.707107
    outer loop
      vertex 19.7 4.3 4.49
      vertex 20.7 -3.3 3.49
      vertex 19.7 -4.3 4.49
    endloop
  endfacet
  facet normal 0 -1 0
    outer loop
      vertex 19.7 -4.3 4.49
      vertex 28.3 -4.3 4.5
      vertex 19.7 -4.3 4.5
    endloop
  endfacet
  facet normal 0 -1 -0
    outer loop
      vertex 28.3 -4.3 4.5
      vertex 19.7 -4.3 4.49
      vertex 28.3 -4.3 4.49
    endloop
  endfacet
  facet normal 0 1 -0
    outer loop
      vertex 28.3 4.3 4.49
      vertex 19.7 4.3 4.5
      vertex 28.3 4.3 4.5
    endloop
  endfacet
  facet normal 0 1 0
    outer loop
      vertex 19.7 4.3 4.5
      vertex 28.3 4.3 4.49
      vertex 19.7 4.3 4.49
    endloop
  endfacet
  facet normal 1 -0 0
    outer loop
      vertex 28.3 -4.3 4.5
      vertex 28.3 4.3 4.49
      vertex 28.3 4.3 4.5
    endloop
  endfacet
  facet normal 1 0 0
    outer loop
      vertex 28.3 4.3 4.49
      vertex 28.3 -4.3 4.5
      vertex 28.3 -4.3 4.49
    endloop
  endfacet
  facet normal -1 0 0
    outer loop
      vertex 20.7 -3.3 0
      vertex 20.7 3.3 3.49
      vertex 20.7 3.3 0
    endloop
  endfacet
  facet normal -1 -0 0
    outer loop
      vertex 20.7 3.3 3.49
      vertex 20.7 -3.3 0
      vertex 20.7 -3.3 3.49
    endloop
  endfacet
  facet normal 0 0 -1
    outer loop
      vertex 27.3 -3.3 0
      vertex 25.8 -1.2 0
      vertex 27.3 3.3 0
    endloop
  endfacet
  facet normal 0 0 -1
    outer loop
      vertex 27.3 -3.3 0
      vertex 22.2 -1.2 0
      vertex 25.8 -1.2 0
    endloop
  endfacet
  facet normal 0 -0 -1
    outer loop
      vertex 22.2 -1.2 0
      vertex 27.3 -3.3 0
      vertex 20.7 -3.3 0
    endloop
  endfacet
  facet normal 0 0 -1
    outer loop
      vertex 24 2 0
      vertex 27.3 3.3 0
      vertex 25.8 -1.2 0
    endloop
  endfacet
  facet normal 0 0 -1
    outer loop
      vertex 20.7 3.3 0
      vertex 22.2 -1.2 0
      vertex 20.7 -3.3 0
    endloop
  endfacet
  facet normal 0 0 -1
    outer loop
      vertex 24 2 0
      vertex 20.7 3.3 0
      vertex 27.3 3.3 0
    endloop
  endfacet
  facet normal 0 0 -1
    outer loop
      vertex 22.2 -1.2 0
      vertex 20.7 3.3 0
      vertex 24 2 0
    endloop
  endfacet
  facet normal 0 -1 0
    outer loop
      vertex 20.7 -3.3 0
      vertex 27.3 -3.3 3.49
      vertex 20.7 -3.3 3.49
    endloop
  endfacet
  facet normal 0 -1 -0
    outer loop
      vertex 27.3 -3.3 3.49
      vertex 20.7 -3.3 0
      vertex 27.3 -3.3 0
    endloop
  endfacet
  facet normal 1 -0 0
    outer loop
      vertex 27.3 -3.3 3.49
      vertex 27.3 3.3 0
      vertex 27.3 3.3 3.49
    endloop
  endfacet
  facet normal 1 0 0
    outer loop
      vertex 27.3 3.3 0
      vertex 27.3 -3.3 3.49
      vertex 27.3 -3.3 0
    endloop
  endfacet
  facet normal 0 1 -0
    outer loop
      vertex 27.3 3.3 0
      vertex 20.7 3.3 3.49
      vertex 27.3 3.3 3.49
    endloop
  endfacet
  facet normal 0 1 0
    outer loop
      vertex 20.7 3.3 3.49
      vertex 27.3 3.3 0
      vertex 20.7 3.3 0
    endloop
  endfacet
  facet normal 0.195059 -0.980791 0
    outer loop
      vertex 24.2088 -1.58631 4.5
      vertex 24.4141 -1.54548 6
      vertex 24.2088 -1.58631 6
    endloop
  endfacet
  facet normal 0.195059 -0.980791 0
    outer loop
      vertex 24.4141 -1.54548 6
      vertex 24.2088 -1.58631 4.5
      vertex 24.4141 -1.54548 4.5
    endloop
  endfacet
  facet normal 0.980813 -0.19495 0
    outer loop
      vertex 25.5455 -0.41411 6
      vertex 25.5863 -0.208841 4.5
      vertex 25.5863 -0.208841 6
    endloop
  endfacet
  facet normal 0.980813 -0.19495 0
    outer loop
      vertex 25.5863 -0.208841 4.5
      vertex 25.5455 -0.41411 6
      vertex 25.5455 -0.41411 4.5
    endloop
  endfacet
  facet normal 0.997855 -0.0654594 0
    outer loop
      vertex 25.5863 -0.208841 6
      vertex 25.6 0 4.5
      vertex 25.6 0 6
    endloop
  endfacet
  facet normal 0.997855 -0.0654594 0
    outer loop
      vertex 25.6 0 4.5
      vertex 25.5863 -0.208841 6
      vertex 25.5863 -0.208841 4.5
    endloop
  endfacet
  facet normal 0.946892 -0.321551 0
    outer loop
      vertex 25.4782 -0.612293 6
      vertex 25.5455 -0.41411 4.5
      vertex 25.5455 -0.41411 6
    endloop
  endfacet
  facet normal 0.946892 -0.321551 0
    outer loop
      vertex 25.5455 -0.41411 4.5
      vertex 25.4782 -0.612293 6
      vertex 25.4782 -0.612293 4.5
    endloop
  endfacet
  facet normal 0.831637 -0.55532 0
    outer loop
      vertex 25.2694 -0.974018 6
      vertex 25.3856 -0.799999 4.5
      vertex 25.3856 -0.799999 6
    endloop
  endfacet
  facet normal 0.831637 -0.55532 0
    outer loop
      vertex 25.3856 -0.799999 4.5
      vertex 25.2694 -0.974018 6
      vertex 25.2694 -0.974018 4.5
    endloop
  endfacet
  facet normal 0.321397 -0.946944 0
    outer loop
      vertex 24.4141 -1.54548 4.5
      vertex 24.6123 -1.47821 6
      vertex 24.4141 -1.54548 6
    endloop
  endfacet
  facet normal 0.321397 -0.946944 0
    outer loop
      vertex 24.6123 -1.47821 6
      vertex 24.4141 -1.54548 4.5
      vertex 24.6123 -1.47821 4.5
    endloop
  endfacet
  facet normal 0.997855 0.0654594 0
    outer loop
      vertex 25.6 0 6
      vertex 25.5863 0.208841 4.5
      vertex 25.5863 0.208841 6
    endloop
  endfacet
  facet normal 0.997855 0.0654594 0
    outer loop
      vertex 25.5863 0.208841 4.5
      vertex 25.6 0 6
      vertex 25.6 0 4.5
    endloop
  endfacet
  facet normal -0.555593 0.831454 0
    outer loop
      vertex 23.2 1.38564 4.5
      vertex 23.026 1.26937 6
      vertex 23.2 1.38564 6
    endloop
  endfacet
  facet normal -0.555593 0.831454 0
    outer loop
      vertex 23.026 1.26937 6
      vertex 23.2 1.38564 4.5
      vertex 23.026 1.26937 4.5
    endloop
  endfacet
  facet normal -0.321397 0.946944 0
    outer loop
      vertex 23.5859 1.54548 4.5
      vertex 23.3877 1.47821 6
      vertex 23.5859 1.54548 6
    endloop
  endfacet
  facet normal -0.321397 0.946944 0
    outer loop
      vertex 23.3877 1.47821 6
      vertex 23.5859 1.54548 4.5
      vertex 23.3877 1.47821 4.5
    endloop
  endfacet
  facet normal 0.896809 -0.442418 0
    outer loop
      vertex 25.3856 -0.799999 6
      vertex 25.4782 -0.612293 4.5
      vertex 25.4782 -0.612293 6
    endloop
  endfacet
  facet normal 0.896809 -0.442418 0
    outer loop
      vertex 25.4782 -0.612293 4.5
      vertex 25.3856 -0.799999 6
      vertex 25.3856 -0.799999 4.5
    endloop
  endfacet
  facet normal -0.321397 -0.946944 0
    outer loop
      vertex 23.3877 -1.47821 4.5
      vertex 23.5859 -1.54548 6
      vertex 23.3877 -1.47821 6
    endloop
  endfacet
  facet normal -0.321397 -0.946944 -0
    outer loop
      vertex 23.5859 -1.54548 6
      vertex 23.3877 -1.47821 4.5
      vertex 23.5859 -1.54548 4.5
    endloop
  endfacet
  facet normal 0.751826 -0.659362 0
    outer loop
      vertex 25.1314 -1.13137 6
      vertex 25.2694 -0.974018 4.5
      vertex 25.2694 -0.974018 6
    endloop
  endfacet
  facet normal 0.751826 -0.659362 0
    outer loop
      vertex 25.2694 -0.974018 4.5
      vertex 25.1314 -1.13137 6
      vertex 25.1314 -1.13137 4.5
    endloop
  endfacet
  facet normal 0 0 1
    outer loop
      vertex 25.5863 0.208841 6
      vertex 25.5863 -0.208841 6
      vertex 25.6 0 6
    endloop
  endfacet
  facet normal 0 0 1
    outer loop
      vertex 25.5455 0.41411 6
      vertex 25.5863 -0.208841 6
      vertex 25.5863 0.208841 6
    endloop
  endfacet
  facet normal 0 0 1
    outer loop
      vertex 25.5455 0.41411 6
      vertex 25.5455 -0.41411 6
      vertex 25.5863 -0.208841 6
    endloop
  endfacet
  facet normal 0 0 1
    outer loop
      vertex 25.4782 0.612293 6
      vertex 25.5455 -0.41411 6
      vertex 25.5455 0.41411 6
    endloop
  endfacet
  facet normal 0 0 1
    outer loop
      vertex 25.4782 0.612293 6
      vertex 25.4782 -0.612293 6
      vertex 25.5455 -0.41411 6
    endloop
  endfacet
  facet normal 0 0 1
    outer loop
      vertex 25.3856 0.799999 6
      vertex 25.4782 -0.612293 6
      vertex 25.4782 0.612293 6
    endloop
  endfacet
  facet normal 0 0 1
    outer loop
      vertex 25.3856 0.799999 6
      vertex 25.3856 -0.799999 6
      vertex 25.4782 -0.612293 6
    endloop
  endfacet
  facet normal 0 0 1
    outer loop
      vertex 25.2694 0.974018 6
      vertex 25.3856 -0.799999 6
      vertex 25.3856 0.799999 6
    endloop
  endfacet
  facet normal 0 0 1
    outer loop
      vertex 25.2694 0.974018 6
      vertex 25.2694 -0.974018 6
      vertex 25.3856 -0.799999 6
    endloop
  endfacet
  facet normal 0 0 1
    outer loop
      vertex 25.1314 1.13137 6
      vertex 25.2694 -0.974018 6
      vertex 25.2694 0.974018 6
    endloop
  endfacet
  facet normal 0 0 1
    outer loop
      vertex 25.1314 1.13137 6
      vertex 25.1314 -1.13137 6
      vertex 25.2694 -0.974018 6
    endloop
  endfacet
  facet normal 0 0 1
    outer loop
      vertex 24.974 1.26937 6
      vertex 25.1314 -1.13137 6
      vertex 25.1314 1.13137 6
    endloop
  endfacet
  facet normal 0 0 1
    outer loop
      vertex 24.974 1.26937 6
      vertex 24.974 -1.26937 6
      vertex 25.1314 -1.13137 6
    endloop
  endfacet
  facet normal 0 0 1
    outer loop
      vertex 24.8 1.38564 6
      vertex 24.974 -1.26937 6
      vertex 24.974 1.26937 6
    endloop
  endfacet
  facet normal 0 0 1
    outer loop
      vertex 24.8 1.38564 6
      vertex 24.8 -1.38564 6
      vertex 24.974 -1.26937 6
    endloop
  endfacet
  facet normal 0 0 1
    outer loop
      vertex 24.6123 1.47821 6
      vertex 24.8 -1.38564 6
      vertex 24.8 1.38564 6
    endloop
  endfacet
  facet normal 0 0 1
    outer loop
      vertex 24.6123 1.47821 6
      vertex 24.6123 -1.47821 6
      vertex 24.8 -1.38564 6
    endloop
  endfacet
  facet normal 0 0 1
    outer loop
      vertex 24.4141 1.54548 6
      vertex 24.6123 -1.47821 6
      vertex 24.6123 1.47821 6
    endloop
  endfacet
  facet normal 0 0 1
    outer loop
      vertex 24.4141 1.54548 6
      vertex 24.4141 -1.54548 6
      vertex 24.6123 -1.47821 6
    endloop
  endfacet
  facet normal 0 0 1
    outer loop
      vertex 24.2088 1.58631 6
      vertex 24.4141 -1.54548 6
      vertex 24.4141 1.54548 6
    endloop
  endfacet
  facet normal 0 0 1
    outer loop
      vertex 24.2088 1.58631 6
      vertex 24.2088 -1.58631 6
      vertex 24.4141 -1.54548 6
    endloop
  endfacet
  facet normal 0 0 1
    outer loop
      vertex 24 1.6 6
      vertex 24.2088 -1.58631 6
      vertex 24.2088 1.58631 6
    endloop
  endfacet
  facet normal 0 0 1
    outer loop
      vertex 24 1.6 6
      vertex 24 -1.6 6
      vertex 24.2088 -1.58631 6
    endloop
  endfacet
  facet normal -0 0 1
    outer loop
      vertex 23.7912 1.58631 6
      vertex 24 -1.6 6
      vertex 24 1.6 6
    endloop
  endfacet
  facet normal 0 0 1
    outer loop
      vertex 23.7912 1.58631 6
      vertex 23.7912 -1.58631 6
      vertex 24 -1.6 6
    endloop
  endfacet
  facet normal -0 0 1
    outer loop
      vertex 23.5859 1.54548 6
      vertex 23.7912 -1.58631 6
      vertex 23.7912 1.58631 6
    endloop
  endfacet
  facet normal 0 0 1
    outer loop
      vertex 23.5859 1.54548 6
      vertex 23.5859 -1.54548 6
      vertex 23.7912 -1.58631 6
    endloop
  endfacet
  facet normal -0 0 1
    outer loop
      vertex 23.3877 1.47821 6
      vertex 23.5859 -1.54548 6
      vertex 23.5859 1.54548 6
    endloop
  endfacet
  facet normal 0 0 1
    outer loop
      vertex 23.3877 1.47821 6
      vertex 23.3877 -1.47821 6
      vertex 23.5859 -1.54548 6
    endloop
  endfacet
  facet normal -0 0 1
    outer loop
      vertex 23.2 1.38564 6
      vertex 23.3877 -1.47821 6
      vertex 23.3877 1.47821 6
    endloop
  endfacet
  facet normal 0 0 1
    outer loop
      vertex 23.2 1.38564 6
      vertex 23.2 -1.38564 6
      vertex 23.3877 -1.47821 6
    endloop
  endfacet
  facet normal -0 0 1
    outer loop
      vertex 23.026 1.26937 6
      vertex 23.2 -1.38564 6
      vertex 23.2 1.38564 6
    endloop
  endfacet
  facet normal 0 0 1
    outer loop
      vertex 23.026 1.26937 6
      vertex 23.026 -1.26937 6
      vertex 23.2 -1.38564 6
    endloop
  endfacet
  facet normal -0 0 1
    outer loop
      vertex 22.8686 1.13137 6
      vertex 23.026 -1.26937 6
      vertex 23.026 1.26937 6
    endloop
  endfacet
  facet normal 0 0 1
    outer loop
      vertex 22.8686 1.13137 6
      vertex 22.8686 -1.13137 6
      vertex 23.026 -1.26937 6
    endloop
  endfacet
  facet normal -0 0 1
    outer loop
      vertex 22.7306 0.974018 6
      vertex 22.8686 -1.13137 6
      vertex 22.8686 1.13137 6
    endloop
  endfacet
  facet normal 0 0 1
    outer loop
      vertex 22.7306 0.974018 6
      vertex 22.7306 -0.974018 6
      vertex 22.8686 -1.13137 6
    endloop
  endfacet
  facet normal -0 0 1
    outer loop
      vertex 22.6144 0.799999 6
      vertex 22.7306 -0.974018 6
      vertex 22.7306 0.974018 6
    endloop
  endfacet
  facet normal 0 0 1
    outer loop
      vertex 22.6144 0.799999 6
      vertex 22.6144 -0.799999 6
      vertex 22.7306 -0.974018 6
    endloop
  endfacet
  facet normal -0 0 1
    outer loop
      vertex 22.5218 0.612293 6
      vertex 22.6144 -0.799999 6
      vertex 22.6144 0.799999 6
    endloop
  endfacet
  facet normal 0 0 1
    outer loop
      vertex 22.5218 0.612293 6
      vertex 22.5218 -0.612293 6
      vertex 22.6144 -0.799999 6
    endloop
  endfacet
  facet normal -0 0 1
    outer loop
      vertex 22.4545 0.41411 6
      vertex 22.5218 -0.612293 6
      vertex 22.5218 0.612293 6
    endloop
  endfacet
  facet normal 0 0 1
    outer loop
      vertex 22.4545 0.41411 6
      vertex 22.4545 -0.41411 6
      vertex 22.5218 -0.612293 6
    endloop
  endfacet
  facet normal -0 0 1
    outer loop
      vertex 22.4137 0.208841 6
      vertex 22.4545 -0.41411 6
      vertex 22.4545 0.41411 6
    endloop
  endfacet
  facet normal 0 0 1
    outer loop
      vertex 22.4137 0.208841 6
      vertex 22.4137 -0.208841 6
      vertex 22.4545 -0.41411 6
    endloop
  endfacet
  facet normal 0 -0 1
    outer loop
      vertex 22.4137 -0.208841 6
      vertex 22.4137 0.208841 6
      vertex 22.4 0 6
    endloop
  endfacet
  facet normal 0.946892 0.321551 0
    outer loop
      vertex 25.5455 0.41411 6
      vertex 25.4782 0.612293 4.5
      vertex 25.4782 0.612293 6
    endloop
  endfacet
  facet normal 0.946892 0.321551 0
    outer loop
      vertex 25.4782 0.612293 4.5
      vertex 25.5455 0.41411 6
      vertex 25.5455 0.41411 4.5
    endloop
  endfacet
  facet normal -0.751826 0.659362 0
    outer loop
      vertex 22.7306 0.974018 4.5
      vertex 22.8686 1.13137 6
      vertex 22.8686 1.13137 4.5
    endloop
  endfacet
  facet normal -0.751826 0.659362 0
    outer loop
      vertex 22.8686 1.13137 6
      vertex 22.7306 0.974018 4.5
      vertex 22.7306 0.974018 6
    endloop
  endfacet
  facet normal 0.980813 0.19495 0
    outer loop
      vertex 25.5863 0.208841 6
      vertex 25.5455 0.41411 4.5
      vertex 25.5455 0.41411 6
    endloop
  endfacet
  facet normal 0.980813 0.19495 0
    outer loop
      vertex 25.5455 0.41411 4.5
      vertex 25.5863 0.208841 6
      vertex 25.5863 0.208841 4.5
    endloop
  endfacet
  facet normal -0.659248 -0.751925 0
    outer loop
      vertex 22.8686 -1.13137 4.5
      vertex 23.026 -1.26937 6
      vertex 22.8686 -1.13137 6
    endloop
  endfacet
  facet normal -0.659248 -0.751925 -0
    outer loop
      vertex 23.026 -1.26937 6
      vertex 22.8686 -1.13137 4.5
      vertex 23.026 -1.26937 4.5
    endloop
  endfacet
  facet normal -0.946892 0.321551 0
    outer loop
      vertex 22.4545 0.41411 4.5
      vertex 22.5218 0.612293 6
      vertex 22.5218 0.612293 4.5
    endloop
  endfacet
  facet normal -0.946892 0.321551 0
    outer loop
      vertex 22.5218 0.612293 6
      vertex 22.4545 0.41411 4.5
      vertex 22.4545 0.41411 6
    endloop
  endfacet
  facet normal 0.831637 0.55532 0
    outer loop
      vertex 25.3856 0.799999 6
      vertex 25.2694 0.974018 4.5
      vertex 25.2694 0.974018 6
    endloop
  endfacet
  facet normal 0.831637 0.55532 0
    outer loop
      vertex 25.2694 0.974018 4.5
      vertex 25.3856 0.799999 6
      vertex 25.3856 0.799999 4.5
    endloop
  endfacet
  facet normal 0.442314 -0.89686 0
    outer loop
      vertex 24.6123 -1.47821 4.5
      vertex 24.8 -1.38564 6
      vertex 24.6123 -1.47821 6
    endloop
  endfacet
  facet normal 0.442314 -0.89686 0
    outer loop
      vertex 24.8 -1.38564 6
      vertex 24.6123 -1.47821 4.5
      vertex 24.8 -1.38564 4.5
    endloop
  endfacet
  facet normal -0.442314 -0.89686 0
    outer loop
      vertex 23.2 -1.38564 4.5
      vertex 23.3877 -1.47821 6
      vertex 23.2 -1.38564 6
    endloop
  endfacet
  facet normal -0.442314 -0.89686 -0
    outer loop
      vertex 23.3877 -1.47821 6
      vertex 23.2 -1.38564 4.5
      vertex 23.3877 -1.47821 4.5
    endloop
  endfacet
  facet normal 0.442314 0.89686 -0
    outer loop
      vertex 24.8 1.38564 4.5
      vertex 24.6123 1.47821 6
      vertex 24.8 1.38564 6
    endloop
  endfacet
  facet normal 0.442314 0.89686 0
    outer loop
      vertex 24.6123 1.47821 6
      vertex 24.8 1.38564 4.5
      vertex 24.6123 1.47821 4.5
    endloop
  endfacet
  facet normal 0.321397 0.946944 -0
    outer loop
      vertex 24.6123 1.47821 4.5
      vertex 24.4141 1.54548 6
      vertex 24.6123 1.47821 6
    endloop
  endfacet
  facet normal 0.321397 0.946944 0
    outer loop
      vertex 24.4141 1.54548 6
      vertex 24.6123 1.47821 4.5
      vertex 24.4141 1.54548 4.5
    endloop
  endfacet
  facet normal -0.896809 0.442418 0
    outer loop
      vertex 22.5218 0.612293 4.5
      vertex 22.6144 0.799999 6
      vertex 22.6144 0.799999 4.5
    endloop
  endfacet
  facet normal -0.896809 0.442418 0
    outer loop
      vertex 22.6144 0.799999 6
      vertex 22.5218 0.612293 4.5
      vertex 22.5218 0.612293 6
    endloop
  endfacet
  facet normal -0.980813 0.19495 0
    outer loop
      vertex 22.4137 0.208841 4.5
      vertex 22.4545 0.41411 6
      vertex 22.4545 0.41411 4.5
    endloop
  endfacet
  facet normal -0.980813 0.19495 0
    outer loop
      vertex 22.4545 0.41411 6
      vertex 22.4137 0.208841 4.5
      vertex 22.4137 0.208841 6
    endloop
  endfacet
  facet normal -0.555593 -0.831454 0
    outer loop
      vertex 23.026 -1.26937 4.5
      vertex 23.2 -1.38564 6
      vertex 23.026 -1.26937 6
    endloop
  endfacet
  facet normal -0.555593 -0.831454 -0
    outer loop
      vertex 23.2 -1.38564 6
      vertex 23.026 -1.26937 4.5
      vertex 23.2 -1.38564 4.5
    endloop
  endfacet
  facet normal 0.555593 0.831454 -0
    outer loop
      vertex 24.974 1.26937 4.5
      vertex 24.8 1.38564 6
      vertex 24.974 1.26937 6
    endloop
  endfacet
  facet normal 0.555593 0.831454 0
    outer loop
      vertex 24.8 1.38564 6
      vertex 24.974 1.26937 4.5
      vertex 24.8 1.38564 4.5
    endloop
  endfacet
  facet normal 0.195059 0.980791 -0
    outer loop
      vertex 24.4141 1.54548 4.5
      vertex 24.2088 1.58631 6
      vertex 24.4141 1.54548 6
    endloop
  endfacet
  facet normal 0.195059 0.980791 0
    outer loop
      vertex 24.2088 1.58631 6
      vertex 24.4141 1.54548 4.5
      vertex 24.2088 1.58631 4.5
    endloop
  endfacet
  facet normal 0.659248 -0.751925 0
    outer loop
      vertex 24.974 -1.26937 4.5
      vertex 25.1314 -1.13137 6
      vertex 24.974 -1.26937 6
    endloop
  endfacet
  facet normal 0.659248 -0.751925 0
    outer loop
      vertex 25.1314 -1.13137 6
      vertex 24.974 -1.26937 4.5
      vertex 25.1314 -1.13137 4.5
    endloop
  endfacet
  facet normal -0.946892 -0.321551 0
    outer loop
      vertex 22.5218 -0.612293 4.5
      vertex 22.4545 -0.41411 6
      vertex 22.4545 -0.41411 4.5
    endloop
  endfacet
  facet normal -0.946892 -0.321551 0
    outer loop
      vertex 22.4545 -0.41411 6
      vertex 22.5218 -0.612293 4.5
      vertex 22.5218 -0.612293 6
    endloop
  endfacet
  facet normal 0.0654247 0.997858 -0
    outer loop
      vertex 24.2088 1.58631 4.5
      vertex 24 1.6 6
      vertex 24.2088 1.58631 6
    endloop
  endfacet
  facet normal 0.0654247 0.997858 0
    outer loop
      vertex 24 1.6 6
      vertex 24.2088 1.58631 4.5
      vertex 24 1.6 4.5
    endloop
  endfacet
  facet normal -0.195059 -0.980791 0
    outer loop
      vertex 23.5859 -1.54548 4.5
      vertex 23.7912 -1.58631 6
      vertex 23.5859 -1.54548 6
    endloop
  endfacet
  facet normal -0.195059 -0.980791 -0
    outer loop
      vertex 23.7912 -1.58631 6
      vertex 23.5859 -1.54548 4.5
      vertex 23.7912 -1.58631 4.5
    endloop
  endfacet
  facet normal -0.659248 0.751925 0
    outer loop
      vertex 23.026 1.26937 4.5
      vertex 22.8686 1.13137 6
      vertex 23.026 1.26937 6
    endloop
  endfacet
  facet normal -0.659248 0.751925 0
    outer loop
      vertex 22.8686 1.13137 6
      vertex 23.026 1.26937 4.5
      vertex 22.8686 1.13137 4.5
    endloop
  endfacet
  facet normal -0.896809 -0.442418 0
    outer loop
      vertex 22.6144 -0.799999 4.5
      vertex 22.5218 -0.612293 6
      vertex 22.5218 -0.612293 4.5
    endloop
  endfacet
  facet normal -0.896809 -0.442418 0
    outer loop
      vertex 22.5218 -0.612293 6
      vertex 22.6144 -0.799999 4.5
      vertex 22.6144 -0.799999 6
    endloop
  endfacet
  facet normal 0.896809 0.442418 0
    outer loop
      vertex 25.4782 0.612293 6
      vertex 25.3856 0.799999 4.5
      vertex 25.3856 0.799999 6
    endloop
  endfacet
  facet normal 0.896809 0.442418 0
    outer loop
      vertex 25.3856 0.799999 4.5
      vertex 25.4782 0.612293 6
      vertex 25.4782 0.612293 4.5
    endloop
  endfacet
  facet normal 0.751826 0.659362 0
    outer loop
      vertex 25.2694 0.974018 6
      vertex 25.1314 1.13137 4.5
      vertex 25.1314 1.13137 6
    endloop
  endfacet
  facet normal 0.751826 0.659362 0
    outer loop
      vertex 25.1314 1.13137 4.5
      vertex 25.2694 0.974018 6
      vertex 25.2694 0.974018 4.5
    endloop
  endfacet
  facet normal -0.0654247 0.997858 0
    outer loop
      vertex 24 1.6 4.5
      vertex 23.7912 1.58631 6
      vertex 24 1.6 6
    endloop
  endfacet
  facet normal -0.0654247 0.997858 0
    outer loop
      vertex 23.7912 1.58631 6
      vertex 24 1.6 4.5
      vertex 23.7912 1.58631 4.5
    endloop
  endfacet
  facet normal 0.0654247 -0.997858 0
    outer loop
      vertex 24 -1.6 4.5
      vertex 24.2088 -1.58631 6
      vertex 24 -1.6 6
    endloop
  endfacet
  facet normal 0.0654247 -0.997858 0
    outer loop
      vertex 24.2088 -1.58631 6
      vertex 24 -1.6 4.5
      vertex 24.2088 -1.58631 4.5
    endloop
  endfacet
  facet normal 0.555593 -0.831454 0
    outer loop
      vertex 24.8 -1.38564 4.5
      vertex 24.974 -1.26937 6
      vertex 24.8 -1.38564 6
    endloop
  endfacet
  facet normal 0.555593 -0.831454 0
    outer loop
      vertex 24.974 -1.26937 6
      vertex 24.8 -1.38564 4.5
      vertex 24.974 -1.26937 4.5
    endloop
  endfacet
  facet normal -0.997855 0.0654594 0
    outer loop
      vertex 22.4 0 4.5
      vertex 22.4137 0.208841 6
      vertex 22.4137 0.208841 4.5
    endloop
  endfacet
  facet normal -0.997855 0.0654594 0
    outer loop
      vertex 22.4137 0.208841 6
      vertex 22.4 0 4.5
      vertex 22.4 0 6
    endloop
  endfacet
  facet normal -0.751826 -0.659362 0
    outer loop
      vertex 22.8686 -1.13137 4.5
      vertex 22.7306 -0.974018 6
      vertex 22.7306 -0.974018 4.5
    endloop
  endfacet
  facet normal -0.751826 -0.659362 0
    outer loop
      vertex 22.7306 -0.974018 6
      vertex 22.8686 -1.13137 4.5
      vertex 22.8686 -1.13137 6
    endloop
  endfacet
  facet normal -0.0654247 -0.997858 0
    outer loop
      vertex 23.7912 -1.58631 4.5
      vertex 24 -1.6 6
      vertex 23.7912 -1.58631 6
    endloop
  endfacet
  facet normal -0.0654247 -0.997858 -0
    outer loop
      vertex 24 -1.6 6
      vertex 23.7912 -1.58631 4.5
      vertex 24 -1.6 4.5
    endloop
  endfacet
  facet normal -0.195059 0.980791 0
    outer loop
      vertex 23.7912 1.58631 4.5
      vertex 23.5859 1.54548 6
      vertex 23.7912 1.58631 6
    endloop
  endfacet
  facet normal -0.195059 0.980791 0
    outer loop
      vertex 23.5859 1.54548 6
      vertex 23.7912 1.58631 4.5
      vertex 23.5859 1.54548 4.5
    endloop
  endfacet
  facet normal -0.980813 -0.19495 0
    outer loop
      vertex 22.4545 -0.41411 4.5
      vertex 22.4137 -0.208841 6
      vertex 22.4137 -0.208841 4.5
    endloop
  endfacet
  facet normal -0.980813 -0.19495 0
    outer loop
      vertex 22.4137 -0.208841 6
      vertex 22.4545 -0.41411 4.5
      vertex 22.4545 -0.41411 6
    endloop
  endfacet
  facet normal -0.997855 -0.0654594 0
    outer loop
      vertex 22.4137 -0.208841 4.5
      vertex 22.4 0 6
      vertex 22.4 0 4.5
    endloop
  endfacet
  facet normal -0.997855 -0.0654594 0
    outer loop
      vertex 22.4 0 6
      vertex 22.4137 -0.208841 4.5
      vertex 22.4137 -0.208841 6
    endloop
  endfacet
  facet normal -0.442314 0.89686 0
    outer loop
      vertex 23.3877 1.47821 4.5
      vertex 23.2 1.38564 6
      vertex 23.3877 1.47821 6
    endloop
  endfacet
  facet normal -0.442314 0.89686 0
    outer loop
      vertex 23.2 1.38564 6
      vertex 23.3877 1.47821 4.5
      vertex 23.2 1.38564 4.5
    endloop
  endfacet
  facet normal 0.659248 0.751925 -0
    outer loop
      vertex 25.1314 1.13137 4.5
      vertex 24.974 1.26937 6
      vertex 25.1314 1.13137 6
    endloop
  endfacet
  facet normal 0.659248 0.751925 0
    outer loop
      vertex 24.974 1.26937 6
      vertex 25.1314 1.13137 4.5
      vertex 24.974 1.26937 4.5
    endloop
  endfacet
  facet normal -0.831637 -0.55532 0
    outer loop
      vertex 22.7306 -0.974018 4.5
      vertex 22.6144 -0.799999 6
      vertex 22.6144 -0.799999 4.5
    endloop
  endfacet
  facet normal -0.831637 -0.55532 0
    outer loop
      vertex 22.6144 -0.799999 6
      vertex 22.7306 -0.974018 4.5
      vertex 22.7306 -0.974018 6
    endloop
  endfacet
  facet normal -0.831637 0.55532 0
    outer loop
      vertex 22.6144 0.799999 4.5
      vertex 22.7306 0.974018 6
      vertex 22.7306 0.974018 4.5
    endloop
  endfacet
  facet normal -0.831637 0.55532 0
    outer loop
      vertex 22.7306 0.974018 6
      vertex 22.6144 0.799999 4.5
      vertex 22.6144 0.799999 6
    endloop
  endfacet
  facet normal 0 -0 -1
    outer loop
      vertex 24 2 0.5
      vertex 25.8 -1.2 0.5
      vertex 22.2 -1.2 0.5
    endloop
  endfacet
  facet normal 0 1 -0
    outer loop
      vertex 25.8 -1.2 0
      vertex 22.2 -1.2 0.5
      vertex 25.8 -1.2 0.5
    endloop
  endfacet
  facet normal 0 1 0
    outer loop
      vertex 22.2 -1.2 0.5
      vertex 25.8 -1.2 0
      vertex 22.2 -1.2 0
    endloop
  endfacet
  facet normal 0.871576 -0.490261 0
    outer loop
      vertex 22.2 -1.2 0.5
      vertex 24 2 0
      vertex 24 2 0.5
    endloop
  endfacet
  facet normal 0.871576 -0.490261 0
    outer loop
      vertex 24 2 0
      vertex 22.2 -1.2 0.5
      vertex 22.2 -1.2 0
    endloop
  endfacet
  facet normal -0.871576 -0.490261 0
    outer loop
      vertex 25.8 -1.2 0
      vertex 24 2 0.5
      vertex 24 2 0
    endloop
  endfacet
  facet normal -0.871576 -0.490261 0
    outer loop
      vertex 24 2 0.5
      vertex 25.8 -1.2 0
      vertex 25.8 -1.2 0.5
    endloop
  endfacet
  facet normal -1 0 0
    outer loop
      vertex 31.7 -4.3 4.49
      vertex 31.7 4.3 4.5
      vertex 31.7 4.3 4.49
    endloop
  endfacet
  facet normal -1 -0 0
    outer loop
      vertex 31.7 4.3 4.5
      vertex 31.7 -4.3 4.49
      vertex 31.7 -4.3 4.5
    endloop
  endfacet
  facet normal 0 0 1
    outer loop
      vertex 40.3 4.3 4.5
      vertex 37.6 0 4.5
      vertex 40.3 -4.3 4.5
    endloop
  endfacet
  facet normal 0 0 1
    outer loop
      vertex 40.3 4.3 4.5
      vertex 37.5863 0.208841 4.5
      vertex 37.6 0 4.5
    endloop
  endfacet
  facet normal 0 0 1
    outer loop
      vertex 40.3 4.3 4.5
      vertex 37.5455 0.41411 4.5
      vertex 37.5863 0.208841 4.5
    endloop
  endfacet
  facet normal 0 0 1
    outer loop
      vertex 40.3 4.3 4.5
      vertex 37.4782 0.612293 4.5
      vertex 37.5455 0.41411 4.5
    endloop
  endfacet
  facet normal 0 0 1
    outer loop
      vertex 40.3 4.3 4.5
      vertex 37.3856 0.799999 4.5
      vertex 37.4782 0.612293 4.5
    endloop
  endfacet
  facet normal 0 0 1
    outer loop
      vertex 40.3 4.3 4.5
      vertex 37.2694 0.974018 4.5
      vertex 37.3856 0.799999 4.5
    endloop
  endfacet
  facet normal 0 0 1
    outer loop
      vertex 40.3 4.3 4.5
      vertex 37.1314 1.13137 4.5
      vertex 37.2694 0.974018 4.5
    endloop
  endfacet
  facet normal 0 0 1
    outer loop
      vertex 40.3 4.3 4.5
      vertex 36.974 1.26937 4.5
      vertex 37.1314 1.13137 4.5
    endloop
  endfacet
  facet normal 0 0 1
    outer loop
      vertex 40.3 4.3 4.5
      vertex 36.8 1.38564 4.5
      vertex 36.974 1.26937 4.5
    endloop
  endfacet
  facet normal 0 0 1
    outer loop
      vertex 40.3 4.3 4.5
      vertex 36.6123 1.47821 4.5
      vertex 36.8 1.38564 4.5
    endloop
  endfacet
  facet normal 0 0 1
    outer loop
      vertex 40.3 4.3 4.5
      vertex 36.4141 1.54548 4.5
      vertex 36.6123 1.47821 4.5
    endloop
  endfacet
  facet normal 0 0 1
    outer loop
      vertex 40.3 4.3 4.5
      vertex 36.2088 1.58631 4.5
      vertex 36.4141 1.54548 4.5
    endloop
  endfacet
  facet normal 0 0 1
    outer loop
      vertex 40.3 4.3 4.5
      vertex 36 1.6 4.5
      vertex 36.2088 1.58631 4.5
    endloop
  endfacet
  facet normal -0 0 1
    outer loop
      vertex 31.7 4.3 4.5
      vertex 36 1.6 4.5
      vertex 40.3 4.3 4.5
    endloop
  endfacet
  facet normal 0 0 1
    outer loop
      vertex 36 1.6 4.5
      vertex 31.7 4.3 4.5
      vertex 35.7912 1.58631 4.5
    endloop
  endfacet
  facet normal 0 0 1
    outer loop
      vertex 35.7912 1.58631 4.5
      vertex 31.7 4.3 4.5
      vertex 35.5859 1.54548 4.5
    endloop
  endfacet
  facet normal 0 0 1
    outer loop
      vertex 35.5859 1.54548 4.5
      vertex 31.7 4.3 4.5
      vertex 35.3877 1.47821 4.5
    endloop
  endfacet
  facet normal 0 0 1
    outer loop
      vertex 34.4137 0.208841 4.5
      vertex 31.7 4.3 4.5
      vertex 34.4 0 4.5
    endloop
  endfacet
  facet normal 0 0 1
    outer loop
      vertex 34.4545 0.41411 4.5
      vertex 31.7 4.3 4.5
      vertex 34.4137 0.208841 4.5
    endloop
  endfacet
  facet normal 0 0 1
    outer loop
      vertex 34.5218 0.612293 4.5
      vertex 31.7 4.3 4.5
      vertex 34.4545 0.41411 4.5
    endloop
  endfacet
  facet normal 0 0 1
    outer loop
      vertex 34.6144 0.799999 4.5
      vertex 31.7 4.3 4.5
      vertex 34.5218 0.612293 4.5
    endloop
  endfacet
  facet normal 0 0 1
    outer loop
      vertex 34.7306 0.974018 4.5
      vertex 31.7 4.3 4.5
      vertex 34.6144 0.799999 4.5
    endloop
  endfacet
  facet normal 0 0 1
    outer loop
      vertex 34.8686 1.13137 4.5
      vertex 31.7 4.3 4.5
      vertex 34.7306 0.974018 4.5
    endloop
  endfacet
  facet normal 0 0 1
    outer loop
      vertex 35.026 1.26937 4.5
      vertex 31.7 4.3 4.5
      vertex 34.8686 1.13137 4.5
    endloop
  endfacet
  facet normal 0 0 1
    outer loop
      vertex 35.2 1.38564 4.5
      vertex 31.7 4.3 4.5
      vertex 35.026 1.26937 4.5
    endloop
  endfacet
  facet normal 0 0 1
    outer loop
      vertex 35.3877 1.47821 4.5
      vertex 31.7 4.3 4.5
      vertex 35.2 1.38564 4.5
    endloop
  endfacet
  facet normal -0 0 1
    outer loop
      vertex 37.5863 -0.208841 4.5
      vertex 40.3 -4.3 4.5
      vertex 37.6 0 4.5
    endloop
  endfacet
  facet normal -0 0 1
    outer loop
      vertex 37.5455 -0.41411 4.5
      vertex 40.3 -4.3 4.5
      vertex 37.5863 -0.208841 4.5
    endloop
  endfacet
  facet normal -0 0 1
    outer loop
      vertex 37.4782 -0.612293 4.5
      vertex 40.3 -4.3 4.5
      vertex 37.5455 -0.41411 4.5
    endloop
  endfacet
  facet normal -0 0 1
    outer loop
      vertex 37.3856 -0.799999 4.5
      vertex 40.3 -4.3 4.5
      vertex 37.4782 -0.612293 4.5
    endloop
  endfacet
  facet normal -0 0 1
    outer loop
      vertex 37.2694 -0.974018 4.5
      vertex 40.3 -4.3 4.5
      vertex 37.3856 -0.799999 4.5
    endloop
  endfacet
  facet normal -0 0 1
    outer loop
      vertex 37.1314 -1.13137 4.5
      vertex 40.3 -4.3 4.5
      vertex 37.2694 -0.974018 4.5
    endloop
  endfacet
  facet normal -0 0 1
    outer loop
      vertex 36.974 -1.26937 4.5
      vertex 40.3 -4.3 4.5
      vertex 37.1314 -1.13137 4.5
    endloop
  endfacet
  facet normal -0 0 1
    outer loop
      vertex 36.8 -1.38564 4.5
      vertex 40.3 -4.3 4.5
      vertex 36.974 -1.26937 4.5
    endloop
  endfacet
  facet normal -0 0 1
    outer loop
      vertex 36.6123 -1.47821 4.5
      vertex 40.3 -4.3 4.5
      vertex 36.8 -1.38564 4.5
    endloop
  endfacet
  facet normal -0 0 1
    outer loop
      vertex 36.4141 -1.54548 4.5
      vertex 40.3 -4.3 4.5
      vertex 36.6123 -1.47821 4.5
    endloop
  endfacet
  facet normal -0 0 1
    outer loop
      vertex 36.2088 -1.58631 4.5
      vertex 40.3 -4.3 4.5
      vertex 36.4141 -1.54548 4.5
    endloop
  endfacet
  facet normal -0 0 1
    outer loop
      vertex 36 -1.6 4.5
      vertex 40.3 -4.3 4.5
      vertex 36.2088 -1.58631 4.5
    endloop
  endfacet
  facet normal 0 0 1
    outer loop
      vertex 31.7 -4.3 4.5
      vertex 36 -1.6 4.5
      vertex 35.7912 -1.58631 4.5
    endloop
  endfacet
  facet normal 0 0 1
    outer loop
      vertex 31.7 -4.3 4.5
      vertex 35.7912 -1.58631 4.5
      vertex 35.5859 -1.54548 4.5
    endloop
  endfacet
  facet normal 0 0 1
    outer loop
      vertex 31.7 -4.3 4.5
      vertex 35.5859 -1.54548 4.5
      vertex 35.3877 -1.47821 4.5
    endloop
  endfacet
  facet normal 0 0 1
    outer loop
      vertex 31.7 -4.3 4.5
      vertex 35.3877 -1.47821 4.5
      vertex 35.2 -1.38564 4.5
    endloop
  endfacet
  facet normal 0 0 1
    outer loop
      vertex 31.7 -4.3 4.5
      vertex 34.4 0 4.5
      vertex 31.7 4.3 4.5
    endloop
  endfacet
  facet normal 0 0 1
    outer loop
      vertex 34.4 0 4.5
      vertex 31.7 -4.3 4.5
      vertex 34.4137 -0.208841 4.5
    endloop
  endfacet
  facet normal 0 0 1
    outer loop
      vertex 34.4137 -0.208841 4.5
      vertex 31.7 -4.3 4.5
      vertex 34.4545 -0.41411 4.5
    endloop
  endfacet
  facet normal 0 0 1
    outer loop
      vertex 34.4545 -0.41411 4.5
      vertex 31.7 -4.3 4.5
      vertex 34.5218 -0.612293 4.5
    endloop
  endfacet
  facet normal 0 0 1
    outer loop
      vertex 36 -1.6 4.5
      vertex 31.7 -4.3 4.5
      vertex 40.3 -4.3 4.5
    endloop
  endfacet
  facet normal 0 0 1
    outer loop
      vertex 35.026 -1.26937 4.5
      vertex 31.7 -4.3 4.5
      vertex 35.2 -1.38564 4.5
    endloop
  endfacet
  facet normal 0 0 1
    outer loop
      vertex 34.8686 -1.13137 4.5
      vertex 31.7 -4.3 4.5
      vertex 35.026 -1.26937 4.5
    endloop
  endfacet
  facet normal 0 0 1
    outer loop
      vertex 34.7306 -0.974018 4.5
      vertex 31.7 -4.3 4.5
      vertex 34.8686 -1.13137 4.5
    endloop
  endfacet
  facet normal 0 0 1
    outer loop
      vertex 34.6144 -0.799999 4.5
      vertex 31.7 -4.3 4.5
      vertex 34.7306 -0.974018 4.5
    endloop
  endfacet
  facet normal 0 0 1
    outer loop
      vertex 34.5218 -0.612293 4.5
      vertex 31.7 -4.3 4.5
      vertex 34.6144 -0.799999 4.5
    endloop
  endfacet
  facet normal 0 -0.707107 -0.707107
    outer loop
      vertex 32.7 -3.3 3.49
      vertex 40.3 -4.3 4.49
      vertex 31.7 -4.3 4.49
    endloop
  endfacet
  facet normal 0 -0.707107 -0.707107
    outer loop
      vertex 40.3 -4.3 4.49
      vertex 32.7 -3.3 3.49
      vertex 39.3 -3.3 3.49
    endloop
  endfacet
  facet normal 0.707107 0 -0.707107
    outer loop
      vertex 40.3 4.3 4.49
      vertex 39.3 -3.3 3.49
      vertex 39.3 3.3 3.49
    endloop
  endfacet
  facet normal 0.707107 0 -0.707107
    outer loop
      vertex 39.3 -3.3 3.49
      vertex 40.3 4.3 4.49
      vertex 40.3 -4.3 4.49
    endloop
  endfacet
  facet normal 0 0.707107 -0.707107
    outer loop
      vertex 39.3 3.3 3.49
      vertex 31.7 4.3 4.49
      vertex 40.3 4.3 4.49
    endloop
  endfacet
  facet normal 0 0.707107 -0.707107
    outer loop
      vertex 31.7 4.3 4.49
      vertex 39.3 3.3 3.49
      vertex 32.7 3.3 3.49
    endloop
  endfacet
  facet normal -0.707107 0 -0.707107
    outer loop
      vertex 32.7 -3.3 3.49
      vertex 31.7 4.3 4.49
      vertex 32.7 3.3 3.49
    endloop
  endfacet
  facet normal -0.707107 -0 -0.707107
    outer loop
      vertex 31.7 4.3 4.49
      vertex 32.7 -3.3 3.49
      vertex 31.7 -4.3 4.49
    endloop
  endfacet
  facet normal 0 -1 0
    outer loop
      vertex 31.7 -4.3 4.49
      vertex 40.3 -4.3 4.5
      vertex 31.7 -4.3 4.5
    endloop
  endfacet
  facet normal 0 -1 -0
    outer loop
      vertex 40.3 -4.3 4.5
      vertex 31.7 -4.3 4.49
      vertex 40.3 -4.3 4.49
    endloop
  endfacet
  facet normal 0 1 -0
    outer loop
      vertex 40.3 4.3 4.49
      vertex 31.7 4.3 4.5
      vertex 40.3 4.3 4.5
    endloop
  endfacet
  facet normal 0 1 0
    outer loop
      vertex 31.7 4.3 4.5
      vertex 40.3 4.3 4.49
      vertex 31.7 4.3 4.49
    endloop
  endfacet
  facet normal 1 -0 0
    outer loop
      vertex 40.3 -4.3 4.5
      vertex 40.3 4.3 4.49
      vertex 40.3 4.3 4.5
    endloop
  endfacet
  facet normal 1 0 0
    outer loop
      vertex 40.3 4.3 4.49
      vertex 40.3 -4.3 4.5
      vertex 40.3 -4.3 4.49
    endloop
  endfacet
  facet normal -1 0 0
    outer loop
      vertex 32.7 -3.3 0
      vertex 32.7 3.3 3.49
      vertex 32.7 3.3 0
    endloop
  endfacet
  facet normal -1 -0 0
    outer loop
      vertex 32.7 3.3 3.49
      vertex 32.7 -3.3 0
      vertex 32.7 -3.3 3.49
    endloop
  endfacet
  facet normal 0 0 -1
    outer loop
      vertex 39.3 -3.3 0
      vertex 37.2 -1.79999 0
      vertex 39.3 3.3 0
    endloop
  endfacet
  facet normal 0 0 -1
    outer loop
      vertex 32.7 -3.3 0
      vertex 37.2 -1.79999 0
      vertex 39.3 -3.3 0
    endloop
  endfacet
  facet normal -0 0 -1
    outer loop
      vertex 37.2 -1.79999 0
      vertex 32.7 -3.3 0
      vertex 34 0 0
    endloop
  endfacet
  facet normal 0 0 -1
    outer loop
      vertex 37.2 1.79999 0
      vertex 39.3 3.3 0
      vertex 37.2 -1.79999 0
    endloop
  endfacet
  facet normal 0 0 -1
    outer loop
      vertex 32.7 3.3 0
      vertex 37.2 1.79999 0
      vertex 34 0 0
    endloop
  endfacet
  facet normal 0 0 -1
    outer loop
      vertex 37.2 1.79999 0
      vertex 32.7 3.3 0
      vertex 39.3 3.3 0
    endloop
  endfacet
  facet normal 0 0 -1
    outer loop
      vertex 32.7 3.3 0
      vertex 34 0 0
      vertex 32.7 -3.3 0
    endloop
  endfacet
  facet normal 0 -1 0
    outer loop
      vertex 32.7 -3.3 0
      vertex 39.3 -3.3 3.49
      vertex 32.7 -3.3 3.49
    endloop
  endfacet
  facet normal 0 -1 -0
    outer loop
      vertex 39.3 -3.3 3.49
      vertex 32.7 -3.3 0
      vertex 39.3 -3.3 0
    endloop
  endfacet
  facet normal 1 -0 0
    outer loop
      vertex 39.3 -3.3 3.49
      vertex 39.3 3.3 0
      vertex 39.3 3.3 3.49
    endloop
  endfacet
  facet normal 1 0 0
    outer loop
      vertex 39.3 3.3 0
      vertex 39.3 -3.3 3.49
      vertex 39.3 -3.3 0
    endloop
  endfacet
  facet normal 0 1 -0
    outer loop
      vertex 39.3 3.3 0
      vertex 32.7 3.3 3.49
      vertex 39.3 3.3 3.49
    endloop
  endfacet
  facet normal 0 1 0
    outer loop
      vertex 32.7 3.3 3.49
      vertex 39.3 3.3 0
      vertex 32.7 3.3 0
    endloop
  endfacet
  facet normal 0.195059 -0.980791 0
    outer loop
      vertex 36.2088 -1.58631 4.5
      vertex 36.4141 -1.54548 6
      vertex 36.2088 -1.58631 6
    endloop
  endfacet
  facet normal 0.195059 -0.980791 0
    outer loop
      vertex 36.4141 -1.54548 6
      vertex 36.2088 -1.58631 4.5
      vertex 36.4141 -1.54548 4.5
    endloop
  endfacet
  facet normal 0.980813 -0.19495 0
    outer loop
      vertex 37.5455 -0.41411 6
      vertex 37.5863 -0.208841 4.5
      vertex 37.5863 -0.208841 6
    endloop
  endfacet
  facet normal 0.980813 -0.19495 0
    outer loop
      vertex 37.5863 -0.208841 4.5
      vertex 37.5455 -0.41411 6
      vertex 37.5455 -0.41411 4.5
    endloop
  endfacet
  facet normal 0.997855 -0.0654594 0
    outer loop
      vertex 37.5863 -0.208841 6
      vertex 37.6 0 4.5
      vertex 37.6 0 6
    endloop
  endfacet
  facet normal 0.997855 -0.0654594 0
    outer loop
      vertex 37.6 0 4.5
      vertex 37.5863 -0.208841 6
      vertex 37.5863 -0.208841 4.5
    endloop
  endfacet
  facet normal 0.946892 -0.321551 0
    outer loop
      vertex 37.4782 -0.612293 6
      vertex 37.5455 -0.41411 4.5
      vertex 37.5455 -0.41411 6
    endloop
  endfacet
  facet normal 0.946892 -0.321551 0
    outer loop
      vertex 37.5455 -0.41411 4.5
      vertex 37.4782 -0.612293 6
      vertex 37.4782 -0.612293 4.5
    endloop
  endfacet
  facet normal 0.831637 -0.55532 0
    outer loop
      vertex 37.2694 -0.974018 6
      vertex 37.3856 -0.799999 4.5
      vertex 37.3856 -0.799999 6
    endloop
  endfacet
  facet normal 0.831637 -0.55532 0
    outer loop
      vertex 37.3856 -0.799999 4.5
      vertex 37.2694 -0.974018 6
      vertex 37.2694 -0.974018 4.5
    endloop
  endfacet
  facet normal 0.321397 -0.946944 0
    outer loop
      vertex 36.4141 -1.54548 4.5
      vertex 36.6123 -1.47821 6
      vertex 36.4141 -1.54548 6
    endloop
  endfacet
  facet normal 0.321397 -0.946944 0
    outer loop
      vertex 36.6123 -1.47821 6
      vertex 36.4141 -1.54548 4.5
      vertex 36.6123 -1.47821 4.5
    endloop
  endfacet
  facet normal 0.997855 0.0654594 0
    outer loop
      vertex 37.6 0 6
      vertex 37.5863 0.208841 4.5
      vertex 37.5863 0.208841 6
    endloop
  endfacet
  facet normal 0.997855 0.0654594 0
    outer loop
      vertex 37.5863 0.208841 4.5
      vertex 37.6 0 6
      vertex 37.6 0 4.5
    endloop
  endfacet
  facet normal -0.555593 0.831454 0
    outer loop
      vertex 35.2 1.38564 4.5
      vertex 35.026 1.26937 6
      vertex 35.2 1.38564 6
    endloop
  endfacet
  facet normal -0.555593 0.831454 0
    outer loop
      vertex 35.026 1.26937 6
      vertex 35.2 1.38564 4.5
      vertex 35.026 1.26937 4.5
    endloop
  endfacet
  facet normal -0.321397 0.946944 0
    outer loop
      vertex 35.5859 1.54548 4.5
      vertex 35.3877 1.47821 6
      vertex 35.5859 1.54548 6
    endloop
  endfacet
  facet normal -0.321397 0.946944 0
    outer loop
      vertex 35.3877 1.47821 6
      vertex 35.5859 1.54548 4.5
      vertex 35.3877 1.47821 4.5
    endloop
  endfacet
  facet normal 0.896809 -0.442418 0
    outer loop
      vertex 37.3856 -0.799999 6
      vertex 37.4782 -0.612293 4.5
      vertex 37.4782 -0.612293 6
    endloop
  endfacet
  facet normal 0.896809 -0.442418 0
    outer loop
      vertex 37.4782 -0.612293 4.5
      vertex 37.3856 -0.799999 6
      vertex 37.3856 -0.799999 4.5
    endloop
  endfacet
  facet normal -0.321397 -0.946944 0
    outer loop
      vertex 35.3877 -1.47821 4.5
      vertex 35.5859 -1.54548 6
      vertex 35.3877 -1.47821 6
    endloop
  endfacet
  facet normal -0.321397 -0.946944 -0
    outer loop
      vertex 35.5859 -1.54548 6
      vertex 35.3877 -1.47821 4.5
      vertex 35.5859 -1.54548 4.5
    endloop
  endfacet
  facet normal 0.751826 -0.659362 0
    outer loop
      vertex 37.1314 -1.13137 6
      vertex 37.2694 -0.974018 4.5
      vertex 37.2694 -0.974018 6
    endloop
  endfacet
  facet normal 0.751826 -0.659362 0
    outer loop
      vertex 37.2694 -0.974018 4.5
      vertex 37.1314 -1.13137 6
      vertex 37.1314 -1.13137 4.5
    endloop
  endfacet
  facet normal 0 0 1
    outer loop
      vertex 37.5863 0.208841 6
      vertex 37.5863 -0.208841 6
      vertex 37.6 0 6
    endloop
  endfacet
  facet normal 0 0 1
    outer loop
      vertex 37.5455 0.41411 6
      vertex 37.5863 -0.208841 6
      vertex 37.5863 0.208841 6
    endloop
  endfacet
  facet normal 0 0 1
    outer loop
      vertex 37.5455 0.41411 6
      vertex 37.5455 -0.41411 6
      vertex 37.5863 -0.208841 6
    endloop
  endfacet
  facet normal 0 0 1
    outer loop
      vertex 37.4782 0.612293 6
      vertex 37.5455 -0.41411 6
      vertex 37.5455 0.41411 6
    endloop
  endfacet
  facet normal 0 0 1
    outer loop
      vertex 37.4782 0.612293 6
      vertex 37.4782 -0.612293 6
      vertex 37.5455 -0.41411 6
    endloop
  endfacet
  facet normal 0 0 1
    outer loop
      vertex 37.3856 0.799999 6
      vertex 37.4782 -0.612293 6
      vertex 37.4782 0.612293 6
    endloop
  endfacet
  facet normal 0 0 1
    outer loop
      vertex 37.3856 0.799999 6
      vertex 37.3856 -0.799999 6
      vertex 37.4782 -0.612293 6
    endloop
  endfacet
  facet normal 0 0 1
    outer loop
      vertex 37.2694 0.974018 6
      vertex 37.3856 -0.799999 6
      vertex 37.3856 0.799999 6
    endloop
  endfacet
  facet normal 0 0 1
    outer loop
      vertex 37.2694 0.974018 6
      vertex 37.2694 -0.974018 6
      vertex 37.3856 -0.799999 6
    endloop
  endfacet
  facet normal 0 0 1
    outer loop
      vertex 37.1314 1.13137 6
      vertex 37.2694 -0.974018 6
      vertex 37.2694 0.974018 6
    endloop
  endfacet
  facet normal 0 0 1
    outer loop
      vertex 37.1314 1.13137 6
      vertex 37.1314 -1.13137 6
      vertex 37.2694 -0.974018 6
    endloop
  endfacet
  facet normal 0 0 1
    outer loop
      vertex 36.974 1.26937 6
      vertex 37.1314 -1.13137 6
      vertex 37.1314 1.13137 6
    endloop
  endfacet
  facet normal 0 0 1
    outer loop
      vertex 36.974 1.26937 6
      vertex 36.974 -1.26937 6
      vertex 37.1314 -1.13137 6
    endloop
  endfacet
  facet normal 0 0 1
    outer loop
      vertex 36.8 1.38564 6
      vertex 36.974 -1.26937 6
      vertex 36.974 1.26937 6
    endloop
  endfacet
  facet normal 0 0 1
    outer loop
      vertex 36.8 1.38564 6
      vertex 36.8 -1.38564 6
      vertex 36.974 -1.26937 6
    endloop
  endfacet
  facet normal 0 0 1
    outer loop
      vertex 36.6123 1.47821 6
      vertex 36.8 -1.38564 6
      vertex 36.8 1.38564 6
    endloop
  endfacet
  facet normal 0 0 1
    outer loop
      vertex 36.6123 1.47821 6
      vertex 36.6123 -1.47821 6
      vertex 36.8 -1.38564 6
    endloop
  endfacet
  facet normal 0 0 1
    outer loop
      vertex 36.4141 1.54548 6
      vertex 36.6123 -1.47821 6
      vertex 36.6123 1.47821 6
    endloop
  endfacet
  facet normal 0 0 1
    outer loop
      vertex 36.4141 1.54548 6
      vertex 36.4141 -1.54548 6
      vertex 36.6123 -1.47821 6
    endloop
  endfacet
  facet normal 0 0 1
    outer loop
      vertex 36.2088 1.58631 6
      vertex 36.4141 -1.54548 6
      vertex 36.4141 1.54548 6
    endloop
  endfacet
  facet normal 0 0 1
    outer loop
      vertex 36.2088 1.58631 6
      vertex 36.2088 -1.58631 6
      vertex 36.4141 -1.54548 6
    endloop
  endfacet
  facet normal 0 0 1
    outer loop
      vertex 36 1.6 6
      vertex 36.2088 -1.58631 6
      vertex 36.2088 1.58631 6
    endloop
  endfacet
  facet normal 0 0 1
    outer loop
      vertex 36 1.6 6
      vertex 36 -1.6 6
      vertex 36.2088 -1.58631 6
    endloop
  endfacet
  facet normal -0 0 1
    outer loop
      vertex 35.7912 1.58631 6
      vertex 36 -1.6 6
      vertex 36 1.6 6
    endloop
  endfacet
  facet normal 0 0 1
    outer loop
      vertex 35.7912 1.58631 6
      vertex 35.7912 -1.58631 6
      vertex 36 -1.6 6
    endloop
  endfacet
  facet normal -0 0 1
    outer loop
      vertex 35.5859 1.54548 6
      vertex 35.7912 -1.58631 6
      vertex 35.7912 1.58631 6
    endloop
  endfacet
  facet normal 0 0 1
    outer loop
      vertex 35.5859 1.54548 6
      vertex 35.5859 -1.54548 6
      vertex 35.7912 -1.58631 6
    endloop
  endfacet
  facet normal -0 0 1
    outer loop
      vertex 35.3877 1.47821 6
      vertex 35.5859 -1.54548 6
      vertex 35.5859 1.54548 6
    endloop
  endfacet
  facet normal 0 0 1
    outer loop
      vertex 35.3877 1.47821 6
      vertex 35.3877 -1.47821 6
      vertex 35.5859 -1.54548 6
    endloop
  endfacet
  facet normal -0 0 1
    outer loop
      vertex 35.2 1.38564 6
      vertex 35.3877 -1.47821 6
      vertex 35.3877 1.47821 6
    endloop
  endfacet
  facet normal 0 0 1
    outer loop
      vertex 35.2 1.38564 6
      vertex 35.2 -1.38564 6
      vertex 35.3877 -1.47821 6
    endloop
  endfacet
  facet normal -0 0 1
    outer loop
      vertex 35.026 1.26937 6
      vertex 35.2 -1.38564 6
      vertex 35.2 1.38564 6
    endloop
  endfacet
  facet normal 0 0 1
    outer loop
      vertex 35.026 1.26937 6
      vertex 35.026 -1.26937 6
      vertex 35.2 -1.38564 6
    endloop
  endfacet
  facet normal -0 0 1
    outer loop
      vertex 34.8686 1.13137 6
      vertex 35.026 -1.26937 6
      vertex 35.026 1.26937 6
    endloop
  endfacet
  facet normal 0 0 1
    outer loop
      vertex 34.8686 1.13137 6
      vertex 34.8686 -1.13137 6
      vertex 35.026 -1.26937 6
    endloop
  endfacet
  facet normal -0 0 1
    outer loop
      vertex 34.7306 0.974018 6
      vertex 34.8686 -1.13137 6
      vertex 34.8686 1.13137 6
    endloop
  endfacet
  facet normal 0 0 1
    outer loop
      vertex 34.7306 0.974018 6
      vertex 34.7306 -0.974018 6
      vertex 34.8686 -1.13137 6
    endloop
  endfacet
  facet normal -0 0 1
    outer loop
      vertex 34.6144 0.799999 6
      vertex 34.7306 -0.974018 6
      vertex 34.7306 0.974018 6
    endloop
  endfacet
  facet normal 0 0 1
    outer loop
      vertex 34.6144 0.799999 6
      vertex 34.6144 -0.799999 6
      vertex 34.7306 -0.974018 6
    endloop
  endfacet
  facet normal -0 0 1
    outer loop
      vertex 34.5218 0.612293 6
      vertex 34.6144 -0.799999 6
      vertex 34.6144 0.799999 6
    endloop
  endfacet
  facet normal 0 0 1
    outer loop
      vertex 34.5218 0.612293 6
      vertex 34.5218 -0.612293 6
      vertex 34.6144 -0.799999 6
    endloop
  endfacet
  facet normal -0 0 1
    outer loop
      vertex 34.4545 0.41411 6
      vertex 34.5218 -0.612293 6
      vertex 34.5218 0.612293 6
    endloop
  endfacet
  facet normal 0 0 1
    outer loop
      vertex 34.4545 0.41411 6
      vertex 34.4545 -0.41411 6
      vertex 34.5218 -0.612293 6
    endloop
  endfacet
  facet normal -0 0 1
    outer loop
      vertex 34.4137 0.208841 6
      vertex 34.4545 -0.41411 6
      vertex 34.4545 0.41411 6
    endloop
  endfacet
  facet normal 0 0 1
    outer loop
      vertex 34.4137 0.208841 6
      vertex 34.4137 -0.208841 6
      vertex 34.4545 -0.41411 6
    endloop
  endfacet
  facet normal 0 -0 1
    outer loop
      vertex 34.4137 -0.208841 6
      vertex 34.4137 0.208841 6
      vertex 34.4 0 6
    endloop
  endfacet
  facet normal 0.946892 0.321551 0
    outer loop
      vertex 37.5455 0.41411 6
      vertex 37.4782 0.612293 4.5
      vertex 37.4782 0.612293 6
    endloop
  endfacet
  facet normal 0.946892 0.321551 0
    outer loop
      vertex 37.4782 0.612293 4.5
      vertex 37.5455 0.41411 6
      vertex 37.5455 0.41411 4.5
    endloop
  endfacet
  facet normal -0.751826 0.659362 0
    outer loop
      vertex 34.7306 0.974018 4.5
      vertex 34.8686 1.13137 6
      vertex 34.8686 1.13137 4.5
    endloop
  endfacet
  facet normal -0.751826 0.659362 0
    outer loop
      vertex 34.8686 1.13137 6
      vertex 34.7306 0.974018 4.5
      vertex 34.7306 0.974018 6
    endloop
  endfacet
  facet normal 0.980813 0.19495 0
    outer loop
      vertex 37.5863 0.208841 6
      vertex 37.5455 0.41411 4.5
      vertex 37.5455 0.41411 6
    endloop
  endfacet
  facet normal 0.980813 0.19495 0
    outer loop
      vertex 37.5455 0.41411 4.5
      vertex 37.5863 0.208841 6
      vertex 37.5863 0.208841 4.5
    endloop
  endfacet
  facet normal -0.659248 -0.751925 0
    outer loop
      vertex 34.8686 -1.13137 4.5
      vertex 35.026 -1.26937 6
      vertex 34.8686 -1.13137 6
    endloop
  endfacet
  facet normal -0.659248 -0.751925 -0
    outer loop
      vertex 35.026 -1.26937 6
      vertex 34.8686 -1.13137 4.5
      vertex 35.026 -1.26937 4.5
    endloop
  endfacet
  facet normal -0.946892 0.321551 0
    outer loop
      vertex 34.4545 0.41411 4.5
      vertex 34.5218 0.612293 6
      vertex 34.5218 0.612293 4.5
    endloop
  endfacet
  facet normal -0.946892 0.321551 0
    outer loop
      vertex 34.5218 0.612293 6
      vertex 34.4545 0.41411 4.5
      vertex 34.4545 0.41411 6
    endloop
  endfacet
  facet normal 0.831637 0.55532 0
    outer loop
      vertex 37.3856 0.799999 6
      vertex 37.2694 0.974018 4.5
      vertex 37.2694 0.974018 6
    endloop
  endfacet
  facet normal 0.831637 0.55532 0
    outer loop
      vertex 37.2694 0.974018 4.5
      vertex 37.3856 0.799999 6
      vertex 37.3856 0.799999 4.5
    endloop
  endfacet
  facet normal 0.442314 -0.89686 0
    outer loop
      vertex 36.6123 -1.47821 4.5
      vertex 36.8 -1.38564 6
      vertex 36.6123 -1.47821 6
    endloop
  endfacet
  facet normal 0.442314 -0.89686 0
    outer loop
      vertex 36.8 -1.38564 6
      vertex 36.6123 -1.47821 4.5
      vertex 36.8 -1.38564 4.5
    endloop
  endfacet
  facet normal -0.442314 -0.89686 0
    outer loop
      vertex 35.2 -1.38564 4.5
      vertex 35.3877 -1.47821 6
      vertex 35.2 -1.38564 6
    endloop
  endfacet
  facet normal -0.442314 -0.89686 -0
    outer loop
      vertex 35.3877 -1.47821 6
      vertex 35.2 -1.38564 4.5
      vertex 35.3877 -1.47821 4.5
    endloop
  endfacet
  facet normal 0.442314 0.89686 -0
    outer loop
      vertex 36.8 1.38564 4.5
      vertex 36.6123 1.47821 6
      vertex 36.8 1.38564 6
    endloop
  endfacet
  facet normal 0.442314 0.89686 0
    outer loop
      vertex 36.6123 1.47821 6
      vertex 36.8 1.38564 4.5
      vertex 36.6123 1.47821 4.5
    endloop
  endfacet
  facet normal 0.321397 0.946944 -0
    outer loop
      vertex 36.6123 1.47821 4.5
      vertex 36.4141 1.54548 6
      vertex 36.6123 1.47821 6
    endloop
  endfacet
  facet normal 0.321397 0.946944 0
    outer loop
      vertex 36.4141 1.54548 6
      vertex 36.6123 1.47821 4.5
      vertex 36.4141 1.54548 4.5
    endloop
  endfacet
  facet normal -0.896809 0.442418 0
    outer loop
      vertex 34.5218 0.612293 4.5
      vertex 34.6144 0.799999 6
      vertex 34.6144 0.799999 4.5
    endloop
  endfacet
  facet normal -0.896809 0.442418 0
    outer loop
      vertex 34.6144 0.799999 6
      vertex 34.5218 0.612293 4.5
      vertex 34.5218 0.612293 6
    endloop
  endfacet
  facet normal -0.980813 0.19495 0
    outer loop
      vertex 34.4137 0.208841 4.5
      vertex 34.4545 0.41411 6
      vertex 34.4545 0.41411 4.5
    endloop
  endfacet
  facet normal -0.980813 0.19495 0
    outer loop
      vertex 34.4545 0.41411 6
      vertex 34.4137 0.208841 4.5
      vertex 34.4137 0.208841 6
    endloop
  endfacet
  facet normal -0.555593 -0.831454 0
    outer loop
      vertex 35.026 -1.26937 4.5
      vertex 35.2 -1.38564 6
      vertex 35.026 -1.26937 6
    endloop
  endfacet
  facet normal -0.555593 -0.831454 -0
    outer loop
      vertex 35.2 -1.38564 6
      vertex 35.026 -1.26937 4.5
      vertex 35.2 -1.38564 4.5
    endloop
  endfacet
  facet normal 0.555593 0.831454 -0
    outer loop
      vertex 36.974 1.26937 4.5
      vertex 36.8 1.38564 6
      vertex 36.974 1.26937 6
    endloop
  endfacet
  facet normal 0.555593 0.831454 0
    outer loop
      vertex 36.8 1.38564 6
      vertex 36.974 1.26937 4.5
      vertex 36.8 1.38564 4.5
    endloop
  endfacet
  facet normal 0.195059 0.980791 -0
    outer loop
      vertex 36.4141 1.54548 4.5
      vertex 36.2088 1.58631 6
      vertex 36.4141 1.54548 6
    endloop
  endfacet
  facet normal 0.195059 0.980791 0
    outer loop
      vertex 36.2088 1.58631 6
      vertex 36.4141 1.54548 4.5
      vertex 36.2088 1.58631 4.5
    endloop
  endfacet
  facet normal 0.659248 -0.751925 0
    outer loop
      vertex 36.974 -1.26937 4.5
      vertex 37.1314 -1.13137 6
      vertex 36.974 -1.26937 6
    endloop
  endfacet
  facet normal 0.659248 -0.751925 0
    outer loop
      vertex 37.1314 -1.13137 6
      vertex 36.974 -1.26937 4.5
      vertex 37.1314 -1.13137 4.5
    endloop
  endfacet
  facet normal -0.946892 -0.321551 0
    outer loop
      vertex 34.5218 -0.612293 4.5
      vertex 34.4545 -0.41411 6
      vertex 34.4545 -0.41411 4.5
    endloop
  endfacet
  facet normal -0.946892 -0.321551 0
    outer loop
      vertex 34.4545 -0.41411 6
      vertex 34.5218 -0.612293 4.5
      vertex 34.5218 -0.612293 6
    endloop
  endfacet
  facet normal 0.0654247 0.997858 -0
    outer loop
      vertex 36.2088 1.58631 4.5
      vertex 36 1.6 6
      vertex 36.2088 1.58631 6
    endloop
  endfacet
  facet normal 0.0654247 0.997858 0
    outer loop
      vertex 36 1.6 6
      vertex 36.2088 1.58631 4.5
      vertex 36 1.6 4.5
    endloop
  endfacet
  facet normal -0.195059 -0.980791 0
    outer loop
      vertex 35.5859 -1.54548 4.5
      vertex 35.7912 -1.58631 6
      vertex 35.5859 -1.54548 6
    endloop
  endfacet
  facet normal -0.195059 -0.980791 -0
    outer loop
      vertex 35.7912 -1.58631 6
      vertex 35.5859 -1.54548 4.5
      vertex 35.7912 -1.58631 4.5
    endloop
  endfacet
  facet normal -0.659248 0.751925 0
    outer loop
      vertex 35.026 1.26937 4.5
      vertex 34.8686 1.13137 6
      vertex 35.026 1.26937 6
    endloop
  endfacet
  facet normal -0.659248 0.751925 0
    outer loop
      vertex 34.8686 1.13137 6
      vertex 35.026 1.26937 4.5
      vertex 34.8686 1.13137 4.5
    endloop
  endfacet
  facet normal -0.896809 -0.442418 0
    outer loop
      vertex 34.6144 -0.799999 4.5
      vertex 34.5218 -0.612293 6
      vertex 34.5218 -0.612293 4.5
    endloop
  endfacet
  facet normal -0.896809 -0.442418 0
    outer loop
      vertex 34.5218 -0.612293 6
      vertex 34.6144 -0.799999 4.5
      vertex 34.6144 -0.799999 6
    endloop
  endfacet
  facet normal 0.896809 0.442418 0
    outer loop
      vertex 37.4782 0.612293 6
      vertex 37.3856 0.799999 4.5
      vertex 37.3856 0.799999 6
    endloop
  endfacet
  facet normal 0.896809 0.442418 0
    outer loop
      vertex 37.3856 0.799999 4.5
      vertex 37.4782 0.612293 6
      vertex 37.4782 0.612293 4.5
    endloop
  endfacet
  facet normal 0.751826 0.659362 0
    outer loop
      vertex 37.2694 0.974018 6
      vertex 37.1314 1.13137 4.5
      vertex 37.1314 1.13137 6
    endloop
  endfacet
  facet normal 0.751826 0.659362 0
    outer loop
      vertex 37.1314 1.13137 4.5
      vertex 37.2694 0.974018 6
      vertex 37.2694 0.974018 4.5
    endloop
  endfacet
  facet normal -0.0654247 0.997858 0
    outer loop
      vertex 36 1.6 4.5
      vertex 35.7912 1.58631 6
      vertex 36 1.6 6
    endloop
  endfacet
  facet normal -0.0654247 0.997858 0
    outer loop
      vertex 35.7912 1.58631 6
      vertex 36 1.6 4.5
      vertex 35.7912 1.58631 4.5
    endloop
  endfacet
  facet normal 0.0654247 -0.997858 0
    outer loop
      vertex 36 -1.6 4.5
      vertex 36.2088 -1.58631 6
      vertex 36 -1.6 6
    endloop
  endfacet
  facet normal 0.0654247 -0.997858 0
    outer loop
      vertex 36.2088 -1.58631 6
      vertex 36 -1.6 4.5
      vertex 36.2088 -1.58631 4.5
    endloop
  endfacet
  facet normal 0.555593 -0.831454 0
    outer loop
      vertex 36.8 -1.38564 4.5
      vertex 36.974 -1.26937 6
      vertex 36.8 -1.38564 6
    endloop
  endfacet
  facet normal 0.555593 -0.831454 0
    outer loop
      vertex 36.974 -1.26937 6
      vertex 36.8 -1.38564 4.5
      vertex 36.974 -1.26937 4.5
    endloop
  endfacet
  facet normal -0.997855 0.0654594 0
    outer loop
      vertex 34.4 0 4.5
      vertex 34.4137 0.208841 6
      vertex 34.4137 0.208841 4.5
    endloop
  endfacet
  facet normal -0.997855 0.0654594 0
    outer loop
      vertex 34.4137 0.208841 6
      vertex 34.4 0 4.5
      vertex 34.4 0 6
    endloop
  endfacet
  facet normal -0.751826 -0.659362 0
    outer loop
      vertex 34.8686 -1.13137 4.5
      vertex 34.7306 -0.974018 6
      vertex 34.7306 -0.974018 4.5
    endloop
  endfacet
  facet normal -0.751826 -0.659362 0
    outer loop
      vertex 34.7306 -0.974018 6
      vertex 34.8686 -1.13137 4.5
      vertex 34.8686 -1.13137 6
    endloop
  endfacet
  facet normal -0.0654247 -0.997858 0
    outer loop
      vertex 35.7912 -1.58631 4.5
      vertex 36 -1.6 6
      vertex 35.7912 -1.58631 6
    endloop
  endfacet
  facet normal -0.0654247 -0.997858 -0
    outer loop
      vertex 36 -1.6 6
      vertex 35.7912 -1.58631 4.5
      vertex 36 -1.6 4.5
    endloop
  endfacet
  facet normal -0.195059 0.980791 0
    outer loop
      vertex 35.7912 1.58631 4.5
      vertex 35.5859 1.54548 6
      vertex 35.7912 1.58631 6
    endloop
  endfacet
  facet normal -0.195059 0.980791 0
    outer loop
      vertex 35.5859 1.54548 6
      vertex 35.7912 1.58631 4.5
      vertex 35.5859 1.54548 4.5
    endloop
  endfacet
  facet normal -0.980813 -0.19495 0
    outer loop
      vertex 34.4545 -0.41411 4.5
      vertex 34.4137 -0.208841 6
      vertex 34.4137 -0.208841 4.5
    endloop
  endfacet
  facet normal -0.980813 -0.19495 0
    outer loop
      vertex 34.4137 -0.208841 6
      vertex 34.4545 -0.41411 4.5
      vertex 34.4545 -0.41411 6
    endloop
  endfacet
  facet normal -0.997855 -0.0654594 0
    outer loop
      vertex 34.4137 -0.208841 4.5
      vertex 34.4 0 6
      vertex 34.4 0 4.5
    endloop
  endfacet
  facet normal -0.997855 -0.0654594 0
    outer loop
      vertex 34.4 0 6
      vertex 34.4137 -0.208841 4.5
      vertex 34.4137 -0.208841 6
    endloop
  endfacet
  facet normal -0.442314 0.89686 0
    outer loop
      vertex 35.3877 1.47821 4.5
      vertex 35.2 1.38564 6
      vertex 35.3877 1.47821 6
    endloop
  endfacet
  facet normal -0.442314 0.89686 0
    outer loop
      vertex 35.2 1.38564 6
      vertex 35.3877 1.47821 4.5
      vertex 35.2 1.38564 4.5
    endloop
  endfacet
  facet normal 0.659248 0.751925 -0
    outer loop
      vertex 37.1314 1.13137 4.5
      vertex 36.974 1.26937 6
      vertex 37.1314 1.13137 6
    endloop
  endfacet
  facet normal 0.659248 0.751925 0
    outer loop
      vertex 36.974 1.26937 6
      vertex 37.1314 1.13137 4.5
      vertex 36.974 1.26937 4.5
    endloop
  endfacet
  facet normal -0.831637 -0.55532 0
    outer loop
      vertex 34.7306 -0.974018 4.5
      vertex 34.6144 -0.799999 6
      vertex 34.6144 -0.799999 4.5
    endloop
  endfacet
  facet normal -0.831637 -0.55532 0
    outer loop
      vertex 34.6144 -0.799999 6
      vertex 34.7306 -0.974018 4.5
      vertex 34.7306 -0.974018 6
    endloop
  endfacet
  facet normal -0.831637 0.55532 0
    outer loop
      vertex 34.6144 0.799999 4.5
      vertex 34.7306 0.974018 6
      vertex 34.7306 0.974018 4.5
    endloop
  endfacet
  facet normal -0.831637 0.55532 0
    outer loop
      vertex 34.7306 0.974018 6
      vertex 34.6144 0.799999 4.5
      vertex 34.6144 0.799999 6
    endloop
  endfacet
  facet normal 0 -0 -1
    outer loop
      vertex 37.2 1.79999 0.5
      vertex 37.2 -1.79999 0.5
      vertex 34 0 0.5
    endloop
  endfacet
  facet normal -1 0 0
    outer loop
      vertex 37.2 -1.79999 0
      vertex 37.2 1.79999 0.5
      vertex 37.2 1.79999 0
    endloop
  endfacet
  facet normal -1 -0 0
    outer loop
      vertex 37.2 1.79999 0.5
      vertex 37.2 -1.79999 0
      vertex 37.2 -1.79999 0.5
    endloop
  endfacet
  facet normal 0.490259 0.871577 -0
    outer loop
      vertex 37.2 -1.79999 0
      vertex 34 0 0.5
      vertex 37.2 -1.79999 0.5
    endloop
  endfacet
  facet normal 0.490259 0.871577 0
    outer loop
      vertex 34 0 0.5
      vertex 37.2 -1.79999 0
      vertex 34 0 0
    endloop
  endfacet
  facet normal 0.490259 -0.871577 0
    outer loop
      vertex 34 0 0
      vertex 37.2 1.79999 0.5
      vertex 34 0 0.5
    endloop
  endfacet
  facet normal 0.490259 -0.871577 0
    outer loop
      vertex 37.2 1.79999 0.5
      vertex 34 0 0
      vertex 37.2 1.79999 0
    endloop
  endfacet
  facet normal -0.393266 0.588571 -0.706347
    outer loop
      vertex 45.9302 2.6974 3.49
      vertex 45.8 3.81051 4.49
      vertex 46.3 2.94449 3.49
    endloop
  endfacet
  facet normal -0.896843 0.442349 0
    outer loop
      vertex 43.9349 1.68381 4.49
      vertex 44.1895 2.2 4.5
      vertex 44.1895 2.2 4.49
    endloop
  endfacet
  facet normal -0.896843 0.442349 0
    outer loop
      vertex 44.1895 2.2 4.5
      vertex 43.9349 1.68381 4.49
      vertex 43.9349 1.68381 4.5
    endloop
  endfacet
  facet normal -0.634875 -0.313077 -0.70634
    outer loop
      vertex 45.0555 -1.7 3.49
      vertex 44.1895 -2.2 4.49
      vertex 44.8588 -1.30112 3.49
    endloop
  endfacet
  facet normal -0.634838 -0.31312 -0.706355
    outer loop
      vertex 44.1895 -2.2 4.49
      vertex 43.9349 -1.68381 4.49
      vertex 44.8588 -1.30112 3.49
    endloop
  endfacet
  facet normal 0.751827 0.65936 0
    outer loop
      vertex 51.4908 2.67855 4.5
      vertex 51.1113 3.11127 4.49
      vertex 51.1113 3.11127 4.5
    endloop
  endfacet
  facet normal 0.751827 0.65936 0
    outer loop
      vertex 51.1113 3.11127 4.49
      vertex 51.4908 2.67855 4.5
      vertex 51.4908 2.67855 4.49
    endloop
  endfacet
  facet normal -0.670299 0.227446 -0.706376
    outer loop
      vertex 44.7159 0.879984 3.49
      vertex 43.7499 1.1388 4.49
      vertex 44.8588 1.30112 3.49
    endloop
  endfacet
  facet normal 0.0654003 0.997859 -0
    outer loop
      vertex 48.5743 4.36236 4.49
      vertex 48 4.4 4.5
      vertex 48.5743 4.36236 4.5
    endloop
  endfacet
  facet normal 0.0654003 0.997859 0
    outer loop
      vertex 48 4.4 4.5
      vertex 48.5743 4.36236 4.49
      vertex 48 4.4 4.49
    endloop
  endfacet
  facet normal 0.442286 -0.896874 0
    outer loop
      vertex 49.6838 -4.06507 4.49
      vertex 50.2 -3.81051 4.5
      vertex 49.6838 -4.06507 4.5
    endloop
  endfacet
  facet normal 0.442286 -0.896874 0
    outer loop
      vertex 50.2 -3.81051 4.5
      vertex 49.6838 -4.06507 4.49
      vertex 50.2 -3.81051 4.49
    endloop
  endfacet
  facet normal -0.313077 0.634862 -0.706351
    outer loop
      vertex 46.6989 3.14119 3.49
      vertex 45.8 3.81051 4.49
      vertex 46.3162 4.06507 4.49
    endloop
  endfacet
  facet normal 0.751827 -0.65936 0
    outer loop
      vertex 51.1113 -3.11127 4.5
      vertex 51.4908 -2.67855 4.49
      vertex 51.4908 -2.67855 4.5
    endloop
  endfacet
  facet normal 0.751827 -0.65936 0
    outer loop
      vertex 51.4908 -2.67855 4.49
      vertex 51.1113 -3.11127 4.5
      vertex 51.1113 -3.11127 4.49
    endloop
  endfacet
  facet normal 0.659358 -0.751829 0
    outer loop
      vertex 50.6786 -3.49075 4.49
      vertex 51.1113 -3.11127 4.5
      vertex 50.6786 -3.49075 4.5
    endloop
  endfacet
  facet normal 0.659358 -0.751829 0
    outer loop
      vertex 51.1113 -3.11127 4.5
      vertex 50.6786 -3.49075 4.49
      vertex 51.1113 -3.11127 4.49
    endloop
  endfacet
  facet normal -0.997864 0.0653294 0
    outer loop
      vertex 43.6 0 4.49
      vertex 43.6376 0.574315 4.5
      vertex 43.6376 0.574315 4.49
    endloop
  endfacet
  facet normal -0.997864 0.0653294 0
    outer loop
      vertex 43.6376 0.574315 4.5
      vertex 43.6 0 4.49
      vertex 43.6 0 4.5
    endloop
  endfacet
  facet normal -0.694235 0.138148 -0.706366
    outer loop
      vertex 44.6291 0.443789 3.49
      vertex 43.6376 0.574315 4.49
      vertex 44.7159 0.879984 3.49
    endloop
  endfacet
  facet normal 0.466736 -0.532193 -0.706348
    outer loop
      vertex 50.6786 -3.49075 4.49
      vertex 50.4042 -2.40416 3.49
      vertex 51.1113 -3.11127 4.49
    endloop
  endfacet
  facet normal -0.532192 0.466738 -0.706348
    outer loop
      vertex 45.5958 2.40416 3.49
      vertex 44.5092 2.67855 4.49
      vertex 44.8887 3.11127 4.49
    endloop
  endfacet
  facet normal 0.555534 0.831494 -0
    outer loop
      vertex 50.6786 3.49075 4.49
      vertex 50.2 3.81051 4.5
      vertex 50.6786 3.49075 4.5
    endloop
  endfacet
  facet normal 0.555534 0.831494 0
    outer loop
      vertex 50.2 3.81051 4.5
      vertex 50.6786 3.49075 4.49
      vertex 50.2 3.81051 4.49
    endloop
  endfacet
  facet normal 0.0462993 0.706347 -0.70635
    outer loop
      vertex 48.4438 3.37091 3.49
      vertex 48 3.4 3.49
      vertex 48.5743 4.36236 4.49
    endloop
  endfacet
  facet normal -0.946933 0.32143 0
    outer loop
      vertex 43.7499 1.1388 4.49
      vertex 43.9349 1.68381 4.5
      vertex 43.9349 1.68381 4.49
    endloop
  endfacet
  facet normal -0.946933 0.32143 0
    outer loop
      vertex 43.9349 1.68381 4.5
      vertex 43.7499 1.1388 4.49
      vertex 43.7499 1.1388 4.5
    endloop
  endfacet
  facet normal 0.946933 -0.32143 0
    outer loop
      vertex 52.0651 -1.68381 4.5
      vertex 52.2501 -1.1388 4.49
      vertex 52.2501 -1.1388 4.5
    endloop
  endfacet
  facet normal 0.946933 -0.32143 0
    outer loop
      vertex 52.2501 -1.1388 4.49
      vertex 52.0651 -1.68381 4.5
      vertex 52.0651 -1.68381 4.49
    endloop
  endfacet
  facet normal -0.694233 0.138112 -0.706375
    outer loop
      vertex 44.7159 0.879984 3.49
      vertex 43.6376 0.574315 4.49
      vertex 43.7499 1.1388 4.49
    endloop
  endfacet
  facet normal -0.393239 0.58858 -0.706354
    outer loop
      vertex 45.9302 2.6974 3.49
      vertex 45.3214 3.49075 4.49
      vertex 45.8 3.81051 4.49
    endloop
  endfacet
  facet normal -0.466703 0.53221 -0.706358
    outer loop
      vertex 45.5958 2.40416 3.49
      vertex 45.3214 3.49075 4.49
      vertex 45.9302 2.6974 3.49
    endloop
  endfacet
  facet normal -0.138103 0.694265 -0.706345
    outer loop
      vertex 47.12 3.28415 3.49
      vertex 46.8612 4.25007 4.49
      vertex 47.4257 4.36236 4.49
    endloop
  endfacet
  facet normal -0.22756 -0.670295 -0.706344
    outer loop
      vertex 46.8612 -4.25007 4.49
      vertex 46.6989 -3.14119 3.49
      vertex 47.12 -3.28415 3.49
    endloop
  endfacet
  facet normal 0.393266 -0.588571 -0.706347
    outer loop
      vertex 50.2 -3.81051 4.49
      vertex 49.7 -2.94449 3.49
      vertex 50.0698 -2.6974 3.49
    endloop
  endfacet
  facet normal 0.321435 -0.946931 0
    outer loop
      vertex 49.1388 -4.25007 4.49
      vertex 49.6838 -4.06507 4.5
      vertex 49.1388 -4.25007 4.5
    endloop
  endfacet
  facet normal 0.321435 -0.946931 0
    outer loop
      vertex 49.6838 -4.06507 4.5
      vertex 49.1388 -4.25007 4.49
      vertex 49.6838 -4.06507 4.49
    endloop
  endfacet
  facet normal -0.321435 -0.946931 0
    outer loop
      vertex 46.3162 -4.06507 4.49
      vertex 46.8612 -4.25007 4.5
      vertex 46.3162 -4.06507 4.5
    endloop
  endfacet
  facet normal -0.321435 -0.946931 -0
    outer loop
      vertex 46.8612 -4.25007 4.5
      vertex 46.3162 -4.06507 4.49
      vertex 46.8612 -4.25007 4.49
    endloop
  endfacet
  facet normal 0.532218 -0.466687 -0.706362
    outer loop
      vertex 51.4908 -2.67855 4.49
      vertex 50.4042 -2.40416 3.49
      vertex 50.6974 -2.06979 3.49
    endloop
  endfacet
  facet normal 0.670293 -0.227527 -0.706356
    outer loop
      vertex 52.0651 -1.68381 4.49
      vertex 51.1412 -1.30112 3.49
      vertex 52.2501 -1.1388 4.49
    endloop
  endfacet
  facet normal 0.946933 0.32143 0
    outer loop
      vertex 52.2501 1.1388 4.5
      vertex 52.0651 1.68381 4.49
      vertex 52.0651 1.68381 4.5
    endloop
  endfacet
  facet normal 0.946933 0.32143 0
    outer loop
      vertex 52.0651 1.68381 4.49
      vertex 52.2501 1.1388 4.5
      vertex 52.2501 1.1388 4.49
    endloop
  endfacet
  facet normal 0.313061 -0.634876 -0.706346
    outer loop
      vertex 50.2 -3.81051 4.49
      vertex 49.3011 -3.14119 3.49
      vertex 49.7 -2.94449 3.49
    endloop
  endfacet
  facet normal 0.138089 -0.694264 -0.706349
    outer loop
      vertex 48.5743 -4.36236 4.49
      vertex 48.4438 -3.37091 3.49
      vertex 48.88 -3.28415 3.49
    endloop
  endfacet
  facet normal 0.532218 0.466687 -0.706362
    outer loop
      vertex 50.6974 2.06979 3.49
      vertex 50.4042 2.40416 3.49
      vertex 51.4908 2.67855 4.49
    endloop
  endfacet
  facet normal 0.634838 -0.31312 -0.706355
    outer loop
      vertex 51.8105 -2.2 4.49
      vertex 51.1412 -1.30112 3.49
      vertex 52.0651 -1.68381 4.49
    endloop
  endfacet
  facet normal 0.694233 -0.138112 -0.706375
    outer loop
      vertex 52.2501 -1.1388 4.49
      vertex 51.2841 -0.879984 3.49
      vertex 52.3624 -0.574315 4.49
    endloop
  endfacet
  facet normal 0.532192 -0.466738 -0.706348
    outer loop
      vertex 51.1113 -3.11127 4.49
      vertex 50.4042 -2.40416 3.49
      vertex 51.4908 -2.67855 4.49
    endloop
  endfacet
  facet normal -0.393266 -0.588571 -0.706347
    outer loop
      vertex 46.3 -2.94449 3.49
      vertex 45.8 -3.81051 4.49
      vertex 45.9302 -2.6974 3.49
    endloop
  endfacet
  facet normal -0.138103 -0.694265 -0.706345
    outer loop
      vertex 47.4257 -4.36236 4.49
      vertex 46.8612 -4.25007 4.49
      vertex 47.12 -3.28415 3.49
    endloop
  endfacet
  facet normal -0.751827 -0.65936 0
    outer loop
      vertex 44.8887 -3.11127 4.49
      vertex 44.5092 -2.67855 4.5
      vertex 44.5092 -2.67855 4.49
    endloop
  endfacet
  facet normal -0.751827 -0.65936 0
    outer loop
      vertex 44.5092 -2.67855 4.5
      vertex 44.8887 -3.11127 4.49
      vertex 44.8887 -3.11127 4.5
    endloop
  endfacet
  facet normal 0.393266 0.588571 -0.706347
    outer loop
      vertex 50.0698 2.6974 3.49
      vertex 49.7 2.94449 3.49
      vertex 50.2 3.81051 4.49
    endloop
  endfacet
  facet normal 0.670293 0.227527 -0.706356
    outer loop
      vertex 52.2501 1.1388 4.49
      vertex 51.1412 1.30112 3.49
      vertex 52.0651 1.68381 4.49
    endloop
  endfacet
  facet normal 0.555534 -0.831494 0
    outer loop
      vertex 50.2 -3.81051 4.49
      vertex 50.6786 -3.49075 4.5
      vertex 50.2 -3.81051 4.5
    endloop
  endfacet
  facet normal 0.555534 -0.831494 0
    outer loop
      vertex 50.6786 -3.49075 4.5
      vertex 50.2 -3.81051 4.49
      vertex 50.6786 -3.49075 4.49
    endloop
  endfacet
  facet normal 0.634838 0.31312 -0.706355
    outer loop
      vertex 52.0651 1.68381 4.49
      vertex 51.1412 1.30112 3.49
      vertex 51.8105 2.2 4.49
    endloop
  endfacet
  facet normal 0.588564 -0.393288 -0.70634
    outer loop
      vertex 51.8105 -2.2 4.49
      vertex 50.6974 -2.06979 3.49
      vertex 50.9445 -1.7 3.49
    endloop
  endfacet
  facet normal -0.831515 0.555502 0
    outer loop
      vertex 44.1895 2.2 4.49
      vertex 44.5092 2.67855 4.5
      vertex 44.5092 2.67855 4.49
    endloop
  endfacet
  facet normal -0.831515 0.555502 0
    outer loop
      vertex 44.5092 2.67855 4.5
      vertex 44.1895 2.2 4.49
      vertex 44.1895 2.2 4.5
    endloop
  endfacet
  facet normal 0.896843 0.442349 0
    outer loop
      vertex 52.0651 1.68381 4.5
      vertex 51.8105 2.2 4.49
      vertex 51.8105 2.2 4.5
    endloop
  endfacet
  facet normal 0.896843 0.442349 0
    outer loop
      vertex 51.8105 2.2 4.49
      vertex 52.0651 1.68381 4.5
      vertex 52.0651 1.68381 4.49
    endloop
  endfacet
  facet normal 0.670299 -0.227446 -0.706376
    outer loop
      vertex 52.2501 -1.1388 4.49
      vertex 51.1412 -1.30112 3.49
      vertex 51.2841 -0.879984 3.49
    endloop
  endfacet
  facet normal 0.393239 -0.58858 -0.706354
    outer loop
      vertex 50.2 -3.81051 4.49
      vertex 50.0698 -2.6974 3.49
      vertex 50.6786 -3.49075 4.49
    endloop
  endfacet
  facet normal 0.694235 -0.138148 -0.706366
    outer loop
      vertex 52.3624 -0.574315 4.49
      vertex 51.2841 -0.879984 3.49
      vertex 51.3709 -0.443789 3.49
    endloop
  endfacet
  facet normal 0.22756 -0.670295 -0.706344
    outer loop
      vertex 49.1388 -4.25007 4.49
      vertex 48.88 -3.28415 3.49
      vertex 49.3011 -3.14119 3.49
    endloop
  endfacet
  facet normal 0.138103 -0.694265 -0.706345
    outer loop
      vertex 49.1388 -4.25007 4.49
      vertex 48.5743 -4.36236 4.49
      vertex 48.88 -3.28415 3.49
    endloop
  endfacet
  facet normal -0.195097 0.980784 0
    outer loop
      vertex 47.4257 4.36236 4.49
      vertex 46.8612 4.25007 4.5
      vertex 47.4257 4.36236 4.5
    endloop
  endfacet
  facet normal -0.195097 0.980784 0
    outer loop
      vertex 46.8612 4.25007 4.5
      vertex 47.4257 4.36236 4.49
      vertex 46.8612 4.25007 4.49
    endloop
  endfacet
  facet normal -0.442286 0.896874 0
    outer loop
      vertex 46.3162 4.06507 4.49
      vertex 45.8 3.81051 4.5
      vertex 46.3162 4.06507 4.5
    endloop
  endfacet
  facet normal -0.442286 0.896874 0
    outer loop
      vertex 45.8 3.81051 4.5
      vertex 46.3162 4.06507 4.49
      vertex 45.8 3.81051 4.49
    endloop
  endfacet
  facet normal 0.227532 -0.670297 -0.706351
    outer loop
      vertex 49.6838 -4.06507 4.49
      vertex 49.1388 -4.25007 4.49
      vertex 49.3011 -3.14119 3.49
    endloop
  endfacet
  facet normal 0.442286 0.896874 -0
    outer loop
      vertex 50.2 3.81051 4.49
      vertex 49.6838 4.06507 4.5
      vertex 50.2 3.81051 4.5
    endloop
  endfacet
  facet normal 0.442286 0.896874 0
    outer loop
      vertex 49.6838 4.06507 4.5
      vertex 50.2 3.81051 4.49
      vertex 49.6838 4.06507 4.49
    endloop
  endfacet
  facet normal 0 0 1
    outer loop
      vertex 49.6 0 4.5
      vertex 52.4 0 4.5
      vertex 52.3624 0.574315 4.5
    endloop
  endfacet
  facet normal 0 0 1
    outer loop
      vertex 49.5863 0.208841 4.5
      vertex 52.3624 0.574315 4.5
      vertex 52.2501 1.1388 4.5
    endloop
  endfacet
  facet normal 0 0 1
    outer loop
      vertex 52.4 0 4.5
      vertex 49.6 0 4.5
      vertex 52.3624 -0.574315 4.5
    endloop
  endfacet
  facet normal 0 0 1
    outer loop
      vertex 49.5455 0.41411 4.5
      vertex 52.2501 1.1388 4.5
      vertex 52.0651 1.68381 4.5
    endloop
  endfacet
  facet normal -0 0 1
    outer loop
      vertex 49.5863 -0.208841 4.5
      vertex 52.3624 -0.574315 4.5
      vertex 49.6 0 4.5
    endloop
  endfacet
  facet normal 0 0 1
    outer loop
      vertex 49.4782 0.612293 4.5
      vertex 52.0651 1.68381 4.5
      vertex 51.8105 2.2 4.5
    endloop
  endfacet
  facet normal 0 0 1
    outer loop
      vertex 52.3624 -0.574315 4.5
      vertex 49.5863 -0.208841 4.5
      vertex 52.2501 -1.1388 4.5
    endloop
  endfacet
  facet normal 0 0 1
    outer loop
      vertex 49.3856 0.799999 4.5
      vertex 51.8105 2.2 4.5
      vertex 51.4908 2.67855 4.5
    endloop
  endfacet
  facet normal -0 0 1
    outer loop
      vertex 49.5455 -0.41411 4.5
      vertex 52.2501 -1.1388 4.5
      vertex 49.5863 -0.208841 4.5
    endloop
  endfacet
  facet normal 0 0 1
    outer loop
      vertex 49.2694 0.974018 4.5
      vertex 51.4908 2.67855 4.5
      vertex 51.1113 3.11127 4.5
    endloop
  endfacet
  facet normal 0 0 1
    outer loop
      vertex 52.2501 -1.1388 4.5
      vertex 49.5455 -0.41411 4.5
      vertex 52.0651 -1.68381 4.5
    endloop
  endfacet
  facet normal 0 0 1
    outer loop
      vertex 49.1314 1.13137 4.5
      vertex 51.1113 3.11127 4.5
      vertex 50.6786 3.49075 4.5
    endloop
  endfacet
  facet normal -0 0 1
    outer loop
      vertex 49.4782 -0.612293 4.5
      vertex 52.0651 -1.68381 4.5
      vertex 49.5455 -0.41411 4.5
    endloop
  endfacet
  facet normal 0 0 1
    outer loop
      vertex 48.974 1.26937 4.5
      vertex 50.6786 3.49075 4.5
      vertex 50.2 3.81051 4.5
    endloop
  endfacet
  facet normal 0 0 1
    outer loop
      vertex 52.0651 -1.68381 4.5
      vertex 49.4782 -0.612293 4.5
      vertex 51.8105 -2.2 4.5
    endloop
  endfacet
  facet normal 0 0 1
    outer loop
      vertex 48.8 1.38564 4.5
      vertex 50.2 3.81051 4.5
      vertex 49.6838 4.06507 4.5
    endloop
  endfacet
  facet normal -0 0 1
    outer loop
      vertex 49.3856 -0.799999 4.5
      vertex 51.8105 -2.2 4.5
      vertex 49.4782 -0.612293 4.5
    endloop
  endfacet
  facet normal 0 0 1
    outer loop
      vertex 51.8105 -2.2 4.5
      vertex 49.3856 -0.799999 4.5
      vertex 51.4908 -2.67855 4.5
    endloop
  endfacet
  facet normal 0 0 1
    outer loop
      vertex 52.3624 0.574315 4.5
      vertex 49.5863 0.208841 4.5
      vertex 49.6 0 4.5
    endloop
  endfacet
  facet normal 0 0 1
    outer loop
      vertex 52.2501 1.1388 4.5
      vertex 49.5455 0.41411 4.5
      vertex 49.5863 0.208841 4.5
    endloop
  endfacet
  facet normal 0 0 1
    outer loop
      vertex 52.0651 1.68381 4.5
      vertex 49.4782 0.612293 4.5
      vertex 49.5455 0.41411 4.5
    endloop
  endfacet
  facet normal 0 0 1
    outer loop
      vertex 51.8105 2.2 4.5
      vertex 49.3856 0.799999 4.5
      vertex 49.4782 0.612293 4.5
    endloop
  endfacet
  facet normal 0 0 1
    outer loop
      vertex 51.4908 2.67855 4.5
      vertex 49.2694 0.974018 4.5
      vertex 49.3856 0.799999 4.5
    endloop
  endfacet
  facet normal 0 0 1
    outer loop
      vertex 48.6123 1.47821 4.5
      vertex 49.6838 4.06507 4.5
      vertex 49.1388 4.25007 4.5
    endloop
  endfacet
  facet normal 0 0 1
    outer loop
      vertex 51.1113 3.11127 4.5
      vertex 49.1314 1.13137 4.5
      vertex 49.2694 0.974018 4.5
    endloop
  endfacet
  facet normal 0 0 1
    outer loop
      vertex 50.6786 3.49075 4.5
      vertex 48.974 1.26937 4.5
      vertex 49.1314 1.13137 4.5
    endloop
  endfacet
  facet normal 0 0 1
    outer loop
      vertex 50.2 3.81051 4.5
      vertex 48.8 1.38564 4.5
      vertex 48.974 1.26937 4.5
    endloop
  endfacet
  facet normal 0 0 1
    outer loop
      vertex 49.6838 4.06507 4.5
      vertex 48.6123 1.47821 4.5
      vertex 48.8 1.38564 4.5
    endloop
  endfacet
  facet normal 0 0 1
    outer loop
      vertex 48.4141 1.54548 4.5
      vertex 49.1388 4.25007 4.5
      vertex 48.5743 4.36236 4.5
    endloop
  endfacet
  facet normal 0 0 1
    outer loop
      vertex 49.1388 4.25007 4.5
      vertex 48.4141 1.54548 4.5
      vertex 48.6123 1.47821 4.5
    endloop
  endfacet
  facet normal 0 0 1
    outer loop
      vertex 48.5743 4.36236 4.5
      vertex 48.2088 1.58631 4.5
      vertex 48.4141 1.54548 4.5
    endloop
  endfacet
  facet normal 0 0 1
    outer loop
      vertex 48 4.4 4.5
      vertex 48.2088 1.58631 4.5
      vertex 48.5743 4.36236 4.5
    endloop
  endfacet
  facet normal 0 0 1
    outer loop
      vertex 48 4.4 4.5
      vertex 48 1.6 4.5
      vertex 48.2088 1.58631 4.5
    endloop
  endfacet
  facet normal 0 0 1
    outer loop
      vertex 48 4.4 4.5
      vertex 47.7912 1.58631 4.5
      vertex 48 1.6 4.5
    endloop
  endfacet
  facet normal -0 0 1
    outer loop
      vertex 47.4257 4.36236 4.5
      vertex 47.7912 1.58631 4.5
      vertex 48 4.4 4.5
    endloop
  endfacet
  facet normal 0 0 1
    outer loop
      vertex 47.7912 1.58631 4.5
      vertex 47.4257 4.36236 4.5
      vertex 47.5859 1.54548 4.5
    endloop
  endfacet
  facet normal -0 0 1
    outer loop
      vertex 46.8612 4.25007 4.5
      vertex 47.5859 1.54548 4.5
      vertex 47.4257 4.36236 4.5
    endloop
  endfacet
  facet normal 0 0 1
    outer loop
      vertex 47.5859 1.54548 4.5
      vertex 46.8612 4.25007 4.5
      vertex 47.3877 1.47821 4.5
    endloop
  endfacet
  facet normal -0 0 1
    outer loop
      vertex 46.3162 4.06507 4.5
      vertex 47.3877 1.47821 4.5
      vertex 46.8612 4.25007 4.5
    endloop
  endfacet
  facet normal 0 0 1
    outer loop
      vertex 47.3877 1.47821 4.5
      vertex 46.3162 4.06507 4.5
      vertex 47.2 1.38564 4.5
    endloop
  endfacet
  facet normal -0 0 1
    outer loop
      vertex 45.8 3.81051 4.5
      vertex 47.2 1.38564 4.5
      vertex 46.3162 4.06507 4.5
    endloop
  endfacet
  facet normal 0 0 1
    outer loop
      vertex 47.2 1.38564 4.5
      vertex 45.8 3.81051 4.5
      vertex 47.026 1.26937 4.5
    endloop
  endfacet
  facet normal -0 0 1
    outer loop
      vertex 45.3214 3.49075 4.5
      vertex 47.026 1.26937 4.5
      vertex 45.8 3.81051 4.5
    endloop
  endfacet
  facet normal 0 0 1
    outer loop
      vertex 47.026 1.26937 4.5
      vertex 45.3214 3.49075 4.5
      vertex 46.8686 1.13137 4.5
    endloop
  endfacet
  facet normal -0 0 1
    outer loop
      vertex 44.8887 3.11127 4.5
      vertex 46.8686 1.13137 4.5
      vertex 45.3214 3.49075 4.5
    endloop
  endfacet
  facet normal 0 0 1
    outer loop
      vertex 46.8686 1.13137 4.5
      vertex 44.8887 3.11127 4.5
      vertex 46.7306 0.974018 4.5
    endloop
  endfacet
  facet normal 0 0 1
    outer loop
      vertex 46.7306 0.974018 4.5
      vertex 44.5092 2.67855 4.5
      vertex 46.6144 0.799999 4.5
    endloop
  endfacet
  facet normal -0 0 1
    outer loop
      vertex 44.5092 2.67855 4.5
      vertex 46.7306 0.974018 4.5
      vertex 44.8887 3.11127 4.5
    endloop
  endfacet
  facet normal -0 0 1
    outer loop
      vertex 49.2694 -0.974018 4.5
      vertex 51.4908 -2.67855 4.5
      vertex 49.3856 -0.799999 4.5
    endloop
  endfacet
  facet normal 0 0 1
    outer loop
      vertex 51.4908 -2.67855 4.5
      vertex 49.2694 -0.974018 4.5
      vertex 51.1113 -3.11127 4.5
    endloop
  endfacet
  facet normal -0 0 1
    outer loop
      vertex 49.1314 -1.13137 4.5
      vertex 51.1113 -3.11127 4.5
      vertex 49.2694 -0.974018 4.5
    endloop
  endfacet
  facet normal 0 0 1
    outer loop
      vertex 51.1113 -3.11127 4.5
      vertex 49.1314 -1.13137 4.5
      vertex 50.6786 -3.49075 4.5
    endloop
  endfacet
  facet normal -0 0 1
    outer loop
      vertex 48.974 -1.26937 4.5
      vertex 50.6786 -3.49075 4.5
      vertex 49.1314 -1.13137 4.5
    endloop
  endfacet
  facet normal 0 0 1
    outer loop
      vertex 50.6786 -3.49075 4.5
      vertex 48.974 -1.26937 4.5
      vertex 50.2 -3.81051 4.5
    endloop
  endfacet
  facet normal -0 0 1
    outer loop
      vertex 48.8 -1.38564 4.5
      vertex 50.2 -3.81051 4.5
      vertex 48.974 -1.26937 4.5
    endloop
  endfacet
  facet normal 0 0 1
    outer loop
      vertex 50.2 -3.81051 4.5
      vertex 48.8 -1.38564 4.5
      vertex 49.6838 -4.06507 4.5
    endloop
  endfacet
  facet normal -0 0 1
    outer loop
      vertex 48.6123 -1.47821 4.5
      vertex 49.6838 -4.06507 4.5
      vertex 48.8 -1.38564 4.5
    endloop
  endfacet
  facet normal 0 0 1
    outer loop
      vertex 49.6838 -4.06507 4.5
      vertex 48.6123 -1.47821 4.5
      vertex 49.1388 -4.25007 4.5
    endloop
  endfacet
  facet normal -0 0 1
    outer loop
      vertex 48.4141 -1.54548 4.5
      vertex 49.1388 -4.25007 4.5
      vertex 48.6123 -1.47821 4.5
    endloop
  endfacet
  facet normal 0 0 1
    outer loop
      vertex 49.1388 -4.25007 4.5
      vertex 48.4141 -1.54548 4.5
      vertex 48.5743 -4.36236 4.5
    endloop
  endfacet
  facet normal -0 0 1
    outer loop
      vertex 48.2088 -1.58631 4.5
      vertex 48.5743 -4.36236 4.5
      vertex 48.4141 -1.54548 4.5
    endloop
  endfacet
  facet normal -0 0 1
    outer loop
      vertex 48 -1.6 4.5
      vertex 48.5743 -4.36236 4.5
      vertex 48.2088 -1.58631 4.5
    endloop
  endfacet
  facet normal 0 0 1
    outer loop
      vertex 48 -1.6 4.5
      vertex 48 -4.4 4.5
      vertex 48.5743 -4.36236 4.5
    endloop
  endfacet
  facet normal 0 0 1
    outer loop
      vertex 47.7912 -1.58631 4.5
      vertex 48 -4.4 4.5
      vertex 48 -1.6 4.5
    endloop
  endfacet
  facet normal 0 0 1
    outer loop
      vertex 47.4257 -4.36236 4.5
      vertex 47.7912 -1.58631 4.5
      vertex 47.5859 -1.54548 4.5
    endloop
  endfacet
  facet normal 0 0 1
    outer loop
      vertex 47.7912 -1.58631 4.5
      vertex 47.4257 -4.36236 4.5
      vertex 48 -4.4 4.5
    endloop
  endfacet
  facet normal 0 0 1
    outer loop
      vertex 46.8612 -4.25007 4.5
      vertex 47.5859 -1.54548 4.5
      vertex 47.3877 -1.47821 4.5
    endloop
  endfacet
  facet normal 0 0 1
    outer loop
      vertex 46.3162 -4.06507 4.5
      vertex 47.3877 -1.47821 4.5
      vertex 47.2 -1.38564 4.5
    endloop
  endfacet
  facet normal 0 0 1
    outer loop
      vertex 45.8 -3.81051 4.5
      vertex 47.2 -1.38564 4.5
      vertex 47.026 -1.26937 4.5
    endloop
  endfacet
  facet normal 0 0 1
    outer loop
      vertex 45.3214 -3.49075 4.5
      vertex 47.026 -1.26937 4.5
      vertex 46.8686 -1.13137 4.5
    endloop
  endfacet
  facet normal 0 0 1
    outer loop
      vertex 47.5859 -1.54548 4.5
      vertex 46.8612 -4.25007 4.5
      vertex 47.4257 -4.36236 4.5
    endloop
  endfacet
  facet normal 0 0 1
    outer loop
      vertex 44.8887 -3.11127 4.5
      vertex 46.8686 -1.13137 4.5
      vertex 46.7306 -0.974018 4.5
    endloop
  endfacet
  facet normal 0 0 1
    outer loop
      vertex 44.5092 -2.67855 4.5
      vertex 46.7306 -0.974018 4.5
      vertex 46.6144 -0.799999 4.5
    endloop
  endfacet
  facet normal 0 0 1
    outer loop
      vertex 44.1895 -2.2 4.5
      vertex 46.6144 -0.799999 4.5
      vertex 46.5218 -0.612293 4.5
    endloop
  endfacet
  facet normal 0 0 1
    outer loop
      vertex 43.9349 -1.68381 4.5
      vertex 46.5218 -0.612293 4.5
      vertex 46.4545 -0.41411 4.5
    endloop
  endfacet
  facet normal 0 0 1
    outer loop
      vertex 43.7499 -1.1388 4.5
      vertex 46.4545 -0.41411 4.5
      vertex 46.4137 -0.208841 4.5
    endloop
  endfacet
  facet normal 0 0 1
    outer loop
      vertex 47.3877 -1.47821 4.5
      vertex 46.3162 -4.06507 4.5
      vertex 46.8612 -4.25007 4.5
    endloop
  endfacet
  facet normal 0 0 1
    outer loop
      vertex 43.6376 -0.574315 4.5
      vertex 46.4137 -0.208841 4.5
      vertex 46.4 0 4.5
    endloop
  endfacet
  facet normal -0 0 1
    outer loop
      vertex 44.1895 2.2 4.5
      vertex 46.6144 0.799999 4.5
      vertex 44.5092 2.67855 4.5
    endloop
  endfacet
  facet normal 0 0 1
    outer loop
      vertex 46.6144 0.799999 4.5
      vertex 44.1895 2.2 4.5
      vertex 46.5218 0.612293 4.5
    endloop
  endfacet
  facet normal 0 0 1
    outer loop
      vertex 47.2 -1.38564 4.5
      vertex 45.8 -3.81051 4.5
      vertex 46.3162 -4.06507 4.5
    endloop
  endfacet
  facet normal -0 0 1
    outer loop
      vertex 43.9349 1.68381 4.5
      vertex 46.5218 0.612293 4.5
      vertex 44.1895 2.2 4.5
    endloop
  endfacet
  facet normal 0 0 1
    outer loop
      vertex 47.026 -1.26937 4.5
      vertex 45.3214 -3.49075 4.5
      vertex 45.8 -3.81051 4.5
    endloop
  endfacet
  facet normal 0 0 1
    outer loop
      vertex 46.5218 0.612293 4.5
      vertex 43.9349 1.68381 4.5
      vertex 46.4545 0.41411 4.5
    endloop
  endfacet
  facet normal 0 0 1
    outer loop
      vertex 46.8686 -1.13137 4.5
      vertex 44.8887 -3.11127 4.5
      vertex 45.3214 -3.49075 4.5
    endloop
  endfacet
  facet normal -0 0 1
    outer loop
      vertex 43.7499 1.1388 4.5
      vertex 46.4545 0.41411 4.5
      vertex 43.9349 1.68381 4.5
    endloop
  endfacet
  facet normal 0 0 1
    outer loop
      vertex 46.7306 -0.974018 4.5
      vertex 44.5092 -2.67855 4.5
      vertex 44.8887 -3.11127 4.5
    endloop
  endfacet
  facet normal 0 0 1
    outer loop
      vertex 46.4545 0.41411 4.5
      vertex 43.7499 1.1388 4.5
      vertex 46.4137 0.208841 4.5
    endloop
  endfacet
  facet normal 0 0 1
    outer loop
      vertex 46.6144 -0.799999 4.5
      vertex 44.1895 -2.2 4.5
      vertex 44.5092 -2.67855 4.5
    endloop
  endfacet
  facet normal -0 0 1
    outer loop
      vertex 43.6376 0.574315 4.5
      vertex 46.4137 0.208841 4.5
      vertex 43.7499 1.1388 4.5
    endloop
  endfacet
  facet normal 0 0 1
    outer loop
      vertex 46.5218 -0.612293 4.5
      vertex 43.9349 -1.68381 4.5
      vertex 44.1895 -2.2 4.5
    endloop
  endfacet
  facet normal 0 0 1
    outer loop
      vertex 46.4137 0.208841 4.5
      vertex 43.6376 0.574315 4.5
      vertex 46.4 0 4.5
    endloop
  endfacet
  facet normal 0 0 1
    outer loop
      vertex 46.4545 -0.41411 4.5
      vertex 43.7499 -1.1388 4.5
      vertex 43.9349 -1.68381 4.5
    endloop
  endfacet
  facet normal 0 0 1
    outer loop
      vertex 43.6 0 4.5
      vertex 46.4 0 4.5
      vertex 43.6376 0.574315 4.5
    endloop
  endfacet
  facet normal 0 0 1
    outer loop
      vertex 46.4137 -0.208841 4.5
      vertex 43.6376 -0.574315 4.5
      vertex 43.7499 -1.1388 4.5
    endloop
  endfacet
  facet normal 0 0 1
    outer loop
      vertex 46.4 0 4.5
      vertex 43.6 0 4.5
      vertex 43.6376 -0.574315 4.5
    endloop
  endfacet
  facet normal -0.706327 0.0463151 -0.706369
    outer loop
      vertex 44.6 0 3.49
      vertex 43.6376 0.574315 4.49
      vertex 44.6291 0.443789 3.49
    endloop
  endfacet
  facet normal 0.997864 -0.0653294 0
    outer loop
      vertex 52.3624 -0.574315 4.5
      vertex 52.4 0 4.49
      vertex 52.4 0 4.5
    endloop
  endfacet
  facet normal 0.997864 -0.0653294 0
    outer loop
      vertex 52.4 0 4.49
      vertex 52.3624 -0.574315 4.5
      vertex 52.3624 -0.574315 4.49
    endloop
  endfacet
  facet normal -0.946933 -0.32143 0
    outer loop
      vertex 43.9349 -1.68381 4.49
      vertex 43.7499 -1.1388 4.5
      vertex 43.7499 -1.1388 4.49
    endloop
  endfacet
  facet normal -0.946933 -0.32143 0
    outer loop
      vertex 43.7499 -1.1388 4.5
      vertex 43.9349 -1.68381 4.49
      vertex 43.9349 -1.68381 4.5
    endloop
  endfacet
  facet normal 0.588564 0.393288 -0.70634
    outer loop
      vertex 50.9445 1.7 3.49
      vertex 50.6974 2.06979 3.49
      vertex 51.8105 2.2 4.49
    endloop
  endfacet
  facet normal -0.0462946 0.706349 -0.706349
    outer loop
      vertex 48 3.4 3.49
      vertex 47.4257 4.36236 4.49
      vertex 48 4.4 4.49
    endloop
  endfacet
  facet normal -0.70635 0.0462443 -0.70635
    outer loop
      vertex 44.6 0 3.49
      vertex 43.6 0 4.49
      vertex 43.6376 0.574315 4.49
    endloop
  endfacet
  facet normal 0.532192 0.466738 -0.706348
    outer loop
      vertex 51.4908 2.67855 4.49
      vertex 50.4042 2.40416 3.49
      vertex 51.1113 3.11127 4.49
    endloop
  endfacet
  facet normal 0.634875 0.313077 -0.70634
    outer loop
      vertex 51.1412 1.30112 3.49
      vertex 50.9445 1.7 3.49
      vertex 51.8105 2.2 4.49
    endloop
  endfacet
  facet normal 0.694235 0.138148 -0.706366
    outer loop
      vertex 51.3709 0.443789 3.49
      vertex 51.2841 0.879984 3.49
      vertex 52.3624 0.574315 4.49
    endloop
  endfacet
  facet normal 0.706327 0.0463151 -0.706369
    outer loop
      vertex 51.4 0 3.49
      vertex 51.3709 0.443789 3.49
      vertex 52.3624 0.574315 4.49
    endloop
  endfacet
  facet normal 0.634875 -0.313077 -0.70634
    outer loop
      vertex 51.8105 -2.2 4.49
      vertex 50.9445 -1.7 3.49
      vertex 51.1412 -1.30112 3.49
    endloop
  endfacet
  facet normal 0.58859 -0.393213 -0.70636
    outer loop
      vertex 51.4908 -2.67855 4.49
      vertex 50.6974 -2.06979 3.49
      vertex 51.8105 -2.2 4.49
    endloop
  endfacet
  facet normal -0.138089 -0.694264 -0.706349
    outer loop
      vertex 47.4257 -4.36236 4.49
      vertex 47.12 -3.28415 3.49
      vertex 47.5562 -3.37091 3.49
    endloop
  endfacet
  facet normal 0.313077 0.634862 -0.706351
    outer loop
      vertex 50.2 3.81051 4.49
      vertex 49.3011 3.14119 3.49
      vertex 49.6838 4.06507 4.49
    endloop
  endfacet
  facet normal -0.896843 -0.442349 0
    outer loop
      vertex 44.1895 -2.2 4.49
      vertex 43.9349 -1.68381 4.5
      vertex 43.9349 -1.68381 4.49
    endloop
  endfacet
  facet normal -0.896843 -0.442349 0
    outer loop
      vertex 43.9349 -1.68381 4.5
      vertex 44.1895 -2.2 4.49
      vertex 44.1895 -2.2 4.5
    endloop
  endfacet
  facet normal 0.98078 -0.195119 0
    outer loop
      vertex 52.2501 -1.1388 4.5
      vertex 52.3624 -0.574315 4.49
      vertex 52.3624 -0.574315 4.5
    endloop
  endfacet
  facet normal 0.98078 -0.195119 0
    outer loop
      vertex 52.3624 -0.574315 4.49
      vertex 52.2501 -1.1388 4.5
      vertex 52.2501 -1.1388 4.49
    endloop
  endfacet
  facet normal 0.98078 0.195119 0
    outer loop
      vertex 52.3624 0.574315 4.5
      vertex 52.2501 1.1388 4.49
      vertex 52.2501 1.1388 4.5
    endloop
  endfacet
  facet normal 0.98078 0.195119 0
    outer loop
      vertex 52.2501 1.1388 4.49
      vertex 52.3624 0.574315 4.5
      vertex 52.3624 0.574315 4.49
    endloop
  endfacet
  facet normal 0.58859 0.393213 -0.70636
    outer loop
      vertex 51.8105 2.2 4.49
      vertex 50.6974 2.06979 3.49
      vertex 51.4908 2.67855 4.49
    endloop
  endfacet
  facet normal 0.694233 0.138112 -0.706375
    outer loop
      vertex 52.3624 0.574315 4.49
      vertex 51.2841 0.879984 3.49
      vertex 52.2501 1.1388 4.49
    endloop
  endfacet
  facet normal 0.670299 0.227446 -0.706376
    outer loop
      vertex 51.2841 0.879984 3.49
      vertex 51.1412 1.30112 3.49
      vertex 52.2501 1.1388 4.49
    endloop
  endfacet
  facet normal 0.466703 -0.53221 -0.706358
    outer loop
      vertex 50.6786 -3.49075 4.49
      vertex 50.0698 -2.6974 3.49
      vertex 50.4042 -2.40416 3.49
    endloop
  endfacet
  facet normal 0.466703 0.53221 -0.706358
    outer loop
      vertex 50.4042 2.40416 3.49
      vertex 50.0698 2.6974 3.49
      vertex 50.6786 3.49075 4.49
    endloop
  endfacet
  facet normal -0.313061 0.634876 -0.706346
    outer loop
      vertex 46.3 2.94449 3.49
      vertex 45.8 3.81051 4.49
      vertex 46.6989 3.14119 3.49
    endloop
  endfacet
  facet normal -0.555534 -0.831494 0
    outer loop
      vertex 45.3214 -3.49075 4.49
      vertex 45.8 -3.81051 4.5
      vertex 45.3214 -3.49075 4.5
    endloop
  endfacet
  facet normal -0.555534 -0.831494 -0
    outer loop
      vertex 45.8 -3.81051 4.5
      vertex 45.3214 -3.49075 4.49
      vertex 45.8 -3.81051 4.49
    endloop
  endfacet
  facet normal -0.442286 -0.896874 0
    outer loop
      vertex 45.8 -3.81051 4.49
      vertex 46.3162 -4.06507 4.5
      vertex 45.8 -3.81051 4.5
    endloop
  endfacet
  facet normal -0.442286 -0.896874 -0
    outer loop
      vertex 46.3162 -4.06507 4.5
      vertex 45.8 -3.81051 4.49
      vertex 46.3162 -4.06507 4.49
    endloop
  endfacet
  facet normal -0.313061 -0.634876 -0.706346
    outer loop
      vertex 46.6989 -3.14119 3.49
      vertex 45.8 -3.81051 4.49
      vertex 46.3 -2.94449 3.49
    endloop
  endfacet
  facet normal 0.0462993 -0.706347 -0.70635
    outer loop
      vertex 48.5743 -4.36236 4.49
      vertex 48 -3.4 3.49
      vertex 48.4438 -3.37091 3.49
    endloop
  endfacet
  facet normal 0.896843 -0.442349 0
    outer loop
      vertex 51.8105 -2.2 4.5
      vertex 52.0651 -1.68381 4.49
      vertex 52.0651 -1.68381 4.5
    endloop
  endfacet
  facet normal 0.896843 -0.442349 0
    outer loop
      vertex 52.0651 -1.68381 4.49
      vertex 51.8105 -2.2 4.5
      vertex 51.8105 -2.2 4.49
    endloop
  endfacet
  facet normal -0.532218 -0.466687 -0.706362
    outer loop
      vertex 45.5958 -2.40416 3.49
      vertex 44.5092 -2.67855 4.49
      vertex 45.3026 -2.06979 3.49
    endloop
  endfacet
  facet normal 0.195097 -0.980784 0
    outer loop
      vertex 48.5743 -4.36236 4.49
      vertex 49.1388 -4.25007 4.5
      vertex 48.5743 -4.36236 4.5
    endloop
  endfacet
  facet normal 0.195097 -0.980784 0
    outer loop
      vertex 49.1388 -4.25007 4.5
      vertex 48.5743 -4.36236 4.49
      vertex 49.1388 -4.25007 4.49
    endloop
  endfacet
  facet normal -0.98078 0.195119 0
    outer loop
      vertex 43.6376 0.574315 4.49
      vertex 43.7499 1.1388 4.5
      vertex 43.7499 1.1388 4.49
    endloop
  endfacet
  facet normal -0.98078 0.195119 0
    outer loop
      vertex 43.7499 1.1388 4.5
      vertex 43.6376 0.574315 4.49
      vertex 43.6376 0.574315 4.5
    endloop
  endfacet
  facet normal -0.321435 0.946931 0
    outer loop
      vertex 46.8612 4.25007 4.49
      vertex 46.3162 4.06507 4.5
      vertex 46.8612 4.25007 4.5
    endloop
  endfacet
  facet normal -0.321435 0.946931 0
    outer loop
      vertex 46.3162 4.06507 4.5
      vertex 46.8612 4.25007 4.49
      vertex 46.3162 4.06507 4.49
    endloop
  endfacet
  facet normal 0.313077 -0.634862 -0.706351
    outer loop
      vertex 49.6838 -4.06507 4.49
      vertex 49.3011 -3.14119 3.49
      vertex 50.2 -3.81051 4.49
    endloop
  endfacet
  facet normal -0.694235 -0.138148 -0.706366
    outer loop
      vertex 44.7159 -0.879984 3.49
      vertex 43.6376 -0.574315 4.49
      vertex 44.6291 -0.443789 3.49
    endloop
  endfacet
  facet normal -0.58859 -0.393213 -0.70636
    outer loop
      vertex 44.5092 -2.67855 4.49
      vertex 44.1895 -2.2 4.49
      vertex 45.3026 -2.06979 3.49
    endloop
  endfacet
  facet normal 0.997864 0.0653294 0
    outer loop
      vertex 52.4 0 4.5
      vertex 52.3624 0.574315 4.49
      vertex 52.3624 0.574315 4.5
    endloop
  endfacet
  facet normal 0.997864 0.0653294 0
    outer loop
      vertex 52.3624 0.574315 4.49
      vertex 52.4 0 4.5
      vertex 52.4 0 4.49
    endloop
  endfacet
  facet normal 0.393239 0.58858 -0.706354
    outer loop
      vertex 50.6786 3.49075 4.49
      vertex 50.0698 2.6974 3.49
      vertex 50.2 3.81051 4.49
    endloop
  endfacet
  facet normal -0.0462993 -0.706347 -0.70635
    outer loop
      vertex 48 -3.4 3.49
      vertex 47.4257 -4.36236 4.49
      vertex 47.5562 -3.37091 3.49
    endloop
  endfacet
  facet normal -0.659358 -0.751829 0
    outer loop
      vertex 44.8887 -3.11127 4.49
      vertex 45.3214 -3.49075 4.5
      vertex 44.8887 -3.11127 4.5
    endloop
  endfacet
  facet normal -0.659358 -0.751829 -0
    outer loop
      vertex 45.3214 -3.49075 4.5
      vertex 44.8887 -3.11127 4.49
      vertex 45.3214 -3.49075 4.49
    endloop
  endfacet
  facet normal -0.997864 -0.0653294 0
    outer loop
      vertex 43.6376 -0.574315 4.49
      vertex 43.6 0 4.5
      vertex 43.6 0 4.49
    endloop
  endfacet
  facet normal -0.997864 -0.0653294 0
    outer loop
      vertex 43.6 0 4.5
      vertex 43.6376 -0.574315 4.49
      vertex 43.6376 -0.574315 4.5
    endloop
  endfacet
  facet normal -0.694233 -0.138112 -0.706375
    outer loop
      vertex 43.7499 -1.1388 4.49
      vertex 43.6376 -0.574315 4.49
      vertex 44.7159 -0.879984 3.49
    endloop
  endfacet
  facet normal -0.70635 -0.0462443 -0.70635
    outer loop
      vertex 43.6376 -0.574315 4.49
      vertex 43.6 0 4.49
      vertex 44.6 0 3.49
    endloop
  endfacet
  facet normal 0.227532 0.670297 -0.706351
    outer loop
      vertex 49.3011 3.14119 3.49
      vertex 49.1388 4.25007 4.49
      vertex 49.6838 4.06507 4.49
    endloop
  endfacet
  facet normal -0.706327 -0.0463151 -0.706369
    outer loop
      vertex 44.6291 -0.443789 3.49
      vertex 43.6376 -0.574315 4.49
      vertex 44.6 0 3.49
    endloop
  endfacet
  facet normal -0.634838 0.31312 -0.706355
    outer loop
      vertex 44.8588 1.30112 3.49
      vertex 43.9349 1.68381 4.49
      vertex 44.1895 2.2 4.49
    endloop
  endfacet
  facet normal 0.22756 0.670295 -0.706344
    outer loop
      vertex 49.3011 3.14119 3.49
      vertex 48.88 3.28415 3.49
      vertex 49.1388 4.25007 4.49
    endloop
  endfacet
  facet normal 0.659358 0.751829 -0
    outer loop
      vertex 51.1113 3.11127 4.49
      vertex 50.6786 3.49075 4.5
      vertex 51.1113 3.11127 4.5
    endloop
  endfacet
  facet normal 0.659358 0.751829 0
    outer loop
      vertex 50.6786 3.49075 4.5
      vertex 51.1113 3.11127 4.49
      vertex 50.6786 3.49075 4.49
    endloop
  endfacet
  facet normal -0.466703 -0.53221 -0.706358
    outer loop
      vertex 45.9302 -2.6974 3.49
      vertex 45.3214 -3.49075 4.49
      vertex 45.5958 -2.40416 3.49
    endloop
  endfacet
  facet normal -0.588564 -0.393288 -0.70634
    outer loop
      vertex 45.3026 -2.06979 3.49
      vertex 44.1895 -2.2 4.49
      vertex 45.0555 -1.7 3.49
    endloop
  endfacet
  facet normal -0.393239 -0.58858 -0.706354
    outer loop
      vertex 45.8 -3.81051 4.49
      vertex 45.3214 -3.49075 4.49
      vertex 45.9302 -2.6974 3.49
    endloop
  endfacet
  facet normal 0.706327 -0.0463151 -0.706369
    outer loop
      vertex 52.3624 -0.574315 4.49
      vertex 51.3709 -0.443789 3.49
      vertex 51.4 0 3.49
    endloop
  endfacet
  facet normal 0.831515 0.555502 0
    outer loop
      vertex 51.8105 2.2 4.5
      vertex 51.4908 2.67855 4.49
      vertex 51.4908 2.67855 4.5
    endloop
  endfacet
  facet normal 0.831515 0.555502 0
    outer loop
      vertex 51.4908 2.67855 4.49
      vertex 51.8105 2.2 4.5
      vertex 51.8105 2.2 4.49
    endloop
  endfacet
  facet normal -0.532192 -0.466738 -0.706348
    outer loop
      vertex 44.8887 -3.11127 4.49
      vertex 44.5092 -2.67855 4.49
      vertex 45.5958 -2.40416 3.49
    endloop
  endfacet
  facet normal 0.138089 0.694264 -0.706349
    outer loop
      vertex 48.88 3.28415 3.49
      vertex 48.4438 3.37091 3.49
      vertex 48.5743 4.36236 4.49
    endloop
  endfacet
  facet normal -0.588564 0.393288 -0.70634
    outer loop
      vertex 45.0555 1.7 3.49
      vertex 44.1895 2.2 4.49
      vertex 45.3026 2.06979 3.49
    endloop
  endfacet
  facet normal -0.634875 0.313077 -0.70634
    outer loop
      vertex 44.8588 1.30112 3.49
      vertex 44.1895 2.2 4.49
      vertex 45.0555 1.7 3.49
    endloop
  endfacet
  facet normal 0.70635 -0.0462443 -0.70635
    outer loop
      vertex 52.3624 -0.574315 4.49
      vertex 51.4 0 3.49
      vertex 52.4 0 4.49
    endloop
  endfacet
  facet normal 0.70635 0.0462443 -0.70635
    outer loop
      vertex 52.4 0 4.49
      vertex 51.4 0 3.49
      vertex 52.3624 0.574315 4.49
    endloop
  endfacet
  facet normal 0.831515 -0.555502 0
    outer loop
      vertex 51.4908 -2.67855 4.5
      vertex 51.8105 -2.2 4.49
      vertex 51.8105 -2.2 4.5
    endloop
  endfacet
  facet normal 0.831515 -0.555502 0
    outer loop
      vertex 51.8105 -2.2 4.49
      vertex 51.4908 -2.67855 4.5
      vertex 51.4908 -2.67855 4.49
    endloop
  endfacet
  facet normal -0.195097 -0.980784 0
    outer loop
      vertex 46.8612 -4.25007 4.49
      vertex 47.4257 -4.36236 4.5
      vertex 46.8612 -4.25007 4.5
    endloop
  endfacet
  facet normal -0.195097 -0.980784 -0
    outer loop
      vertex 47.4257 -4.36236 4.5
      vertex 46.8612 -4.25007 4.49
      vertex 47.4257 -4.36236 4.49
    endloop
  endfacet
  facet normal -0.58859 0.393213 -0.70636
    outer loop
      vertex 45.3026 2.06979 3.49
      vertex 44.1895 2.2 4.49
      vertex 44.5092 2.67855 4.49
    endloop
  endfacet
  facet normal 0.195097 0.980784 -0
    outer loop
      vertex 49.1388 4.25007 4.49
      vertex 48.5743 4.36236 4.5
      vertex 49.1388 4.25007 4.5
    endloop
  endfacet
  facet normal 0.195097 0.980784 0
    outer loop
      vertex 48.5743 4.36236 4.5
      vertex 49.1388 4.25007 4.49
      vertex 48.5743 4.36236 4.49
    endloop
  endfacet
  facet normal -0.313077 -0.634862 -0.706351
    outer loop
      vertex 46.3162 -4.06507 4.49
      vertex 45.8 -3.81051 4.49
      vertex 46.6989 -3.14119 3.49
    endloop
  endfacet
  facet normal -0.227532 -0.670297 -0.706351
    outer loop
      vertex 46.8612 -4.25007 4.49
      vertex 46.3162 -4.06507 4.49
      vertex 46.6989 -3.14119 3.49
    endloop
  endfacet
  facet normal -0.0654003 -0.997859 0
    outer loop
      vertex 47.4257 -4.36236 4.49
      vertex 48 -4.4 4.5
      vertex 47.4257 -4.36236 4.5
    endloop
  endfacet
  facet normal -0.0654003 -0.997859 -0
    outer loop
      vertex 48 -4.4 4.5
      vertex 47.4257 -4.36236 4.49
      vertex 48 -4.4 4.49
    endloop
  endfacet
  facet normal 0.313061 0.634876 -0.706346
    outer loop
      vertex 49.7 2.94449 3.49
      vertex 49.3011 3.14119 3.49
      vertex 50.2 3.81051 4.49
    endloop
  endfacet
  facet normal -0.670299 -0.227446 -0.706376
    outer loop
      vertex 44.8588 -1.30112 3.49
      vertex 43.7499 -1.1388 4.49
      vertex 44.7159 -0.879984 3.49
    endloop
  endfacet
  facet normal -0.670293 -0.227527 -0.706356
    outer loop
      vertex 43.9349 -1.68381 4.49
      vertex 43.7499 -1.1388 4.49
      vertex 44.8588 -1.30112 3.49
    endloop
  endfacet
  facet normal -0.532218 0.466687 -0.706362
    outer loop
      vertex 45.3026 2.06979 3.49
      vertex 44.5092 2.67855 4.49
      vertex 45.5958 2.40416 3.49
    endloop
  endfacet
  facet normal -0.138089 0.694264 -0.706349
    outer loop
      vertex 47.5562 3.37091 3.49
      vertex 47.12 3.28415 3.49
      vertex 47.4257 4.36236 4.49
    endloop
  endfacet
  facet normal 0.138103 0.694265 -0.706345
    outer loop
      vertex 48.88 3.28415 3.49
      vertex 48.5743 4.36236 4.49
      vertex 49.1388 4.25007 4.49
    endloop
  endfacet
  facet normal -0.466736 0.532193 -0.706348
    outer loop
      vertex 45.5958 2.40416 3.49
      vertex 44.8887 3.11127 4.49
      vertex 45.3214 3.49075 4.49
    endloop
  endfacet
  facet normal 0.321435 0.946931 -0
    outer loop
      vertex 49.6838 4.06507 4.49
      vertex 49.1388 4.25007 4.5
      vertex 49.6838 4.06507 4.5
    endloop
  endfacet
  facet normal 0.321435 0.946931 0
    outer loop
      vertex 49.1388 4.25007 4.5
      vertex 49.6838 4.06507 4.49
      vertex 49.1388 4.25007 4.49
    endloop
  endfacet
  facet normal -0.22756 0.670295 -0.706344
    outer loop
      vertex 47.12 3.28415 3.49
      vertex 46.6989 3.14119 3.49
      vertex 46.8612 4.25007 4.49
    endloop
  endfacet
  facet normal -0.227532 0.670297 -0.706351
    outer loop
      vertex 46.6989 3.14119 3.49
      vertex 46.3162 4.06507 4.49
      vertex 46.8612 4.25007 4.49
    endloop
  endfacet
  facet normal -0.0462993 0.706347 -0.70635
    outer loop
      vertex 47.5562 3.37091 3.49
      vertex 47.4257 4.36236 4.49
      vertex 48 3.4 3.49
    endloop
  endfacet
  facet normal -0.751827 0.65936 0
    outer loop
      vertex 44.5092 2.67855 4.49
      vertex 44.8887 3.11127 4.5
      vertex 44.8887 3.11127 4.49
    endloop
  endfacet
  facet normal -0.751827 0.65936 0
    outer loop
      vertex 44.8887 3.11127 4.5
      vertex 44.5092 2.67855 4.49
      vertex 44.5092 2.67855 4.5
    endloop
  endfacet
  facet normal -0.466736 -0.532193 -0.706348
    outer loop
      vertex 45.3214 -3.49075 4.49
      vertex 44.8887 -3.11127 4.49
      vertex 45.5958 -2.40416 3.49
    endloop
  endfacet
  facet normal -0.98078 -0.195119 0
    outer loop
      vertex 43.7499 -1.1388 4.49
      vertex 43.6376 -0.574315 4.5
      vertex 43.6376 -0.574315 4.49
    endloop
  endfacet
  facet normal -0.98078 -0.195119 0
    outer loop
      vertex 43.6376 -0.574315 4.5
      vertex 43.7499 -1.1388 4.49
      vertex 43.7499 -1.1388 4.5
    endloop
  endfacet
  facet normal -0.0654003 0.997859 0
    outer loop
      vertex 48 4.4 4.49
      vertex 47.4257 4.36236 4.5
      vertex 48 4.4 4.5
    endloop
  endfacet
  facet normal -0.0654003 0.997859 0
    outer loop
      vertex 47.4257 4.36236 4.5
      vertex 48 4.4 4.49
      vertex 47.4257 4.36236 4.49
    endloop
  endfacet
  facet normal 0.466736 0.532193 -0.706348
    outer loop
      vertex 51.1113 3.11127 4.49
      vertex 50.4042 2.40416 3.49
      vertex 50.6786 3.49075 4.49
    endloop
  endfacet
  facet normal -0.659358 0.751829 0
    outer loop
      vertex 45.3214 3.49075 4.49
      vertex 44.8887 3.11127 4.5
      vertex 45.3214 3.49075 4.5
    endloop
  endfacet
  facet normal -0.659358 0.751829 0
    outer loop
      vertex 44.8887 3.11127 4.5
      vertex 45.3214 3.49075 4.49
      vertex 44.8887 3.11127 4.49
    endloop
  endfacet
  facet normal 0.0462946 0.706349 -0.706349
    outer loop
      vertex 48.5743 4.36236 4.49
      vertex 48 3.4 3.49
      vertex 48 4.4 4.49
    endloop
  endfacet
  facet normal -0.0462946 -0.706349 -0.706349
    outer loop
      vertex 48 -4.4 4.49
      vertex 47.4257 -4.36236 4.49
      vertex 48 -3.4 3.49
    endloop
  endfacet
  facet normal 0.0462946 -0.706349 -0.706349
    outer loop
      vertex 48.5743 -4.36236 4.49
      vertex 48 -4.4 4.49
      vertex 48 -3.4 3.49
    endloop
  endfacet
  facet normal -0.831515 -0.555502 0
    outer loop
      vertex 44.5092 -2.67855 4.49
      vertex 44.1895 -2.2 4.5
      vertex 44.1895 -2.2 4.49
    endloop
  endfacet
  facet normal -0.831515 -0.555502 0
    outer loop
      vertex 44.1895 -2.2 4.5
      vertex 44.5092 -2.67855 4.49
      vertex 44.5092 -2.67855 4.5
    endloop
  endfacet
  facet normal -0.555534 0.831494 0
    outer loop
      vertex 45.8 3.81051 4.49
      vertex 45.3214 3.49075 4.5
      vertex 45.8 3.81051 4.5
    endloop
  endfacet
  facet normal -0.555534 0.831494 0
    outer loop
      vertex 45.3214 3.49075 4.5
      vertex 45.8 3.81051 4.49
      vertex 45.3214 3.49075 4.49
    endloop
  endfacet
  facet normal 0.0654003 -0.997859 0
    outer loop
      vertex 48 -4.4 4.49
      vertex 48.5743 -4.36236 4.5
      vertex 48 -4.4 4.5
    endloop
  endfacet
  facet normal 0.0654003 -0.997859 0
    outer loop
      vertex 48.5743 -4.36236 4.5
      vertex 48 -4.4 4.49
      vertex 48.5743 -4.36236 4.49
    endloop
  endfacet
  facet normal -0.670293 0.227527 -0.706356
    outer loop
      vertex 44.8588 1.30112 3.49
      vertex 43.7499 1.1388 4.49
      vertex 43.9349 1.68381 4.49
    endloop
  endfacet
  facet normal 0.997857 0.0654312 0
    outer loop
      vertex 51.4 0 3.49
      vertex 51.3709 0.443789 0
      vertex 51.3709 0.443789 3.49
    endloop
  endfacet
  facet normal 0.997857 0.0654312 0
    outer loop
      vertex 51.3709 0.443789 0
      vertex 51.4 0 3.49
      vertex 51.4 0 0
    endloop
  endfacet
  facet normal -0.195078 0.980788 0
    outer loop
      vertex 47.5562 3.37091 0
      vertex 47.12 3.28415 3.49
      vertex 47.5562 3.37091 3.49
    endloop
  endfacet
  facet normal -0.195078 0.980788 0
    outer loop
      vertex 47.12 3.28415 3.49
      vertex 47.5562 3.37091 0
      vertex 47.12 3.28415 0
    endloop
  endfacet
  facet normal 0.555566 0.831472 -0
    outer loop
      vertex 50.0698 2.6974 0
      vertex 49.7 2.94449 3.49
      vertex 50.0698 2.6974 3.49
    endloop
  endfacet
  facet normal 0.555566 0.831472 0
    outer loop
      vertex 49.7 2.94449 3.49
      vertex 50.0698 2.6974 0
      vertex 49.7 2.94449 0
    endloop
  endfacet
  facet normal -0.751878 -0.659302 0
    outer loop
      vertex 45.5958 -2.40416 0
      vertex 45.3026 -2.06979 3.49
      vertex 45.3026 -2.06979 0
    endloop
  endfacet
  facet normal -0.751878 -0.659302 0
    outer loop
      vertex 45.3026 -2.06979 3.49
      vertex 45.5958 -2.40416 0
      vertex 45.5958 -2.40416 3.49
    endloop
  endfacet
  facet normal -0.44226 0.896887 0
    outer loop
      vertex 46.6989 3.14119 0
      vertex 46.3 2.94449 3.49
      vertex 46.6989 3.14119 3.49
    endloop
  endfacet
  facet normal -0.44226 0.896887 0
    outer loop
      vertex 46.3 2.94449 3.49
      vertex 46.6989 3.14119 0
      vertex 46.3 2.94449 0
    endloop
  endfacet
  facet normal 0.896878 0.442278 0
    outer loop
      vertex 51.1412 1.30112 3.49
      vertex 50.9445 1.7 0
      vertex 50.9445 1.7 3.49
    endloop
  endfacet
  facet normal 0.896878 0.442278 0
    outer loop
      vertex 50.9445 1.7 0
      vertex 51.1412 1.30112 3.49
      vertex 51.1412 1.30112 0
    endloop
  endfacet
  facet normal 0.831455 0.555592 0
    outer loop
      vertex 50.9445 1.7 3.49
      vertex 50.6974 2.06979 0
      vertex 50.6974 2.06979 3.49
    endloop
  endfacet
  facet normal 0.831455 0.555592 0
    outer loop
      vertex 50.6974 2.06979 0
      vertex 50.9445 1.7 3.49
      vertex 50.9445 1.7 0
    endloop
  endfacet
  facet normal -0.44226 -0.896887 0
    outer loop
      vertex 46.3 -2.94449 0
      vertex 46.6989 -3.14119 3.49
      vertex 46.3 -2.94449 3.49
    endloop
  endfacet
  facet normal -0.44226 -0.896887 -0
    outer loop
      vertex 46.6989 -3.14119 3.49
      vertex 46.3 -2.94449 0
      vertex 46.6989 -3.14119 0
    endloop
  endfacet
  facet normal 0.831455 -0.555592 0
    outer loop
      vertex 50.6974 -2.06979 3.49
      vertex 50.9445 -1.7 0
      vertex 50.9445 -1.7 3.49
    endloop
  endfacet
  facet normal 0.831455 -0.555592 0
    outer loop
      vertex 50.9445 -1.7 0
      vertex 50.6974 -2.06979 3.49
      vertex 50.6974 -2.06979 0
    endloop
  endfacet
  facet normal 0.946969 0.321326 0
    outer loop
      vertex 51.2841 0.879984 3.49
      vertex 51.1412 1.30112 0
      vertex 51.1412 1.30112 3.49
    endloop
  endfacet
  facet normal 0.946969 0.321326 0
    outer loop
      vertex 51.1412 1.30112 0
      vertex 51.2841 0.879984 3.49
      vertex 51.2841 0.879984 0
    endloop
  endfacet
  facet normal -0.896878 -0.442278 0
    outer loop
      vertex 45.0555 -1.7 0
      vertex 44.8588 -1.30112 3.49
      vertex 44.8588 -1.30112 0
    endloop
  endfacet
  facet normal -0.896878 -0.442278 0
    outer loop
      vertex 44.8588 -1.30112 3.49
      vertex 45.0555 -1.7 0
      vertex 45.0555 -1.7 3.49
    endloop
  endfacet
  facet normal -0.997857 0.0654312 0
    outer loop
      vertex 44.6 0 0
      vertex 44.6291 0.443789 3.49
      vertex 44.6291 0.443789 0
    endloop
  endfacet
  facet normal -0.997857 0.0654312 0
    outer loop
      vertex 44.6291 0.443789 3.49
      vertex 44.6 0 0
      vertex 44.6 0 3.49
    endloop
  endfacet
  facet normal -0.751878 0.659302 0
    outer loop
      vertex 45.3026 2.06979 0
      vertex 45.5958 2.40416 3.49
      vertex 45.5958 2.40416 0
    endloop
  endfacet
  facet normal -0.751878 0.659302 0
    outer loop
      vertex 45.5958 2.40416 3.49
      vertex 45.3026 2.06979 0
      vertex 45.3026 2.06979 3.49
    endloop
  endfacet
  facet normal -0.896878 0.442278 0
    outer loop
      vertex 44.8588 1.30112 0
      vertex 45.0555 1.7 3.49
      vertex 45.0555 1.7 0
    endloop
  endfacet
  facet normal -0.896878 0.442278 0
    outer loop
      vertex 45.0555 1.7 3.49
      vertex 44.8588 1.30112 0
      vertex 44.8588 1.30112 3.49
    endloop
  endfacet
  facet normal 0.195078 0.980788 -0
    outer loop
      vertex 48.88 3.28415 0
      vertex 48.4438 3.37091 3.49
      vertex 48.88 3.28415 3.49
    endloop
  endfacet
  facet normal 0.195078 0.980788 0
    outer loop
      vertex 48.4438 3.37091 3.49
      vertex 48.88 3.28415 0
      vertex 48.4438 3.37091 0
    endloop
  endfacet
  facet normal 0.321471 0.946919 -0
    outer loop
      vertex 49.3011 3.14119 0
      vertex 48.88 3.28415 3.49
      vertex 49.3011 3.14119 3.49
    endloop
  endfacet
  facet normal 0.321471 0.946919 0
    outer loop
      vertex 48.88 3.28415 3.49
      vertex 49.3011 3.14119 0
      vertex 48.88 3.28415 0
    endloop
  endfacet
  facet normal -0.831455 0.555592 0
    outer loop
      vertex 45.0555 1.7 0
      vertex 45.3026 2.06979 3.49
      vertex 45.3026 2.06979 0
    endloop
  endfacet
  facet normal -0.831455 0.555592 0
    outer loop
      vertex 45.3026 2.06979 3.49
      vertex 45.0555 1.7 0
      vertex 45.0555 1.7 3.49
    endloop
  endfacet
  facet normal -0.195078 -0.980788 0
    outer loop
      vertex 47.12 -3.28415 0
      vertex 47.5562 -3.37091 3.49
      vertex 47.12 -3.28415 3.49
    endloop
  endfacet
  facet normal -0.195078 -0.980788 -0
    outer loop
      vertex 47.5562 -3.37091 3.49
      vertex 47.12 -3.28415 0
      vertex 47.5562 -3.37091 0
    endloop
  endfacet
  facet normal -0.997857 -0.0654312 0
    outer loop
      vertex 44.6291 -0.443789 0
      vertex 44.6 0 3.49
      vertex 44.6 0 0
    endloop
  endfacet
  facet normal -0.997857 -0.0654312 0
    outer loop
      vertex 44.6 0 3.49
      vertex 44.6291 -0.443789 0
      vertex 44.6291 -0.443789 3.49
    endloop
  endfacet
  facet normal -0.321471 0.946919 0
    outer loop
      vertex 47.12 3.28415 0
      vertex 46.6989 3.14119 3.49
      vertex 47.12 3.28415 3.49
    endloop
  endfacet
  facet normal -0.321471 0.946919 0
    outer loop
      vertex 46.6989 3.14119 3.49
      vertex 47.12 3.28415 0
      vertex 46.6989 3.14119 0
    endloop
  endfacet
  facet normal 0.44226 0.896887 -0
    outer loop
      vertex 49.7 2.94449 0
      vertex 49.3011 3.14119 3.49
      vertex 49.7 2.94449 3.49
    endloop
  endfacet
  facet normal 0.44226 0.896887 0
    outer loop
      vertex 49.3011 3.14119 3.49
      vertex 49.7 2.94449 0
      vertex 49.3011 3.14119 0
    endloop
  endfacet
  facet normal 0.44226 -0.896887 0
    outer loop
      vertex 49.3011 -3.14119 0
      vertex 49.7 -2.94449 3.49
      vertex 49.3011 -3.14119 3.49
    endloop
  endfacet
  facet normal 0.44226 -0.896887 0
    outer loop
      vertex 49.7 -2.94449 3.49
      vertex 49.3011 -3.14119 0
      vertex 49.7 -2.94449 0
    endloop
  endfacet
  facet normal 0.659319 0.751863 -0
    outer loop
      vertex 50.4042 2.40416 0
      vertex 50.0698 2.6974 3.49
      vertex 50.4042 2.40416 3.49
    endloop
  endfacet
  facet normal 0.659319 0.751863 0
    outer loop
      vertex 50.0698 2.6974 3.49
      vertex 50.4042 2.40416 0
      vertex 50.0698 2.6974 0
    endloop
  endfacet
  facet normal 0.751878 0.659302 0
    outer loop
      vertex 50.6974 2.06979 3.49
      vertex 50.4042 2.40416 0
      vertex 50.4042 2.40416 3.49
    endloop
  endfacet
  facet normal 0.751878 0.659302 0
    outer loop
      vertex 50.4042 2.40416 0
      vertex 50.6974 2.06979 3.49
      vertex 50.6974 2.06979 0
    endloop
  endfacet
  facet normal 0.321471 -0.946919 0
    outer loop
      vertex 48.88 -3.28415 0
      vertex 49.3011 -3.14119 3.49
      vertex 48.88 -3.28415 3.49
    endloop
  endfacet
  facet normal 0.321471 -0.946919 0
    outer loop
      vertex 49.3011 -3.14119 3.49
      vertex 48.88 -3.28415 0
      vertex 49.3011 -3.14119 0
    endloop
  endfacet
  facet normal -0.98077 -0.195167 0
    outer loop
      vertex 44.7159 -0.879984 0
      vertex 44.6291 -0.443789 3.49
      vertex 44.6291 -0.443789 0
    endloop
  endfacet
  facet normal -0.98077 -0.195167 0
    outer loop
      vertex 44.6291 -0.443789 3.49
      vertex 44.7159 -0.879984 0
      vertex 44.7159 -0.879984 3.49
    endloop
  endfacet
  facet normal -0.0654072 0.997859 0
    outer loop
      vertex 48 3.4 0
      vertex 47.5562 3.37091 3.49
      vertex 48 3.4 3.49
    endloop
  endfacet
  facet normal -0.0654072 0.997859 0
    outer loop
      vertex 47.5562 3.37091 3.49
      vertex 48 3.4 0
      vertex 47.5562 3.37091 0
    endloop
  endfacet
  facet normal -0.659319 -0.751863 0
    outer loop
      vertex 45.5958 -2.40416 0
      vertex 45.9302 -2.6974 3.49
      vertex 45.5958 -2.40416 3.49
    endloop
  endfacet
  facet normal -0.659319 -0.751863 -0
    outer loop
      vertex 45.9302 -2.6974 3.49
      vertex 45.5958 -2.40416 0
      vertex 45.9302 -2.6974 0
    endloop
  endfacet
  facet normal 0.946969 -0.321326 0
    outer loop
      vertex 51.1412 -1.30112 3.49
      vertex 51.2841 -0.879984 0
      vertex 51.2841 -0.879984 3.49
    endloop
  endfacet
  facet normal 0.946969 -0.321326 0
    outer loop
      vertex 51.2841 -0.879984 0
      vertex 51.1412 -1.30112 3.49
      vertex 51.1412 -1.30112 0
    endloop
  endfacet
  facet normal 0.98077 0.195167 0
    outer loop
      vertex 51.3709 0.443789 3.49
      vertex 51.2841 0.879984 0
      vertex 51.2841 0.879984 3.49
    endloop
  endfacet
  facet normal 0.98077 0.195167 0
    outer loop
      vertex 51.2841 0.879984 0
      vertex 51.3709 0.443789 3.49
      vertex 51.3709 0.443789 0
    endloop
  endfacet
  facet normal 0.0654072 0.997859 -0
    outer loop
      vertex 48.4438 3.37091 0
      vertex 48 3.4 3.49
      vertex 48.4438 3.37091 3.49
    endloop
  endfacet
  facet normal 0.0654072 0.997859 0
    outer loop
      vertex 48 3.4 3.49
      vertex 48.4438 3.37091 0
      vertex 48 3.4 0
    endloop
  endfacet
  facet normal -0.946969 -0.321326 0
    outer loop
      vertex 44.8588 -1.30112 0
      vertex 44.7159 -0.879984 3.49
      vertex 44.7159 -0.879984 0
    endloop
  endfacet
  facet normal -0.946969 -0.321326 0
    outer loop
      vertex 44.7159 -0.879984 3.49
      vertex 44.8588 -1.30112 0
      vertex 44.8588 -1.30112 3.49
    endloop
  endfacet
  facet normal -0.321471 -0.946919 0
    outer loop
      vertex 46.6989 -3.14119 0
      vertex 47.12 -3.28415 3.49
      vertex 46.6989 -3.14119 3.49
    endloop
  endfacet
  facet normal -0.321471 -0.946919 -0
    outer loop
      vertex 47.12 -3.28415 3.49
      vertex 46.6989 -3.14119 0
      vertex 47.12 -3.28415 0
    endloop
  endfacet
  facet normal 0.555566 -0.831472 0
    outer loop
      vertex 49.7 -2.94449 0
      vertex 50.0698 -2.6974 3.49
      vertex 49.7 -2.94449 3.49
    endloop
  endfacet
  facet normal 0.555566 -0.831472 0
    outer loop
      vertex 50.0698 -2.6974 3.49
      vertex 49.7 -2.94449 0
      vertex 50.0698 -2.6974 0
    endloop
  endfacet
  facet normal -0.98077 0.195167 0
    outer loop
      vertex 44.6291 0.443789 0
      vertex 44.7159 0.879984 3.49
      vertex 44.7159 0.879984 0
    endloop
  endfacet
  facet normal -0.98077 0.195167 0
    outer loop
      vertex 44.7159 0.879984 3.49
      vertex 44.6291 0.443789 0
      vertex 44.6291 0.443789 3.49
    endloop
  endfacet
  facet normal 0.98077 -0.195167 0
    outer loop
      vertex 51.2841 -0.879984 3.49
      vertex 51.3709 -0.443789 0
      vertex 51.3709 -0.443789 3.49
    endloop
  endfacet
  facet normal 0.98077 -0.195167 0
    outer loop
      vertex 51.3709 -0.443789 0
      vertex 51.2841 -0.879984 3.49
      vertex 51.2841 -0.879984 0
    endloop
  endfacet
  facet normal -0.946969 0.321326 0
    outer loop
      vertex 44.7159 0.879984 0
      vertex 44.8588 1.30112 3.49
      vertex 44.8588 1.30112 0
    endloop
  endfacet
  facet normal -0.946969 0.321326 0
    outer loop
      vertex 44.8588 1.30112 3.49
      vertex 44.7159 0.879984 0
      vertex 44.7159 0.879984 3.49
    endloop
  endfacet
  facet normal -0.659319 0.751863 0
    outer loop
      vertex 45.9302 2.6974 0
      vertex 45.5958 2.40416 3.49
      vertex 45.9302 2.6974 3.49
    endloop
  endfacet
  facet normal -0.659319 0.751863 0
    outer loop
      vertex 45.5958 2.40416 3.49
      vertex 45.9302 2.6974 0
      vertex 45.5958 2.40416 0
    endloop
  endfacet
  facet normal 0 0 -1
    outer loop
      vertex 50 0 0
      vertex 51.4 0 0
      vertex 51.3709 -0.443789 0
    endloop
  endfacet
  facet normal 0 0 -1
    outer loop
      vertex 49.9829 -0.261047 0
      vertex 51.3709 -0.443789 0
      vertex 51.2841 -0.879984 0
    endloop
  endfacet
  facet normal 0 0 -1
    outer loop
      vertex 51.4 0 0
      vertex 50 0 0
      vertex 51.3709 0.443789 0
    endloop
  endfacet
  facet normal 0 0 -1
    outer loop
      vertex 49.9318 -0.517624 0
      vertex 51.2841 -0.879984 0
      vertex 51.1412 -1.30112 0
    endloop
  endfacet
  facet normal 0 0 -1
    outer loop
      vertex 49.9829 0.261047 0
      vertex 51.3709 0.443789 0
      vertex 50 0 0
    endloop
  endfacet
  facet normal 0 0 -1
    outer loop
      vertex 49.8477 -0.765366 0
      vertex 51.1412 -1.30112 0
      vertex 50.9445 -1.7 0
    endloop
  endfacet
  facet normal -0 0 -1
    outer loop
      vertex 51.3709 0.443789 0
      vertex 49.9829 0.261047 0
      vertex 51.2841 0.879984 0
    endloop
  endfacet
  facet normal 0 0 -1
    outer loop
      vertex 49.732 -1 0
      vertex 50.9445 -1.7 0
      vertex 50.6974 -2.06979 0
    endloop
  endfacet
  facet normal 0 0 -1
    outer loop
      vertex 49.9318 0.517624 0
      vertex 51.2841 0.879984 0
      vertex 49.9829 0.261047 0
    endloop
  endfacet
  facet normal 0 0 -1
    outer loop
      vertex 49.5867 -1.21751 0
      vertex 50.6974 -2.06979 0
      vertex 50.4042 -2.40416 0
    endloop
  endfacet
  facet normal -0 0 -1
    outer loop
      vertex 51.2841 0.879984 0
      vertex 49.9318 0.517624 0
      vertex 51.1412 1.30112 0
    endloop
  endfacet
  facet normal 0 0 -1
    outer loop
      vertex 49.4142 -1.4142 0
      vertex 50.4042 -2.40416 0
      vertex 50.0698 -2.6974 0
    endloop
  endfacet
  facet normal 0 0 -1
    outer loop
      vertex 49.8477 0.765366 0
      vertex 51.1412 1.30112 0
      vertex 49.9318 0.517624 0
    endloop
  endfacet
  facet normal -0 0 -1
    outer loop
      vertex 51.1412 1.30112 0
      vertex 49.8477 0.765366 0
      vertex 50.9445 1.7 0
    endloop
  endfacet
  facet normal 0 0 -1
    outer loop
      vertex 51.3709 -0.443789 0
      vertex 49.9829 -0.261047 0
      vertex 50 0 0
    endloop
  endfacet
  facet normal 0 0 -1
    outer loop
      vertex 51.2841 -0.879984 0
      vertex 49.9318 -0.517624 0
      vertex 49.9829 -0.261047 0
    endloop
  endfacet
  facet normal 0 0 -1
    outer loop
      vertex 51.1412 -1.30112 0
      vertex 49.8477 -0.765366 0
      vertex 49.9318 -0.517624 0
    endloop
  endfacet
  facet normal 0 0 -1
    outer loop
      vertex 50.9445 -1.7 0
      vertex 49.732 -1 0
      vertex 49.8477 -0.765366 0
    endloop
  endfacet
  facet normal 0 0 -1
    outer loop
      vertex 49.2175 -1.5867 0
      vertex 50.0698 -2.6974 0
      vertex 49.7 -2.94449 0
    endloop
  endfacet
  facet normal 0 0 -1
    outer loop
      vertex 50.6974 -2.06979 0
      vertex 49.5867 -1.21751 0
      vertex 49.732 -1 0
    endloop
  endfacet
  facet normal 0 0 -1
    outer loop
      vertex 50.4042 -2.40416 0
      vertex 49.4142 -1.4142 0
      vertex 49.5867 -1.21751 0
    endloop
  endfacet
  facet normal 0 0 -1
    outer loop
      vertex 49 -1.73204 0
      vertex 49.7 -2.94449 0
      vertex 49.3011 -3.14119 0
    endloop
  endfacet
  facet normal 0 0 -1
    outer loop
      vertex 50.0698 -2.6974 0
      vertex 49.2175 -1.5867 0
      vertex 49.4142 -1.4142 0
    endloop
  endfacet
  facet normal 0 0 -1
    outer loop
      vertex 49.7 -2.94449 0
      vertex 49 -1.73204 0
      vertex 49.2175 -1.5867 0
    endloop
  endfacet
  facet normal 0 0 -1
    outer loop
      vertex 48.7654 -1.84775 0
      vertex 49.3011 -3.14119 0
      vertex 48.88 -3.28415 0
    endloop
  endfacet
  facet normal 0 0 -1
    outer loop
      vertex 49.3011 -3.14119 0
      vertex 48.7654 -1.84775 0
      vertex 49 -1.73204 0
    endloop
  endfacet
  facet normal 0 0 -1
    outer loop
      vertex 48.88 -3.28415 0
      vertex 48.5176 -1.93184 0
      vertex 48.7654 -1.84775 0
    endloop
  endfacet
  facet normal 0 0 -1
    outer loop
      vertex 48.4438 -3.37091 0
      vertex 48.5176 -1.93184 0
      vertex 48.88 -3.28415 0
    endloop
  endfacet
  facet normal 0 0 -1
    outer loop
      vertex 48.4438 -3.37091 0
      vertex 48.261 -1.98288 0
      vertex 48.5176 -1.93184 0
    endloop
  endfacet
  facet normal 0 0 -1
    outer loop
      vertex 48 -3.4 0
      vertex 48.261 -1.98288 0
      vertex 48.4438 -3.37091 0
    endloop
  endfacet
  facet normal 0 0 -1
    outer loop
      vertex 48 -3.4 0
      vertex 48 -2 0
      vertex 48.261 -1.98288 0
    endloop
  endfacet
  facet normal 0 0 -1
    outer loop
      vertex 48 -3.4 0
      vertex 47.739 -1.98288 0
      vertex 48 -2 0
    endloop
  endfacet
  facet normal 0 0 -1
    outer loop
      vertex 47.5562 -3.37091 0
      vertex 47.739 -1.98288 0
      vertex 48 -3.4 0
    endloop
  endfacet
  facet normal 0 0 -1
    outer loop
      vertex 47.5562 -3.37091 0
      vertex 47.4824 -1.93184 0
      vertex 47.739 -1.98288 0
    endloop
  endfacet
  facet normal 0 0 -1
    outer loop
      vertex 47.12 -3.28415 0
      vertex 47.4824 -1.93184 0
      vertex 47.5562 -3.37091 0
    endloop
  endfacet
  facet normal -0 0 -1
    outer loop
      vertex 47.4824 -1.93184 0
      vertex 47.12 -3.28415 0
      vertex 47.2346 -1.84775 0
    endloop
  endfacet
  facet normal 0 0 -1
    outer loop
      vertex 46.6989 -3.14119 0
      vertex 47.2346 -1.84775 0
      vertex 47.12 -3.28415 0
    endloop
  endfacet
  facet normal -0 0 -1
    outer loop
      vertex 47.2346 -1.84775 0
      vertex 46.6989 -3.14119 0
      vertex 47 -1.73204 0
    endloop
  endfacet
  facet normal 0 0 -1
    outer loop
      vertex 46.3 -2.94449 0
      vertex 47 -1.73204 0
      vertex 46.6989 -3.14119 0
    endloop
  endfacet
  facet normal -0 0 -1
    outer loop
      vertex 47 -1.73204 0
      vertex 46.3 -2.94449 0
      vertex 46.7825 -1.5867 0
    endloop
  endfacet
  facet normal 0 0 -1
    outer loop
      vertex 45.9302 -2.6974 0
      vertex 46.7825 -1.5867 0
      vertex 46.3 -2.94449 0
    endloop
  endfacet
  facet normal -0 0 -1
    outer loop
      vertex 46.7825 -1.5867 0
      vertex 45.9302 -2.6974 0
      vertex 46.5858 -1.4142 0
    endloop
  endfacet
  facet normal 0 0 -1
    outer loop
      vertex 45.5958 -2.40416 0
      vertex 46.5858 -1.4142 0
      vertex 45.9302 -2.6974 0
    endloop
  endfacet
  facet normal -0 0 -1
    outer loop
      vertex 46.5858 -1.4142 0
      vertex 45.5958 -2.40416 0
      vertex 46.4133 -1.21751 0
    endloop
  endfacet
  facet normal 0 0 -1
    outer loop
      vertex 45.3026 -2.06979 0
      vertex 46.4133 -1.21751 0
      vertex 45.5958 -2.40416 0
    endloop
  endfacet
  facet normal -0 0 -1
    outer loop
      vertex 46.4133 -1.21751 0
      vertex 45.3026 -2.06979 0
      vertex 46.268 -1 0
    endloop
  endfacet
  facet normal -0 0 -1
    outer loop
      vertex 46.268 -1 0
      vertex 45.0555 -1.7 0
      vertex 46.1523 -0.765366 0
    endloop
  endfacet
  facet normal 0 0 -1
    outer loop
      vertex 45.0555 -1.7 0
      vertex 46.268 -1 0
      vertex 45.3026 -2.06979 0
    endloop
  endfacet
  facet normal 0 0 -1
    outer loop
      vertex 49.732 1 0
      vertex 50.9445 1.7 0
      vertex 49.8477 0.765366 0
    endloop
  endfacet
  facet normal -0 0 -1
    outer loop
      vertex 50.9445 1.7 0
      vertex 49.732 1 0
      vertex 50.6974 2.06979 0
    endloop
  endfacet
  facet normal 0 0 -1
    outer loop
      vertex 49.5867 1.21751 0
      vertex 50.6974 2.06979 0
      vertex 49.732 1 0
    endloop
  endfacet
  facet normal -0 0 -1
    outer loop
      vertex 50.6974 2.06979 0
      vertex 49.5867 1.21751 0
      vertex 50.4042 2.40416 0
    endloop
  endfacet
  facet normal 0 0 -1
    outer loop
      vertex 49.4142 1.4142 0
      vertex 50.4042 2.40416 0
      vertex 49.5867 1.21751 0
    endloop
  endfacet
  facet normal -0 0 -1
    outer loop
      vertex 50.4042 2.40416 0
      vertex 49.4142 1.4142 0
      vertex 50.0698 2.6974 0
    endloop
  endfacet
  facet normal 0 0 -1
    outer loop
      vertex 49.2175 1.5867 0
      vertex 50.0698 2.6974 0
      vertex 49.4142 1.4142 0
    endloop
  endfacet
  facet normal -0 0 -1
    outer loop
      vertex 50.0698 2.6974 0
      vertex 49.2175 1.5867 0
      vertex 49.7 2.94449 0
    endloop
  endfacet
  facet normal 0 0 -1
    outer loop
      vertex 49 1.73204 0
      vertex 49.7 2.94449 0
      vertex 49.2175 1.5867 0
    endloop
  endfacet
  facet normal -0 0 -1
    outer loop
      vertex 49.7 2.94449 0
      vertex 49 1.73204 0
      vertex 49.3011 3.14119 0
    endloop
  endfacet
  facet normal 0 0 -1
    outer loop
      vertex 48.7654 1.84775 0
      vertex 49.3011 3.14119 0
      vertex 49 1.73204 0
    endloop
  endfacet
  facet normal -0 0 -1
    outer loop
      vertex 49.3011 3.14119 0
      vertex 48.7654 1.84775 0
      vertex 48.88 3.28415 0
    endloop
  endfacet
  facet normal 0 0 -1
    outer loop
      vertex 48.5176 1.93184 0
      vertex 48.88 3.28415 0
      vertex 48.7654 1.84775 0
    endloop
  endfacet
  facet normal 0 0 -1
    outer loop
      vertex 48.5176 1.93184 0
      vertex 48.4438 3.37091 0
      vertex 48.88 3.28415 0
    endloop
  endfacet
  facet normal 0 0 -1
    outer loop
      vertex 48.261 1.98288 0
      vertex 48.4438 3.37091 0
      vertex 48.5176 1.93184 0
    endloop
  endfacet
  facet normal 0 0 -1
    outer loop
      vertex 48 2 0
      vertex 48.4438 3.37091 0
      vertex 48.261 1.98288 0
    endloop
  endfacet
  facet normal 0 0 -1
    outer loop
      vertex 48 2 0
      vertex 48 3.4 0
      vertex 48.4438 3.37091 0
    endloop
  endfacet
  facet normal 0 0 -1
    outer loop
      vertex 47.739 1.98288 0
      vertex 48 3.4 0
      vertex 48 2 0
    endloop
  endfacet
  facet normal 0 0 -1
    outer loop
      vertex 47.739 1.98288 0
      vertex 47.5562 3.37091 0
      vertex 48 3.4 0
    endloop
  endfacet
  facet normal 0 0 -1
    outer loop
      vertex 47.4824 1.93184 0
      vertex 47.5562 3.37091 0
      vertex 47.739 1.98288 0
    endloop
  endfacet
  facet normal 0 0 -1
    outer loop
      vertex 47.12 3.28415 0
      vertex 47.4824 1.93184 0
      vertex 47.2346 1.84775 0
    endloop
  endfacet
  facet normal 0 0 -1
    outer loop
      vertex 47.4824 1.93184 0
      vertex 47.12 3.28415 0
      vertex 47.5562 3.37091 0
    endloop
  endfacet
  facet normal 0 0 -1
    outer loop
      vertex 46.6989 3.14119 0
      vertex 47.2346 1.84775 0
      vertex 47 1.73204 0
    endloop
  endfacet
  facet normal 0 0 -1
    outer loop
      vertex 46.3 2.94449 0
      vertex 47 1.73204 0
      vertex 46.7825 1.5867 0
    endloop
  endfacet
  facet normal 0 0 -1
    outer loop
      vertex 47.2346 1.84775 0
      vertex 46.6989 3.14119 0
      vertex 47.12 3.28415 0
    endloop
  endfacet
  facet normal 0 0 -1
    outer loop
      vertex 45.9302 2.6974 0
      vertex 46.7825 1.5867 0
      vertex 46.5858 1.4142 0
    endloop
  endfacet
  facet normal 0 0 -1
    outer loop
      vertex 45.5958 2.40416 0
      vertex 46.5858 1.4142 0
      vertex 46.4133 1.21751 0
    endloop
  endfacet
  facet normal 0 0 -1
    outer loop
      vertex 47 1.73204 0
      vertex 46.3 2.94449 0
      vertex 46.6989 3.14119 0
    endloop
  endfacet
  facet normal 0 0 -1
    outer loop
      vertex 45.3026 2.06979 0
      vertex 46.4133 1.21751 0
      vertex 46.268 1 0
    endloop
  endfacet
  facet normal 0 0 -1
    outer loop
      vertex 45.0555 1.7 0
      vertex 46.268 1 0
      vertex 46.1523 0.765366 0
    endloop
  endfacet
  facet normal 0 0 -1
    outer loop
      vertex 44.8588 1.30112 0
      vertex 46.1523 0.765366 0
      vertex 46.0682 0.517624 0
    endloop
  endfacet
  facet normal 0 0 -1
    outer loop
      vertex 44.7159 0.879984 0
      vertex 46.0682 0.517624 0
      vertex 46.0171 0.261047 0
    endloop
  endfacet
  facet normal 0 0 -1
    outer loop
      vertex 46.7825 1.5867 0
      vertex 45.9302 2.6974 0
      vertex 46.3 2.94449 0
    endloop
  endfacet
  facet normal 0 0 -1
    outer loop
      vertex 44.6291 0.443789 0
      vertex 46.0171 0.261047 0
      vertex 46 0 0
    endloop
  endfacet
  facet normal 0 0 -1
    outer loop
      vertex 44.8588 -1.30112 0
      vertex 46.1523 -0.765366 0
      vertex 45.0555 -1.7 0
    endloop
  endfacet
  facet normal -0 0 -1
    outer loop
      vertex 46.1523 -0.765366 0
      vertex 44.8588 -1.30112 0
      vertex 46.0682 -0.517624 0
    endloop
  endfacet
  facet normal 0 0 -1
    outer loop
      vertex 46.5858 1.4142 0
      vertex 45.5958 2.40416 0
      vertex 45.9302 2.6974 0
    endloop
  endfacet
  facet normal 0 0 -1
    outer loop
      vertex 44.7159 -0.879984 0
      vertex 46.0682 -0.517624 0
      vertex 44.8588 -1.30112 0
    endloop
  endfacet
  facet normal 0 0 -1
    outer loop
      vertex 46.4133 1.21751 0
      vertex 45.3026 2.06979 0
      vertex 45.5958 2.40416 0
    endloop
  endfacet
  facet normal -0 0 -1
    outer loop
      vertex 46.0682 -0.517624 0
      vertex 44.7159 -0.879984 0
      vertex 46.0171 -0.261047 0
    endloop
  endfacet
  facet normal 0 0 -1
    outer loop
      vertex 46.268 1 0
      vertex 45.0555 1.7 0
      vertex 45.3026 2.06979 0
    endloop
  endfacet
  facet normal 0 0 -1
    outer loop
      vertex 44.6291 -0.443789 0
      vertex 46.0171 -0.261047 0
      vertex 44.7159 -0.879984 0
    endloop
  endfacet
  facet normal 0 0 -1
    outer loop
      vertex 46.1523 0.765366 0
      vertex 44.8588 1.30112 0
      vertex 45.0555 1.7 0
    endloop
  endfacet
  facet normal -0 0 -1
    outer loop
      vertex 46.0171 -0.261047 0
      vertex 44.6291 -0.443789 0
      vertex 46 0 0
    endloop
  endfacet
  facet normal 0 0 -1
    outer loop
      vertex 46.0682 0.517624 0
      vertex 44.7159 0.879984 0
      vertex 44.8588 1.30112 0
    endloop
  endfacet
  facet normal 0 0 -1
    outer loop
      vertex 44.6 0 0
      vertex 46 0 0
      vertex 44.6291 -0.443789 0
    endloop
  endfacet
  facet normal 0 0 -1
    outer loop
      vertex 46.0171 0.261047 0
      vertex 44.6291 0.443789 0
      vertex 44.7159 0.879984 0
    endloop
  endfacet
  facet normal 0 0 -1
    outer loop
      vertex 46 0 0
      vertex 44.6 0 0
      vertex 44.6291 0.443789 0
    endloop
  endfacet
  facet normal 0 0 -1
    outer loop
      vertex 49.4872 -0.195786 0
      vertex 49.4872 0.195786 0
      vertex 49.5 0 0
    endloop
  endfacet
  facet normal 0 0 -1
    outer loop
      vertex 49.4489 -0.388214 0
      vertex 49.4872 0.195786 0
      vertex 49.4872 -0.195786 0
    endloop
  endfacet
  facet normal 0 0 -1
    outer loop
      vertex 49.4489 -0.388214 0
      vertex 49.4489 0.388214 0
      vertex 49.4872 0.195786 0
    endloop
  endfacet
  facet normal 0 0 -1
    outer loop
      vertex 49.3858 -0.57402 0
      vertex 49.4489 0.388214 0
      vertex 49.4489 -0.388214 0
    endloop
  endfacet
  facet normal 0 0 -1
    outer loop
      vertex 49.3858 -0.57402 0
      vertex 49.3858 0.57402 0
      vertex 49.4489 0.388214 0
    endloop
  endfacet
  facet normal 0 0 -1
    outer loop
      vertex 49.299 -0.75 0
      vertex 49.3858 0.57402 0
      vertex 49.3858 -0.57402 0
    endloop
  endfacet
  facet normal 0 0 -1
    outer loop
      vertex 49.299 -0.75 0
      vertex 49.299 0.75 0
      vertex 49.3858 0.57402 0
    endloop
  endfacet
  facet normal 0 0 -1
    outer loop
      vertex 49.19 -0.913132 0
      vertex 49.299 0.75 0
      vertex 49.299 -0.75 0
    endloop
  endfacet
  facet normal 0 0 -1
    outer loop
      vertex 49.19 -0.913132 0
      vertex 49.19 0.913132 0
      vertex 49.299 0.75 0
    endloop
  endfacet
  facet normal 0 0 -1
    outer loop
      vertex 49.0607 -1.06065 0
      vertex 49.19 0.913132 0
      vertex 49.19 -0.913132 0
    endloop
  endfacet
  facet normal 0 0 -1
    outer loop
      vertex 49.0607 -1.06065 0
      vertex 49.0607 1.06065 0
      vertex 49.19 0.913132 0
    endloop
  endfacet
  facet normal 0 0 -1
    outer loop
      vertex 48.9131 -1.19002 0
      vertex 49.0607 1.06065 0
      vertex 49.0607 -1.06065 0
    endloop
  endfacet
  facet normal 0 0 -1
    outer loop
      vertex 48.9131 -1.19002 0
      vertex 48.9131 1.19002 0
      vertex 49.0607 1.06065 0
    endloop
  endfacet
  facet normal 0 0 -1
    outer loop
      vertex 48.75 -1.29903 0
      vertex 48.9131 1.19002 0
      vertex 48.9131 -1.19002 0
    endloop
  endfacet
  facet normal 0 0 -1
    outer loop
      vertex 48.75 -1.29903 0
      vertex 48.75 1.29903 0
      vertex 48.9131 1.19002 0
    endloop
  endfacet
  facet normal 0 0 -1
    outer loop
      vertex 48.574 -1.38582 0
      vertex 48.75 1.29903 0
      vertex 48.75 -1.29903 0
    endloop
  endfacet
  facet normal 0 0 -1
    outer loop
      vertex 48.574 -1.38582 0
      vertex 48.574 1.38582 0
      vertex 48.75 1.29903 0
    endloop
  endfacet
  facet normal 0 0 -1
    outer loop
      vertex 48.3882 -1.44888 0
      vertex 48.574 1.38582 0
      vertex 48.574 -1.38582 0
    endloop
  endfacet
  facet normal 0 0 -1
    outer loop
      vertex 48.3882 -1.44888 0
      vertex 48.3882 1.44888 0
      vertex 48.574 1.38582 0
    endloop
  endfacet
  facet normal 0 0 -1
    outer loop
      vertex 48.1958 -1.48715 0
      vertex 48.3882 1.44888 0
      vertex 48.3882 -1.44888 0
    endloop
  endfacet
  facet normal 0 0 -1
    outer loop
      vertex 48.1958 -1.48715 0
      vertex 48.1958 1.48715 0
      vertex 48.3882 1.44888 0
    endloop
  endfacet
  facet normal 0 0 -1
    outer loop
      vertex 48 -1.5 0
      vertex 48.1958 1.48715 0
      vertex 48.1958 -1.48715 0
    endloop
  endfacet
  facet normal 0 0 -1
    outer loop
      vertex 48 -1.5 0
      vertex 48 1.5 0
      vertex 48.1958 1.48715 0
    endloop
  endfacet
  facet normal 0 0 -1
    outer loop
      vertex 47.8042 -1.48715 0
      vertex 48 1.5 0
      vertex 48 -1.5 0
    endloop
  endfacet
  facet normal 0 0 -1
    outer loop
      vertex 47.8042 -1.48715 0
      vertex 47.8042 1.48715 0
      vertex 48 1.5 0
    endloop
  endfacet
  facet normal 0 0 -1
    outer loop
      vertex 47.6118 -1.44888 0
      vertex 47.8042 1.48715 0
      vertex 47.8042 -1.48715 0
    endloop
  endfacet
  facet normal 0 0 -1
    outer loop
      vertex 47.6118 -1.44888 0
      vertex 47.6118 1.44888 0
      vertex 47.8042 1.48715 0
    endloop
  endfacet
  facet normal 0 0 -1
    outer loop
      vertex 47.426 -1.38582 0
      vertex 47.6118 1.44888 0
      vertex 47.6118 -1.44888 0
    endloop
  endfacet
  facet normal 0 0 -1
    outer loop
      vertex 47.426 -1.38582 0
      vertex 47.426 1.38582 0
      vertex 47.6118 1.44888 0
    endloop
  endfacet
  facet normal 0 0 -1
    outer loop
      vertex 47.25 -1.29903 0
      vertex 47.426 1.38582 0
      vertex 47.426 -1.38582 0
    endloop
  endfacet
  facet normal 0 0 -1
    outer loop
      vertex 47.25 -1.29903 0
      vertex 47.25 1.29903 0
      vertex 47.426 1.38582 0
    endloop
  endfacet
  facet normal 0 0 -1
    outer loop
      vertex 47.0869 -1.19002 0
      vertex 47.25 1.29903 0
      vertex 47.25 -1.29903 0
    endloop
  endfacet
  facet normal 0 0 -1
    outer loop
      vertex 47.0869 -1.19002 0
      vertex 47.0869 1.19002 0
      vertex 47.25 1.29903 0
    endloop
  endfacet
  facet normal 0 0 -1
    outer loop
      vertex 46.9393 -1.06065 0
      vertex 47.0869 1.19002 0
      vertex 47.0869 -1.19002 0
    endloop
  endfacet
  facet normal 0 0 -1
    outer loop
      vertex 46.9393 -1.06065 0
      vertex 46.9393 1.06065 0
      vertex 47.0869 1.19002 0
    endloop
  endfacet
  facet normal 0 0 -1
    outer loop
      vertex 46.81 -0.913132 0
      vertex 46.9393 1.06065 0
      vertex 46.9393 -1.06065 0
    endloop
  endfacet
  facet normal 0 0 -1
    outer loop
      vertex 46.81 -0.913132 0
      vertex 46.81 0.913132 0
      vertex 46.9393 1.06065 0
    endloop
  endfacet
  facet normal 0 0 -1
    outer loop
      vertex 46.701 -0.75 0
      vertex 46.81 0.913132 0
      vertex 46.81 -0.913132 0
    endloop
  endfacet
  facet normal 0 0 -1
    outer loop
      vertex 46.701 -0.75 0
      vertex 46.701 0.75 0
      vertex 46.81 0.913132 0
    endloop
  endfacet
  facet normal 0 0 -1
    outer loop
      vertex 46.6142 -0.57402 0
      vertex 46.701 0.75 0
      vertex 46.701 -0.75 0
    endloop
  endfacet
  facet normal 0 0 -1
    outer loop
      vertex 46.6142 -0.57402 0
      vertex 46.6142 0.57402 0
      vertex 46.701 0.75 0
    endloop
  endfacet
  facet normal 0 0 -1
    outer loop
      vertex 46.5511 -0.388214 0
      vertex 46.6142 0.57402 0
      vertex 46.6142 -0.57402 0
    endloop
  endfacet
  facet normal 0 0 -1
    outer loop
      vertex 46.5511 -0.388214 0
      vertex 46.5511 0.388214 0
      vertex 46.6142 0.57402 0
    endloop
  endfacet
  facet normal 0 0 -1
    outer loop
      vertex 46.5128 -0.195786 0
      vertex 46.5511 0.388214 0
      vertex 46.5511 -0.388214 0
    endloop
  endfacet
  facet normal 0 0 -1
    outer loop
      vertex 46.5128 -0.195786 0
      vertex 46.5128 0.195786 0
      vertex 46.5511 0.388214 0
    endloop
  endfacet
  facet normal 0 -0 -1
    outer loop
      vertex 46.5128 0.195786 0
      vertex 46.5128 -0.195786 0
      vertex 46.5 0 0
    endloop
  endfacet
  facet normal -0.831455 -0.555592 0
    outer loop
      vertex 45.3026 -2.06979 0
      vertex 45.0555 -1.7 3.49
      vertex 45.0555 -1.7 0
    endloop
  endfacet
  facet normal -0.831455 -0.555592 0
    outer loop
      vertex 45.0555 -1.7 3.49
      vertex 45.3026 -2.06979 0
      vertex 45.3026 -2.06979 3.49
    endloop
  endfacet
  facet normal 0.195078 -0.980788 0
    outer loop
      vertex 48.4438 -3.37091 0
      vertex 48.88 -3.28415 3.49
      vertex 48.4438 -3.37091 3.49
    endloop
  endfacet
  facet normal 0.195078 -0.980788 0
    outer loop
      vertex 48.88 -3.28415 3.49
      vertex 48.4438 -3.37091 0
      vertex 48.88 -3.28415 0
    endloop
  endfacet
  facet normal -0.555566 0.831472 0
    outer loop
      vertex 46.3 2.94449 0
      vertex 45.9302 2.6974 3.49
      vertex 46.3 2.94449 3.49
    endloop
  endfacet
  facet normal -0.555566 0.831472 0
    outer loop
      vertex 45.9302 2.6974 3.49
      vertex 46.3 2.94449 0
      vertex 45.9302 2.6974 0
    endloop
  endfacet
  facet normal 0.896878 -0.442278 0
    outer loop
      vertex 50.9445 -1.7 3.49
      vertex 51.1412 -1.30112 0
      vertex 51.1412 -1.30112 3.49
    endloop
  endfacet
  facet normal 0.896878 -0.442278 0
    outer loop
      vertex 51.1412 -1.30112 0
      vertex 50.9445 -1.7 3.49
      vertex 50.9445 -1.7 0
    endloop
  endfacet
  facet normal -0.0654072 -0.997859 0
    outer loop
      vertex 47.5562 -3.37091 0
      vertex 48 -3.4 3.49
      vertex 47.5562 -3.37091 3.49
    endloop
  endfacet
  facet normal -0.0654072 -0.997859 -0
    outer loop
      vertex 48 -3.4 3.49
      vertex 47.5562 -3.37091 0
      vertex 48 -3.4 0
    endloop
  endfacet
  facet normal 0.659319 -0.751863 0
    outer loop
      vertex 50.0698 -2.6974 0
      vertex 50.4042 -2.40416 3.49
      vertex 50.0698 -2.6974 3.49
    endloop
  endfacet
  facet normal 0.659319 -0.751863 0
    outer loop
      vertex 50.4042 -2.40416 3.49
      vertex 50.0698 -2.6974 0
      vertex 50.4042 -2.40416 0
    endloop
  endfacet
  facet normal 0.997857 -0.0654312 0
    outer loop
      vertex 51.3709 -0.443789 3.49
      vertex 51.4 0 0
      vertex 51.4 0 3.49
    endloop
  endfacet
  facet normal 0.997857 -0.0654312 0
    outer loop
      vertex 51.4 0 0
      vertex 51.3709 -0.443789 3.49
      vertex 51.3709 -0.443789 0
    endloop
  endfacet
  facet normal -0.555566 -0.831472 0
    outer loop
      vertex 45.9302 -2.6974 0
      vertex 46.3 -2.94449 3.49
      vertex 45.9302 -2.6974 3.49
    endloop
  endfacet
  facet normal -0.555566 -0.831472 -0
    outer loop
      vertex 46.3 -2.94449 3.49
      vertex 45.9302 -2.6974 0
      vertex 46.3 -2.94449 0
    endloop
  endfacet
  facet normal 0.751878 -0.659302 0
    outer loop
      vertex 50.4042 -2.40416 3.49
      vertex 50.6974 -2.06979 0
      vertex 50.6974 -2.06979 3.49
    endloop
  endfacet
  facet normal 0.751878 -0.659302 0
    outer loop
      vertex 50.6974 -2.06979 0
      vertex 50.4042 -2.40416 3.49
      vertex 50.4042 -2.40416 0
    endloop
  endfacet
  facet normal 0.0654072 -0.997859 0
    outer loop
      vertex 48 -3.4 0
      vertex 48.4438 -3.37091 3.49
      vertex 48 -3.4 3.49
    endloop
  endfacet
  facet normal 0.0654072 -0.997859 0
    outer loop
      vertex 48.4438 -3.37091 3.49
      vertex 48 -3.4 0
      vertex 48.4438 -3.37091 0
    endloop
  endfacet
  facet normal 0.195059 -0.980791 0
    outer loop
      vertex 48.2088 -1.58631 4.5
      vertex 48.4141 -1.54548 6
      vertex 48.2088 -1.58631 6
    endloop
  endfacet
  facet normal 0.195059 -0.980791 0
    outer loop
      vertex 48.4141 -1.54548 6
      vertex 48.2088 -1.58631 4.5
      vertex 48.4141 -1.54548 4.5
    endloop
  endfacet
  facet normal 0.980813 -0.19495 0
    outer loop
      vertex 49.5455 -0.41411 6
      vertex 49.5863 -0.208841 4.5
      vertex 49.5863 -0.208841 6
    endloop
  endfacet
  facet normal 0.980813 -0.19495 0
    outer loop
      vertex 49.5863 -0.208841 4.5
      vertex 49.5455 -0.41411 6
      vertex 49.5455 -0.41411 4.5
    endloop
  endfacet
  facet normal 0.997855 -0.0654594 0
    outer loop
      vertex 49.5863 -0.208841 6
      vertex 49.6 0 4.5
      vertex 49.6 0 6
    endloop
  endfacet
  facet normal 0.997855 -0.0654594 0
    outer loop
      vertex 49.6 0 4.5
      vertex 49.5863 -0.208841 6
      vertex 49.5863 -0.208841 4.5
    endloop
  endfacet
  facet normal 0.946892 -0.321551 0
    outer loop
      vertex 49.4782 -0.612293 6
      vertex 49.5455 -0.41411 4.5
      vertex 49.5455 -0.41411 6
    endloop
  endfacet
  facet normal 0.946892 -0.321551 0
    outer loop
      vertex 49.5455 -0.41411 4.5
      vertex 49.4782 -0.612293 6
      vertex 49.4782 -0.612293 4.5
    endloop
  endfacet
  facet normal 0.831637 -0.55532 0
    outer loop
      vertex 49.2694 -0.974018 6
      vertex 49.3856 -0.799999 4.5
      vertex 49.3856 -0.799999 6
    endloop
  endfacet
  facet normal 0.831637 -0.55532 0
    outer loop
      vertex 49.3856 -0.799999 4.5
      vertex 49.2694 -0.974018 6
      vertex 49.2694 -0.974018 4.5
    endloop
  endfacet
  facet normal 0.321397 -0.946944 0
    outer loop
      vertex 48.4141 -1.54548 4.5
      vertex 48.6123 -1.47821 6
      vertex 48.4141 -1.54548 6
    endloop
  endfacet
  facet normal 0.321397 -0.946944 0
    outer loop
      vertex 48.6123 -1.47821 6
      vertex 48.4141 -1.54548 4.5
      vertex 48.6123 -1.47821 4.5
    endloop
  endfacet
  facet normal 0.997855 0.0654594 0
    outer loop
      vertex 49.6 0 6
      vertex 49.5863 0.208841 4.5
      vertex 49.5863 0.208841 6
    endloop
  endfacet
  facet normal 0.997855 0.0654594 0
    outer loop
      vertex 49.5863 0.208841 4.5
      vertex 49.6 0 6
      vertex 49.6 0 4.5
    endloop
  endfacet
  facet normal -0.555593 0.831454 0
    outer loop
      vertex 47.2 1.38564 4.5
      vertex 47.026 1.26937 6
      vertex 47.2 1.38564 6
    endloop
  endfacet
  facet normal -0.555593 0.831454 0
    outer loop
      vertex 47.026 1.26937 6
      vertex 47.2 1.38564 4.5
      vertex 47.026 1.26937 4.5
    endloop
  endfacet
  facet normal -0.321397 0.946944 0
    outer loop
      vertex 47.5859 1.54548 4.5
      vertex 47.3877 1.47821 6
      vertex 47.5859 1.54548 6
    endloop
  endfacet
  facet normal -0.321397 0.946944 0
    outer loop
      vertex 47.3877 1.47821 6
      vertex 47.5859 1.54548 4.5
      vertex 47.3877 1.47821 4.5
    endloop
  endfacet
  facet normal 0.896809 -0.442418 0
    outer loop
      vertex 49.3856 -0.799999 6
      vertex 49.4782 -0.612293 4.5
      vertex 49.4782 -0.612293 6
    endloop
  endfacet
  facet normal 0.896809 -0.442418 0
    outer loop
      vertex 49.4782 -0.612293 4.5
      vertex 49.3856 -0.799999 6
      vertex 49.3856 -0.799999 4.5
    endloop
  endfacet
  facet normal -0.321397 -0.946944 0
    outer loop
      vertex 47.3877 -1.47821 4.5
      vertex 47.5859 -1.54548 6
      vertex 47.3877 -1.47821 6
    endloop
  endfacet
  facet normal -0.321397 -0.946944 -0
    outer loop
      vertex 47.5859 -1.54548 6
      vertex 47.3877 -1.47821 4.5
      vertex 47.5859 -1.54548 4.5
    endloop
  endfacet
  facet normal 0.751826 -0.659362 0
    outer loop
      vertex 49.1314 -1.13137 6
      vertex 49.2694 -0.974018 4.5
      vertex 49.2694 -0.974018 6
    endloop
  endfacet
  facet normal 0.751826 -0.659362 0
    outer loop
      vertex 49.2694 -0.974018 4.5
      vertex 49.1314 -1.13137 6
      vertex 49.1314 -1.13137 4.5
    endloop
  endfacet
  facet normal 0 0 1
    outer loop
      vertex 49.5863 0.208841 6
      vertex 49.5863 -0.208841 6
      vertex 49.6 0 6
    endloop
  endfacet
  facet normal 0 0 1
    outer loop
      vertex 49.5455 0.41411 6
      vertex 49.5863 -0.208841 6
      vertex 49.5863 0.208841 6
    endloop
  endfacet
  facet normal 0 0 1
    outer loop
      vertex 49.5455 0.41411 6
      vertex 49.5455 -0.41411 6
      vertex 49.5863 -0.208841 6
    endloop
  endfacet
  facet normal 0 0 1
    outer loop
      vertex 49.4782 0.612293 6
      vertex 49.5455 -0.41411 6
      vertex 49.5455 0.41411 6
    endloop
  endfacet
  facet normal 0 0 1
    outer loop
      vertex 49.4782 0.612293 6
      vertex 49.4782 -0.612293 6
      vertex 49.5455 -0.41411 6
    endloop
  endfacet
  facet normal 0 0 1
    outer loop
      vertex 49.3856 0.799999 6
      vertex 49.4782 -0.612293 6
      vertex 49.4782 0.612293 6
    endloop
  endfacet
  facet normal 0 0 1
    outer loop
      vertex 49.3856 0.799999 6
      vertex 49.3856 -0.799999 6
      vertex 49.4782 -0.612293 6
    endloop
  endfacet
  facet normal 0 0 1
    outer loop
      vertex 49.2694 0.974018 6
      vertex 49.3856 -0.799999 6
      vertex 49.3856 0.799999 6
    endloop
  endfacet
  facet normal 0 0 1
    outer loop
      vertex 49.2694 0.974018 6
      vertex 49.2694 -0.974018 6
      vertex 49.3856 -0.799999 6
    endloop
  endfacet
  facet normal 0 0 1
    outer loop
      vertex 49.1314 1.13137 6
      vertex 49.2694 -0.974018 6
      vertex 49.2694 0.974018 6
    endloop
  endfacet
  facet normal 0 0 1
    outer loop
      vertex 49.1314 1.13137 6
      vertex 49.1314 -1.13137 6
      vertex 49.2694 -0.974018 6
    endloop
  endfacet
  facet normal 0 0 1
    outer loop
      vertex 48.974 1.26937 6
      vertex 49.1314 -1.13137 6
      vertex 49.1314 1.13137 6
    endloop
  endfacet
  facet normal 0 0 1
    outer loop
      vertex 48.974 1.26937 6
      vertex 48.974 -1.26937 6
      vertex 49.1314 -1.13137 6
    endloop
  endfacet
  facet normal 0 0 1
    outer loop
      vertex 48.8 1.38564 6
      vertex 48.974 -1.26937 6
      vertex 48.974 1.26937 6
    endloop
  endfacet
  facet normal 0 0 1
    outer loop
      vertex 48.8 1.38564 6
      vertex 48.8 -1.38564 6
      vertex 48.974 -1.26937 6
    endloop
  endfacet
  facet normal 0 0 1
    outer loop
      vertex 48.6123 1.47821 6
      vertex 48.8 -1.38564 6
      vertex 48.8 1.38564 6
    endloop
  endfacet
  facet normal 0 0 1
    outer loop
      vertex 48.6123 1.47821 6
      vertex 48.6123 -1.47821 6
      vertex 48.8 -1.38564 6
    endloop
  endfacet
  facet normal 0 0 1
    outer loop
      vertex 48.4141 1.54548 6
      vertex 48.6123 -1.47821 6
      vertex 48.6123 1.47821 6
    endloop
  endfacet
  facet normal 0 0 1
    outer loop
      vertex 48.4141 1.54548 6
      vertex 48.4141 -1.54548 6
      vertex 48.6123 -1.47821 6
    endloop
  endfacet
  facet normal 0 0 1
    outer loop
      vertex 48.2088 1.58631 6
      vertex 48.4141 -1.54548 6
      vertex 48.4141 1.54548 6
    endloop
  endfacet
  facet normal 0 0 1
    outer loop
      vertex 48.2088 1.58631 6
      vertex 48.2088 -1.58631 6
      vertex 48.4141 -1.54548 6
    endloop
  endfacet
  facet normal 0 0 1
    outer loop
      vertex 48 1.6 6
      vertex 48.2088 -1.58631 6
      vertex 48.2088 1.58631 6
    endloop
  endfacet
  facet normal 0 0 1
    outer loop
      vertex 48 1.6 6
      vertex 48 -1.6 6
      vertex 48.2088 -1.58631 6
    endloop
  endfacet
  facet normal -0 0 1
    outer loop
      vertex 47.7912 1.58631 6
      vertex 48 -1.6 6
      vertex 48 1.6 6
    endloop
  endfacet
  facet normal 0 0 1
    outer loop
      vertex 47.7912 1.58631 6
      vertex 47.7912 -1.58631 6
      vertex 48 -1.6 6
    endloop
  endfacet
  facet normal -0 0 1
    outer loop
      vertex 47.5859 1.54548 6
      vertex 47.7912 -1.58631 6
      vertex 47.7912 1.58631 6
    endloop
  endfacet
  facet normal 0 0 1
    outer loop
      vertex 47.5859 1.54548 6
      vertex 47.5859 -1.54548 6
      vertex 47.7912 -1.58631 6
    endloop
  endfacet
  facet normal -0 0 1
    outer loop
      vertex 47.3877 1.47821 6
      vertex 47.5859 -1.54548 6
      vertex 47.5859 1.54548 6
    endloop
  endfacet
  facet normal 0 0 1
    outer loop
      vertex 47.3877 1.47821 6
      vertex 47.3877 -1.47821 6
      vertex 47.5859 -1.54548 6
    endloop
  endfacet
  facet normal -0 0 1
    outer loop
      vertex 47.2 1.38564 6
      vertex 47.3877 -1.47821 6
      vertex 47.3877 1.47821 6
    endloop
  endfacet
  facet normal 0 0 1
    outer loop
      vertex 47.2 1.38564 6
      vertex 47.2 -1.38564 6
      vertex 47.3877 -1.47821 6
    endloop
  endfacet
  facet normal -0 0 1
    outer loop
      vertex 47.026 1.26937 6
      vertex 47.2 -1.38564 6
      vertex 47.2 1.38564 6
    endloop
  endfacet
  facet normal 0 0 1
    outer loop
      vertex 47.026 1.26937 6
      vertex 47.026 -1.26937 6
      vertex 47.2 -1.38564 6
    endloop
  endfacet
  facet normal -0 0 1
    outer loop
      vertex 46.8686 1.13137 6
      vertex 47.026 -1.26937 6
      vertex 47.026 1.26937 6
    endloop
  endfacet
  facet normal 0 0 1
    outer loop
      vertex 46.8686 1.13137 6
      vertex 46.8686 -1.13137 6
      vertex 47.026 -1.26937 6
    endloop
  endfacet
  facet normal -0 0 1
    outer loop
      vertex 46.7306 0.974018 6
      vertex 46.8686 -1.13137 6
      vertex 46.8686 1.13137 6
    endloop
  endfacet
  facet normal 0 0 1
    outer loop
      vertex 46.7306 0.974018 6
      vertex 46.7306 -0.974018 6
      vertex 46.8686 -1.13137 6
    endloop
  endfacet
  facet normal -0 0 1
    outer loop
      vertex 46.6144 0.799999 6
      vertex 46.7306 -0.974018 6
      vertex 46.7306 0.974018 6
    endloop
  endfacet
  facet normal 0 0 1
    outer loop
      vertex 46.6144 0.799999 6
      vertex 46.6144 -0.799999 6
      vertex 46.7306 -0.974018 6
    endloop
  endfacet
  facet normal -0 0 1
    outer loop
      vertex 46.5218 0.612293 6
      vertex 46.6144 -0.799999 6
      vertex 46.6144 0.799999 6
    endloop
  endfacet
  facet normal 0 0 1
    outer loop
      vertex 46.5218 0.612293 6
      vertex 46.5218 -0.612293 6
      vertex 46.6144 -0.799999 6
    endloop
  endfacet
  facet normal -0 0 1
    outer loop
      vertex 46.4545 0.41411 6
      vertex 46.5218 -0.612293 6
      vertex 46.5218 0.612293 6
    endloop
  endfacet
  facet normal 0 0 1
    outer loop
      vertex 46.4545 0.41411 6
      vertex 46.4545 -0.41411 6
      vertex 46.5218 -0.612293 6
    endloop
  endfacet
  facet normal -0 0 1
    outer loop
      vertex 46.4137 0.208841 6
      vertex 46.4545 -0.41411 6
      vertex 46.4545 0.41411 6
    endloop
  endfacet
  facet normal 0 0 1
    outer loop
      vertex 46.4137 0.208841 6
      vertex 46.4137 -0.208841 6
      vertex 46.4545 -0.41411 6
    endloop
  endfacet
  facet normal 0 -0 1
    outer loop
      vertex 46.4137 -0.208841 6
      vertex 46.4137 0.208841 6
      vertex 46.4 0 6
    endloop
  endfacet
  facet normal 0.946892 0.321551 0
    outer loop
      vertex 49.5455 0.41411 6
      vertex 49.4782 0.612293 4.5
      vertex 49.4782 0.612293 6
    endloop
  endfacet
  facet normal 0.946892 0.321551 0
    outer loop
      vertex 49.4782 0.612293 4.5
      vertex 49.5455 0.41411 6
      vertex 49.5455 0.41411 4.5
    endloop
  endfacet
  facet normal -0.751826 0.659362 0
    outer loop
      vertex 46.7306 0.974018 4.5
      vertex 46.8686 1.13137 6
      vertex 46.8686 1.13137 4.5
    endloop
  endfacet
  facet normal -0.751826 0.659362 0
    outer loop
      vertex 46.8686 1.13137 6
      vertex 46.7306 0.974018 4.5
      vertex 46.7306 0.974018 6
    endloop
  endfacet
  facet normal 0.980813 0.19495 0
    outer loop
      vertex 49.5863 0.208841 6
      vertex 49.5455 0.41411 4.5
      vertex 49.5455 0.41411 6
    endloop
  endfacet
  facet normal 0.980813 0.19495 0
    outer loop
      vertex 49.5455 0.41411 4.5
      vertex 49.5863 0.208841 6
      vertex 49.5863 0.208841 4.5
    endloop
  endfacet
  facet normal -0.659248 -0.751925 0
    outer loop
      vertex 46.8686 -1.13137 4.5
      vertex 47.026 -1.26937 6
      vertex 46.8686 -1.13137 6
    endloop
  endfacet
  facet normal -0.659248 -0.751925 -0
    outer loop
      vertex 47.026 -1.26937 6
      vertex 46.8686 -1.13137 4.5
      vertex 47.026 -1.26937 4.5
    endloop
  endfacet
  facet normal -0.946892 0.321551 0
    outer loop
      vertex 46.4545 0.41411 4.5
      vertex 46.5218 0.612293 6
      vertex 46.5218 0.612293 4.5
    endloop
  endfacet
  facet normal -0.946892 0.321551 0
    outer loop
      vertex 46.5218 0.612293 6
      vertex 46.4545 0.41411 4.5
      vertex 46.4545 0.41411 6
    endloop
  endfacet
  facet normal 0.831637 0.55532 0
    outer loop
      vertex 49.3856 0.799999 6
      vertex 49.2694 0.974018 4.5
      vertex 49.2694 0.974018 6
    endloop
  endfacet
  facet normal 0.831637 0.55532 0
    outer loop
      vertex 49.2694 0.974018 4.5
      vertex 49.3856 0.799999 6
      vertex 49.3856 0.799999 4.5
    endloop
  endfacet
  facet normal 0.442314 -0.89686 0
    outer loop
      vertex 48.6123 -1.47821 4.5
      vertex 48.8 -1.38564 6
      vertex 48.6123 -1.47821 6
    endloop
  endfacet
  facet normal 0.442314 -0.89686 0
    outer loop
      vertex 48.8 -1.38564 6
      vertex 48.6123 -1.47821 4.5
      vertex 48.8 -1.38564 4.5
    endloop
  endfacet
  facet normal -0.442314 -0.89686 0
    outer loop
      vertex 47.2 -1.38564 4.5
      vertex 47.3877 -1.47821 6
      vertex 47.2 -1.38564 6
    endloop
  endfacet
  facet normal -0.442314 -0.89686 -0
    outer loop
      vertex 47.3877 -1.47821 6
      vertex 47.2 -1.38564 4.5
      vertex 47.3877 -1.47821 4.5
    endloop
  endfacet
  facet normal 0.442314 0.89686 -0
    outer loop
      vertex 48.8 1.38564 4.5
      vertex 48.6123 1.47821 6
      vertex 48.8 1.38564 6
    endloop
  endfacet
  facet normal 0.442314 0.89686 0
    outer loop
      vertex 48.6123 1.47821 6
      vertex 48.8 1.38564 4.5
      vertex 48.6123 1.47821 4.5
    endloop
  endfacet
  facet normal 0.321397 0.946944 -0
    outer loop
      vertex 48.6123 1.47821 4.5
      vertex 48.4141 1.54548 6
      vertex 48.6123 1.47821 6
    endloop
  endfacet
  facet normal 0.321397 0.946944 0
    outer loop
      vertex 48.4141 1.54548 6
      vertex 48.6123 1.47821 4.5
      vertex 48.4141 1.54548 4.5
    endloop
  endfacet
  facet normal -0.980813 0.19495 0
    outer loop
      vertex 46.4137 0.208841 4.5
      vertex 46.4545 0.41411 6
      vertex 46.4545 0.41411 4.5
    endloop
  endfacet
  facet normal -0.980813 0.19495 0
    outer loop
      vertex 46.4545 0.41411 6
      vertex 46.4137 0.208841 4.5
      vertex 46.4137 0.208841 6
    endloop
  endfacet
  facet normal -0.555593 -0.831454 0
    outer loop
      vertex 47.026 -1.26937 4.5
      vertex 47.2 -1.38564 6
      vertex 47.026 -1.26937 6
    endloop
  endfacet
  facet normal -0.555593 -0.831454 -0
    outer loop
      vertex 47.2 -1.38564 6
      vertex 47.026 -1.26937 4.5
      vertex 47.2 -1.38564 4.5
    endloop
  endfacet
  facet normal 0.555593 0.831454 -0
    outer loop
      vertex 48.974 1.26937 4.5
      vertex 48.8 1.38564 6
      vertex 48.974 1.26937 6
    endloop
  endfacet
  facet normal 0.555593 0.831454 0
    outer loop
      vertex 48.8 1.38564 6
      vertex 48.974 1.26937 4.5
      vertex 48.8 1.38564 4.5
    endloop
  endfacet
  facet normal 0.195059 0.980791 -0
    outer loop
      vertex 48.4141 1.54548 4.5
      vertex 48.2088 1.58631 6
      vertex 48.4141 1.54548 6
    endloop
  endfacet
  facet normal 0.195059 0.980791 0
    outer loop
      vertex 48.2088 1.58631 6
      vertex 48.4141 1.54548 4.5
      vertex 48.2088 1.58631 4.5
    endloop
  endfacet
  facet normal 0.659248 -0.751925 0
    outer loop
      vertex 48.974 -1.26937 4.5
      vertex 49.1314 -1.13137 6
      vertex 48.974 -1.26937 6
    endloop
  endfacet
  facet normal 0.659248 -0.751925 0
    outer loop
      vertex 49.1314 -1.13137 6
      vertex 48.974 -1.26937 4.5
      vertex 49.1314 -1.13137 4.5
    endloop
  endfacet
  facet normal -0.946892 -0.321551 0
    outer loop
      vertex 46.5218 -0.612293 4.5
      vertex 46.4545 -0.41411 6
      vertex 46.4545 -0.41411 4.5
    endloop
  endfacet
  facet normal -0.946892 -0.321551 0
    outer loop
      vertex 46.4545 -0.41411 6
      vertex 46.5218 -0.612293 4.5
      vertex 46.5218 -0.612293 6
    endloop
  endfacet
  facet normal 0.0654247 0.997858 -0
    outer loop
      vertex 48.2088 1.58631 4.5
      vertex 48 1.6 6
      vertex 48.2088 1.58631 6
    endloop
  endfacet
  facet normal 0.0654247 0.997858 0
    outer loop
      vertex 48 1.6 6
      vertex 48.2088 1.58631 4.5
      vertex 48 1.6 4.5
    endloop
  endfacet
  facet normal -0.195059 -0.980791 0
    outer loop
      vertex 47.5859 -1.54548 4.5
      vertex 47.7912 -1.58631 6
      vertex 47.5859 -1.54548 6
    endloop
  endfacet
  facet normal -0.195059 -0.980791 -0
    outer loop
      vertex 47.7912 -1.58631 6
      vertex 47.5859 -1.54548 4.5
      vertex 47.7912 -1.58631 4.5
    endloop
  endfacet
  facet normal -0.659248 0.751925 0
    outer loop
      vertex 47.026 1.26937 4.5
      vertex 46.8686 1.13137 6
      vertex 47.026 1.26937 6
    endloop
  endfacet
  facet normal -0.659248 0.751925 0
    outer loop
      vertex 46.8686 1.13137 6
      vertex 47.026 1.26937 4.5
      vertex 46.8686 1.13137 4.5
    endloop
  endfacet
  facet normal -0.896809 -0.442418 0
    outer loop
      vertex 46.6144 -0.799999 4.5
      vertex 46.5218 -0.612293 6
      vertex 46.5218 -0.612293 4.5
    endloop
  endfacet
  facet normal -0.896809 -0.442418 0
    outer loop
      vertex 46.5218 -0.612293 6
      vertex 46.6144 -0.799999 4.5
      vertex 46.6144 -0.799999 6
    endloop
  endfacet
  facet normal 0.896809 0.442418 0
    outer loop
      vertex 49.4782 0.612293 6
      vertex 49.3856 0.799999 4.5
      vertex 49.3856 0.799999 6
    endloop
  endfacet
  facet normal 0.896809 0.442418 0
    outer loop
      vertex 49.3856 0.799999 4.5
      vertex 49.4782 0.612293 6
      vertex 49.4782 0.612293 4.5
    endloop
  endfacet
  facet normal 0.751826 0.659362 0
    outer loop
      vertex 49.2694 0.974018 6
      vertex 49.1314 1.13137 4.5
      vertex 49.1314 1.13137 6
    endloop
  endfacet
  facet normal 0.751826 0.659362 0
    outer loop
      vertex 49.1314 1.13137 4.5
      vertex 49.2694 0.974018 6
      vertex 49.2694 0.974018 4.5
    endloop
  endfacet
  facet normal -0.0654247 0.997858 0
    outer loop
      vertex 48 1.6 4.5
      vertex 47.7912 1.58631 6
      vertex 48 1.6 6
    endloop
  endfacet
  facet normal -0.0654247 0.997858 0
    outer loop
      vertex 47.7912 1.58631 6
      vertex 48 1.6 4.5
      vertex 47.7912 1.58631 4.5
    endloop
  endfacet
  facet normal 0.0654247 -0.997858 0
    outer loop
      vertex 48 -1.6 4.5
      vertex 48.2088 -1.58631 6
      vertex 48 -1.6 6
    endloop
  endfacet
  facet normal 0.0654247 -0.997858 0
    outer loop
      vertex 48.2088 -1.58631 6
      vertex 48 -1.6 4.5
      vertex 48.2088 -1.58631 4.5
    endloop
  endfacet
  facet normal 0.555593 -0.831454 0
    outer loop
      vertex 48.8 -1.38564 4.5
      vertex 48.974 -1.26937 6
      vertex 48.8 -1.38564 6
    endloop
  endfacet
  facet normal 0.555593 -0.831454 0
    outer loop
      vertex 48.974 -1.26937 6
      vertex 48.8 -1.38564 4.5
      vertex 48.974 -1.26937 4.5
    endloop
  endfacet
  facet normal -0.997855 0.0654594 0
    outer loop
      vertex 46.4 0 4.5
      vertex 46.4137 0.208841 6
      vertex 46.4137 0.208841 4.5
    endloop
  endfacet
  facet normal -0.997855 0.0654594 0
    outer loop
      vertex 46.4137 0.208841 6
      vertex 46.4 0 4.5
      vertex 46.4 0 6
    endloop
  endfacet
  facet normal -0.751826 -0.659362 0
    outer loop
      vertex 46.8686 -1.13137 4.5
      vertex 46.7306 -0.974018 6
      vertex 46.7306 -0.974018 4.5
    endloop
  endfacet
  facet normal -0.751826 -0.659362 0
    outer loop
      vertex 46.7306 -0.974018 6
      vertex 46.8686 -1.13137 4.5
      vertex 46.8686 -1.13137 6
    endloop
  endfacet
  facet normal -0.0654247 -0.997858 0
    outer loop
      vertex 47.7912 -1.58631 4.5
      vertex 48 -1.6 6
      vertex 47.7912 -1.58631 6
    endloop
  endfacet
  facet normal -0.0654247 -0.997858 -0
    outer loop
      vertex 48 -1.6 6
      vertex 47.7912 -1.58631 4.5
      vertex 48 -1.6 4.5
    endloop
  endfacet
  facet normal -0.195059 0.980791 0
    outer loop
      vertex 47.7912 1.58631 4.5
      vertex 47.5859 1.54548 6
      vertex 47.7912 1.58631 6
    endloop
  endfacet
  facet normal -0.195059 0.980791 0
    outer loop
      vertex 47.5859 1.54548 6
      vertex 47.7912 1.58631 4.5
      vertex 47.5859 1.54548 4.5
    endloop
  endfacet
  facet normal -0.980813 -0.19495 0
    outer loop
      vertex 46.4545 -0.41411 4.5
      vertex 46.4137 -0.208841 6
      vertex 46.4137 -0.208841 4.5
    endloop
  endfacet
  facet normal -0.980813 -0.19495 0
    outer loop
      vertex 46.4137 -0.208841 6
      vertex 46.4545 -0.41411 4.5
      vertex 46.4545 -0.41411 6
    endloop
  endfacet
  facet normal -0.997855 -0.0654594 0
    outer loop
      vertex 46.4137 -0.208841 4.5
      vertex 46.4 0 6
      vertex 46.4 0 4.5
    endloop
  endfacet
  facet normal -0.997855 -0.0654594 0
    outer loop
      vertex 46.4 0 6
      vertex 46.4137 -0.208841 4.5
      vertex 46.4137 -0.208841 6
    endloop
  endfacet
  facet normal -0.442314 0.89686 0
    outer loop
      vertex 47.3877 1.47821 4.5
      vertex 47.2 1.38564 6
      vertex 47.3877 1.47821 6
    endloop
  endfacet
  facet normal -0.442314 0.89686 0
    outer loop
      vertex 47.2 1.38564 6
      vertex 47.3877 1.47821 4.5
      vertex 47.2 1.38564 4.5
    endloop
  endfacet
  facet normal 0.659248 0.751925 -0
    outer loop
      vertex 49.1314 1.13137 4.5
      vertex 48.974 1.26937 6
      vertex 49.1314 1.13137 6
    endloop
  endfacet
  facet normal 0.659248 0.751925 0
    outer loop
      vertex 48.974 1.26937 6
      vertex 49.1314 1.13137 4.5
      vertex 48.974 1.26937 4.5
    endloop
  endfacet
  facet normal -0.831637 -0.55532 0
    outer loop
      vertex 46.7306 -0.974018 4.5
      vertex 46.6144 -0.799999 6
      vertex 46.6144 -0.799999 4.5
    endloop
  endfacet
  facet normal -0.831637 -0.55532 0
    outer loop
      vertex 46.6144 -0.799999 6
      vertex 46.7306 -0.974018 4.5
      vertex 46.7306 -0.974018 6
    endloop
  endfacet
  facet normal -0.831637 0.55532 0
    outer loop
      vertex 46.6144 0.799999 4.5
      vertex 46.7306 0.974018 6
      vertex 46.7306 0.974018 4.5
    endloop
  endfacet
  facet normal -0.831637 0.55532 0
    outer loop
      vertex 46.7306 0.974018 6
      vertex 46.6144 0.799999 4.5
      vertex 46.6144 0.799999 6
    endloop
  endfacet
  facet normal -0.896809 0.442418 0
    outer loop
      vertex 46.5218 0.612293 4.5
      vertex 46.6144 0.799999 6
      vertex 46.6144 0.799999 4.5
    endloop
  endfacet
  facet normal -0.896809 0.442418 0
    outer loop
      vertex 46.6144 0.799999 6
      vertex 46.5218 0.612293 4.5
      vertex 46.5218 0.612293 6
    endloop
  endfacet
  facet normal 0 0 -1
    outer loop
      vertex 49.5 0 0.5
      vertex 50 0 0.5
      vertex 49.9829 -0.261047 0.5
    endloop
  endfacet
  facet normal 0 0 -1
    outer loop
      vertex 49.4872 -0.195786 0.5
      vertex 49.9829 -0.261047 0.5
      vertex 49.9318 -0.517624 0.5
    endloop
  endfacet
  facet normal 0 0 -1
    outer loop
      vertex 50 0 0.5
      vertex 49.5 0 0.5
      vertex 49.9829 0.261047 0.5
    endloop
  endfacet
  facet normal 0 0 -1
    outer loop
      vertex 49.4489 -0.388214 0.5
      vertex 49.9318 -0.517624 0.5
      vertex 49.8477 -0.765366 0.5
    endloop
  endfacet
  facet normal 0 0 -1
    outer loop
      vertex 49.4872 0.195786 0.5
      vertex 49.9829 0.261047 0.5
      vertex 49.5 0 0.5
    endloop
  endfacet
  facet normal 0 0 -1
    outer loop
      vertex 49.3858 -0.57402 0.5
      vertex 49.8477 -0.765366 0.5
      vertex 49.732 -1 0.5
    endloop
  endfacet
  facet normal -0 0 -1
    outer loop
      vertex 49.9829 0.261047 0.5
      vertex 49.4872 0.195786 0.5
      vertex 49.9318 0.517624 0.5
    endloop
  endfacet
  facet normal 0 0 -1
    outer loop
      vertex 49.299 -0.75 0.5
      vertex 49.732 -1 0.5
      vertex 49.5867 -1.21751 0.5
    endloop
  endfacet
  facet normal 0 0 -1
    outer loop
      vertex 49.4489 0.388214 0.5
      vertex 49.9318 0.517624 0.5
      vertex 49.4872 0.195786 0.5
    endloop
  endfacet
  facet normal -0 0 -1
    outer loop
      vertex 49.9318 0.517624 0.5
      vertex 49.4489 0.388214 0.5
      vertex 49.8477 0.765366 0.5
    endloop
  endfacet
  facet normal 0 0 -1
    outer loop
      vertex 49.9829 -0.261047 0.5
      vertex 49.4872 -0.195786 0.5
      vertex 49.5 0 0.5
    endloop
  endfacet
  facet normal 0 0 -1
    outer loop
      vertex 49.9318 -0.517624 0.5
      vertex 49.4489 -0.388214 0.5
      vertex 49.4872 -0.195786 0.5
    endloop
  endfacet
  facet normal 0 0 -1
    outer loop
      vertex 49.19 -0.913132 0.5
      vertex 49.5867 -1.21751 0.5
      vertex 49.4142 -1.4142 0.5
    endloop
  endfacet
  facet normal 0 0 -1
    outer loop
      vertex 49.8477 -0.765366 0.5
      vertex 49.3858 -0.57402 0.5
      vertex 49.4489 -0.388214 0.5
    endloop
  endfacet
  facet normal 0 0 -1
    outer loop
      vertex 49.732 -1 0.5
      vertex 49.299 -0.75 0.5
      vertex 49.3858 -0.57402 0.5
    endloop
  endfacet
  facet normal 0 0 -1
    outer loop
      vertex 49.0607 -1.06065 0.5
      vertex 49.4142 -1.4142 0.5
      vertex 49.2175 -1.5867 0.5
    endloop
  endfacet
  facet normal 0 0 -1
    outer loop
      vertex 49.5867 -1.21751 0.5
      vertex 49.19 -0.913132 0.5
      vertex 49.299 -0.75 0.5
    endloop
  endfacet
  facet normal 0 0 -1
    outer loop
      vertex 49.4142 -1.4142 0.5
      vertex 49.0607 -1.06065 0.5
      vertex 49.19 -0.913132 0.5
    endloop
  endfacet
  facet normal 0 0 -1
    outer loop
      vertex 48.9131 -1.19002 0.5
      vertex 49.2175 -1.5867 0.5
      vertex 49 -1.73204 0.5
    endloop
  endfacet
  facet normal 0 0 -1
    outer loop
      vertex 49.2175 -1.5867 0.5
      vertex 48.9131 -1.19002 0.5
      vertex 49.0607 -1.06065 0.5
    endloop
  endfacet
  facet normal 0 0 -1
    outer loop
      vertex 48.75 -1.29903 0.5
      vertex 49 -1.73204 0.5
      vertex 48.7654 -1.84775 0.5
    endloop
  endfacet
  facet normal 0 0 -1
    outer loop
      vertex 49 -1.73204 0.5
      vertex 48.75 -1.29903 0.5
      vertex 48.9131 -1.19002 0.5
    endloop
  endfacet
  facet normal 0 0 -1
    outer loop
      vertex 48.7654 -1.84775 0.5
      vertex 48.574 -1.38582 0.5
      vertex 48.75 -1.29903 0.5
    endloop
  endfacet
  facet normal 0 0 -1
    outer loop
      vertex 48.5176 -1.93184 0.5
      vertex 48.574 -1.38582 0.5
      vertex 48.7654 -1.84775 0.5
    endloop
  endfacet
  facet normal 0 0 -1
    outer loop
      vertex 48.5176 -1.93184 0.5
      vertex 48.3882 -1.44888 0.5
      vertex 48.574 -1.38582 0.5
    endloop
  endfacet
  facet normal 0 0 -1
    outer loop
      vertex 48.261 -1.98288 0.5
      vertex 48.3882 -1.44888 0.5
      vertex 48.5176 -1.93184 0.5
    endloop
  endfacet
  facet normal 0 0 -1
    outer loop
      vertex 48.261 -1.98288 0.5
      vertex 48.1958 -1.48715 0.5
      vertex 48.3882 -1.44888 0.5
    endloop
  endfacet
  facet normal 0 0 -1
    outer loop
      vertex 48 -2 0.5
      vertex 48.1958 -1.48715 0.5
      vertex 48.261 -1.98288 0.5
    endloop
  endfacet
  facet normal 0 0 -1
    outer loop
      vertex 48 -2 0.5
      vertex 48 -1.5 0.5
      vertex 48.1958 -1.48715 0.5
    endloop
  endfacet
  facet normal 0 0 -1
    outer loop
      vertex 48 -2 0.5
      vertex 47.8042 -1.48715 0.5
      vertex 48 -1.5 0.5
    endloop
  endfacet
  facet normal 0 0 -1
    outer loop
      vertex 47.739 -1.98288 0.5
      vertex 47.8042 -1.48715 0.5
      vertex 48 -2 0.5
    endloop
  endfacet
  facet normal 0 0 -1
    outer loop
      vertex 47.739 -1.98288 0.5
      vertex 47.6118 -1.44888 0.5
      vertex 47.8042 -1.48715 0.5
    endloop
  endfacet
  facet normal 0 0 -1
    outer loop
      vertex 47.4824 -1.93184 0.5
      vertex 47.6118 -1.44888 0.5
      vertex 47.739 -1.98288 0.5
    endloop
  endfacet
  facet normal 0 0 -1
    outer loop
      vertex 47.4824 -1.93184 0.5
      vertex 47.426 -1.38582 0.5
      vertex 47.6118 -1.44888 0.5
    endloop
  endfacet
  facet normal 0 0 -1
    outer loop
      vertex 47.2346 -1.84775 0.5
      vertex 47.426 -1.38582 0.5
      vertex 47.4824 -1.93184 0.5
    endloop
  endfacet
  facet normal -0 0 -1
    outer loop
      vertex 47.426 -1.38582 0.5
      vertex 47.2346 -1.84775 0.5
      vertex 47.25 -1.29903 0.5
    endloop
  endfacet
  facet normal 0 0 -1
    outer loop
      vertex 47 -1.73204 0.5
      vertex 47.25 -1.29903 0.5
      vertex 47.2346 -1.84775 0.5
    endloop
  endfacet
  facet normal -0 0 -1
    outer loop
      vertex 47.25 -1.29903 0.5
      vertex 47 -1.73204 0.5
      vertex 47.0869 -1.19002 0.5
    endloop
  endfacet
  facet normal 0 0 -1
    outer loop
      vertex 46.7825 -1.5867 0.5
      vertex 47.0869 -1.19002 0.5
      vertex 47 -1.73204 0.5
    endloop
  endfacet
  facet normal -0 0 -1
    outer loop
      vertex 47.0869 -1.19002 0.5
      vertex 46.7825 -1.5867 0.5
      vertex 46.9393 -1.06065 0.5
    endloop
  endfacet
  facet normal 0 0 -1
    outer loop
      vertex 46.5858 -1.4142 0.5
      vertex 46.9393 -1.06065 0.5
      vertex 46.7825 -1.5867 0.5
    endloop
  endfacet
  facet normal -0 0 -1
    outer loop
      vertex 46.9393 -1.06065 0.5
      vertex 46.5858 -1.4142 0.5
      vertex 46.81 -0.913132 0.5
    endloop
  endfacet
  facet normal 0 0 -1
    outer loop
      vertex 46.4133 -1.21751 0.5
      vertex 46.81 -0.913132 0.5
      vertex 46.5858 -1.4142 0.5
    endloop
  endfacet
  facet normal -0 0 -1
    outer loop
      vertex 46.81 -0.913132 0.5
      vertex 46.4133 -1.21751 0.5
      vertex 46.701 -0.75 0.5
    endloop
  endfacet
  facet normal 0 0 -1
    outer loop
      vertex 46.268 -1 0.5
      vertex 46.701 -0.75 0.5
      vertex 46.4133 -1.21751 0.5
    endloop
  endfacet
  facet normal -0 0 -1
    outer loop
      vertex 46.701 -0.75 0.5
      vertex 46.268 -1 0.5
      vertex 46.6142 -0.57402 0.5
    endloop
  endfacet
  facet normal 0 0 -1
    outer loop
      vertex 46.1523 -0.765366 0.5
      vertex 46.6142 -0.57402 0.5
      vertex 46.268 -1 0.5
    endloop
  endfacet
  facet normal -0 0 -1
    outer loop
      vertex 46.6142 -0.57402 0.5
      vertex 46.1523 -0.765366 0.5
      vertex 46.5511 -0.388214 0.5
    endloop
  endfacet
  facet normal 0 0 -1
    outer loop
      vertex 49.3858 0.57402 0.5
      vertex 49.8477 0.765366 0.5
      vertex 49.4489 0.388214 0.5
    endloop
  endfacet
  facet normal -0 0 -1
    outer loop
      vertex 49.8477 0.765366 0.5
      vertex 49.3858 0.57402 0.5
      vertex 49.732 1 0.5
    endloop
  endfacet
  facet normal 0 0 -1
    outer loop
      vertex 49.299 0.75 0.5
      vertex 49.732 1 0.5
      vertex 49.3858 0.57402 0.5
    endloop
  endfacet
  facet normal -0 0 -1
    outer loop
      vertex 49.732 1 0.5
      vertex 49.299 0.75 0.5
      vertex 49.5867 1.21751 0.5
    endloop
  endfacet
  facet normal 0 0 -1
    outer loop
      vertex 49.19 0.913132 0.5
      vertex 49.5867 1.21751 0.5
      vertex 49.299 0.75 0.5
    endloop
  endfacet
  facet normal -0 0 -1
    outer loop
      vertex 49.5867 1.21751 0.5
      vertex 49.19 0.913132 0.5
      vertex 49.4142 1.4142 0.5
    endloop
  endfacet
  facet normal 0 0 -1
    outer loop
      vertex 49.0607 1.06065 0.5
      vertex 49.4142 1.4142 0.5
      vertex 49.19 0.913132 0.5
    endloop
  endfacet
  facet normal -0 0 -1
    outer loop
      vertex 49.4142 1.4142 0.5
      vertex 49.0607 1.06065 0.5
      vertex 49.2175 1.5867 0.5
    endloop
  endfacet
  facet normal 0 0 -1
    outer loop
      vertex 48.9131 1.19002 0.5
      vertex 49.2175 1.5867 0.5
      vertex 49.0607 1.06065 0.5
    endloop
  endfacet
  facet normal -0 0 -1
    outer loop
      vertex 49.2175 1.5867 0.5
      vertex 48.9131 1.19002 0.5
      vertex 49 1.73204 0.5
    endloop
  endfacet
  facet normal 0 0 -1
    outer loop
      vertex 48.75 1.29903 0.5
      vertex 49 1.73204 0.5
      vertex 48.9131 1.19002 0.5
    endloop
  endfacet
  facet normal -0 0 -1
    outer loop
      vertex 49 1.73204 0.5
      vertex 48.75 1.29903 0.5
      vertex 48.7654 1.84775 0.5
    endloop
  endfacet
  facet normal 0 0 -1
    outer loop
      vertex 48.574 1.38582 0.5
      vertex 48.7654 1.84775 0.5
      vertex 48.75 1.29903 0.5
    endloop
  endfacet
  facet normal 0 0 -1
    outer loop
      vertex 48.574 1.38582 0.5
      vertex 48.5176 1.93184 0.5
      vertex 48.7654 1.84775 0.5
    endloop
  endfacet
  facet normal 0 0 -1
    outer loop
      vertex 48.3882 1.44888 0.5
      vertex 48.5176 1.93184 0.5
      vertex 48.574 1.38582 0.5
    endloop
  endfacet
  facet normal 0 0 -1
    outer loop
      vertex 48.3882 1.44888 0.5
      vertex 48.261 1.98288 0.5
      vertex 48.5176 1.93184 0.5
    endloop
  endfacet
  facet normal 0 0 -1
    outer loop
      vertex 48.1958 1.48715 0.5
      vertex 48.261 1.98288 0.5
      vertex 48.3882 1.44888 0.5
    endloop
  endfacet
  facet normal 0 0 -1
    outer loop
      vertex 48 1.5 0.5
      vertex 48.261 1.98288 0.5
      vertex 48.1958 1.48715 0.5
    endloop
  endfacet
  facet normal 0 0 -1
    outer loop
      vertex 48 1.5 0.5
      vertex 48 2 0.5
      vertex 48.261 1.98288 0.5
    endloop
  endfacet
  facet normal 0 0 -1
    outer loop
      vertex 47.8042 1.48715 0.5
      vertex 48 2 0.5
      vertex 48 1.5 0.5
    endloop
  endfacet
  facet normal 0 0 -1
    outer loop
      vertex 47.8042 1.48715 0.5
      vertex 47.739 1.98288 0.5
      vertex 48 2 0.5
    endloop
  endfacet
  facet normal 0 0 -1
    outer loop
      vertex 47.6118 1.44888 0.5
      vertex 47.739 1.98288 0.5
      vertex 47.8042 1.48715 0.5
    endloop
  endfacet
  facet normal 0 0 -1
    outer loop
      vertex 47.6118 1.44888 0.5
      vertex 47.4824 1.93184 0.5
      vertex 47.739 1.98288 0.5
    endloop
  endfacet
  facet normal 0 0 -1
    outer loop
      vertex 47.426 1.38582 0.5
      vertex 47.4824 1.93184 0.5
      vertex 47.6118 1.44888 0.5
    endloop
  endfacet
  facet normal 0 0 -1
    outer loop
      vertex 47.2346 1.84775 0.5
      vertex 47.426 1.38582 0.5
      vertex 47.25 1.29903 0.5
    endloop
  endfacet
  facet normal 0 0 -1
    outer loop
      vertex 47.426 1.38582 0.5
      vertex 47.2346 1.84775 0.5
      vertex 47.4824 1.93184 0.5
    endloop
  endfacet
  facet normal 0 0 -1
    outer loop
      vertex 47 1.73204 0.5
      vertex 47.25 1.29903 0.5
      vertex 47.0869 1.19002 0.5
    endloop
  endfacet
  facet normal 0 0 -1
    outer loop
      vertex 47.25 1.29903 0.5
      vertex 47 1.73204 0.5
      vertex 47.2346 1.84775 0.5
    endloop
  endfacet
  facet normal 0 0 -1
    outer loop
      vertex 46.7825 1.5867 0.5
      vertex 47.0869 1.19002 0.5
      vertex 46.9393 1.06065 0.5
    endloop
  endfacet
  facet normal 0 0 -1
    outer loop
      vertex 46.5858 1.4142 0.5
      vertex 46.9393 1.06065 0.5
      vertex 46.81 0.913132 0.5
    endloop
  endfacet
  facet normal 0 0 -1
    outer loop
      vertex 47.0869 1.19002 0.5
      vertex 46.7825 1.5867 0.5
      vertex 47 1.73204 0.5
    endloop
  endfacet
  facet normal 0 0 -1
    outer loop
      vertex 46.4133 1.21751 0.5
      vertex 46.81 0.913132 0.5
      vertex 46.701 0.75 0.5
    endloop
  endfacet
  facet normal 0 0 -1
    outer loop
      vertex 46.268 1 0.5
      vertex 46.701 0.75 0.5
      vertex 46.6142 0.57402 0.5
    endloop
  endfacet
  facet normal 0 0 -1
    outer loop
      vertex 46.9393 1.06065 0.5
      vertex 46.5858 1.4142 0.5
      vertex 46.7825 1.5867 0.5
    endloop
  endfacet
  facet normal 0 0 -1
    outer loop
      vertex 46.1523 0.765366 0.5
      vertex 46.6142 0.57402 0.5
      vertex 46.5511 0.388214 0.5
    endloop
  endfacet
  facet normal 0 0 -1
    outer loop
      vertex 46.0682 0.517624 0.5
      vertex 46.5511 0.388214 0.5
      vertex 46.5128 0.195786 0.5
    endloop
  endfacet
  facet normal 0 0 -1
    outer loop
      vertex 46.0171 0.261047 0.5
      vertex 46.5128 0.195786 0.5
      vertex 46.5 0 0.5
    endloop
  endfacet
  facet normal 0 0 -1
    outer loop
      vertex 46.0682 -0.517624 0.5
      vertex 46.5511 -0.388214 0.5
      vertex 46.1523 -0.765366 0.5
    endloop
  endfacet
  facet normal 0 0 -1
    outer loop
      vertex 46.81 0.913132 0.5
      vertex 46.4133 1.21751 0.5
      vertex 46.5858 1.4142 0.5
    endloop
  endfacet
  facet normal -0 0 -1
    outer loop
      vertex 46.5511 -0.388214 0.5
      vertex 46.0682 -0.517624 0.5
      vertex 46.5128 -0.195786 0.5
    endloop
  endfacet
  facet normal 0 0 -1
    outer loop
      vertex 46.701 0.75 0.5
      vertex 46.268 1 0.5
      vertex 46.4133 1.21751 0.5
    endloop
  endfacet
  facet normal 0 0 -1
    outer loop
      vertex 46.0171 -0.261047 0.5
      vertex 46.5128 -0.195786 0.5
      vertex 46.0682 -0.517624 0.5
    endloop
  endfacet
  facet normal 0 0 -1
    outer loop
      vertex 46.6142 0.57402 0.5
      vertex 46.1523 0.765366 0.5
      vertex 46.268 1 0.5
    endloop
  endfacet
  facet normal -0 0 -1
    outer loop
      vertex 46.5128 -0.195786 0.5
      vertex 46.0171 -0.261047 0.5
      vertex 46.5 0 0.5
    endloop
  endfacet
  facet normal 0 0 -1
    outer loop
      vertex 46.5511 0.388214 0.5
      vertex 46.0682 0.517624 0.5
      vertex 46.1523 0.765366 0.5
    endloop
  endfacet
  facet normal 0 0 -1
    outer loop
      vertex 46 0 0.5
      vertex 46.5 0 0.5
      vertex 46.0171 -0.261047 0.5
    endloop
  endfacet
  facet normal 0 0 -1
    outer loop
      vertex 46.5128 0.195786 0.5
      vertex 46.0171 0.261047 0.5
      vertex 46.0682 0.517624 0.5
    endloop
  endfacet
  facet normal 0 0 -1
    outer loop
      vertex 46.5 0 0.5
      vertex 46 0 0.5
      vertex 46.0171 0.261047 0.5
    endloop
  endfacet
  facet normal -0.195087 -0.980786 0
    outer loop
      vertex 48.261 1.98288 0
      vertex 48.5176 1.93184 0.5
      vertex 48.261 1.98288 0.5
    endloop
  endfacet
  facet normal -0.195087 -0.980786 -0
    outer loop
      vertex 48.5176 1.93184 0.5
      vertex 48.261 1.98288 0
      vertex 48.5176 1.93184 0
    endloop
  endfacet
  facet normal -0.321348 -0.946961 0
    outer loop
      vertex 48.5176 1.93184 0
      vertex 48.7654 1.84775 0.5
      vertex 48.5176 1.93184 0.5
    endloop
  endfacet
  facet normal -0.321348 -0.946961 -0
    outer loop
      vertex 48.7654 1.84775 0.5
      vertex 48.5176 1.93184 0
      vertex 48.7654 1.84775 0
    endloop
  endfacet
  facet normal -0.442344 -0.896845 0
    outer loop
      vertex 48.7654 1.84775 0
      vertex 49 1.73204 0.5
      vertex 48.7654 1.84775 0.5
    endloop
  endfacet
  facet normal -0.442344 -0.896845 -0
    outer loop
      vertex 49 1.73204 0.5
      vertex 48.7654 1.84775 0
      vertex 49 1.73204 0
    endloop
  endfacet
  facet normal -0.5556 -0.83145 0
    outer loop
      vertex 49 1.73204 0
      vertex 49.2175 1.5867 0.5
      vertex 49 1.73204 0.5
    endloop
  endfacet
  facet normal -0.5556 -0.83145 -0
    outer loop
      vertex 49.2175 1.5867 0.5
      vertex 49 1.73204 0
      vertex 49.2175 1.5867 0
    endloop
  endfacet
  facet normal -0.659343 -0.751842 0
    outer loop
      vertex 49.2175 1.5867 0
      vertex 49.4142 1.4142 0.5
      vertex 49.2175 1.5867 0.5
    endloop
  endfacet
  facet normal -0.659343 -0.751842 -0
    outer loop
      vertex 49.4142 1.4142 0.5
      vertex 49.2175 1.5867 0
      vertex 49.4142 1.4142 0
    endloop
  endfacet
  facet normal -0.751826 -0.659362 0
    outer loop
      vertex 49.5867 1.21751 0
      vertex 49.4142 1.4142 0.5
      vertex 49.4142 1.4142 0
    endloop
  endfacet
  facet normal -0.751826 -0.659362 0
    outer loop
      vertex 49.4142 1.4142 0.5
      vertex 49.5867 1.21751 0
      vertex 49.5867 1.21751 0.5
    endloop
  endfacet
  facet normal -0.831532 -0.555476 0
    outer loop
      vertex 49.732 1 0
      vertex 49.5867 1.21751 0.5
      vertex 49.5867 1.21751 0
    endloop
  endfacet
  facet normal -0.831532 -0.555476 0
    outer loop
      vertex 49.5867 1.21751 0.5
      vertex 49.732 1 0
      vertex 49.732 1 0.5
    endloop
  endfacet
  facet normal -0.896886 -0.442262 0
    outer loop
      vertex 49.8477 0.765366 0
      vertex 49.732 1 0.5
      vertex 49.732 1 0
    endloop
  endfacet
  facet normal -0.896886 -0.442262 0
    outer loop
      vertex 49.732 1 0.5
      vertex 49.8477 0.765366 0
      vertex 49.8477 0.765366 0.5
    endloop
  endfacet
  facet normal -0.946927 -0.321449 0
    outer loop
      vertex 49.9318 0.517624 0
      vertex 49.8477 0.765366 0.5
      vertex 49.8477 0.765366 0
    endloop
  endfacet
  facet normal -0.946927 -0.321449 0
    outer loop
      vertex 49.8477 0.765366 0.5
      vertex 49.9318 0.517624 0
      vertex 49.9318 0.517624 0.5
    endloop
  endfacet
  facet normal -0.980739 -0.195324 0
    outer loop
      vertex 49.9829 0.261047 0
      vertex 49.9318 0.517624 0.5
      vertex 49.9318 0.517624 0
    endloop
  endfacet
  facet normal -0.980739 -0.195324 0
    outer loop
      vertex 49.9318 0.517624 0.5
      vertex 49.9829 0.261047 0
      vertex 49.9829 0.261047 0.5
    endloop
  endfacet
  facet normal -0.997861 -0.0653654 0
    outer loop
      vertex 50 0 0
      vertex 49.9829 0.261047 0.5
      vertex 49.9829 0.261047 0
    endloop
  endfacet
  facet normal -0.997861 -0.0653654 0
    outer loop
      vertex 49.9829 0.261047 0.5
      vertex 50 0 0
      vertex 50 0 0.5
    endloop
  endfacet
  facet normal -0.997861 0.0653654 0
    outer loop
      vertex 49.9829 -0.261047 0
      vertex 50 0 0.5
      vertex 50 0 0
    endloop
  endfacet
  facet normal -0.997861 0.0653654 0
    outer loop
      vertex 50 0 0.5
      vertex 49.9829 -0.261047 0
      vertex 49.9829 -0.261047 0.5
    endloop
  endfacet
  facet normal -0.980739 0.195324 0
    outer loop
      vertex 49.9318 -0.517624 0
      vertex 49.9829 -0.261047 0.5
      vertex 49.9829 -0.261047 0
    endloop
  endfacet
  facet normal -0.980739 0.195324 0
    outer loop
      vertex 49.9829 -0.261047 0.5
      vertex 49.9318 -0.517624 0
      vertex 49.9318 -0.517624 0.5
    endloop
  endfacet
  facet normal -0.946927 0.321449 0
    outer loop
      vertex 49.8477 -0.765366 0
      vertex 49.9318 -0.517624 0.5
      vertex 49.9318 -0.517624 0
    endloop
  endfacet
  facet normal -0.946927 0.321449 0
    outer loop
      vertex 49.9318 -0.517624 0.5
      vertex 49.8477 -0.765366 0
      vertex 49.8477 -0.765366 0.5
    endloop
  endfacet
  facet normal -0.896886 0.442262 0
    outer loop
      vertex 49.732 -1 0
      vertex 49.8477 -0.765366 0.5
      vertex 49.8477 -0.765366 0
    endloop
  endfacet
  facet normal -0.896886 0.442262 0
    outer loop
      vertex 49.8477 -0.765366 0.5
      vertex 49.732 -1 0
      vertex 49.732 -1 0.5
    endloop
  endfacet
  facet normal -0.831532 0.555476 0
    outer loop
      vertex 49.5867 -1.21751 0
      vertex 49.732 -1 0.5
      vertex 49.732 -1 0
    endloop
  endfacet
  facet normal -0.831532 0.555476 0
    outer loop
      vertex 49.732 -1 0.5
      vertex 49.5867 -1.21751 0
      vertex 49.5867 -1.21751 0.5
    endloop
  endfacet
  facet normal -0.751826 0.659362 0
    outer loop
      vertex 49.4142 -1.4142 0
      vertex 49.5867 -1.21751 0.5
      vertex 49.5867 -1.21751 0
    endloop
  endfacet
  facet normal -0.751826 0.659362 0
    outer loop
      vertex 49.5867 -1.21751 0.5
      vertex 49.4142 -1.4142 0
      vertex 49.4142 -1.4142 0.5
    endloop
  endfacet
  facet normal -0.659343 0.751842 0
    outer loop
      vertex 49.4142 -1.4142 0
      vertex 49.2175 -1.5867 0.5
      vertex 49.4142 -1.4142 0.5
    endloop
  endfacet
  facet normal -0.659343 0.751842 0
    outer loop
      vertex 49.2175 -1.5867 0.5
      vertex 49.4142 -1.4142 0
      vertex 49.2175 -1.5867 0
    endloop
  endfacet
  facet normal -0.5556 0.83145 0
    outer loop
      vertex 49.2175 -1.5867 0
      vertex 49 -1.73204 0.5
      vertex 49.2175 -1.5867 0.5
    endloop
  endfacet
  facet normal -0.5556 0.83145 0
    outer loop
      vertex 49 -1.73204 0.5
      vertex 49.2175 -1.5867 0
      vertex 49 -1.73204 0
    endloop
  endfacet
  facet normal -0.442344 0.896845 0
    outer loop
      vertex 49 -1.73204 0
      vertex 48.7654 -1.84775 0.5
      vertex 49 -1.73204 0.5
    endloop
  endfacet
  facet normal -0.442344 0.896845 0
    outer loop
      vertex 48.7654 -1.84775 0.5
      vertex 49 -1.73204 0
      vertex 48.7654 -1.84775 0
    endloop
  endfacet
  facet normal -0.321348 0.946961 0
    outer loop
      vertex 48.7654 -1.84775 0
      vertex 48.5176 -1.93184 0.5
      vertex 48.7654 -1.84775 0.5
    endloop
  endfacet
  facet normal -0.321348 0.946961 0
    outer loop
      vertex 48.5176 -1.93184 0.5
      vertex 48.7654 -1.84775 0
      vertex 48.5176 -1.93184 0
    endloop
  endfacet
  facet normal -0.195087 0.980786 0
    outer loop
      vertex 48.5176 -1.93184 0
      vertex 48.261 -1.98288 0.5
      vertex 48.5176 -1.93184 0.5
    endloop
  endfacet
  facet normal -0.195087 0.980786 0
    outer loop
      vertex 48.261 -1.98288 0.5
      vertex 48.5176 -1.93184 0
      vertex 48.261 -1.98288 0
    endloop
  endfacet
  facet normal -0.0654532 0.997856 0
    outer loop
      vertex 48.261 -1.98288 0
      vertex 48 -2 0.5
      vertex 48.261 -1.98288 0.5
    endloop
  endfacet
  facet normal -0.0654532 0.997856 0
    outer loop
      vertex 48 -2 0.5
      vertex 48.261 -1.98288 0
      vertex 48 -2 0
    endloop
  endfacet
  facet normal 0.0654532 0.997856 -0
    outer loop
      vertex 48 -2 0
      vertex 47.739 -1.98288 0.5
      vertex 48 -2 0.5
    endloop
  endfacet
  facet normal 0.0654532 0.997856 0
    outer loop
      vertex 47.739 -1.98288 0.5
      vertex 48 -2 0
      vertex 47.739 -1.98288 0
    endloop
  endfacet
  facet normal 0.195087 0.980786 -0
    outer loop
      vertex 47.739 -1.98288 0
      vertex 47.4824 -1.93184 0.5
      vertex 47.739 -1.98288 0.5
    endloop
  endfacet
  facet normal 0.195087 0.980786 0
    outer loop
      vertex 47.4824 -1.93184 0.5
      vertex 47.739 -1.98288 0
      vertex 47.4824 -1.93184 0
    endloop
  endfacet
  facet normal 0.321348 0.946961 -0
    outer loop
      vertex 47.4824 -1.93184 0
      vertex 47.2346 -1.84775 0.5
      vertex 47.4824 -1.93184 0.5
    endloop
  endfacet
  facet normal 0.321348 0.946961 0
    outer loop
      vertex 47.2346 -1.84775 0.5
      vertex 47.4824 -1.93184 0
      vertex 47.2346 -1.84775 0
    endloop
  endfacet
  facet normal 0.442344 0.896845 -0
    outer loop
      vertex 47.2346 -1.84775 0
      vertex 47 -1.73204 0.5
      vertex 47.2346 -1.84775 0.5
    endloop
  endfacet
  facet normal 0.442344 0.896845 0
    outer loop
      vertex 47 -1.73204 0.5
      vertex 47.2346 -1.84775 0
      vertex 47 -1.73204 0
    endloop
  endfacet
  facet normal 0.5556 0.83145 -0
    outer loop
      vertex 47 -1.73204 0
      vertex 46.7825 -1.5867 0.5
      vertex 47 -1.73204 0.5
    endloop
  endfacet
  facet normal 0.5556 0.83145 0
    outer loop
      vertex 46.7825 -1.5867 0.5
      vertex 47 -1.73204 0
      vertex 46.7825 -1.5867 0
    endloop
  endfacet
  facet normal 0.659343 0.751842 -0
    outer loop
      vertex 46.7825 -1.5867 0
      vertex 46.5858 -1.4142 0.5
      vertex 46.7825 -1.5867 0.5
    endloop
  endfacet
  facet normal 0.659343 0.751842 0
    outer loop
      vertex 46.5858 -1.4142 0.5
      vertex 46.7825 -1.5867 0
      vertex 46.5858 -1.4142 0
    endloop
  endfacet
  facet normal 0.751826 0.659362 0
    outer loop
      vertex 46.5858 -1.4142 0.5
      vertex 46.4133 -1.21751 0
      vertex 46.4133 -1.21751 0.5
    endloop
  endfacet
  facet normal 0.751826 0.659362 0
    outer loop
      vertex 46.4133 -1.21751 0
      vertex 46.5858 -1.4142 0.5
      vertex 46.5858 -1.4142 0
    endloop
  endfacet
  facet normal 0.831532 0.555476 0
    outer loop
      vertex 46.4133 -1.21751 0.5
      vertex 46.268 -1 0
      vertex 46.268 -1 0.5
    endloop
  endfacet
  facet normal 0.831532 0.555476 0
    outer loop
      vertex 46.268 -1 0
      vertex 46.4133 -1.21751 0.5
      vertex 46.4133 -1.21751 0
    endloop
  endfacet
  facet normal 0.896886 0.442262 0
    outer loop
      vertex 46.268 -1 0.5
      vertex 46.1523 -0.765366 0
      vertex 46.1523 -0.765366 0.5
    endloop
  endfacet
  facet normal 0.896886 0.442262 0
    outer loop
      vertex 46.1523 -0.765366 0
      vertex 46.268 -1 0.5
      vertex 46.268 -1 0
    endloop
  endfacet
  facet normal 0.946927 0.321449 0
    outer loop
      vertex 46.1523 -0.765366 0.5
      vertex 46.0682 -0.517624 0
      vertex 46.0682 -0.517624 0.5
    endloop
  endfacet
  facet normal 0.946927 0.321449 0
    outer loop
      vertex 46.0682 -0.517624 0
      vertex 46.1523 -0.765366 0.5
      vertex 46.1523 -0.765366 0
    endloop
  endfacet
  facet normal 0.980739 0.195324 0
    outer loop
      vertex 46.0682 -0.517624 0.5
      vertex 46.0171 -0.261047 0
      vertex 46.0171 -0.261047 0.5
    endloop
  endfacet
  facet normal 0.980739 0.195324 0
    outer loop
      vertex 46.0171 -0.261047 0
      vertex 46.0682 -0.517624 0.5
      vertex 46.0682 -0.517624 0
    endloop
  endfacet
  facet normal 0.997861 0.0653654 0
    outer loop
      vertex 46.0171 -0.261047 0.5
      vertex 46 0 0
      vertex 46 0 0.5
    endloop
  endfacet
  facet normal 0.997861 0.0653654 0
    outer loop
      vertex 46 0 0
      vertex 46.0171 -0.261047 0.5
      vertex 46.0171 -0.261047 0
    endloop
  endfacet
  facet normal 0.997861 -0.0653654 0
    outer loop
      vertex 46 0 0.5
      vertex 46.0171 0.261047 0
      vertex 46.0171 0.261047 0.5
    endloop
  endfacet
  facet normal 0.997861 -0.0653654 0
    outer loop
      vertex 46.0171 0.261047 0
      vertex 46 0 0.5
      vertex 46 0 0
    endloop
  endfacet
  facet normal 0.980739 -0.195324 0
    outer loop
      vertex 46.0171 0.261047 0.5
      vertex 46.0682 0.517624 0
      vertex 46.0682 0.517624 0.5
    endloop
  endfacet
  facet normal 0.980739 -0.195324 0
    outer loop
      vertex 46.0682 0.517624 0
      vertex 46.0171 0.261047 0.5
      vertex 46.0171 0.261047 0
    endloop
  endfacet
  facet normal 0.946927 -0.321449 0
    outer loop
      vertex 46.0682 0.517624 0.5
      vertex 46.1523 0.765366 0
      vertex 46.1523 0.765366 0.5
    endloop
  endfacet
  facet normal 0.946927 -0.321449 0
    outer loop
      vertex 46.1523 0.765366 0
      vertex 46.0682 0.517624 0.5
      vertex 46.0682 0.517624 0
    endloop
  endfacet
  facet normal 0.896886 -0.442262 0
    outer loop
      vertex 46.1523 0.765366 0.5
      vertex 46.268 1 0
      vertex 46.268 1 0.5
    endloop
  endfacet
  facet normal 0.896886 -0.442262 0
    outer loop
      vertex 46.268 1 0
      vertex 46.1523 0.765366 0.5
      vertex 46.1523 0.765366 0
    endloop
  endfacet
  facet normal 0.831532 -0.555476 0
    outer loop
      vertex 46.268 1 0.5
      vertex 46.4133 1.21751 0
      vertex 46.4133 1.21751 0.5
    endloop
  endfacet
  facet normal 0.831532 -0.555476 0
    outer loop
      vertex 46.4133 1.21751 0
      vertex 46.268 1 0.5
      vertex 46.268 1 0
    endloop
  endfacet
  facet normal 0.751826 -0.659362 0
    outer loop
      vertex 46.4133 1.21751 0.5
      vertex 46.5858 1.4142 0
      vertex 46.5858 1.4142 0.5
    endloop
  endfacet
  facet normal 0.751826 -0.659362 0
    outer loop
      vertex 46.5858 1.4142 0
      vertex 46.4133 1.21751 0.5
      vertex 46.4133 1.21751 0
    endloop
  endfacet
  facet normal 0.659343 -0.751842 0
    outer loop
      vertex 46.5858 1.4142 0
      vertex 46.7825 1.5867 0.5
      vertex 46.5858 1.4142 0.5
    endloop
  endfacet
  facet normal 0.659343 -0.751842 0
    outer loop
      vertex 46.7825 1.5867 0.5
      vertex 46.5858 1.4142 0
      vertex 46.7825 1.5867 0
    endloop
  endfacet
  facet normal 0.5556 -0.83145 0
    outer loop
      vertex 46.7825 1.5867 0
      vertex 47 1.73204 0.5
      vertex 46.7825 1.5867 0.5
    endloop
  endfacet
  facet normal 0.5556 -0.83145 0
    outer loop
      vertex 47 1.73204 0.5
      vertex 46.7825 1.5867 0
      vertex 47 1.73204 0
    endloop
  endfacet
  facet normal 0.442344 -0.896845 0
    outer loop
      vertex 47 1.73204 0
      vertex 47.2346 1.84775 0.5
      vertex 47 1.73204 0.5
    endloop
  endfacet
  facet normal 0.442344 -0.896845 0
    outer loop
      vertex 47.2346 1.84775 0.5
      vertex 47 1.73204 0
      vertex 47.2346 1.84775 0
    endloop
  endfacet
  facet normal 0.321348 -0.946961 0
    outer loop
      vertex 47.2346 1.84775 0
      vertex 47.4824 1.93184 0.5
      vertex 47.2346 1.84775 0.5
    endloop
  endfacet
  facet normal 0.321348 -0.946961 0
    outer loop
      vertex 47.4824 1.93184 0.5
      vertex 47.2346 1.84775 0
      vertex 47.4824 1.93184 0
    endloop
  endfacet
  facet normal 0.195087 -0.980786 0
    outer loop
      vertex 47.4824 1.93184 0
      vertex 47.739 1.98288 0.5
      vertex 47.4824 1.93184 0.5
    endloop
  endfacet
  facet normal 0.195087 -0.980786 0
    outer loop
      vertex 47.739 1.98288 0.5
      vertex 47.4824 1.93184 0
      vertex 47.739 1.98288 0
    endloop
  endfacet
  facet normal 0.0654532 -0.997856 0
    outer loop
      vertex 47.739 1.98288 0
      vertex 48 2 0.5
      vertex 47.739 1.98288 0.5
    endloop
  endfacet
  facet normal 0.0654532 -0.997856 0
    outer loop
      vertex 48 2 0.5
      vertex 47.739 1.98288 0
      vertex 48 2 0
    endloop
  endfacet
  facet normal -0.0654532 -0.997856 0
    outer loop
      vertex 48 2 0
      vertex 48.261 1.98288 0.5
      vertex 48 2 0.5
    endloop
  endfacet
  facet normal -0.0654532 -0.997856 -0
    outer loop
      vertex 48.261 1.98288 0.5
      vertex 48 2 0
      vertex 48.261 1.98288 0
    endloop
  endfacet
  facet normal -0.195087 0.980786 0
    outer loop
      vertex 47.8042 1.48715 0
      vertex 47.6118 1.44888 0.5
      vertex 47.8042 1.48715 0.5
    endloop
  endfacet
  facet normal -0.195087 0.980786 0
    outer loop
      vertex 47.6118 1.44888 0.5
      vertex 47.8042 1.48715 0
      vertex 47.6118 1.44888 0
    endloop
  endfacet
  facet normal -0.321391 0.946947 0
    outer loop
      vertex 47.6118 1.44888 0
      vertex 47.426 1.38582 0.5
      vertex 47.6118 1.44888 0.5
    endloop
  endfacet
  facet normal -0.321391 0.946947 0
    outer loop
      vertex 47.426 1.38582 0.5
      vertex 47.6118 1.44888 0
      vertex 47.426 1.38582 0
    endloop
  endfacet
  facet normal -0.442274 0.89688 0
    outer loop
      vertex 47.426 1.38582 0
      vertex 47.25 1.29903 0.5
      vertex 47.426 1.38582 0.5
    endloop
  endfacet
  facet normal -0.442274 0.89688 0
    outer loop
      vertex 47.25 1.29903 0.5
      vertex 47.426 1.38582 0
      vertex 47.25 1.29903 0
    endloop
  endfacet
  facet normal -0.555676 0.831399 0
    outer loop
      vertex 47.25 1.29903 0
      vertex 47.0869 1.19002 0.5
      vertex 47.25 1.29903 0.5
    endloop
  endfacet
  facet normal -0.555676 0.831399 0
    outer loop
      vertex 47.0869 1.19002 0.5
      vertex 47.25 1.29903 0
      vertex 47.0869 1.19002 0
    endloop
  endfacet
  facet normal -0.659139 0.752021 0
    outer loop
      vertex 47.0869 1.19002 0
      vertex 46.9393 1.06065 0.5
      vertex 47.0869 1.19002 0.5
    endloop
  endfacet
  facet normal -0.659139 0.752021 0
    outer loop
      vertex 46.9393 1.06065 0.5
      vertex 47.0869 1.19002 0
      vertex 46.9393 1.06065 0
    endloop
  endfacet
  facet normal -0.752016 0.659145 0
    outer loop
      vertex 46.81 0.913132 0
      vertex 46.9393 1.06065 0.5
      vertex 46.9393 1.06065 0
    endloop
  endfacet
  facet normal -0.752016 0.659145 0
    outer loop
      vertex 46.9393 1.06065 0.5
      vertex 46.81 0.913132 0
      vertex 46.81 0.913132 0.5
    endloop
  endfacet
  facet normal -0.831473 0.555566 0
    outer loop
      vertex 46.701 0.75 0
      vertex 46.81 0.913132 0.5
      vertex 46.81 0.913132 0
    endloop
  endfacet
  facet normal -0.831473 0.555566 0
    outer loop
      vertex 46.81 0.913132 0.5
      vertex 46.701 0.75 0
      vertex 46.701 0.75 0.5
    endloop
  endfacet
  facet normal -0.89684 0.442355 0
    outer loop
      vertex 46.6142 0.57402 0
      vertex 46.701 0.75 0.5
      vertex 46.701 0.75 0
    endloop
  endfacet
  facet normal -0.89684 0.442355 0
    outer loop
      vertex 46.701 0.75 0.5
      vertex 46.6142 0.57402 0
      vertex 46.6142 0.57402 0.5
    endloop
  endfacet
  facet normal -0.946888 0.321564 0
    outer loop
      vertex 46.5511 0.388214 0
      vertex 46.6142 0.57402 0.5
      vertex 46.6142 0.57402 0
    endloop
  endfacet
  facet normal -0.946888 0.321564 0
    outer loop
      vertex 46.6142 0.57402 0.5
      vertex 46.5511 0.388214 0
      vertex 46.5511 0.388214 0.5
    endloop
  endfacet
  facet normal -0.980762 0.195206 0
    outer loop
      vertex 46.5128 0.195786 0
      vertex 46.5511 0.388214 0.5
      vertex 46.5511 0.388214 0
    endloop
  endfacet
  facet normal -0.980762 0.195206 0
    outer loop
      vertex 46.5511 0.388214 0.5
      vertex 46.5128 0.195786 0
      vertex 46.5128 0.195786 0.5
    endloop
  endfacet
  facet normal -0.99787 0.0652382 0
    outer loop
      vertex 46.5 0 0
      vertex 46.5128 0.195786 0.5
      vertex 46.5128 0.195786 0
    endloop
  endfacet
  facet normal -0.99787 0.0652382 0
    outer loop
      vertex 46.5128 0.195786 0.5
      vertex 46.5 0 0
      vertex 46.5 0 0.5
    endloop
  endfacet
  facet normal -0.99787 -0.0652382 0
    outer loop
      vertex 46.5128 -0.195786 0
      vertex 46.5 0 0.5
      vertex 46.5 0 0
    endloop
  endfacet
  facet normal -0.99787 -0.0652382 0
    outer loop
      vertex 46.5 0 0.5
      vertex 46.5128 -0.195786 0
      vertex 46.5128 -0.195786 0.5
    endloop
  endfacet
  facet normal -0.980762 -0.195206 0
    outer loop
      vertex 46.5511 -0.388214 0
      vertex 46.5128 -0.195786 0.5
      vertex 46.5128 -0.195786 0
    endloop
  endfacet
  facet normal -0.980762 -0.195206 0
    outer loop
      vertex 46.5128 -0.195786 0.5
      vertex 46.5511 -0.388214 0
      vertex 46.5511 -0.388214 0.5
    endloop
  endfacet
  facet normal -0.946888 -0.321564 0
    outer loop
      vertex 46.6142 -0.57402 0
      vertex 46.5511 -0.388214 0.5
      vertex 46.5511 -0.388214 0
    endloop
  endfacet
  facet normal -0.946888 -0.321564 0
    outer loop
      vertex 46.5511 -0.388214 0.5
      vertex 46.6142 -0.57402 0
      vertex 46.6142 -0.57402 0.5
    endloop
  endfacet
  facet normal -0.89684 -0.442355 0
    outer loop
      vertex 46.701 -0.75 0
      vertex 46.6142 -0.57402 0.5
      vertex 46.6142 -0.57402 0
    endloop
  endfacet
  facet normal -0.89684 -0.442355 0
    outer loop
      vertex 46.6142 -0.57402 0.5
      vertex 46.701 -0.75 0
      vertex 46.701 -0.75 0.5
    endloop
  endfacet
  facet normal -0.831473 -0.555566 0
    outer loop
      vertex 46.81 -0.913132 0
      vertex 46.701 -0.75 0.5
      vertex 46.701 -0.75 0
    endloop
  endfacet
  facet normal -0.831473 -0.555566 0
    outer loop
      vertex 46.701 -0.75 0.5
      vertex 46.81 -0.913132 0
      vertex 46.81 -0.913132 0.5
    endloop
  endfacet
  facet normal -0.752016 -0.659145 0
    outer loop
      vertex 46.9393 -1.06065 0
      vertex 46.81 -0.913132 0.5
      vertex 46.81 -0.913132 0
    endloop
  endfacet
  facet normal -0.752016 -0.659145 0
    outer loop
      vertex 46.81 -0.913132 0.5
      vertex 46.9393 -1.06065 0
      vertex 46.9393 -1.06065 0.5
    endloop
  endfacet
  facet normal -0.659139 -0.752021 0
    outer loop
      vertex 46.9393 -1.06065 0
      vertex 47.0869 -1.19002 0.5
      vertex 46.9393 -1.06065 0.5
    endloop
  endfacet
  facet normal -0.659139 -0.752021 -0
    outer loop
      vertex 47.0869 -1.19002 0.5
      vertex 46.9393 -1.06065 0
      vertex 47.0869 -1.19002 0
    endloop
  endfacet
  facet normal -0.555676 -0.831399 0
    outer loop
      vertex 47.0869 -1.19002 0
      vertex 47.25 -1.29903 0.5
      vertex 47.0869 -1.19002 0.5
    endloop
  endfacet
  facet normal -0.555676 -0.831399 -0
    outer loop
      vertex 47.25 -1.29903 0.5
      vertex 47.0869 -1.19002 0
      vertex 47.25 -1.29903 0
    endloop
  endfacet
  facet normal -0.442274 -0.89688 0
    outer loop
      vertex 47.25 -1.29903 0
      vertex 47.426 -1.38582 0.5
      vertex 47.25 -1.29903 0.5
    endloop
  endfacet
  facet normal -0.442274 -0.89688 -0
    outer loop
      vertex 47.426 -1.38582 0.5
      vertex 47.25 -1.29903 0
      vertex 47.426 -1.38582 0
    endloop
  endfacet
  facet normal -0.321391 -0.946947 0
    outer loop
      vertex 47.426 -1.38582 0
      vertex 47.6118 -1.44888 0.5
      vertex 47.426 -1.38582 0.5
    endloop
  endfacet
  facet normal -0.321391 -0.946947 -0
    outer loop
      vertex 47.6118 -1.44888 0.5
      vertex 47.426 -1.38582 0
      vertex 47.6118 -1.44888 0
    endloop
  endfacet
  facet normal -0.195087 -0.980786 0
    outer loop
      vertex 47.6118 -1.44888 0
      vertex 47.8042 -1.48715 0.5
      vertex 47.6118 -1.44888 0.5
    endloop
  endfacet
  facet normal -0.195087 -0.980786 -0
    outer loop
      vertex 47.8042 -1.48715 0.5
      vertex 47.6118 -1.44888 0
      vertex 47.8042 -1.48715 0
    endloop
  endfacet
  facet normal -0.0654873 -0.997853 0
    outer loop
      vertex 47.8042 -1.48715 0
      vertex 48 -1.5 0.5
      vertex 47.8042 -1.48715 0.5
    endloop
  endfacet
  facet normal -0.0654873 -0.997853 -0
    outer loop
      vertex 48 -1.5 0.5
      vertex 47.8042 -1.48715 0
      vertex 48 -1.5 0
    endloop
  endfacet
  facet normal 0.0654873 -0.997853 0
    outer loop
      vertex 48 -1.5 0
      vertex 48.1958 -1.48715 0.5
      vertex 48 -1.5 0.5
    endloop
  endfacet
  facet normal 0.0654873 -0.997853 0
    outer loop
      vertex 48.1958 -1.48715 0.5
      vertex 48 -1.5 0
      vertex 48.1958 -1.48715 0
    endloop
  endfacet
  facet normal 0.195087 -0.980786 0
    outer loop
      vertex 48.1958 -1.48715 0
      vertex 48.3882 -1.44888 0.5
      vertex 48.1958 -1.48715 0.5
    endloop
  endfacet
  facet normal 0.195087 -0.980786 0
    outer loop
      vertex 48.3882 -1.44888 0.5
      vertex 48.1958 -1.48715 0
      vertex 48.3882 -1.44888 0
    endloop
  endfacet
  facet normal 0.321391 -0.946947 0
    outer loop
      vertex 48.3882 -1.44888 0
      vertex 48.574 -1.38582 0.5
      vertex 48.3882 -1.44888 0.5
    endloop
  endfacet
  facet normal 0.321391 -0.946947 0
    outer loop
      vertex 48.574 -1.38582 0.5
      vertex 48.3882 -1.44888 0
      vertex 48.574 -1.38582 0
    endloop
  endfacet
  facet normal 0.442274 -0.89688 0
    outer loop
      vertex 48.574 -1.38582 0
      vertex 48.75 -1.29903 0.5
      vertex 48.574 -1.38582 0.5
    endloop
  endfacet
  facet normal 0.442274 -0.89688 0
    outer loop
      vertex 48.75 -1.29903 0.5
      vertex 48.574 -1.38582 0
      vertex 48.75 -1.29903 0
    endloop
  endfacet
  facet normal 0.555676 -0.831399 0
    outer loop
      vertex 48.75 -1.29903 0
      vertex 48.9131 -1.19002 0.5
      vertex 48.75 -1.29903 0.5
    endloop
  endfacet
  facet normal 0.555676 -0.831399 0
    outer loop
      vertex 48.9131 -1.19002 0.5
      vertex 48.75 -1.29903 0
      vertex 48.9131 -1.19002 0
    endloop
  endfacet
  facet normal 0.659139 -0.752021 0
    outer loop
      vertex 48.9131 -1.19002 0
      vertex 49.0607 -1.06065 0.5
      vertex 48.9131 -1.19002 0.5
    endloop
  endfacet
  facet normal 0.659139 -0.752021 0
    outer loop
      vertex 49.0607 -1.06065 0.5
      vertex 48.9131 -1.19002 0
      vertex 49.0607 -1.06065 0
    endloop
  endfacet
  facet normal 0.752016 -0.659145 0
    outer loop
      vertex 49.0607 -1.06065 0.5
      vertex 49.19 -0.913132 0
      vertex 49.19 -0.913132 0.5
    endloop
  endfacet
  facet normal 0.752016 -0.659145 0
    outer loop
      vertex 49.19 -0.913132 0
      vertex 49.0607 -1.06065 0.5
      vertex 49.0607 -1.06065 0
    endloop
  endfacet
  facet normal 0.831473 -0.555566 0
    outer loop
      vertex 49.19 -0.913132 0.5
      vertex 49.299 -0.75 0
      vertex 49.299 -0.75 0.5
    endloop
  endfacet
  facet normal 0.831473 -0.555566 0
    outer loop
      vertex 49.299 -0.75 0
      vertex 49.19 -0.913132 0.5
      vertex 49.19 -0.913132 0
    endloop
  endfacet
  facet normal 0.89684 -0.442355 0
    outer loop
      vertex 49.299 -0.75 0.5
      vertex 49.3858 -0.57402 0
      vertex 49.3858 -0.57402 0.5
    endloop
  endfacet
  facet normal 0.89684 -0.442355 0
    outer loop
      vertex 49.3858 -0.57402 0
      vertex 49.299 -0.75 0.5
      vertex 49.299 -0.75 0
    endloop
  endfacet
  facet normal 0.946888 -0.321564 0
    outer loop
      vertex 49.3858 -0.57402 0.5
      vertex 49.4489 -0.388214 0
      vertex 49.4489 -0.388214 0.5
    endloop
  endfacet
  facet normal 0.946888 -0.321564 0
    outer loop
      vertex 49.4489 -0.388214 0
      vertex 49.3858 -0.57402 0.5
      vertex 49.3858 -0.57402 0
    endloop
  endfacet
  facet normal 0.980762 -0.195206 0
    outer loop
      vertex 49.4489 -0.388214 0.5
      vertex 49.4872 -0.195786 0
      vertex 49.4872 -0.195786 0.5
    endloop
  endfacet
  facet normal 0.980762 -0.195206 0
    outer loop
      vertex 49.4872 -0.195786 0
      vertex 49.4489 -0.388214 0.5
      vertex 49.4489 -0.388214 0
    endloop
  endfacet
  facet normal 0.99787 -0.0652382 0
    outer loop
      vertex 49.4872 -0.195786 0.5
      vertex 49.5 0 0
      vertex 49.5 0 0.5
    endloop
  endfacet
  facet normal 0.99787 -0.0652382 0
    outer loop
      vertex 49.5 0 0
      vertex 49.4872 -0.195786 0.5
      vertex 49.4872 -0.195786 0
    endloop
  endfacet
  facet normal 0.99787 0.0652382 0
    outer loop
      vertex 49.5 0 0.5
      vertex 49.4872 0.195786 0
      vertex 49.4872 0.195786 0.5
    endloop
  endfacet
  facet normal 0.99787 0.0652382 0
    outer loop
      vertex 49.4872 0.195786 0
      vertex 49.5 0 0.5
      vertex 49.5 0 0
    endloop
  endfacet
  facet normal 0.980762 0.195206 0
    outer loop
      vertex 49.4872 0.195786 0.5
      vertex 49.4489 0.388214 0
      vertex 49.4489 0.388214 0.5
    endloop
  endfacet
  facet normal 0.980762 0.195206 0
    outer loop
      vertex 49.4489 0.388214 0
      vertex 49.4872 0.195786 0.5
      vertex 49.4872 0.195786 0
    endloop
  endfacet
  facet normal 0.946888 0.321564 0
    outer loop
      vertex 49.4489 0.388214 0.5
      vertex 49.3858 0.57402 0
      vertex 49.3858 0.57402 0.5
    endloop
  endfacet
  facet normal 0.946888 0.321564 0
    outer loop
      vertex 49.3858 0.57402 0
      vertex 49.4489 0.388214 0.5
      vertex 49.4489 0.388214 0
    endloop
  endfacet
  facet normal 0.89684 0.442355 0
    outer loop
      vertex 49.3858 0.57402 0.5
      vertex 49.299 0.75 0
      vertex 49.299 0.75 0.5
    endloop
  endfacet
  facet normal 0.89684 0.442355 0
    outer loop
      vertex 49.299 0.75 0
      vertex 49.3858 0.57402 0.5
      vertex 49.3858 0.57402 0
    endloop
  endfacet
  facet normal 0.831473 0.555566 0
    outer loop
      vertex 49.299 0.75 0.5
      vertex 49.19 0.913132 0
      vertex 49.19 0.913132 0.5
    endloop
  endfacet
  facet normal 0.831473 0.555566 0
    outer loop
      vertex 49.19 0.913132 0
      vertex 49.299 0.75 0.5
      vertex 49.299 0.75 0
    endloop
  endfacet
  facet normal 0.752016 0.659145 0
    outer loop
      vertex 49.19 0.913132 0.5
      vertex 49.0607 1.06065 0
      vertex 49.0607 1.06065 0.5
    endloop
  endfacet
  facet normal 0.752016 0.659145 0
    outer loop
      vertex 49.0607 1.06065 0
      vertex 49.19 0.913132 0.5
      vertex 49.19 0.913132 0
    endloop
  endfacet
  facet normal 0.659139 0.752021 -0
    outer loop
      vertex 49.0607 1.06065 0
      vertex 48.9131 1.19002 0.5
      vertex 49.0607 1.06065 0.5
    endloop
  endfacet
  facet normal 0.659139 0.752021 0
    outer loop
      vertex 48.9131 1.19002 0.5
      vertex 49.0607 1.06065 0
      vertex 48.9131 1.19002 0
    endloop
  endfacet
  facet normal 0.555676 0.831399 -0
    outer loop
      vertex 48.9131 1.19002 0
      vertex 48.75 1.29903 0.5
      vertex 48.9131 1.19002 0.5
    endloop
  endfacet
  facet normal 0.555676 0.831399 0
    outer loop
      vertex 48.75 1.29903 0.5
      vertex 48.9131 1.19002 0
      vertex 48.75 1.29903 0
    endloop
  endfacet
  facet normal 0.442274 0.89688 -0
    outer loop
      vertex 48.75 1.29903 0
      vertex 48.574 1.38582 0.5
      vertex 48.75 1.29903 0.5
    endloop
  endfacet
  facet normal 0.442274 0.89688 0
    outer loop
      vertex 48.574 1.38582 0.5
      vertex 48.75 1.29903 0
      vertex 48.574 1.38582 0
    endloop
  endfacet
  facet normal 0.321391 0.946947 -0
    outer loop
      vertex 48.574 1.38582 0
      vertex 48.3882 1.44888 0.5
      vertex 48.574 1.38582 0.5
    endloop
  endfacet
  facet normal 0.321391 0.946947 0
    outer loop
      vertex 48.3882 1.44888 0.5
      vertex 48.574 1.38582 0
      vertex 48.3882 1.44888 0
    endloop
  endfacet
  facet normal 0.195087 0.980786 -0
    outer loop
      vertex 48.3882 1.44888 0
      vertex 48.1958 1.48715 0.5
      vertex 48.3882 1.44888 0.5
    endloop
  endfacet
  facet normal 0.195087 0.980786 0
    outer loop
      vertex 48.1958 1.48715 0.5
      vertex 48.3882 1.44888 0
      vertex 48.1958 1.48715 0
    endloop
  endfacet
  facet normal 0.0654873 0.997853 -0
    outer loop
      vertex 48.1958 1.48715 0
      vertex 48 1.5 0.5
      vertex 48.1958 1.48715 0.5
    endloop
  endfacet
  facet normal 0.0654873 0.997853 0
    outer loop
      vertex 48 1.5 0.5
      vertex 48.1958 1.48715 0
      vertex 48 1.5 0
    endloop
  endfacet
  facet normal -0.0654873 0.997853 0
    outer loop
      vertex 48 1.5 0
      vertex 47.8042 1.48715 0.5
      vertex 48 1.5 0.5
    endloop
  endfacet
  facet normal -0.0654873 0.997853 0
    outer loop
      vertex 47.8042 1.48715 0.5
      vertex 48 1.5 0
      vertex 47.8042 1.48715 0
    endloop
  endfacet
endsolid OpenSCAD_Model
