solid OpenSCAD_Model
  facet normal 0.0653646 0.997861 -0
    outer loop
      vertex 69.0221 92.4658 5.72205e-07
      vertex 68.5 92.5 6.2
      vertex 69.0221 92.4658 6.2
    endloop
  endfacet
  facet normal 0.0653646 0.997861 0
    outer loop
      vertex 68.5 92.5 6.2
      vertex 69.0221 92.4658 5.72205e-07
      vertex 68.5 92.5 5.72205e-07
    endloop
  endfacet
  facet normal 0.321498 0.94691 -0
    outer loop
      vertex 70.0307 92.1955 5.72205e-07
      vertex 69.5353 92.3637 6.2
      vertex 70.0307 92.1955 6.2
    endloop
  endfacet
  facet normal 0.321498 0.94691 0
    outer loop
      vertex 69.5353 92.3637 6.2
      vertex 70.0307 92.1955 5.72205e-07
      vertex 69.5353 92.3637 5.72205e-07
    endloop
  endfacet
  facet normal 0 1 0
    outer loop
      vertex 68.5 92.5 6.2
      vertex 42 92.5 5.01
      vertex 42 92.5 6.2
    endloop
  endfacet
  facet normal 0 1 0
    outer loop
      vertex 42 92.5 5.01
      vertex 68.5 92.5 5.72205e-07
      vertex 28 92.5 5.01
    endloop
  endfacet
  facet normal 0 1 -0
    outer loop
      vertex 68.5 92.5 5.72205e-07
      vertex 42 92.5 5.01
      vertex 68.5 92.5 6.2
    endloop
  endfacet
  facet normal 0 1 -0
    outer loop
      vertex 28 92.5 5.01
      vertex 1.5 92.5 6.2
      vertex 28 92.5 6.2
    endloop
  endfacet
  facet normal 0 1 0
    outer loop
      vertex 1.5 92.5 5.72205e-07
      vertex 28 92.5 5.01
      vertex 68.5 92.5 5.72205e-07
    endloop
  endfacet
  facet normal 0 1 0
    outer loop
      vertex 28 92.5 5.01
      vertex 1.5 92.5 5.72205e-07
      vertex 1.5 92.5 6.2
    endloop
  endfacet
  facet normal 0.195124 0.980779 -0
    outer loop
      vertex 69.5353 92.3637 5.72205e-07
      vertex 69.0221 92.4658 6.2
      vertex 69.5353 92.3637 6.2
    endloop
  endfacet
  facet normal 0.195124 0.980779 0
    outer loop
      vertex 69.0221 92.4658 6.2
      vertex 69.5353 92.3637 5.72205e-07
      vertex 69.0221 92.4658 5.72205e-07
    endloop
  endfacet
  facet normal -0.659355 0.751831 0
    outer loop
      vertex -0.935043 91.6734 5.72205e-07
      vertex -1.32843 91.3284 6.2
      vertex -0.935043 91.6734 6.2
    endloop
  endfacet
  facet normal -0.659355 0.751831 0
    outer loop
      vertex -1.32843 91.3284 6.2
      vertex -0.935043 91.6734 5.72205e-07
      vertex -1.32843 91.3284 5.72205e-07
    endloop
  endfacet
  facet normal -1 0 0
    outer loop
      vertex -2.5 1.5 5.72205e-07
      vertex -2.5 88.5 6.2
      vertex -2.5 88.5 5.72205e-07
    endloop
  endfacet
  facet normal -1 -0 0
    outer loop
      vertex -2.5 88.5 6.2
      vertex -2.5 1.5 5.72205e-07
      vertex -2.5 1.5 6.2
    endloop
  endfacet
  facet normal 0 0 -1
    outer loop
      vertex 26.8 53.3 5.72205e-07
      vertex 16.1 53.3 5.72205e-07
      vertex 26.8 65 5.72205e-07
    endloop
  endfacet
  facet normal 0 0 -1
    outer loop
      vertex 22.75 22.3 5.72205e-07
      vertex 43.4 30.7 5.72205e-07
      vertex 50.75 22.3 5.72205e-07
    endloop
  endfacet
  facet normal -0 0 -1
    outer loop
      vertex 43.4 30.7 5.72205e-07
      vertex 22.75 22.3 5.72205e-07
      vertex 26.8 30.7 5.72205e-07
    endloop
  endfacet
  facet normal 0 0 -1
    outer loop
      vertex 16.1 36.7 5.72205e-07
      vertex 26.8 30.7 5.72205e-07
      vertex 22.75 22.3 5.72205e-07
    endloop
  endfacet
  facet normal 0 0 -1
    outer loop
      vertex 26.8 30.7 5.72205e-07
      vertex 16.1 36.7 5.72205e-07
      vertex 26.8 36.7 5.72205e-07
    endloop
  endfacet
  facet normal 0 0 -1
    outer loop
      vertex 68.5 -2.5 5.72205e-07
      vertex 72.5 1.5 5.72205e-07
      vertex 72.4658 0.97789 5.72205e-07
    endloop
  endfacet
  facet normal 0 0 -1
    outer loop
      vertex 72.5 1.5 5.72205e-07
      vertex 53.5 37.1 5.72205e-07
      vertex 72.5 88.5 5.72205e-07
    endloop
  endfacet
  facet normal 0 0 -1
    outer loop
      vertex 68.5 -2.5 5.72205e-07
      vertex 72.4658 0.97789 5.72205e-07
      vertex 72.3637 0.464722 5.72205e-07
    endloop
  endfacet
  facet normal 0 0 -1
    outer loop
      vertex 53.5 53.7 5.72205e-07
      vertex 72.5 88.5 5.72205e-07
      vertex 53.5 37.1 5.72205e-07
    endloop
  endfacet
  facet normal 0 0 -1
    outer loop
      vertex 68.5 -2.5 5.72205e-07
      vertex 72.3637 0.464722 5.72205e-07
      vertex 72.1955 -0.0307312 5.72205e-07
    endloop
  endfacet
  facet normal 0 0 -1
    outer loop
      vertex 43.4 65 5.72205e-07
      vertex 72.5 88.5 5.72205e-07
      vertex 53.5 53.7 5.72205e-07
    endloop
  endfacet
  facet normal 0 0 -1
    outer loop
      vertex 68.5 -2.5 5.72205e-07
      vertex 72.1955 -0.0307312 5.72205e-07
      vertex 71.9641 -0.5 5.72205e-07
    endloop
  endfacet
  facet normal 0 -0 -1
    outer loop
      vertex 68.5 92.5 5.72205e-07
      vertex 72.5 88.5 5.72205e-07
      vertex 43.4 65 5.72205e-07
    endloop
  endfacet
  facet normal 0 0 -1
    outer loop
      vertex 68.5 -2.5 5.72205e-07
      vertex 71.9641 -0.5 5.72205e-07
      vertex 71.6734 -0.935043 5.72205e-07
    endloop
  endfacet
  facet normal 0 0 -1
    outer loop
      vertex 72.5 88.5 5.72205e-07
      vertex 68.5 92.5 5.72205e-07
      vertex 72.4658 89.0221 5.72205e-07
    endloop
  endfacet
  facet normal 0 0 -1
    outer loop
      vertex 68.5 -2.5 5.72205e-07
      vertex 71.6734 -0.935043 5.72205e-07
      vertex 71.3284 -1.32843 5.72205e-07
    endloop
  endfacet
  facet normal 0 0 -1
    outer loop
      vertex 72.4658 89.0221 5.72205e-07
      vertex 68.5 92.5 5.72205e-07
      vertex 72.3637 89.5353 5.72205e-07
    endloop
  endfacet
  facet normal 0 0 -1
    outer loop
      vertex 68.5 -2.5 5.72205e-07
      vertex 71.3284 -1.32843 5.72205e-07
      vertex 70.935 -1.67342 5.72205e-07
    endloop
  endfacet
  facet normal 0 0 -1
    outer loop
      vertex 72.3637 89.5353 5.72205e-07
      vertex 68.5 92.5 5.72205e-07
      vertex 72.1955 90.0307 5.72205e-07
    endloop
  endfacet
  facet normal 0 0 -1
    outer loop
      vertex 68.5 -2.5 5.72205e-07
      vertex 70.935 -1.67342 5.72205e-07
      vertex 70.5 -1.9641 5.72205e-07
    endloop
  endfacet
  facet normal 0 0 -1
    outer loop
      vertex 72.1955 90.0307 5.72205e-07
      vertex 68.5 92.5 5.72205e-07
      vertex 71.9641 90.5 5.72205e-07
    endloop
  endfacet
  facet normal 0 0 -1
    outer loop
      vertex 68.5 -2.5 5.72205e-07
      vertex 70.5 -1.9641 5.72205e-07
      vertex 70.0307 -2.19551 5.72205e-07
    endloop
  endfacet
  facet normal 0 0 -1
    outer loop
      vertex 71.9641 90.5 5.72205e-07
      vertex 68.5 92.5 5.72205e-07
      vertex 71.6734 90.935 5.72205e-07
    endloop
  endfacet
  facet normal 0 0 -1
    outer loop
      vertex 68.5 -2.5 5.72205e-07
      vertex 70.0307 -2.19551 5.72205e-07
      vertex 69.5353 -2.36371 5.72205e-07
    endloop
  endfacet
  facet normal 0 0 -1
    outer loop
      vertex 71.3284 91.3284 5.72205e-07
      vertex 68.5 92.5 5.72205e-07
      vertex 70.935 91.6734 5.72205e-07
    endloop
  endfacet
  facet normal 0 0 -1
    outer loop
      vertex 68.5 -2.5 5.72205e-07
      vertex 69.5353 -2.36371 5.72205e-07
      vertex 69.0221 -2.46577 5.72205e-07
    endloop
  endfacet
  facet normal 0 0 -1
    outer loop
      vertex 70.935 91.6734 5.72205e-07
      vertex 68.5 92.5 5.72205e-07
      vertex 70.5 91.9641 5.72205e-07
    endloop
  endfacet
  facet normal -0 0 -1
    outer loop
      vertex 72.5 1.5 5.72205e-07
      vertex 68.5 -2.5 5.72205e-07
      vertex 50.75 5.3 5.72205e-07
    endloop
  endfacet
  facet normal 0 0 -1
    outer loop
      vertex 70.5 91.9641 5.72205e-07
      vertex 68.5 92.5 5.72205e-07
      vertex 70.0307 92.1955 5.72205e-07
    endloop
  endfacet
  facet normal 0 0 -1
    outer loop
      vertex 70.0307 92.1955 5.72205e-07
      vertex 68.5 92.5 5.72205e-07
      vertex 69.5353 92.3637 5.72205e-07
    endloop
  endfacet
  facet normal 0 0 -1
    outer loop
      vertex 72.5 1.5 5.72205e-07
      vertex 50.75 5.3 5.72205e-07
      vertex 50.75 22.3 5.72205e-07
    endloop
  endfacet
  facet normal 0 0 -1
    outer loop
      vertex 68.5 -2.5 5.72205e-07
      vertex 22.75 5.3 5.72205e-07
      vertex 50.75 5.3 5.72205e-07
    endloop
  endfacet
  facet normal 0 0 -1
    outer loop
      vertex -2.5 1.5 5.72205e-07
      vertex 22.75 22.3 5.72205e-07
      vertex 22.75 5.3 5.72205e-07
    endloop
  endfacet
  facet normal -0 0 -1
    outer loop
      vertex 22.75 22.3 5.72205e-07
      vertex -2.5 1.5 5.72205e-07
      vertex 16.1 36.7 5.72205e-07
    endloop
  endfacet
  facet normal 0 0 -1
    outer loop
      vertex -2.5 1.5 5.72205e-07
      vertex 22.75 5.3 5.72205e-07
      vertex 1.5 -2.5 5.72205e-07
    endloop
  endfacet
  facet normal 0 0 -1
    outer loop
      vertex 1.5 -2.5 5.72205e-07
      vertex 22.75 5.3 5.72205e-07
      vertex 68.5 -2.5 5.72205e-07
    endloop
  endfacet
  facet normal 0 0 -1
    outer loop
      vertex 69.5353 92.3637 5.72205e-07
      vertex 68.5 92.5 5.72205e-07
      vertex 69.0221 92.4658 5.72205e-07
    endloop
  endfacet
  facet normal 0 0 -1
    outer loop
      vertex 43.4 65 5.72205e-07
      vertex 53.5 53.7 5.72205e-07
      vertex 43.4 53.7 5.72205e-07
    endloop
  endfacet
  facet normal 0 0 -1
    outer loop
      vertex 71.6734 90.935 5.72205e-07
      vertex 68.5 92.5 5.72205e-07
      vertex 71.3284 91.3284 5.72205e-07
    endloop
  endfacet
  facet normal 0 0 -1
    outer loop
      vertex 26.8 65 5.72205e-07
      vertex 68.5 92.5 5.72205e-07
      vertex 43.4 65 5.72205e-07
    endloop
  endfacet
  facet normal 0 0 -1
    outer loop
      vertex 26.8 65 5.72205e-07
      vertex 1.5 92.5 5.72205e-07
      vertex 68.5 92.5 5.72205e-07
    endloop
  endfacet
  facet normal 0 0 -1
    outer loop
      vertex -2.5 88.5 5.72205e-07
      vertex 26.8 65 5.72205e-07
      vertex 16.1 53.3 5.72205e-07
    endloop
  endfacet
  facet normal -0 0 -1
    outer loop
      vertex 16.1 36.7 5.72205e-07
      vertex -2.5 1.5 5.72205e-07
      vertex 16.1 53.3 5.72205e-07
    endloop
  endfacet
  facet normal 0 0 -1
    outer loop
      vertex -2.5 1.5 5.72205e-07
      vertex 1.5 -2.5 5.72205e-07
      vertex 0.97789 -2.46577 5.72205e-07
    endloop
  endfacet
  facet normal 0 0 -1
    outer loop
      vertex -2.5 88.5 5.72205e-07
      vertex 16.1 53.3 5.72205e-07
      vertex -2.5 1.5 5.72205e-07
    endloop
  endfacet
  facet normal 0 0 -1
    outer loop
      vertex -2.5 1.5 5.72205e-07
      vertex 0.97789 -2.46577 5.72205e-07
      vertex 0.464722 -2.36371 5.72205e-07
    endloop
  endfacet
  facet normal 0 0 -1
    outer loop
      vertex 26.8 65 5.72205e-07
      vertex -2.5 88.5 5.72205e-07
      vertex 1.5 92.5 5.72205e-07
    endloop
  endfacet
  facet normal 0 0 -1
    outer loop
      vertex -2.5 1.5 5.72205e-07
      vertex 0.464722 -2.36371 5.72205e-07
      vertex -0.0307312 -2.19551 5.72205e-07
    endloop
  endfacet
  facet normal 0 0 -1
    outer loop
      vertex 1.5 92.5 5.72205e-07
      vertex -2.5 88.5 5.72205e-07
      vertex 0.97789 92.4658 5.72205e-07
    endloop
  endfacet
  facet normal 0 0 -1
    outer loop
      vertex -2.5 1.5 5.72205e-07
      vertex -0.0307312 -2.19551 5.72205e-07
      vertex -0.5 -1.9641 5.72205e-07
    endloop
  endfacet
  facet normal 0 0 -1
    outer loop
      vertex 0.97789 92.4658 5.72205e-07
      vertex -2.5 88.5 5.72205e-07
      vertex 0.464722 92.3637 5.72205e-07
    endloop
  endfacet
  facet normal 0 0 -1
    outer loop
      vertex -2.5 1.5 5.72205e-07
      vertex -0.5 -1.9641 5.72205e-07
      vertex -0.935043 -1.67342 5.72205e-07
    endloop
  endfacet
  facet normal 0 0 -1
    outer loop
      vertex 0.464722 92.3637 5.72205e-07
      vertex -2.5 88.5 5.72205e-07
      vertex -0.0307312 92.1955 5.72205e-07
    endloop
  endfacet
  facet normal 0 0 -1
    outer loop
      vertex -2.5 1.5 5.72205e-07
      vertex -0.935043 -1.67342 5.72205e-07
      vertex -1.32843 -1.32843 5.72205e-07
    endloop
  endfacet
  facet normal 0 0 -1
    outer loop
      vertex -0.0307312 92.1955 5.72205e-07
      vertex -2.5 88.5 5.72205e-07
      vertex -0.5 91.9641 5.72205e-07
    endloop
  endfacet
  facet normal 0 0 -1
    outer loop
      vertex -2.5 1.5 5.72205e-07
      vertex -1.32843 -1.32843 5.72205e-07
      vertex -1.67342 -0.935043 5.72205e-07
    endloop
  endfacet
  facet normal 0 0 -1
    outer loop
      vertex -0.5 91.9641 5.72205e-07
      vertex -2.5 88.5 5.72205e-07
      vertex -0.935043 91.6734 5.72205e-07
    endloop
  endfacet
  facet normal 0 0 -1
    outer loop
      vertex -2.5 1.5 5.72205e-07
      vertex -1.67342 -0.935043 5.72205e-07
      vertex -1.9641 -0.5 5.72205e-07
    endloop
  endfacet
  facet normal 0 0 -1
    outer loop
      vertex -0.935043 91.6734 5.72205e-07
      vertex -2.5 88.5 5.72205e-07
      vertex -1.32843 91.3284 5.72205e-07
    endloop
  endfacet
  facet normal 0 0 -1
    outer loop
      vertex -2.5 1.5 5.72205e-07
      vertex -1.9641 -0.5 5.72205e-07
      vertex -2.19551 -0.0307312 5.72205e-07
    endloop
  endfacet
  facet normal 0 0 -1
    outer loop
      vertex -1.32843 91.3284 5.72205e-07
      vertex -2.5 88.5 5.72205e-07
      vertex -1.67342 90.935 5.72205e-07
    endloop
  endfacet
  facet normal 0 0 -1
    outer loop
      vertex -2.5 1.5 5.72205e-07
      vertex -2.19551 -0.0307312 5.72205e-07
      vertex -2.36371 0.464722 5.72205e-07
    endloop
  endfacet
  facet normal 0 0 -1
    outer loop
      vertex -1.67342 90.935 5.72205e-07
      vertex -2.5 88.5 5.72205e-07
      vertex -1.9641 90.5 5.72205e-07
    endloop
  endfacet
  facet normal 0 0 -1
    outer loop
      vertex -2.5 1.5 5.72205e-07
      vertex -2.36371 0.464722 5.72205e-07
      vertex -2.46577 0.97789 5.72205e-07
    endloop
  endfacet
  facet normal 0 0 -1
    outer loop
      vertex -1.9641 90.5 5.72205e-07
      vertex -2.5 88.5 5.72205e-07
      vertex -2.19551 90.0307 5.72205e-07
    endloop
  endfacet
  facet normal 0 0 -1
    outer loop
      vertex -2.19551 90.0307 5.72205e-07
      vertex -2.5 88.5 5.72205e-07
      vertex -2.36371 89.5353 5.72205e-07
    endloop
  endfacet
  facet normal 0 0 -1
    outer loop
      vertex -2.36371 89.5353 5.72205e-07
      vertex -2.5 88.5 5.72205e-07
      vertex -2.46577 89.0221 5.72205e-07
    endloop
  endfacet
  facet normal 0 0 -1
    outer loop
      vertex 72.5 1.5 5.72205e-07
      vertex 50.75 22.3 5.72205e-07
      vertex 53.5 37.1 5.72205e-07
    endloop
  endfacet
  facet normal 0 0 -1
    outer loop
      vertex 43.4 30.7 5.72205e-07
      vertex 53.5 37.1 5.72205e-07
      vertex 50.75 22.3 5.72205e-07
    endloop
  endfacet
  facet normal -0 0 -1
    outer loop
      vertex 53.5 37.1 5.72205e-07
      vertex 43.4 30.7 5.72205e-07
      vertex 43.4 37.1 5.72205e-07
    endloop
  endfacet
  facet normal 1 -0 0
    outer loop
      vertex 72.5 1.5 6.2
      vertex 72.5 88.5 5.72205e-07
      vertex 72.5 88.5 6.2
    endloop
  endfacet
  facet normal 1 0 0
    outer loop
      vertex 72.5 88.5 5.72205e-07
      vertex 72.5 1.5 6.2
      vertex 72.5 1.5 5.72205e-07
    endloop
  endfacet
  facet normal -0.195062 -0.980791 0
    outer loop
      vertex 0.464722 -2.36371 5.72205e-07
      vertex 0.97789 -2.46577 6.2
      vertex 0.464722 -2.36371 6.2
    endloop
  endfacet
  facet normal -0.195062 -0.980791 -0
    outer loop
      vertex 0.97789 -2.46577 6.2
      vertex 0.464722 -2.36371 5.72205e-07
      vertex 0.97789 -2.46577 5.72205e-07
    endloop
  endfacet
  facet normal -0.896879 -0.442277 0
    outer loop
      vertex -1.9641 -0.5 5.72205e-07
      vertex -2.19551 -0.0307312 6.2
      vertex -2.19551 -0.0307312 5.72205e-07
    endloop
  endfacet
  facet normal -0.896879 -0.442277 0
    outer loop
      vertex -2.19551 -0.0307312 6.2
      vertex -1.9641 -0.5 5.72205e-07
      vertex -1.9641 -0.5 6.2
    endloop
  endfacet
  facet normal 0 -1 0
    outer loop
      vertex 1.5 -2.5 5.72205e-07
      vertex 68.5 -2.5 6.2
      vertex 1.5 -2.5 6.2
    endloop
  endfacet
  facet normal 0 -1 -0
    outer loop
      vertex 68.5 -2.5 6.2
      vertex 1.5 -2.5 5.72205e-07
      vertex 68.5 -2.5 5.72205e-07
    endloop
  endfacet
  facet normal 0.946921 -0.321467 0
    outer loop
      vertex 72.1955 -0.0307312 6.2
      vertex 72.3637 0.464722 5.72205e-07
      vertex 72.3637 0.464722 6.2
    endloop
  endfacet
  facet normal 0.946921 -0.321467 0
    outer loop
      vertex 72.3637 0.464722 5.72205e-07
      vertex 72.1955 -0.0307312 6.2
      vertex 72.1955 -0.0307312 5.72205e-07
    endloop
  endfacet
  facet normal -0.555588 0.831458 0
    outer loop
      vertex -0.5 91.9641 5.72205e-07
      vertex -0.935043 91.6734 6.2
      vertex -0.5 91.9641 6.2
    endloop
  endfacet
  facet normal -0.555588 0.831458 0
    outer loop
      vertex -0.935043 91.6734 6.2
      vertex -0.5 91.9641 5.72205e-07
      vertex -0.935043 91.6734 5.72205e-07
    endloop
  endfacet
  facet normal -0.555562 -0.831475 0
    outer loop
      vertex -0.935043 -1.67342 5.72205e-07
      vertex -0.5 -1.9641 6.2
      vertex -0.935043 -1.67342 6.2
    endloop
  endfacet
  facet normal -0.555562 -0.831475 -0
    outer loop
      vertex -0.5 -1.9641 6.2
      vertex -0.935043 -1.67342 5.72205e-07
      vertex -0.5 -1.9641 5.72205e-07
    endloop
  endfacet
  facet normal 0.19505 -0.980793 0
    outer loop
      vertex 69.0221 -2.46577 5.72205e-07
      vertex 69.5353 -2.36371 6.2
      vertex 69.0221 -2.46577 6.2
    endloop
  endfacet
  facet normal 0.19505 -0.980793 0
    outer loop
      vertex 69.5353 -2.36371 6.2
      vertex 69.0221 -2.46577 5.72205e-07
      vertex 69.5353 -2.36371 5.72205e-07
    endloop
  endfacet
  facet normal -0.0654205 -0.997858 0
    outer loop
      vertex 0.97789 -2.46577 5.72205e-07
      vertex 1.5 -2.5 6.2
      vertex 0.97789 -2.46577 6.2
    endloop
  endfacet
  facet normal -0.0654205 -0.997858 -0
    outer loop
      vertex 1.5 -2.5 6.2
      vertex 0.97789 -2.46577 5.72205e-07
      vertex 1.5 -2.5 5.72205e-07
    endloop
  endfacet
  facet normal -0.321467 -0.946921 0
    outer loop
      vertex -0.0307312 -2.19551 5.72205e-07
      vertex 0.464722 -2.36371 6.2
      vertex -0.0307312 -2.19551 6.2
    endloop
  endfacet
  facet normal -0.321467 -0.946921 -0
    outer loop
      vertex 0.464722 -2.36371 6.2
      vertex -0.0307312 -2.19551 5.72205e-07
      vertex 0.464722 -2.36371 5.72205e-07
    endloop
  endfacet
  facet normal -0.751852 0.659332 0
    outer loop
      vertex -1.67342 90.935 5.72205e-07
      vertex -1.32843 91.3284 6.2
      vertex -1.32843 91.3284 5.72205e-07
    endloop
  endfacet
  facet normal -0.751852 0.659332 0
    outer loop
      vertex -1.32843 91.3284 6.2
      vertex -1.67342 90.935 5.72205e-07
      vertex -1.67342 90.935 6.2
    endloop
  endfacet
  facet normal -0.83145 0.5556 0
    outer loop
      vertex -1.9641 90.5 5.72205e-07
      vertex -1.67342 90.935 6.2
      vertex -1.67342 90.935 5.72205e-07
    endloop
  endfacet
  facet normal -0.83145 0.5556 0
    outer loop
      vertex -1.67342 90.935 6.2
      vertex -1.9641 90.5 5.72205e-07
      vertex -1.9641 90.5 6.2
    endloop
  endfacet
  facet normal -0.980791 -0.195062 0
    outer loop
      vertex -2.36371 0.464722 5.72205e-07
      vertex -2.46577 0.97789 6.2
      vertex -2.46577 0.97789 5.72205e-07
    endloop
  endfacet
  facet normal -0.980791 -0.195062 0
    outer loop
      vertex -2.46577 0.97789 6.2
      vertex -2.36371 0.464722 5.72205e-07
      vertex -2.36371 0.464722 6.2
    endloop
  endfacet
  facet normal 0.980776 -0.195135 0
    outer loop
      vertex 72.3637 0.464722 6.2
      vertex 72.4658 0.97789 5.72205e-07
      vertex 72.4658 0.97789 6.2
    endloop
  endfacet
  facet normal 0.980776 -0.195135 0
    outer loop
      vertex 72.4658 0.97789 5.72205e-07
      vertex 72.3637 0.464722 6.2
      vertex 72.3637 0.464722 5.72205e-07
    endloop
  endfacet
  facet normal -0.442261 0.896886 0
    outer loop
      vertex -0.0307312 92.1955 5.72205e-07
      vertex -0.5 91.9641 6.2
      vertex -0.0307312 92.1955 6.2
    endloop
  endfacet
  facet normal -0.442261 0.896886 0
    outer loop
      vertex -0.5 91.9641 6.2
      vertex -0.0307312 92.1955 5.72205e-07
      vertex -0.5 91.9641 5.72205e-07
    endloop
  endfacet
  facet normal 0.0654217 -0.997858 0
    outer loop
      vertex 68.5 -2.5 5.72205e-07
      vertex 69.0221 -2.46577 6.2
      vertex 68.5 -2.5 6.2
    endloop
  endfacet
  facet normal 0.0654217 -0.997858 0
    outer loop
      vertex 69.0221 -2.46577 6.2
      vertex 68.5 -2.5 5.72205e-07
      vertex 69.0221 -2.46577 5.72205e-07
    endloop
  endfacet
  facet normal 0.896886 -0.442261 0
    outer loop
      vertex 71.9641 -0.5 6.2
      vertex 72.1955 -0.0307312 5.72205e-07
      vertex 72.1955 -0.0307312 6.2
    endloop
  endfacet
  facet normal 0.896886 -0.442261 0
    outer loop
      vertex 72.1955 -0.0307312 5.72205e-07
      vertex 71.9641 -0.5 6.2
      vertex 71.9641 -0.5 5.72205e-07
    endloop
  endfacet
  facet normal 0.5556 -0.83145 0
    outer loop
      vertex 70.5 -1.9641 5.72205e-07
      vertex 70.935 -1.67342 6.2
      vertex 70.5 -1.9641 6.2
    endloop
  endfacet
  facet normal 0.5556 -0.83145 0
    outer loop
      vertex 70.935 -1.67342 6.2
      vertex 70.5 -1.9641 5.72205e-07
      vertex 70.935 -1.67342 5.72205e-07
    endloop
  endfacet
  facet normal -0.659345 -0.751841 0
    outer loop
      vertex -1.32843 -1.32843 5.72205e-07
      vertex -0.935043 -1.67342 6.2
      vertex -1.32843 -1.32843 6.2
    endloop
  endfacet
  facet normal -0.659345 -0.751841 -0
    outer loop
      vertex -0.935043 -1.67342 6.2
      vertex -1.32843 -1.32843 5.72205e-07
      vertex -0.935043 -1.67342 5.72205e-07
    endloop
  endfacet
  facet normal -0.980793 0.19505 0
    outer loop
      vertex -2.46577 89.0221 5.72205e-07
      vertex -2.36371 89.5353 6.2
      vertex -2.36371 89.5353 5.72205e-07
    endloop
  endfacet
  facet normal -0.980793 0.19505 0
    outer loop
      vertex -2.36371 89.5353 6.2
      vertex -2.46577 89.0221 5.72205e-07
      vertex -2.46577 89.0221 6.2
    endloop
  endfacet
  facet normal 0.442238 0.896898 -0
    outer loop
      vertex 70.5 91.9641 5.72205e-07
      vertex 70.0307 92.1955 6.2
      vertex 70.5 91.9641 6.2
    endloop
  endfacet
  facet normal 0.442238 0.896898 0
    outer loop
      vertex 70.0307 92.1955 6.2
      vertex 70.5 91.9641 5.72205e-07
      vertex 70.0307 92.1955 5.72205e-07
    endloop
  endfacet
  facet normal 0.659343 0.751842 -0
    outer loop
      vertex 71.3284 91.3284 5.72205e-07
      vertex 70.935 91.6734 6.2
      vertex 71.3284 91.3284 6.2
    endloop
  endfacet
  facet normal 0.659343 0.751842 0
    outer loop
      vertex 70.935 91.6734 6.2
      vertex 71.3284 91.3284 5.72205e-07
      vertex 70.935 91.6734 5.72205e-07
    endloop
  endfacet
  facet normal 0.997862 -0.0653634 0
    outer loop
      vertex 72.4658 0.97789 6.2
      vertex 72.5 1.5 5.72205e-07
      vertex 72.5 1.5 6.2
    endloop
  endfacet
  facet normal 0.997862 -0.0653634 0
    outer loop
      vertex 72.5 1.5 5.72205e-07
      vertex 72.4658 0.97789 6.2
      vertex 72.4658 0.97789 5.72205e-07
    endloop
  endfacet
  facet normal 0.321498 -0.94691 0
    outer loop
      vertex 69.5353 -2.36371 5.72205e-07
      vertex 70.0307 -2.19551 6.2
      vertex 69.5353 -2.36371 6.2
    endloop
  endfacet
  facet normal 0.321498 -0.94691 0
    outer loop
      vertex 70.0307 -2.19551 6.2
      vertex 69.5353 -2.36371 5.72205e-07
      vertex 70.0307 -2.19551 5.72205e-07
    endloop
  endfacet
  facet normal 0.555626 0.831432 -0
    outer loop
      vertex 70.935 91.6734 5.72205e-07
      vertex 70.5 91.9641 6.2
      vertex 70.935 91.6734 6.2
    endloop
  endfacet
  facet normal 0.555626 0.831432 0
    outer loop
      vertex 70.5 91.9641 6.2
      vertex 70.935 91.6734 5.72205e-07
      vertex 70.5 91.9641 5.72205e-07
    endloop
  endfacet
  facet normal -0.442277 -0.896879 0
    outer loop
      vertex -0.5 -1.9641 5.72205e-07
      vertex -0.0307312 -2.19551 6.2
      vertex -0.5 -1.9641 6.2
    endloop
  endfacet
  facet normal -0.442277 -0.896879 -0
    outer loop
      vertex -0.0307312 -2.19551 6.2
      vertex -0.5 -1.9641 5.72205e-07
      vertex -0.0307312 -2.19551 5.72205e-07
    endloop
  endfacet
  facet normal 0.980779 0.195124 0
    outer loop
      vertex 72.4658 89.0221 6.2
      vertex 72.3637 89.5353 5.72205e-07
      vertex 72.3637 89.5353 6.2
    endloop
  endfacet
  facet normal 0.980779 0.195124 0
    outer loop
      vertex 72.3637 89.5353 5.72205e-07
      vertex 72.4658 89.0221 6.2
      vertex 72.4658 89.0221 5.72205e-07
    endloop
  endfacet
  facet normal -0.946921 -0.321467 0
    outer loop
      vertex -2.19551 -0.0307312 5.72205e-07
      vertex -2.36371 0.464722 6.2
      vertex -2.36371 0.464722 5.72205e-07
    endloop
  endfacet
  facet normal -0.946921 -0.321467 0
    outer loop
      vertex -2.36371 0.464722 6.2
      vertex -2.19551 -0.0307312 5.72205e-07
      vertex -2.19551 -0.0307312 6.2
    endloop
  endfacet
  facet normal -0.321467 0.946921 0
    outer loop
      vertex 0.464722 92.3637 5.72205e-07
      vertex -0.0307312 92.1955 6.2
      vertex 0.464722 92.3637 6.2
    endloop
  endfacet
  facet normal -0.321467 0.946921 0
    outer loop
      vertex -0.0307312 92.1955 6.2
      vertex 0.464722 92.3637 5.72205e-07
      vertex -0.0307312 92.1955 5.72205e-07
    endloop
  endfacet
  facet normal -0.0653634 0.997862 0
    outer loop
      vertex 1.5 92.5 5.72205e-07
      vertex 0.97789 92.4658 6.2
      vertex 1.5 92.5 6.2
    endloop
  endfacet
  facet normal -0.0653634 0.997862 0
    outer loop
      vertex 0.97789 92.4658 6.2
      vertex 1.5 92.5 5.72205e-07
      vertex 0.97789 92.4658 5.72205e-07
    endloop
  endfacet
  facet normal 0.896898 0.442238 0
    outer loop
      vertex 72.1955 90.0307 6.2
      vertex 71.9641 90.5 5.72205e-07
      vertex 71.9641 90.5 6.2
    endloop
  endfacet
  facet normal 0.896898 0.442238 0
    outer loop
      vertex 71.9641 90.5 5.72205e-07
      vertex 72.1955 90.0307 6.2
      vertex 72.1955 90.0307 5.72205e-07
    endloop
  endfacet
  facet normal -0.997858 -0.0654205 0
    outer loop
      vertex -2.46577 0.97789 5.72205e-07
      vertex -2.5 1.5 6.2
      vertex -2.5 1.5 5.72205e-07
    endloop
  endfacet
  facet normal -0.997858 -0.0654205 0
    outer loop
      vertex -2.5 1.5 6.2
      vertex -2.46577 0.97789 5.72205e-07
      vertex -2.46577 0.97789 6.2
    endloop
  endfacet
  facet normal -0.831475 -0.555562 0
    outer loop
      vertex -1.67342 -0.935043 5.72205e-07
      vertex -1.9641 -0.5 6.2
      vertex -1.9641 -0.5 5.72205e-07
    endloop
  endfacet
  facet normal -0.831475 -0.555562 0
    outer loop
      vertex -1.9641 -0.5 6.2
      vertex -1.67342 -0.935043 5.72205e-07
      vertex -1.67342 -0.935043 6.2
    endloop
  endfacet
  facet normal 0.659332 -0.751852 0
    outer loop
      vertex 70.935 -1.67342 5.72205e-07
      vertex 71.3284 -1.32843 6.2
      vertex 70.935 -1.67342 6.2
    endloop
  endfacet
  facet normal 0.659332 -0.751852 0
    outer loop
      vertex 71.3284 -1.32843 6.2
      vertex 70.935 -1.67342 5.72205e-07
      vertex 71.3284 -1.32843 5.72205e-07
    endloop
  endfacet
  facet normal 0.442253 -0.89689 0
    outer loop
      vertex 70.0307 -2.19551 5.72205e-07
      vertex 70.5 -1.9641 6.2
      vertex 70.0307 -2.19551 6.2
    endloop
  endfacet
  facet normal 0.442253 -0.89689 0
    outer loop
      vertex 70.5 -1.9641 6.2
      vertex 70.0307 -2.19551 5.72205e-07
      vertex 70.5 -1.9641 5.72205e-07
    endloop
  endfacet
  facet normal 0.831432 0.555626 0
    outer loop
      vertex 71.9641 90.5 6.2
      vertex 71.6734 90.935 5.72205e-07
      vertex 71.6734 90.935 6.2
    endloop
  endfacet
  facet normal 0.831432 0.555626 0
    outer loop
      vertex 71.6734 90.935 5.72205e-07
      vertex 71.9641 90.5 6.2
      vertex 71.9641 90.5 5.72205e-07
    endloop
  endfacet
  facet normal -0.94691 0.321498 0
    outer loop
      vertex -2.36371 89.5353 5.72205e-07
      vertex -2.19551 90.0307 6.2
      vertex -2.19551 90.0307 5.72205e-07
    endloop
  endfacet
  facet normal -0.94691 0.321498 0
    outer loop
      vertex -2.19551 90.0307 6.2
      vertex -2.36371 89.5353 5.72205e-07
      vertex -2.36371 89.5353 6.2
    endloop
  endfacet
  facet normal 0.751831 -0.659355 0
    outer loop
      vertex 71.3284 -1.32843 6.2
      vertex 71.6734 -0.935043 5.72205e-07
      vertex 71.6734 -0.935043 6.2
    endloop
  endfacet
  facet normal 0.751831 -0.659355 0
    outer loop
      vertex 71.6734 -0.935043 5.72205e-07
      vertex 71.3284 -1.32843 6.2
      vertex 71.3284 -1.32843 5.72205e-07
    endloop
  endfacet
  facet normal -0.195135 0.980776 0
    outer loop
      vertex 0.97789 92.4658 5.72205e-07
      vertex 0.464722 92.3637 6.2
      vertex 0.97789 92.4658 6.2
    endloop
  endfacet
  facet normal -0.195135 0.980776 0
    outer loop
      vertex 0.464722 92.3637 6.2
      vertex 0.97789 92.4658 5.72205e-07
      vertex 0.464722 92.3637 5.72205e-07
    endloop
  endfacet
  facet normal 0.94691 0.321498 0
    outer loop
      vertex 72.3637 89.5353 6.2
      vertex 72.1955 90.0307 5.72205e-07
      vertex 72.1955 90.0307 6.2
    endloop
  endfacet
  facet normal 0.94691 0.321498 0
    outer loop
      vertex 72.1955 90.0307 5.72205e-07
      vertex 72.3637 89.5353 6.2
      vertex 72.3637 89.5353 5.72205e-07
    endloop
  endfacet
  facet normal -0.997858 0.0654217 0
    outer loop
      vertex -2.5 88.5 5.72205e-07
      vertex -2.46577 89.0221 6.2
      vertex -2.46577 89.0221 5.72205e-07
    endloop
  endfacet
  facet normal -0.997858 0.0654217 0
    outer loop
      vertex -2.46577 89.0221 6.2
      vertex -2.5 88.5 5.72205e-07
      vertex -2.5 88.5 6.2
    endloop
  endfacet
  facet normal 0.831458 -0.555588 0
    outer loop
      vertex 71.6734 -0.935043 6.2
      vertex 71.9641 -0.5 5.72205e-07
      vertex 71.9641 -0.5 6.2
    endloop
  endfacet
  facet normal 0.831458 -0.555588 0
    outer loop
      vertex 71.9641 -0.5 5.72205e-07
      vertex 71.6734 -0.935043 6.2
      vertex 71.6734 -0.935043 5.72205e-07
    endloop
  endfacet
  facet normal -0.751841 -0.659345 0
    outer loop
      vertex -1.32843 -1.32843 5.72205e-07
      vertex -1.67342 -0.935043 6.2
      vertex -1.67342 -0.935043 5.72205e-07
    endloop
  endfacet
  facet normal -0.751841 -0.659345 0
    outer loop
      vertex -1.67342 -0.935043 6.2
      vertex -1.32843 -1.32843 5.72205e-07
      vertex -1.32843 -1.32843 6.2
    endloop
  endfacet
  facet normal -0.89689 0.442253 0
    outer loop
      vertex -2.19551 90.0307 5.72205e-07
      vertex -1.9641 90.5 6.2
      vertex -1.9641 90.5 5.72205e-07
    endloop
  endfacet
  facet normal -0.89689 0.442253 0
    outer loop
      vertex -1.9641 90.5 6.2
      vertex -2.19551 90.0307 5.72205e-07
      vertex -2.19551 90.0307 6.2
    endloop
  endfacet
  facet normal 0.751842 0.659343 0
    outer loop
      vertex 71.6734 90.935 6.2
      vertex 71.3284 91.3284 5.72205e-07
      vertex 71.3284 91.3284 6.2
    endloop
  endfacet
  facet normal 0.751842 0.659343 0
    outer loop
      vertex 71.3284 91.3284 5.72205e-07
      vertex 71.6734 90.935 6.2
      vertex 71.6734 90.935 5.72205e-07
    endloop
  endfacet
  facet normal 0 0 1
    outer loop
      vertex 72.1955 90.0307 6.2
      vertex 70.4914 89.6305 6.2
      vertex 70.5 89.5 6.2
    endloop
  endfacet
  facet normal 0 0 1
    outer loop
      vertex 70.935 91.6734 6.2
      vertex 70.4659 89.7588 6.2
      vertex 70.4914 89.6305 6.2
    endloop
  endfacet
  facet normal 0 0 1
    outer loop
      vertex 70.935 91.6734 6.2
      vertex 70.4239 89.8827 6.2
      vertex 70.4659 89.7588 6.2
    endloop
  endfacet
  facet normal 0 0 1
    outer loop
      vertex 70.935 91.6734 6.2
      vertex 70.366 90 6.2
      vertex 70.4239 89.8827 6.2
    endloop
  endfacet
  facet normal 0 0 1
    outer loop
      vertex 70.935 91.6734 6.2
      vertex 70.2934 90.1088 6.2
      vertex 70.366 90 6.2
    endloop
  endfacet
  facet normal 0 0 1
    outer loop
      vertex 70.935 91.6734 6.2
      vertex 70.2071 90.2071 6.2
      vertex 70.2934 90.1088 6.2
    endloop
  endfacet
  facet normal 0 0 1
    outer loop
      vertex 70.935 91.6734 6.2
      vertex 70.1088 90.2934 6.2
      vertex 70.2071 90.2071 6.2
    endloop
  endfacet
  facet normal 0 0 1
    outer loop
      vertex 69.7588 90.4659 6.2
      vertex 70.5 91.9641 6.2
      vertex 70.0307 92.1955 6.2
    endloop
  endfacet
  facet normal 0 0 1
    outer loop
      vertex 70.935 91.6734 6.2
      vertex 70 90.366 6.2
      vertex 70.1088 90.2934 6.2
    endloop
  endfacet
  facet normal 0 0 1
    outer loop
      vertex 70.935 91.6734 6.2
      vertex 69.8827 90.4239 6.2
      vertex 70 90.366 6.2
    endloop
  endfacet
  facet normal 0 0 1
    outer loop
      vertex 70.5 91.9641 6.2
      vertex 69.7588 90.4659 6.2
      vertex 69.8827 90.4239 6.2
    endloop
  endfacet
  facet normal 0 0 1
    outer loop
      vertex 70.0307 92.1955 6.2
      vertex 69.6305 90.4914 6.2
      vertex 69.7588 90.4659 6.2
    endloop
  endfacet
  facet normal 0 0 1
    outer loop
      vertex 69.5 90.5 6.2
      vertex 70.0307 92.1955 6.2
      vertex 69.5353 92.3637 6.2
    endloop
  endfacet
  facet normal 0 0 1
    outer loop
      vertex 70.0307 92.1955 6.2
      vertex 69.5 90.5 6.2
      vertex 69.6305 90.4914 6.2
    endloop
  endfacet
  facet normal 0 0 1
    outer loop
      vertex 69.0221 92.4658 6.2
      vertex 69.5 90.5 6.2
      vertex 69.5353 92.3637 6.2
    endloop
  endfacet
  facet normal 0 0 1
    outer loop
      vertex 68.5 92.5 6.2
      vertex 69.5 90.5 6.2
      vertex 69.0221 92.4658 6.2
    endloop
  endfacet
  facet normal 0 0 1
    outer loop
      vertex 42 90.5 6.2
      vertex 68.5 92.5 6.2
      vertex 42 92.5 6.2
    endloop
  endfacet
  facet normal 0 0 1
    outer loop
      vertex 68.5 92.5 6.2
      vertex 42 90.5 6.2
      vertex 69.5 90.5 6.2
    endloop
  endfacet
  facet normal 0 0 1
    outer loop
      vertex 70.5 89.5 6.2
      vertex 72.5 88.5 6.2
      vertex 72.4658 89.0221 6.2
    endloop
  endfacet
  facet normal 0 0 1
    outer loop
      vertex 72.5 88.5 6.2
      vertex 70.5 89.5 6.2
      vertex 72.5 1.5 6.2
    endloop
  endfacet
  facet normal -0 0 1
    outer loop
      vertex 70.5 89.5 6.2
      vertex 72.4658 89.0221 6.2
      vertex 72.3637 89.5353 6.2
    endloop
  endfacet
  facet normal 0 0 1
    outer loop
      vertex 70.5 0.5 6.2
      vertex 72.5 1.5 6.2
      vertex 70.5 89.5 6.2
    endloop
  endfacet
  facet normal 0 0 1
    outer loop
      vertex 70.5 89.5 6.2
      vertex 72.3637 89.5353 6.2
      vertex 72.1955 90.0307 6.2
    endloop
  endfacet
  facet normal 0 0 1
    outer loop
      vertex 72.5 1.5 6.2
      vertex 70.5 0.5 6.2
      vertex 72.4658 0.97789 6.2
    endloop
  endfacet
  facet normal 0 0 1
    outer loop
      vertex 70.4914 89.6305 6.2
      vertex 72.1955 90.0307 6.2
      vertex 71.9641 90.5 6.2
    endloop
  endfacet
  facet normal 0 0 1
    outer loop
      vertex 72.4658 0.97789 6.2
      vertex 70.5 0.5 6.2
      vertex 72.3637 0.464722 6.2
    endloop
  endfacet
  facet normal 0 0 1
    outer loop
      vertex 70.4914 89.6305 6.2
      vertex 71.9641 90.5 6.2
      vertex 71.6734 90.935 6.2
    endloop
  endfacet
  facet normal 0 0 1
    outer loop
      vertex 72.3637 0.464722 6.2
      vertex 70.5 0.5 6.2
      vertex 72.1955 -0.0307312 6.2
    endloop
  endfacet
  facet normal 0 0 1
    outer loop
      vertex 70.4914 89.6305 6.2
      vertex 71.6734 90.935 6.2
      vertex 71.3284 91.3284 6.2
    endloop
  endfacet
  facet normal -0 0 1
    outer loop
      vertex 70.4914 0.369476 6.2
      vertex 72.1955 -0.0307312 6.2
      vertex 70.5 0.5 6.2
    endloop
  endfacet
  facet normal 0 0 1
    outer loop
      vertex 70.4914 89.6305 6.2
      vertex 71.3284 91.3284 6.2
      vertex 70.935 91.6734 6.2
    endloop
  endfacet
  facet normal -0 0 1
    outer loop
      vertex 70.4659 0.24118 6.2
      vertex 72.1955 -0.0307312 6.2
      vertex 70.4914 0.369476 6.2
    endloop
  endfacet
  facet normal 0 0 1
    outer loop
      vertex 69.8827 90.4239 6.2
      vertex 70.935 91.6734 6.2
      vertex 70.5 91.9641 6.2
    endloop
  endfacet
  facet normal 0 0 1
    outer loop
      vertex 72.1955 -0.0307312 6.2
      vertex 70.4659 0.24118 6.2
      vertex 71.9641 -0.5 6.2
    endloop
  endfacet
  facet normal -0 0 1
    outer loop
      vertex 70.4239 0.11731 6.2
      vertex 71.9641 -0.5 6.2
      vertex 70.4659 0.24118 6.2
    endloop
  endfacet
  facet normal 0 0 1
    outer loop
      vertex 71.9641 -0.5 6.2
      vertex 70.4239 0.11731 6.2
      vertex 71.6734 -0.935043 6.2
    endloop
  endfacet
  facet normal -0 0 1
    outer loop
      vertex 70.366 0 6.2
      vertex 71.6734 -0.935043 6.2
      vertex 70.4239 0.11731 6.2
    endloop
  endfacet
  facet normal -0 0 1
    outer loop
      vertex 70.2934 -0.108765 6.2
      vertex 71.6734 -0.935043 6.2
      vertex 70.366 0 6.2
    endloop
  endfacet
  facet normal 0 0 1
    outer loop
      vertex 71.6734 -0.935043 6.2
      vertex 70.2934 -0.108765 6.2
      vertex 71.3284 -1.32843 6.2
    endloop
  endfacet
  facet normal -0 0 1
    outer loop
      vertex 70.2071 -0.207108 6.2
      vertex 71.3284 -1.32843 6.2
      vertex 70.2934 -0.108765 6.2
    endloop
  endfacet
  facet normal -0 0 1
    outer loop
      vertex 70.1088 -0.29335 6.2
      vertex 71.3284 -1.32843 6.2
      vertex 70.2071 -0.207108 6.2
    endloop
  endfacet
  facet normal 0 0 1
    outer loop
      vertex 71.3284 -1.32843 6.2
      vertex 70.1088 -0.29335 6.2
      vertex 70.935 -1.67342 6.2
    endloop
  endfacet
  facet normal -0 0 1
    outer loop
      vertex 70 -0.366028 6.2
      vertex 70.935 -1.67342 6.2
      vertex 70.1088 -0.29335 6.2
    endloop
  endfacet
  facet normal -0 0 1
    outer loop
      vertex 69.8827 -0.423874 6.2
      vertex 70.935 -1.67342 6.2
      vertex 70 -0.366028 6.2
    endloop
  endfacet
  facet normal 0 0 1
    outer loop
      vertex 70.935 -1.67342 6.2
      vertex 69.8827 -0.423874 6.2
      vertex 70.5 -1.9641 6.2
    endloop
  endfacet
  facet normal -0 0 1
    outer loop
      vertex 69.7588 -0.465927 6.2
      vertex 70.5 -1.9641 6.2
      vertex 69.8827 -0.423874 6.2
    endloop
  endfacet
  facet normal 0 0 1
    outer loop
      vertex 70.5 -1.9641 6.2
      vertex 69.7588 -0.465927 6.2
      vertex 70.0307 -2.19551 6.2
    endloop
  endfacet
  facet normal -0 0 1
    outer loop
      vertex 69.6305 -0.49144 6.2
      vertex 70.0307 -2.19551 6.2
      vertex 69.7588 -0.465927 6.2
    endloop
  endfacet
  facet normal -0 0 1
    outer loop
      vertex 69.5 -0.5 6.2
      vertex 70.0307 -2.19551 6.2
      vertex 69.6305 -0.49144 6.2
    endloop
  endfacet
  facet normal 0 0 1
    outer loop
      vertex 70.0307 -2.19551 6.2
      vertex 69.5 -0.5 6.2
      vertex 69.5353 -2.36371 6.2
    endloop
  endfacet
  facet normal 0 0 1
    outer loop
      vertex 69.5 -0.5 6.2
      vertex 69.0221 -2.46577 6.2
      vertex 69.5353 -2.36371 6.2
    endloop
  endfacet
  facet normal 0 0 1
    outer loop
      vertex 69.5 -0.5 6.2
      vertex 68.5 -2.5 6.2
      vertex 69.0221 -2.46577 6.2
    endloop
  endfacet
  facet normal 0 0 1
    outer loop
      vertex 69.5 -0.5 6.2
      vertex 1.5 -2.5 6.2
      vertex 68.5 -2.5 6.2
    endloop
  endfacet
  facet normal -0 0 1
    outer loop
      vertex 0.5 -0.5 6.2
      vertex 1.5 -2.5 6.2
      vertex 69.5 -0.5 6.2
    endloop
  endfacet
  facet normal 0 0 1
    outer loop
      vertex 1.5 -2.5 6.2
      vertex 0.5 -0.5 6.2
      vertex 0.97789 -2.46577 6.2
    endloop
  endfacet
  facet normal 0 0 1
    outer loop
      vertex 0.5 -0.5 6.2
      vertex 0.464722 -2.36371 6.2
      vertex 0.97789 -2.46577 6.2
    endloop
  endfacet
  facet normal 0 0 1
    outer loop
      vertex -0.0307312 -2.19551 6.2
      vertex 0.5 -0.5 6.2
      vertex 0.369476 -0.49144 6.2
    endloop
  endfacet
  facet normal 0 0 1
    outer loop
      vertex -0.0307312 -2.19551 6.2
      vertex 0.369476 -0.49144 6.2
      vertex 0.24118 -0.465927 6.2
    endloop
  endfacet
  facet normal 0 0 1
    outer loop
      vertex -0.5 -1.9641 6.2
      vertex 0.24118 -0.465927 6.2
      vertex 0.11731 -0.423874 6.2
    endloop
  endfacet
  facet normal 0 0 1
    outer loop
      vertex -0.935043 -1.67342 6.2
      vertex 0.11731 -0.423874 6.2
      vertex 0 -0.366028 6.2
    endloop
  endfacet
  facet normal 0 0 1
    outer loop
      vertex 0.5 -0.5 6.2
      vertex -0.0307312 -2.19551 6.2
      vertex 0.464722 -2.36371 6.2
    endloop
  endfacet
  facet normal 0 0 1
    outer loop
      vertex -0.935043 -1.67342 6.2
      vertex 0 -0.366028 6.2
      vertex -0.108765 -0.29335 6.2
    endloop
  endfacet
  facet normal 0 0 1
    outer loop
      vertex -1.32843 -1.32843 6.2
      vertex -0.108765 -0.29335 6.2
      vertex -0.207108 -0.207108 6.2
    endloop
  endfacet
  facet normal 0 0 1
    outer loop
      vertex -1.32843 -1.32843 6.2
      vertex -0.207108 -0.207108 6.2
      vertex -0.29335 -0.108765 6.2
    endloop
  endfacet
  facet normal 0 0 1
    outer loop
      vertex -1.67342 -0.935043 6.2
      vertex -0.29335 -0.108765 6.2
      vertex -0.366028 0 6.2
    endloop
  endfacet
  facet normal 0 0 1
    outer loop
      vertex -1.67342 -0.935043 6.2
      vertex -0.366028 0 6.2
      vertex -0.423874 0.11731 6.2
    endloop
  endfacet
  facet normal 0 0 1
    outer loop
      vertex -1.9641 -0.5 6.2
      vertex -0.423874 0.11731 6.2
      vertex -0.465927 0.24118 6.2
    endloop
  endfacet
  facet normal 0 0 1
    outer loop
      vertex -2.19551 -0.0307312 6.2
      vertex -0.465927 0.24118 6.2
      vertex -0.49144 0.369476 6.2
    endloop
  endfacet
  facet normal 0 0 1
    outer loop
      vertex 0.24118 -0.465927 6.2
      vertex -0.5 -1.9641 6.2
      vertex -0.0307312 -2.19551 6.2
    endloop
  endfacet
  facet normal 0 0 1
    outer loop
      vertex -2.19551 -0.0307312 6.2
      vertex -0.49144 0.369476 6.2
      vertex -0.5 0.5 6.2
    endloop
  endfacet
  facet normal -0 0 1
    outer loop
      vertex 1.5 92.5 6.2
      vertex 28 90.5 6.2
      vertex 28 92.5 6.2
    endloop
  endfacet
  facet normal 0 0 1
    outer loop
      vertex 0.5 90.5 6.2
      vertex 1.5 92.5 6.2
      vertex 0.97789 92.4658 6.2
    endloop
  endfacet
  facet normal 0 0 1
    outer loop
      vertex 1.5 92.5 6.2
      vertex 0.5 90.5 6.2
      vertex 28 90.5 6.2
    endloop
  endfacet
  facet normal -0 0 1
    outer loop
      vertex 0.464722 92.3637 6.2
      vertex 0.5 90.5 6.2
      vertex 0.97789 92.4658 6.2
    endloop
  endfacet
  facet normal -0 0 1
    outer loop
      vertex -0.0307312 92.1955 6.2
      vertex 0.5 90.5 6.2
      vertex 0.464722 92.3637 6.2
    endloop
  endfacet
  facet normal 0 0 1
    outer loop
      vertex 0.5 90.5 6.2
      vertex -0.0307312 92.1955 6.2
      vertex 0.369476 90.4914 6.2
    endloop
  endfacet
  facet normal 0 0 1
    outer loop
      vertex 0.369476 90.4914 6.2
      vertex -0.0307312 92.1955 6.2
      vertex 0.24118 90.4659 6.2
    endloop
  endfacet
  facet normal -0 0 1
    outer loop
      vertex -0.5 91.9641 6.2
      vertex 0.24118 90.4659 6.2
      vertex -0.0307312 92.1955 6.2
    endloop
  endfacet
  facet normal 0 0 1
    outer loop
      vertex 0.24118 90.4659 6.2
      vertex -0.5 91.9641 6.2
      vertex 0.11731 90.4239 6.2
    endloop
  endfacet
  facet normal -0 0 1
    outer loop
      vertex -0.935043 91.6734 6.2
      vertex 0.11731 90.4239 6.2
      vertex -0.5 91.9641 6.2
    endloop
  endfacet
  facet normal 0 0 1
    outer loop
      vertex 0.11731 90.4239 6.2
      vertex -0.935043 91.6734 6.2
      vertex 0 90.366 6.2
    endloop
  endfacet
  facet normal 0 0 1
    outer loop
      vertex 0 90.366 6.2
      vertex -0.935043 91.6734 6.2
      vertex -0.108765 90.2934 6.2
    endloop
  endfacet
  facet normal -0 0 1
    outer loop
      vertex -1.32843 91.3284 6.2
      vertex -0.108765 90.2934 6.2
      vertex -0.935043 91.6734 6.2
    endloop
  endfacet
  facet normal 0 0 1
    outer loop
      vertex -0.108765 90.2934 6.2
      vertex -1.32843 91.3284 6.2
      vertex -0.207108 90.2071 6.2
    endloop
  endfacet
  facet normal 0 0 1
    outer loop
      vertex -0.207108 90.2071 6.2
      vertex -1.32843 91.3284 6.2
      vertex -0.29335 90.1088 6.2
    endloop
  endfacet
  facet normal -0 0 1
    outer loop
      vertex -1.67342 90.935 6.2
      vertex -0.29335 90.1088 6.2
      vertex -1.32843 91.3284 6.2
    endloop
  endfacet
  facet normal 0 0 1
    outer loop
      vertex -0.29335 90.1088 6.2
      vertex -1.67342 90.935 6.2
      vertex -0.366028 90 6.2
    endloop
  endfacet
  facet normal 0 0 1
    outer loop
      vertex -0.366028 90 6.2
      vertex -1.67342 90.935 6.2
      vertex -0.423874 89.8827 6.2
    endloop
  endfacet
  facet normal -0 0 1
    outer loop
      vertex -1.9641 90.5 6.2
      vertex -0.423874 89.8827 6.2
      vertex -1.67342 90.935 6.2
    endloop
  endfacet
  facet normal 0 0 1
    outer loop
      vertex -0.5 89.5 6.2
      vertex -2.5 88.5 6.2
      vertex -0.5 0.5 6.2
    endloop
  endfacet
  facet normal 0 0 1
    outer loop
      vertex -0.423874 89.8827 6.2
      vertex -1.9641 90.5 6.2
      vertex -0.465927 89.7588 6.2
    endloop
  endfacet
  facet normal -0 0 1
    outer loop
      vertex -2.5 1.5 6.2
      vertex -0.5 0.5 6.2
      vertex -2.5 88.5 6.2
    endloop
  endfacet
  facet normal -0 0 1
    outer loop
      vertex -2.19551 90.0307 6.2
      vertex -0.465927 89.7588 6.2
      vertex -1.9641 90.5 6.2
    endloop
  endfacet
  facet normal -0 -0 1
    outer loop
      vertex -2.46577 0.97789 6.2
      vertex -0.5 0.5 6.2
      vertex -2.5 1.5 6.2
    endloop
  endfacet
  facet normal 0 0 1
    outer loop
      vertex -0.465927 89.7588 6.2
      vertex -2.19551 90.0307 6.2
      vertex -0.49144 89.6305 6.2
    endloop
  endfacet
  facet normal 0 0 1
    outer loop
      vertex 0.11731 -0.423874 6.2
      vertex -0.935043 -1.67342 6.2
      vertex -0.5 -1.9641 6.2
    endloop
  endfacet
  facet normal 0 0 1
    outer loop
      vertex -0.49144 89.6305 6.2
      vertex -2.19551 90.0307 6.2
      vertex -0.5 89.5 6.2
    endloop
  endfacet
  facet normal 0 0 1
    outer loop
      vertex -0.108765 -0.29335 6.2
      vertex -1.32843 -1.32843 6.2
      vertex -0.935043 -1.67342 6.2
    endloop
  endfacet
  facet normal -0 0 1
    outer loop
      vertex -2.36371 89.5353 6.2
      vertex -0.5 89.5 6.2
      vertex -2.19551 90.0307 6.2
    endloop
  endfacet
  facet normal 0 0 1
    outer loop
      vertex -0.29335 -0.108765 6.2
      vertex -1.67342 -0.935043 6.2
      vertex -1.32843 -1.32843 6.2
    endloop
  endfacet
  facet normal 0 0 1
    outer loop
      vertex -2.46577 89.0221 6.2
      vertex -0.5 89.5 6.2
      vertex -2.36371 89.5353 6.2
    endloop
  endfacet
  facet normal 0 0 1
    outer loop
      vertex -0.423874 0.11731 6.2
      vertex -1.9641 -0.5 6.2
      vertex -1.67342 -0.935043 6.2
    endloop
  endfacet
  facet normal 0 0 1
    outer loop
      vertex -0.5 89.5 6.2
      vertex -2.46577 89.0221 6.2
      vertex -2.5 88.5 6.2
    endloop
  endfacet
  facet normal 0 0 1
    outer loop
      vertex -0.465927 0.24118 6.2
      vertex -2.19551 -0.0307312 6.2
      vertex -1.9641 -0.5 6.2
    endloop
  endfacet
  facet normal 0 0 1
    outer loop
      vertex -0.5 0.5 6.2
      vertex -2.36371 0.464722 6.2
      vertex -2.19551 -0.0307312 6.2
    endloop
  endfacet
  facet normal 0 0 1
    outer loop
      vertex -0.5 0.5 6.2
      vertex -2.46577 0.97789 6.2
      vertex -2.36371 0.464722 6.2
    endloop
  endfacet
  facet normal 0.997861 0.0653646 0
    outer loop
      vertex 72.5 88.5 6.2
      vertex 72.4658 89.0221 5.72205e-07
      vertex 72.4658 89.0221 6.2
    endloop
  endfacet
  facet normal 0.997861 0.0653646 0
    outer loop
      vertex 72.4658 89.0221 5.72205e-07
      vertex 72.5 88.5 6.2
      vertex 72.5 88.5 5.72205e-07
    endloop
  endfacet
  facet normal -0.321039 -0.947066 0
    outer loop
      vertex 69.7588 90.4659 2
      vertex 69.8827 90.4239 6.2
      vertex 69.7588 90.4659 6.2
    endloop
  endfacet
  facet normal -0.321039 -0.947066 -0
    outer loop
      vertex 69.8827 90.4239 6.2
      vertex 69.7588 90.4659 2
      vertex 69.8827 90.4239 2
    endloop
  endfacet
  facet normal -0.195035 0.980796 0
    outer loop
      vertex 69.7588 -0.465927 2
      vertex 69.6305 -0.49144 6.2
      vertex 69.7588 -0.465927 6.2
    endloop
  endfacet
  facet normal -0.195035 0.980796 0
    outer loop
      vertex 69.6305 -0.49144 6.2
      vertex 69.7588 -0.465927 2
      vertex 69.6305 -0.49144 2
    endloop
  endfacet
  facet normal 0 -1 0
    outer loop
      vertex 0.5 90.5 6.2
      vertex 28 90.5 5.01
      vertex 28 90.5 6.2
    endloop
  endfacet
  facet normal 0 -1 -0
    outer loop
      vertex 28 90.5 5.01
      vertex 0.5 90.5 2
      vertex 42 90.5 5.01
    endloop
  endfacet
  facet normal 0 -1 0
    outer loop
      vertex 0.5 90.5 2
      vertex 28 90.5 5.01
      vertex 0.5 90.5 6.2
    endloop
  endfacet
  facet normal 0 -1 0
    outer loop
      vertex 42 90.5 5.01
      vertex 69.5 90.5 6.2
      vertex 42 90.5 6.2
    endloop
  endfacet
  facet normal 0 -1 0
    outer loop
      vertex 69.5 90.5 2
      vertex 42 90.5 5.01
      vertex 0.5 90.5 2
    endloop
  endfacet
  facet normal 0 -1 0
    outer loop
      vertex 42 90.5 5.01
      vertex 69.5 90.5 2
      vertex 69.5 90.5 6.2
    endloop
  endfacet
  facet normal -0.19494 -0.980815 0
    outer loop
      vertex 69.6305 90.4914 2
      vertex 69.7588 90.4659 6.2
      vertex 69.6305 90.4914 6.2
    endloop
  endfacet
  facet normal -0.19494 -0.980815 -0
    outer loop
      vertex 69.7588 90.4659 6.2
      vertex 69.6305 90.4914 2
      vertex 69.7588 90.4659 2
    endloop
  endfacet
  facet normal 0.896873 -0.442289 0
    outer loop
      vertex -0.423874 89.8827 6.2
      vertex -0.366028 90 2
      vertex -0.366028 90 6.2
    endloop
  endfacet
  facet normal 0.896873 -0.442289 0
    outer loop
      vertex -0.366028 90 2
      vertex -0.423874 89.8827 6.2
      vertex -0.423874 89.8827 2
    endloop
  endfacet
  facet normal -0.0657577 -0.997836 0
    outer loop
      vertex 69.5 90.5 2
      vertex 69.6305 90.4914 6.2
      vertex 69.5 90.5 6.2
    endloop
  endfacet
  facet normal -0.0657577 -0.997836 -0
    outer loop
      vertex 69.6305 90.4914 6.2
      vertex 69.5 90.5 2
      vertex 69.6305 90.4914 2
    endloop
  endfacet
  facet normal -0.980815 -0.19494 0
    outer loop
      vertex 70.4914 89.6305 2
      vertex 70.4659 89.7588 6.2
      vertex 70.4659 89.7588 2
    endloop
  endfacet
  facet normal -0.980815 -0.19494 0
    outer loop
      vertex 70.4659 89.7588 6.2
      vertex 70.4914 89.6305 2
      vertex 70.4914 89.6305 6.2
    endloop
  endfacet
  facet normal 0.555177 -0.831733 0
    outer loop
      vertex -0.108765 90.2934 2
      vertex 0 90.366 6.2
      vertex -0.108765 90.2934 6.2
    endloop
  endfacet
  facet normal 0.555177 -0.831733 0
    outer loop
      vertex 0 90.366 6.2
      vertex -0.108765 90.2934 2
      vertex 0 90.366 2
    endloop
  endfacet
  facet normal 0.896888 0.442259 0
    outer loop
      vertex -0.366028 0 6.2
      vertex -0.423874 0.11731 2
      vertex -0.423874 0.11731 6.2
    endloop
  endfacet
  facet normal 0.896888 0.442259 0
    outer loop
      vertex -0.423874 0.11731 2
      vertex -0.366028 0 6.2
      vertex -0.366028 0 2
    endloop
  endfacet
  facet normal 0.442259 0.896888 -0
    outer loop
      vertex 0.11731 -0.423874 2
      vertex 0 -0.366028 6.2
      vertex 0.11731 -0.423874 6.2
    endloop
  endfacet
  facet normal 0.442259 0.896888 0
    outer loop
      vertex 0 -0.366028 6.2
      vertex 0.11731 -0.423874 2
      vertex 0 -0.366028 2
    endloop
  endfacet
  facet normal 0.442591 -0.896724 0
    outer loop
      vertex 0 90.366 2
      vertex 0.11731 90.4239 6.2
      vertex 0 90.366 6.2
    endloop
  endfacet
  facet normal 0.442591 -0.896724 0
    outer loop
      vertex 0.11731 90.4239 6.2
      vertex 0 90.366 2
      vertex 0.11731 90.4239 2
    endloop
  endfacet
  facet normal -0.659498 0.751706 0
    outer loop
      vertex 70.2071 -0.207108 2
      vertex 70.1088 -0.29335 6.2
      vertex 70.2071 -0.207108 6.2
    endloop
  endfacet
  facet normal -0.659498 0.751706 0
    outer loop
      vertex 70.1088 -0.29335 6.2
      vertex 70.2071 -0.207108 2
      vertex 70.1088 -0.29335 2
    endloop
  endfacet
  facet normal -1 0 0
    outer loop
      vertex 70.5 0.5 2
      vertex 70.5 89.5 6.2
      vertex 70.5 89.5 2
    endloop
  endfacet
  facet normal -1 -0 0
    outer loop
      vertex 70.5 89.5 6.2
      vertex 70.5 0.5 2
      vertex 70.5 0.5 6.2
    endloop
  endfacet
  facet normal 1 -0 0
    outer loop
      vertex -0.5 0.5 6.2
      vertex -0.5 89.5 2
      vertex -0.5 89.5 6.2
    endloop
  endfacet
  facet normal 1 0 0
    outer loop
      vertex -0.5 89.5 2
      vertex -0.5 0.5 6.2
      vertex -0.5 0.5 2
    endloop
  endfacet
  facet normal 0.0654412 0.997856 -0
    outer loop
      vertex 0.5 -0.5 2
      vertex 0.369476 -0.49144 6.2
      vertex 0.5 -0.5 6.2
    endloop
  endfacet
  facet normal 0.0654412 0.997856 0
    outer loop
      vertex 0.369476 -0.49144 6.2
      vertex 0.5 -0.5 2
      vertex 0.369476 -0.49144 2
    endloop
  endfacet
  facet normal -0.980814 0.194946 0
    outer loop
      vertex 70.4659 0.24118 2
      vertex 70.4914 0.369476 6.2
      vertex 70.4914 0.369476 2
    endloop
  endfacet
  facet normal -0.980814 0.194946 0
    outer loop
      vertex 70.4914 0.369476 6.2
      vertex 70.4659 0.24118 2
      vertex 70.4659 0.24118 6.2
    endloop
  endfacet
  facet normal -0.947042 0.321109 0
    outer loop
      vertex 70.4239 0.11731 2
      vertex 70.4659 0.24118 6.2
      vertex 70.4659 0.24118 2
    endloop
  endfacet
  facet normal -0.947042 0.321109 0
    outer loop
      vertex 70.4659 0.24118 6.2
      vertex 70.4239 0.11731 2
      vertex 70.4239 0.11731 6.2
    endloop
  endfacet
  facet normal -0.831733 0.555177 0
    outer loop
      vertex 70.2934 -0.108765 2
      vertex 70.366 0 6.2
      vertex 70.366 0 2
    endloop
  endfacet
  facet normal -0.831733 0.555177 0
    outer loop
      vertex 70.366 0 6.2
      vertex 70.2934 -0.108765 2
      vertex 70.2934 -0.108765 6.2
    endloop
  endfacet
  facet normal -0.947066 -0.321039 0
    outer loop
      vertex 70.4659 89.7588 2
      vertex 70.4239 89.8827 6.2
      vertex 70.4239 89.8827 2
    endloop
  endfacet
  facet normal -0.947066 -0.321039 0
    outer loop
      vertex 70.4239 89.8827 6.2
      vertex 70.4659 89.7588 2
      vertex 70.4659 89.7588 6.2
    endloop
  endfacet
  facet normal -0 0 1
    outer loop
      vertex -0.2 62 2
      vertex 1 32 2
      vertex 1 62 2
    endloop
  endfacet
  facet normal 0 0 1
    outer loop
      vertex 1 32 2
      vertex -0.2 62 2
      vertex -0.2 32 2
    endloop
  endfacet
  facet normal -0 0 1
    outer loop
      vertex 4.66506 85.55 2
      vertex 26.4 65.4 2
      vertex 4.8097 85.8433 2
    endloop
  endfacet
  facet normal 0 0 1
    outer loop
      vertex 15.7 36.3 2
      vertex 4.97861 3.52632 2
      vertex 5 3.2 2
    endloop
  endfacet
  facet normal -0 0 1
    outer loop
      vertex 4.48338 85.2781 2
      vertex 26.4 65.4 2
      vertex 4.66506 85.55 2
    endloop
  endfacet
  facet normal 0 0 1
    outer loop
      vertex 15.7 36.3 2
      vertex 4.91481 3.84705 2
      vertex 4.97861 3.52632 2
    endloop
  endfacet
  facet normal 0 0 1
    outer loop
      vertex 1 32 2
      vertex 15.7 53.7 2
      vertex 1 62 2
    endloop
  endfacet
  facet normal 0 0 1
    outer loop
      vertex 1 16 2
      vertex 15.7 36.3 2
      vertex 1 32 2
    endloop
  endfacet
  facet normal -0 0 1
    outer loop
      vertex 1 78 2
      vertex 26.4 65.4 2
      vertex 4.48338 85.2781 2
    endloop
  endfacet
  facet normal 0 0 1
    outer loop
      vertex 15.7 36.3 2
      vertex 4.8097 4.15671 2
      vertex 4.91481 3.84705 2
    endloop
  endfacet
  facet normal 0 0 1
    outer loop
      vertex 1 62 2
      vertex 26.4 65.4 2
      vertex 1 78 2
    endloop
  endfacet
  facet normal 0 -0 1
    outer loop
      vertex 4.66506 4.45 2
      vertex 15.7 36.3 2
      vertex 1 16 2
    endloop
  endfacet
  facet normal 0 0 1
    outer loop
      vertex 1 78 2
      vertex 4.48338 85.2781 2
      vertex 4.26777 85.0322 2
    endloop
  endfacet
  facet normal 0 0 1
    outer loop
      vertex 15.7 36.3 2
      vertex 4.66506 4.45 2
      vertex 4.8097 4.15671 2
    endloop
  endfacet
  facet normal 0 0 1
    outer loop
      vertex 1 78 2
      vertex 4.26777 85.0322 2
      vertex 4.0219 84.8166 2
    endloop
  endfacet
  facet normal 0 0 1
    outer loop
      vertex 4.66506 4.45 2
      vertex 1 16 2
      vertex 4.48338 4.7219 2
    endloop
  endfacet
  facet normal 0 0 1
    outer loop
      vertex 1 78 2
      vertex 4.0219 84.8166 2
      vertex 3.75 84.6349 2
    endloop
  endfacet
  facet normal 0 0 1
    outer loop
      vertex 4.48338 4.7219 2
      vertex 1 16 2
      vertex 4.26777 4.96777 2
    endloop
  endfacet
  facet normal 0 0 1
    outer loop
      vertex 1 78 2
      vertex 3.75 84.6349 2
      vertex 3.45671 84.4903 2
    endloop
  endfacet
  facet normal 0 0 1
    outer loop
      vertex 4.26777 4.96777 2
      vertex 1 16 2
      vertex 4.0219 5.18338 2
    endloop
  endfacet
  facet normal 0 0 1
    outer loop
      vertex 1 78 2
      vertex 3.45671 84.4903 2
      vertex 3.14705 84.3852 2
    endloop
  endfacet
  facet normal 0 0 1
    outer loop
      vertex 4.0219 5.18338 2
      vertex 1 16 2
      vertex 3.75 5.36506 2
    endloop
  endfacet
  facet normal 0 0 1
    outer loop
      vertex 1 78 2
      vertex 3.14705 84.3852 2
      vertex 2.82631 84.3214 2
    endloop
  endfacet
  facet normal 0 0 1
    outer loop
      vertex 3.75 5.36506 2
      vertex 1 16 2
      vertex 3.45671 5.5097 2
    endloop
  endfacet
  facet normal 0 0 1
    outer loop
      vertex 1 78 2
      vertex 2.82631 84.3214 2
      vertex 2.5 84.3 2
    endloop
  endfacet
  facet normal 0 0 1
    outer loop
      vertex 3.45671 5.5097 2
      vertex 1 16 2
      vertex 3.14705 5.61481 2
    endloop
  endfacet
  facet normal 0 0 1
    outer loop
      vertex 1 78 2
      vertex 2.5 84.3 2
      vertex 2.17368 84.3214 2
    endloop
  endfacet
  facet normal 0 0 1
    outer loop
      vertex 15.7 53.7 2
      vertex 1 32 2
      vertex 15.7 36.3 2
    endloop
  endfacet
  facet normal 0 0 1
    outer loop
      vertex 1 78 2
      vertex 2.17368 84.3214 2
      vertex 1.85295 84.3852 2
    endloop
  endfacet
  facet normal 0 0 1
    outer loop
      vertex 3.14705 5.61481 2
      vertex 1 16 2
      vertex 2.82631 5.67861 2
    endloop
  endfacet
  facet normal 0 0 1
    outer loop
      vertex 1 78 2
      vertex 1.85295 84.3852 2
      vertex 1.54329 84.4903 2
    endloop
  endfacet
  facet normal 0 0 1
    outer loop
      vertex 2.82631 5.67861 2
      vertex 1 16 2
      vertex 2.5 5.7 2
    endloop
  endfacet
  facet normal 0 0 1
    outer loop
      vertex -0.2 78 2
      vertex 1.54329 84.4903 2
      vertex 1.25 84.6349 2
    endloop
  endfacet
  facet normal 0 0 1
    outer loop
      vertex 2.5 5.7 2
      vertex 1 16 2
      vertex 2.17368 5.67861 2
    endloop
  endfacet
  facet normal 0 0 1
    outer loop
      vertex 26.4 65.4 2
      vertex 1 62 2
      vertex 15.7 53.7 2
    endloop
  endfacet
  facet normal 0 0 1
    outer loop
      vertex -0.2 78 2
      vertex 1.25 84.6349 2
      vertex 0.978096 84.8166 2
    endloop
  endfacet
  facet normal 0 0 1
    outer loop
      vertex -0.2 78 2
      vertex 0.978096 84.8166 2
      vertex 0.732232 85.0322 2
    endloop
  endfacet
  facet normal 0 0 1
    outer loop
      vertex -0.2 78 2
      vertex 0.732232 85.0322 2
      vertex 0.516616 85.2781 2
    endloop
  endfacet
  facet normal 0 0 1
    outer loop
      vertex -0.2 78 2
      vertex 0.516616 85.2781 2
      vertex 0.334936 85.55 2
    endloop
  endfacet
  facet normal 0 0 1
    outer loop
      vertex -0.2 78 2
      vertex 0.334936 85.55 2
      vertex 0.190301 85.8433 2
    endloop
  endfacet
  facet normal 0 0 1
    outer loop
      vertex -0.2 78 2
      vertex 0.190301 85.8433 2
      vertex 0.0851851 86.153 2
    endloop
  endfacet
  facet normal 0 0 1
    outer loop
      vertex -0.2 78 2
      vertex 0.0851851 86.153 2
      vertex 0.0213871 86.4737 2
    endloop
  endfacet
  facet normal 0 0 1
    outer loop
      vertex 1.54329 84.4903 2
      vertex -0.2 78 2
      vertex 1 78 2
    endloop
  endfacet
  facet normal 0 0 1
    outer loop
      vertex -0.5 89.5 2
      vertex 0.0213871 86.4737 2
      vertex 0 86.8 2
    endloop
  endfacet
  facet normal 0 0 1
    outer loop
      vertex 0.0213871 87.1263 2
      vertex -0.5 89.5 2
      vertex 0 86.8 2
    endloop
  endfacet
  facet normal 0 0 1
    outer loop
      vertex -0.5 89.5 2
      vertex -0.2 62 2
      vertex -0.2 78 2
    endloop
  endfacet
  facet normal 0 0 1
    outer loop
      vertex -0.2 62 2
      vertex -0.5 89.5 2
      vertex -0.2 32 2
    endloop
  endfacet
  facet normal 0 0 1
    outer loop
      vertex 0.0213871 86.4737 2
      vertex -0.5 89.5 2
      vertex -0.2 78 2
    endloop
  endfacet
  facet normal 0 0 1
    outer loop
      vertex -0.5 89.5 2
      vertex -0.108765 90.2934 2
      vertex -0.207108 90.2071 2
    endloop
  endfacet
  facet normal 0 0 1
    outer loop
      vertex 2.17368 5.67861 2
      vertex 1 16 2
      vertex 1.85295 5.61481 2
    endloop
  endfacet
  facet normal -0 0 1
    outer loop
      vertex -0.2 16 2
      vertex 1.85295 5.61481 2
      vertex 1 16 2
    endloop
  endfacet
  facet normal 0 0 1
    outer loop
      vertex 1.85295 5.61481 2
      vertex -0.2 16 2
      vertex 1.54329 5.5097 2
    endloop
  endfacet
  facet normal 0 0 1
    outer loop
      vertex 1.54329 5.5097 2
      vertex -0.2 16 2
      vertex 1.25 5.36506 2
    endloop
  endfacet
  facet normal 0 0 1
    outer loop
      vertex 1.25 5.36506 2
      vertex -0.2 16 2
      vertex 0.978096 5.18338 2
    endloop
  endfacet
  facet normal 0 0 1
    outer loop
      vertex 0.978096 5.18338 2
      vertex -0.2 16 2
      vertex 0.732232 4.96777 2
    endloop
  endfacet
  facet normal 0 0 1
    outer loop
      vertex 0.732232 4.96777 2
      vertex -0.2 16 2
      vertex 0.516616 4.7219 2
    endloop
  endfacet
  facet normal 0 0 1
    outer loop
      vertex 0.516616 4.7219 2
      vertex -0.2 16 2
      vertex 0.334936 4.45 2
    endloop
  endfacet
  facet normal 0 0 1
    outer loop
      vertex 0.334936 4.45 2
      vertex -0.2 16 2
      vertex 0.190301 4.15671 2
    endloop
  endfacet
  facet normal 0 0 1
    outer loop
      vertex 0.190301 4.15671 2
      vertex -0.2 16 2
      vertex 0.0851851 3.84705 2
    endloop
  endfacet
  facet normal 0 0 1
    outer loop
      vertex 0.978096 1.21662 2
      vertex -0.108765 -0.29335 2
      vertex 0 -0.366028 2
    endloop
  endfacet
  facet normal 0 0 1
    outer loop
      vertex 0.0851851 3.84705 2
      vertex -0.2 16 2
      vertex 0.0213871 3.52632 2
    endloop
  endfacet
  facet normal 0 0 1
    outer loop
      vertex -0.5 0.5 2
      vertex 0.0213871 3.52632 2
      vertex -0.2 16 2
    endloop
  endfacet
  facet normal 0 0 1
    outer loop
      vertex 0.0213871 3.52632 2
      vertex -0.5 0.5 2
      vertex 0 3.2 2
    endloop
  endfacet
  facet normal 0 0 1
    outer loop
      vertex 0.0213871 2.87368 2
      vertex -0.5 0.5 2
      vertex -0.108765 -0.29335 2
    endloop
  endfacet
  facet normal 0 0 1
    outer loop
      vertex -0.5 0.5 2
      vertex -0.2 32 2
      vertex -0.5 89.5 2
    endloop
  endfacet
  facet normal 0 0 1
    outer loop
      vertex -0.5 89.5 2
      vertex -0.207108 90.2071 2
      vertex -0.29335 90.1088 2
    endloop
  endfacet
  facet normal 0 0 1
    outer loop
      vertex -0.2 32 2
      vertex -0.5 0.5 2
      vertex -0.2 16 2
    endloop
  endfacet
  facet normal 0 0 1
    outer loop
      vertex -0.5 89.5 2
      vertex -0.29335 90.1088 2
      vertex -0.366028 90 2
    endloop
  endfacet
  facet normal 0 0 1
    outer loop
      vertex -0.108765 -0.29335 2
      vertex -0.5 0.5 2
      vertex -0.207108 -0.207108 2
    endloop
  endfacet
  facet normal 0 0 1
    outer loop
      vertex -0.5 89.5 2
      vertex -0.366028 90 2
      vertex -0.423874 89.8827 2
    endloop
  endfacet
  facet normal 0 0 1
    outer loop
      vertex -0.207108 -0.207108 2
      vertex -0.5 0.5 2
      vertex -0.29335 -0.108765 2
    endloop
  endfacet
  facet normal 0 0 1
    outer loop
      vertex -0.5 89.5 2
      vertex -0.423874 89.8827 2
      vertex -0.465927 89.7588 2
    endloop
  endfacet
  facet normal 0 0 1
    outer loop
      vertex -0.29335 -0.108765 2
      vertex -0.5 0.5 2
      vertex -0.366028 0 2
    endloop
  endfacet
  facet normal 0 0 1
    outer loop
      vertex -0.5 89.5 2
      vertex -0.465927 89.7588 2
      vertex -0.49144 89.6305 2
    endloop
  endfacet
  facet normal 0 0 1
    outer loop
      vertex -0.366028 0 2
      vertex -0.5 0.5 2
      vertex -0.423874 0.11731 2
    endloop
  endfacet
  facet normal 0 0 1
    outer loop
      vertex -0.423874 0.11731 2
      vertex -0.5 0.5 2
      vertex -0.465927 0.24118 2
    endloop
  endfacet
  facet normal 0 0 1
    outer loop
      vertex -0.465927 0.24118 2
      vertex -0.5 0.5 2
      vertex -0.49144 0.369476 2
    endloop
  endfacet
  facet normal -0 0 1
    outer loop
      vertex 15.7 36.3 2
      vertex 26.4 29.5 2
      vertex 26.4 36.3 2
    endloop
  endfacet
  facet normal 0 0 1
    outer loop
      vertex 5 3.2 2
      vertex 24.74 20.3099 2
      vertex 15.7 36.3 2
    endloop
  endfacet
  facet normal 0 0 1
    outer loop
      vertex 26.4 29.5 2
      vertex 15.7 36.3 2
      vertex 24.74 20.3099 2
    endloop
  endfacet
  facet normal 0 0 1
    outer loop
      vertex 43.8 29.5 2
      vertex 53.9 36.7 2
      vertex 43.8 36.7 2
    endloop
  endfacet
  facet normal 0 0 1
    outer loop
      vertex 53.9 36.7 2
      vertex 43.8 29.5 2
      vertex 48.7599 20.3099 2
    endloop
  endfacet
  facet normal 0 0 1
    outer loop
      vertex 24.74 20.3099 2
      vertex 43.8 29.5 2
      vertex 26.4 29.5 2
    endloop
  endfacet
  facet normal 0 0 1
    outer loop
      vertex 43.8 29.5 2
      vertex 24.74 20.3099 2
      vertex 48.7599 20.3099 2
    endloop
  endfacet
  facet normal 0 0 1
    outer loop
      vertex 53.9 54.1 2
      vertex 43.8 65.4 2
      vertex 43.8 54.1 2
    endloop
  endfacet
  facet normal 0 0 1
    outer loop
      vertex 70.5 89.5 2
      vertex 69.9786 87.1263 2
      vertex 70 86.8 2
    endloop
  endfacet
  facet normal 0 0 1
    outer loop
      vertex 70.5 89.5 2
      vertex 69.9148 87.4471 2
      vertex 69.9786 87.1263 2
    endloop
  endfacet
  facet normal 0 0 1
    outer loop
      vertex 69.0219 88.7834 2
      vertex 70 90.366 2
      vertex 69.8827 90.4239 2
    endloop
  endfacet
  facet normal 0 0 1
    outer loop
      vertex 70.5 89.5 2
      vertex 69.8097 87.7567 2
      vertex 69.9148 87.4471 2
    endloop
  endfacet
  facet normal 0 0 1
    outer loop
      vertex 69.0219 88.7834 2
      vertex 69.8827 90.4239 2
      vertex 69.7588 90.4659 2
    endloop
  endfacet
  facet normal 0 0 1
    outer loop
      vertex 70.5 89.5 2
      vertex 69.6651 88.05 2
      vertex 69.8097 87.7567 2
    endloop
  endfacet
  facet normal 0 0 1
    outer loop
      vertex 69.0219 88.7834 2
      vertex 69.7588 90.4659 2
      vertex 69.6305 90.4914 2
    endloop
  endfacet
  facet normal 0 0 1
    outer loop
      vertex 69.0219 88.7834 2
      vertex 69.6305 90.4914 2
      vertex 69.5 90.5 2
    endloop
  endfacet
  facet normal 0 0 1
    outer loop
      vertex 70.5 89.5 2
      vertex 69.4834 88.3219 2
      vertex 69.6651 88.05 2
    endloop
  endfacet
  facet normal 0 0 1
    outer loop
      vertex 70.5 89.5 2
      vertex 69.2678 88.5678 2
      vertex 69.4834 88.3219 2
    endloop
  endfacet
  facet normal 0 0 1
    outer loop
      vertex 70.5 89.5 2
      vertex 69.0219 88.7834 2
      vertex 69.2678 88.5678 2
    endloop
  endfacet
  facet normal 0 0 1
    outer loop
      vertex 69.5 90.5 2
      vertex 68.75 88.9651 2
      vertex 69.0219 88.7834 2
    endloop
  endfacet
  facet normal 0 0 1
    outer loop
      vertex 69.5 90.5 2
      vertex 68.4567 89.1097 2
      vertex 68.75 88.9651 2
    endloop
  endfacet
  facet normal 0 0 1
    outer loop
      vertex 69.5 90.5 2
      vertex 68.147 89.2148 2
      vertex 68.4567 89.1097 2
    endloop
  endfacet
  facet normal 0 0 1
    outer loop
      vertex 69.5 90.5 2
      vertex 67.8263 89.2786 2
      vertex 68.147 89.2148 2
    endloop
  endfacet
  facet normal 0 0 1
    outer loop
      vertex 69.5 90.5 2
      vertex 67.5 89.3 2
      vertex 67.8263 89.2786 2
    endloop
  endfacet
  facet normal 0 0 1
    outer loop
      vertex 69.5 90.5 2
      vertex 67.1737 89.2786 2
      vertex 67.5 89.3 2
    endloop
  endfacet
  facet normal 0 0 1
    outer loop
      vertex 69.5 90.5 2
      vertex 66.853 89.2148 2
      vertex 67.1737 89.2786 2
    endloop
  endfacet
  facet normal 0 0 1
    outer loop
      vertex 69.5 90.5 2
      vertex 66.5433 89.1097 2
      vertex 66.853 89.2148 2
    endloop
  endfacet
  facet normal 0 0 1
    outer loop
      vertex 65.3349 4.45 2
      vertex 48.7599 7.29005 2
      vertex 65.1903 4.15671 2
    endloop
  endfacet
  facet normal 0 0 1
    outer loop
      vertex 43.8 65.4 2
      vertex 65 86.8 2
      vertex 65.0214 87.1263 2
    endloop
  endfacet
  facet normal 0 0 1
    outer loop
      vertex 43.8 65.4 2
      vertex 65.0214 87.1263 2
      vertex 65.0852 87.4471 2
    endloop
  endfacet
  facet normal 0 0 1
    outer loop
      vertex 65.0214 86.4737 2
      vertex 43.8 65.4 2
      vertex 53.9 54.1 2
    endloop
  endfacet
  facet normal 0 0 1
    outer loop
      vertex 4.91481 87.4471 2
      vertex 65.0852 87.4471 2
      vertex 65.1903 87.7567 2
    endloop
  endfacet
  facet normal 0 0 1
    outer loop
      vertex 4.8097 87.7567 2
      vertex 65.1903 87.7567 2
      vertex 65.3349 88.05 2
    endloop
  endfacet
  facet normal 0 0 1
    outer loop
      vertex 4.66506 88.05 2
      vertex 65.3349 88.05 2
      vertex 65.5166 88.3219 2
    endloop
  endfacet
  facet normal 0 0 1
    outer loop
      vertex 4.48338 88.3219 2
      vertex 65.5166 88.3219 2
      vertex 65.7322 88.5678 2
    endloop
  endfacet
  facet normal 0 0 1
    outer loop
      vertex 65.0852 87.4471 2
      vertex 26.4 65.4 2
      vertex 43.8 65.4 2
    endloop
  endfacet
  facet normal 0 0 1
    outer loop
      vertex 4.26777 88.5678 2
      vertex 65.7322 88.5678 2
      vertex 65.9781 88.7834 2
    endloop
  endfacet
  facet normal 0 0 1
    outer loop
      vertex 4.0219 88.7834 2
      vertex 65.9781 88.7834 2
      vertex 66.25 88.9651 2
    endloop
  endfacet
  facet normal 0 0 1
    outer loop
      vertex 26.4 65.4 2
      vertex 15.7 53.7 2
      vertex 26.4 53.7 2
    endloop
  endfacet
  facet normal -0 0 1
    outer loop
      vertex 4.91481 86.153 2
      vertex 26.4 65.4 2
      vertex 4.97861 86.4737 2
    endloop
  endfacet
  facet normal -0 0 1
    outer loop
      vertex 4.97861 86.4737 2
      vertex 26.4 65.4 2
      vertex 5 86.8 2
    endloop
  endfacet
  facet normal 0 0 1
    outer loop
      vertex 65.0852 87.4471 2
      vertex 4.91481 87.4471 2
      vertex 26.4 65.4 2
    endloop
  endfacet
  facet normal 0 0 1
    outer loop
      vertex 3.75 88.9651 2
      vertex 66.25 88.9651 2
      vertex 66.5433 89.1097 2
    endloop
  endfacet
  facet normal 0 0 1
    outer loop
      vertex 3.45671 89.1097 2
      vertex 66.5433 89.1097 2
      vertex 69.5 90.5 2
    endloop
  endfacet
  facet normal 0 0 1
    outer loop
      vertex 26.4 65.4 2
      vertex 4.97861 87.1263 2
      vertex 5 86.8 2
    endloop
  endfacet
  facet normal 0 0 1
    outer loop
      vertex 26.4 65.4 2
      vertex 4.91481 87.4471 2
      vertex 4.97861 87.1263 2
    endloop
  endfacet
  facet normal 0 0 1
    outer loop
      vertex 65.1903 87.7567 2
      vertex 4.8097 87.7567 2
      vertex 4.91481 87.4471 2
    endloop
  endfacet
  facet normal 0 0 1
    outer loop
      vertex 65.3349 88.05 2
      vertex 4.66506 88.05 2
      vertex 4.8097 87.7567 2
    endloop
  endfacet
  facet normal 0 0 1
    outer loop
      vertex 65.5166 88.3219 2
      vertex 4.48338 88.3219 2
      vertex 4.66506 88.05 2
    endloop
  endfacet
  facet normal 0 0 1
    outer loop
      vertex 65.7322 88.5678 2
      vertex 4.26777 88.5678 2
      vertex 4.48338 88.3219 2
    endloop
  endfacet
  facet normal 0 0 1
    outer loop
      vertex 65.9781 88.7834 2
      vertex 4.0219 88.7834 2
      vertex 4.26777 88.5678 2
    endloop
  endfacet
  facet normal 0 0 1
    outer loop
      vertex 66.25 88.9651 2
      vertex 3.75 88.9651 2
      vertex 4.0219 88.7834 2
    endloop
  endfacet
  facet normal 0 0 1
    outer loop
      vertex 66.5433 89.1097 2
      vertex 3.45671 89.1097 2
      vertex 3.75 88.9651 2
    endloop
  endfacet
  facet normal -0 0 1
    outer loop
      vertex 0.5 90.5 2
      vertex 3.45671 89.1097 2
      vertex 69.5 90.5 2
    endloop
  endfacet
  facet normal 0 0 1
    outer loop
      vertex 3.45671 89.1097 2
      vertex 0.5 90.5 2
      vertex 3.14705 89.2148 2
    endloop
  endfacet
  facet normal 0 0 1
    outer loop
      vertex 3.14705 89.2148 2
      vertex 0.5 90.5 2
      vertex 2.82631 89.2786 2
    endloop
  endfacet
  facet normal 0 0 1
    outer loop
      vertex 2.82631 89.2786 2
      vertex 0.5 90.5 2
      vertex 2.5 89.3 2
    endloop
  endfacet
  facet normal 0 0 1
    outer loop
      vertex 0.5 90.5 2
      vertex 2.17368 89.2786 2
      vertex 2.5 89.3 2
    endloop
  endfacet
  facet normal 0 0 1
    outer loop
      vertex 0.5 90.5 2
      vertex 1.85295 89.2148 2
      vertex 2.17368 89.2786 2
    endloop
  endfacet
  facet normal 0 0 1
    outer loop
      vertex 0.5 90.5 2
      vertex 1.54329 89.1097 2
      vertex 1.85295 89.2148 2
    endloop
  endfacet
  facet normal 0 0 1
    outer loop
      vertex 0.5 90.5 2
      vertex 1.25 88.9651 2
      vertex 1.54329 89.1097 2
    endloop
  endfacet
  facet normal 0 0 1
    outer loop
      vertex 0.5 90.5 2
      vertex 0.978096 88.7834 2
      vertex 1.25 88.9651 2
    endloop
  endfacet
  facet normal -0 0 1
    outer loop
      vertex 0.369476 90.4914 2
      vertex 0.978096 88.7834 2
      vertex 0.5 90.5 2
    endloop
  endfacet
  facet normal -0 0 1
    outer loop
      vertex -0.5 89.5 2
      vertex 0.978096 88.7834 2
      vertex -0.108765 90.2934 2
    endloop
  endfacet
  facet normal -0 0 1
    outer loop
      vertex 0.24118 90.4659 2
      vertex 0.978096 88.7834 2
      vertex 0.369476 90.4914 2
    endloop
  endfacet
  facet normal 0 0 1
    outer loop
      vertex 0.978096 88.7834 2
      vertex -0.5 89.5 2
      vertex 0.732232 88.5678 2
    endloop
  endfacet
  facet normal -0 0 1
    outer loop
      vertex 0.11731 90.4239 2
      vertex 0.978096 88.7834 2
      vertex 0.24118 90.4659 2
    endloop
  endfacet
  facet normal 0 0 1
    outer loop
      vertex 0.732232 88.5678 2
      vertex -0.5 89.5 2
      vertex 0.516616 88.3219 2
    endloop
  endfacet
  facet normal 0 0 1
    outer loop
      vertex 0.978096 88.7834 2
      vertex 0.11731 90.4239 2
      vertex -0.108765 90.2934 2
    endloop
  endfacet
  facet normal 0 0 1
    outer loop
      vertex 0.516616 88.3219 2
      vertex -0.5 89.5 2
      vertex 0.334936 88.05 2
    endloop
  endfacet
  facet normal 0 0 1
    outer loop
      vertex 0.334936 88.05 2
      vertex -0.5 89.5 2
      vertex 0.190301 87.7567 2
    endloop
  endfacet
  facet normal 0 0 1
    outer loop
      vertex -0.108765 90.2934 2
      vertex 0.11731 90.4239 2
      vertex 0 90.366 2
    endloop
  endfacet
  facet normal 0 0 1
    outer loop
      vertex 0.190301 87.7567 2
      vertex -0.5 89.5 2
      vertex 0.0851851 87.4471 2
    endloop
  endfacet
  facet normal 0 0 1
    outer loop
      vertex 0.0851851 87.4471 2
      vertex -0.5 89.5 2
      vertex 0.0213871 87.1263 2
    endloop
  endfacet
  facet normal -0 0 1
    outer loop
      vertex 69 62 2
      vertex 70.2 32 2
      vertex 70.2 62 2
    endloop
  endfacet
  facet normal 0 0 1
    outer loop
      vertex 70.2 32 2
      vertex 69 62 2
      vertex 69 32 2
    endloop
  endfacet
  facet normal 0 0 1
    outer loop
      vertex 70.4659 89.7588 2
      vertex 69.0219 88.7834 2
      vertex 70.4914 89.6305 2
    endloop
  endfacet
  facet normal 0 0 1
    outer loop
      vertex 70.5 89.5 2
      vertex 70.2 62 2
      vertex 70.5 0.5 2
    endloop
  endfacet
  facet normal 0 0 1
    outer loop
      vertex 70.4239 89.8827 2
      vertex 69.0219 88.7834 2
      vertex 70.4659 89.7588 2
    endloop
  endfacet
  facet normal -0 0 1
    outer loop
      vertex 70.2 32 2
      vertex 70.5 0.5 2
      vertex 70.2 62 2
    endloop
  endfacet
  facet normal 0 0 1
    outer loop
      vertex 70.366 90 2
      vertex 69.0219 88.7834 2
      vertex 70.4239 89.8827 2
    endloop
  endfacet
  facet normal -0 0 1
    outer loop
      vertex 70.2 16 2
      vertex 70.5 0.5 2
      vertex 70.2 32 2
    endloop
  endfacet
  facet normal 0 0 1
    outer loop
      vertex 70.2934 90.1088 2
      vertex 69.0219 88.7834 2
      vertex 70.366 90 2
    endloop
  endfacet
  facet normal -0 0 1
    outer loop
      vertex 69.9786 3.52632 2
      vertex 70.5 0.5 2
      vertex 70.2 16 2
    endloop
  endfacet
  facet normal 0 0 1
    outer loop
      vertex 70.2071 90.2071 2
      vertex 69.0219 88.7834 2
      vertex 70.2934 90.1088 2
    endloop
  endfacet
  facet normal 0 0 1
    outer loop
      vertex 70.5 89.5 2
      vertex 70.2 78 2
      vertex 70.2 62 2
    endloop
  endfacet
  facet normal 0 0 1
    outer loop
      vertex 69.0219 88.7834 2
      vertex 70.2071 90.2071 2
      vertex 70 90.366 2
    endloop
  endfacet
  facet normal -0 -0 1
    outer loop
      vertex 70 3.2 2
      vertex 70.5 0.5 2
      vertex 69.9786 3.52632 2
    endloop
  endfacet
  facet normal -0 0 1
    outer loop
      vertex 69.9786 2.87368 2
      vertex 70.5 0.5 2
      vertex 70 3.2 2
    endloop
  endfacet
  facet normal 0 0 1
    outer loop
      vertex 70 90.366 2
      vertex 70.2071 90.2071 2
      vertex 70.1088 90.2934 2
    endloop
  endfacet
  facet normal 0 0 1
    outer loop
      vertex 70.4914 89.6305 2
      vertex 69.0219 88.7834 2
      vertex 70.5 89.5 2
    endloop
  endfacet
  facet normal 0 0 1
    outer loop
      vertex 70.5 89.5 2
      vertex 70 86.8 2
      vertex 69.9786 86.4737 2
    endloop
  endfacet
  facet normal 0 0 1
    outer loop
      vertex 70.5 89.5 2
      vertex 69.9786 86.4737 2
      vertex 70.2 78 2
    endloop
  endfacet
  facet normal -0 0 1
    outer loop
      vertex 69.9148 86.153 2
      vertex 70.2 78 2
      vertex 69.9786 86.4737 2
    endloop
  endfacet
  facet normal -0 0 1
    outer loop
      vertex 69.8097 85.8433 2
      vertex 70.2 78 2
      vertex 69.9148 86.153 2
    endloop
  endfacet
  facet normal -0 0 1
    outer loop
      vertex 69.6651 85.55 2
      vertex 70.2 78 2
      vertex 69.8097 85.8433 2
    endloop
  endfacet
  facet normal -0 0 1
    outer loop
      vertex 69.4834 85.2781 2
      vertex 70.2 78 2
      vertex 69.6651 85.55 2
    endloop
  endfacet
  facet normal -0 0 1
    outer loop
      vertex 69.2678 85.0322 2
      vertex 70.2 78 2
      vertex 69.4834 85.2781 2
    endloop
  endfacet
  facet normal -0 0 1
    outer loop
      vertex 69.0219 84.8166 2
      vertex 70.2 78 2
      vertex 69.2678 85.0322 2
    endloop
  endfacet
  facet normal -0 0 1
    outer loop
      vertex 68.75 84.6349 2
      vertex 70.2 78 2
      vertex 69.0219 84.8166 2
    endloop
  endfacet
  facet normal 0 0 1
    outer loop
      vertex 53.9 54.1 2
      vertex 69 78 2
      vertex 65.5166 85.2781 2
    endloop
  endfacet
  facet normal 0 0 1
    outer loop
      vertex 53.9 54.1 2
      vertex 65.3349 85.55 2
      vertex 65.1903 85.8433 2
    endloop
  endfacet
  facet normal 0 0 1
    outer loop
      vertex 70.2 78 2
      vertex 68.4567 84.4903 2
      vertex 69 78 2
    endloop
  endfacet
  facet normal -0 0 1
    outer loop
      vertex 68.4567 84.4903 2
      vertex 70.2 78 2
      vertex 68.75 84.6349 2
    endloop
  endfacet
  facet normal -0 0 1
    outer loop
      vertex 69.9148 2.55295 2
      vertex 70.5 0.5 2
      vertex 69.9786 2.87368 2
    endloop
  endfacet
  facet normal -0 0 1
    outer loop
      vertex 69.8097 2.24329 2
      vertex 70.5 0.5 2
      vertex 69.9148 2.55295 2
    endloop
  endfacet
  facet normal -0 0 1
    outer loop
      vertex 69.4834 1.6781 2
      vertex 70.5 0.5 2
      vertex 69.6651 1.95 2
    endloop
  endfacet
  facet normal -0 0 1
    outer loop
      vertex 69.2678 1.43223 2
      vertex 70.5 0.5 2
      vertex 69.4834 1.6781 2
    endloop
  endfacet
  facet normal -0 0 1
    outer loop
      vertex 69.0219 1.21662 2
      vertex 70.5 0.5 2
      vertex 69.2678 1.43223 2
    endloop
  endfacet
  facet normal -0 0 1
    outer loop
      vertex 69.6651 1.95 2
      vertex 70.5 0.5 2
      vertex 69.8097 2.24329 2
    endloop
  endfacet
  facet normal 0 0 1
    outer loop
      vertex 70.2 16 2
      vertex 69.9148 3.84705 2
      vertex 69.9786 3.52632 2
    endloop
  endfacet
  facet normal 0 0 1
    outer loop
      vertex 70.2 16 2
      vertex 69.8097 4.15671 2
      vertex 69.9148 3.84705 2
    endloop
  endfacet
  facet normal 0 0 1
    outer loop
      vertex 70.2 16 2
      vertex 69.6651 4.45 2
      vertex 69.8097 4.15671 2
    endloop
  endfacet
  facet normal 0 0 1
    outer loop
      vertex 70.2 16 2
      vertex 69.4834 4.7219 2
      vertex 69.6651 4.45 2
    endloop
  endfacet
  facet normal 0 0 1
    outer loop
      vertex 70.2 16 2
      vertex 69.2678 4.96777 2
      vertex 69.4834 4.7219 2
    endloop
  endfacet
  facet normal 0 0 1
    outer loop
      vertex 70.2 16 2
      vertex 69.0219 5.18338 2
      vertex 69.2678 4.96777 2
    endloop
  endfacet
  facet normal 0 0 1
    outer loop
      vertex 68.147 5.61481 2
      vertex 70.2 16 2
      vertex 69 16 2
    endloop
  endfacet
  facet normal -0 0 1
    outer loop
      vertex 68.147 84.3852 2
      vertex 69 78 2
      vertex 68.4567 84.4903 2
    endloop
  endfacet
  facet normal 0 0 1
    outer loop
      vertex 70.2 16 2
      vertex 68.75 5.36506 2
      vertex 69.0219 5.18338 2
    endloop
  endfacet
  facet normal -0 0 1
    outer loop
      vertex 67.8263 84.3214 2
      vertex 69 78 2
      vertex 68.147 84.3852 2
    endloop
  endfacet
  facet normal 0 0 1
    outer loop
      vertex 70.2 16 2
      vertex 68.4567 5.5097 2
      vertex 68.75 5.36506 2
    endloop
  endfacet
  facet normal -0 0 1
    outer loop
      vertex 67.5 84.3 2
      vertex 69 78 2
      vertex 67.8263 84.3214 2
    endloop
  endfacet
  facet normal 0 0 1
    outer loop
      vertex 70.2 16 2
      vertex 68.147 5.61481 2
      vertex 68.4567 5.5097 2
    endloop
  endfacet
  facet normal 0 0 1
    outer loop
      vertex 67.1737 84.3214 2
      vertex 69 78 2
      vertex 67.5 84.3 2
    endloop
  endfacet
  facet normal 0 0 1
    outer loop
      vertex 69 16 2
      vertex 67.8263 5.67861 2
      vertex 68.147 5.61481 2
    endloop
  endfacet
  facet normal 0 0 1
    outer loop
      vertex 66.853 84.3852 2
      vertex 69 78 2
      vertex 67.1737 84.3214 2
    endloop
  endfacet
  facet normal 0 0 1
    outer loop
      vertex 69 16 2
      vertex 67.5 5.7 2
      vertex 67.8263 5.67861 2
    endloop
  endfacet
  facet normal 0 0 1
    outer loop
      vertex 66.5433 84.4903 2
      vertex 69 78 2
      vertex 66.853 84.3852 2
    endloop
  endfacet
  facet normal 0 0 1
    outer loop
      vertex 69 16 2
      vertex 67.1737 5.67861 2
      vertex 67.5 5.7 2
    endloop
  endfacet
  facet normal 0 0 1
    outer loop
      vertex 66.25 84.6349 2
      vertex 69 78 2
      vertex 66.5433 84.4903 2
    endloop
  endfacet
  facet normal 0 0 1
    outer loop
      vertex 69 16 2
      vertex 66.853 5.61481 2
      vertex 67.1737 5.67861 2
    endloop
  endfacet
  facet normal 0 0 1
    outer loop
      vertex 65.9781 84.8166 2
      vertex 69 78 2
      vertex 66.25 84.6349 2
    endloop
  endfacet
  facet normal 0 0 1
    outer loop
      vertex 69 16 2
      vertex 66.5433 5.5097 2
      vertex 66.853 5.61481 2
    endloop
  endfacet
  facet normal 0 0 1
    outer loop
      vertex 65.7322 85.0322 2
      vertex 69 78 2
      vertex 65.9781 84.8166 2
    endloop
  endfacet
  facet normal 0 0 1
    outer loop
      vertex 69 16 2
      vertex 66.25 5.36506 2
      vertex 66.5433 5.5097 2
    endloop
  endfacet
  facet normal 0 0 1
    outer loop
      vertex 65.5166 85.2781 2
      vertex 69 78 2
      vertex 65.7322 85.0322 2
    endloop
  endfacet
  facet normal 0 0 1
    outer loop
      vertex 69 16 2
      vertex 65.9781 5.18338 2
      vertex 66.25 5.36506 2
    endloop
  endfacet
  facet normal 0 0 1
    outer loop
      vertex 53.9 54.1 2
      vertex 65.5166 85.2781 2
      vertex 65.3349 85.55 2
    endloop
  endfacet
  facet normal 0 0 1
    outer loop
      vertex 69 16 2
      vertex 65.7322 4.96777 2
      vertex 65.9781 5.18338 2
    endloop
  endfacet
  facet normal 0 0 1
    outer loop
      vertex 53.9 54.1 2
      vertex 65.1903 85.8433 2
      vertex 65.0852 86.153 2
    endloop
  endfacet
  facet normal 0 0 1
    outer loop
      vertex 48.7599 7.29005 2
      vertex 69 16 2
      vertex 48.7599 20.3099 2
    endloop
  endfacet
  facet normal 0 0 1
    outer loop
      vertex 69 78 2
      vertex 53.9 54.1 2
      vertex 69 62 2
    endloop
  endfacet
  facet normal 0 0 1
    outer loop
      vertex 69 16 2
      vertex 48.7599 7.29005 2
      vertex 65.7322 4.96777 2
    endloop
  endfacet
  facet normal -0 0 1
    outer loop
      vertex 53.9 36.7 2
      vertex 69 32 2
      vertex 53.9 54.1 2
    endloop
  endfacet
  facet normal 0 0 1
    outer loop
      vertex 69 32 2
      vertex 48.7599 20.3099 2
      vertex 69 16 2
    endloop
  endfacet
  facet normal 0 0 1
    outer loop
      vertex 69 62 2
      vertex 53.9 54.1 2
      vertex 69 32 2
    endloop
  endfacet
  facet normal 0 0 1
    outer loop
      vertex 48.7599 20.3099 2
      vertex 69 32 2
      vertex 53.9 36.7 2
    endloop
  endfacet
  facet normal 0 0 1
    outer loop
      vertex 53.9 54.1 2
      vertex 65.0852 86.153 2
      vertex 65.0214 86.4737 2
    endloop
  endfacet
  facet normal 0 0 1
    outer loop
      vertex 65.7322 4.96777 2
      vertex 48.7599 7.29005 2
      vertex 65.5166 4.7219 2
    endloop
  endfacet
  facet normal 0 0 1
    outer loop
      vertex 43.8 65.4 2
      vertex 65.0214 86.4737 2
      vertex 65 86.8 2
    endloop
  endfacet
  facet normal 0 0 1
    outer loop
      vertex 65.5166 4.7219 2
      vertex 48.7599 7.29005 2
      vertex 65.3349 4.45 2
    endloop
  endfacet
  facet normal 0 0 1
    outer loop
      vertex 70.5 0.5 2
      vertex 69.0219 1.21662 2
      vertex 70.4914 0.369476 2
    endloop
  endfacet
  facet normal 0 0 1
    outer loop
      vertex 70.4914 0.369476 2
      vertex 69.0219 1.21662 2
      vertex 70.4659 0.24118 2
    endloop
  endfacet
  facet normal 0 0 1
    outer loop
      vertex 70.4659 0.24118 2
      vertex 69.0219 1.21662 2
      vertex 70.4239 0.11731 2
    endloop
  endfacet
  facet normal 0 0 1
    outer loop
      vertex 70.4239 0.11731 2
      vertex 69.0219 1.21662 2
      vertex 70.366 0 2
    endloop
  endfacet
  facet normal 0 0 1
    outer loop
      vertex 70.366 0 2
      vertex 69.0219 1.21662 2
      vertex 70.2934 -0.108765 2
    endloop
  endfacet
  facet normal 0 0 1
    outer loop
      vertex 70.2934 -0.108765 2
      vertex 69.0219 1.21662 2
      vertex 70.2071 -0.207108 2
    endloop
  endfacet
  facet normal 0 0 1
    outer loop
      vertex 70.2071 -0.207108 2
      vertex 69.0219 1.21662 2
      vertex 70.1088 -0.29335 2
    endloop
  endfacet
  facet normal 0 0 1
    outer loop
      vertex 70.1088 -0.29335 2
      vertex 69.0219 1.21662 2
      vertex 70 -0.366028 2
    endloop
  endfacet
  facet normal 0 0 1
    outer loop
      vertex 70 -0.366028 2
      vertex 69.0219 1.21662 2
      vertex 69.8827 -0.423874 2
    endloop
  endfacet
  facet normal 0 0 1
    outer loop
      vertex 69.8827 -0.423874 2
      vertex 69.0219 1.21662 2
      vertex 69.7588 -0.465927 2
    endloop
  endfacet
  facet normal 0 0 1
    outer loop
      vertex 69.7588 -0.465927 2
      vertex 69.0219 1.21662 2
      vertex 69.6305 -0.49144 2
    endloop
  endfacet
  facet normal 0 0 1
    outer loop
      vertex 69.6305 -0.49144 2
      vertex 69.0219 1.21662 2
      vertex 69.5 -0.5 2
    endloop
  endfacet
  facet normal -0 0 1
    outer loop
      vertex 68.75 1.03494 2
      vertex 69.5 -0.5 2
      vertex 69.0219 1.21662 2
    endloop
  endfacet
  facet normal -0 0 1
    outer loop
      vertex 68.4567 0.890302 2
      vertex 69.5 -0.5 2
      vertex 68.75 1.03494 2
    endloop
  endfacet
  facet normal -0 0 1
    outer loop
      vertex 68.147 0.785186 2
      vertex 69.5 -0.5 2
      vertex 68.4567 0.890302 2
    endloop
  endfacet
  facet normal -0 0 1
    outer loop
      vertex 67.8263 0.721388 2
      vertex 69.5 -0.5 2
      vertex 68.147 0.785186 2
    endloop
  endfacet
  facet normal -0 0 1
    outer loop
      vertex 67.5 0.700001 2
      vertex 69.5 -0.5 2
      vertex 67.8263 0.721388 2
    endloop
  endfacet
  facet normal 0 0 1
    outer loop
      vertex 67.1737 0.721388 2
      vertex 69.5 -0.5 2
      vertex 67.5 0.700001 2
    endloop
  endfacet
  facet normal 0 0 1
    outer loop
      vertex 66.853 0.785186 2
      vertex 69.5 -0.5 2
      vertex 67.1737 0.721388 2
    endloop
  endfacet
  facet normal 0 0 1
    outer loop
      vertex 66.5433 0.890302 2
      vertex 69.5 -0.5 2
      vertex 66.853 0.785186 2
    endloop
  endfacet
  facet normal 0 0 1
    outer loop
      vertex 65.1903 4.15671 2
      vertex 48.7599 7.29005 2
      vertex 65.0852 3.84705 2
    endloop
  endfacet
  facet normal 0 0 1
    outer loop
      vertex 65.0852 3.84705 2
      vertex 48.7599 7.29005 2
      vertex 65.0214 3.52632 2
    endloop
  endfacet
  facet normal 0 0 1
    outer loop
      vertex 65.0214 3.52632 2
      vertex 48.7599 7.29005 2
      vertex 65 3.2 2
    endloop
  endfacet
  facet normal 0 0 1
    outer loop
      vertex 65 3.2 2
      vertex 48.7599 7.29005 2
      vertex 65.0214 2.87368 2
    endloop
  endfacet
  facet normal 0 0 1
    outer loop
      vertex 65.0214 2.87368 2
      vertex 48.7599 7.29005 2
      vertex 65.0852 2.55295 2
    endloop
  endfacet
  facet normal 0 0 1
    outer loop
      vertex 65.0852 2.55295 2
      vertex 48.7599 7.29005 2
      vertex 65.1903 2.24329 2
    endloop
  endfacet
  facet normal 0 0 1
    outer loop
      vertex 65.1903 2.24329 2
      vertex 48.7599 7.29005 2
      vertex 65.3349 1.95 2
    endloop
  endfacet
  facet normal 0 0 1
    outer loop
      vertex 65.3349 1.95 2
      vertex 48.7599 7.29005 2
      vertex 65.5166 1.6781 2
    endloop
  endfacet
  facet normal 0 0 1
    outer loop
      vertex 65.5166 1.6781 2
      vertex 48.7599 7.29005 2
      vertex 65.7322 1.43223 2
    endloop
  endfacet
  facet normal 0 0 1
    outer loop
      vertex 48.7599 7.29005 2
      vertex 65.9781 1.21662 2
      vertex 65.7322 1.43223 2
    endloop
  endfacet
  facet normal 0 0 1
    outer loop
      vertex 48.7599 7.29005 2
      vertex 66.25 1.03494 2
      vertex 65.9781 1.21662 2
    endloop
  endfacet
  facet normal -0 0 1
    outer loop
      vertex 24.74 7.29005 2
      vertex 66.25 1.03494 2
      vertex 48.7599 7.29005 2
    endloop
  endfacet
  facet normal 0 0 1
    outer loop
      vertex 66.25 1.03494 2
      vertex 24.74 7.29005 2
      vertex 66.5433 0.890302 2
    endloop
  endfacet
  facet normal 0 0 1
    outer loop
      vertex 3.45671 0.890302 2
      vertex 66.5433 0.890302 2
      vertex 24.74 7.29005 2
    endloop
  endfacet
  facet normal -0 0 1
    outer loop
      vertex 4.8097 85.8433 2
      vertex 26.4 65.4 2
      vertex 4.91481 86.153 2
    endloop
  endfacet
  facet normal 0 0 1
    outer loop
      vertex 24.74 20.3099 2
      vertex 5 3.2 2
      vertex 24.74 7.29005 2
    endloop
  endfacet
  facet normal 0 0 1
    outer loop
      vertex 4.97861 2.87368 2
      vertex 24.74 7.29005 2
      vertex 5 3.2 2
    endloop
  endfacet
  facet normal 0 0 1
    outer loop
      vertex 4.91481 2.55295 2
      vertex 24.74 7.29005 2
      vertex 4.97861 2.87368 2
    endloop
  endfacet
  facet normal 0 0 1
    outer loop
      vertex 4.8097 2.24329 2
      vertex 24.74 7.29005 2
      vertex 4.91481 2.55295 2
    endloop
  endfacet
  facet normal 0 0 1
    outer loop
      vertex 4.66506 1.95 2
      vertex 24.74 7.29005 2
      vertex 4.8097 2.24329 2
    endloop
  endfacet
  facet normal 0 0 1
    outer loop
      vertex 4.48338 1.6781 2
      vertex 24.74 7.29005 2
      vertex 4.66506 1.95 2
    endloop
  endfacet
  facet normal 0 0 1
    outer loop
      vertex 4.26777 1.43223 2
      vertex 24.74 7.29005 2
      vertex 4.48338 1.6781 2
    endloop
  endfacet
  facet normal 0 0 1
    outer loop
      vertex 4.0219 1.21662 2
      vertex 24.74 7.29005 2
      vertex 4.26777 1.43223 2
    endloop
  endfacet
  facet normal 0 0 1
    outer loop
      vertex 3.75 1.03494 2
      vertex 24.74 7.29005 2
      vertex 4.0219 1.21662 2
    endloop
  endfacet
  facet normal 0 0 1
    outer loop
      vertex 3.45671 0.890302 2
      vertex 24.74 7.29005 2
      vertex 3.75 1.03494 2
    endloop
  endfacet
  facet normal 0 0 1
    outer loop
      vertex 66.5433 0.890302 2
      vertex 3.45671 0.890302 2
      vertex 69.5 -0.5 2
    endloop
  endfacet
  facet normal 0 0 1
    outer loop
      vertex 0.5 -0.5 2
      vertex 3.45671 0.890302 2
      vertex 3.14705 0.785186 2
    endloop
  endfacet
  facet normal 0 0 1
    outer loop
      vertex 0.5 -0.5 2
      vertex 3.14705 0.785186 2
      vertex 2.82631 0.721388 2
    endloop
  endfacet
  facet normal 0 0 1
    outer loop
      vertex 0.5 -0.5 2
      vertex 2.82631 0.721388 2
      vertex 2.5 0.700001 2
    endloop
  endfacet
  facet normal 0 0 1
    outer loop
      vertex 3.45671 0.890302 2
      vertex 0.5 -0.5 2
      vertex 69.5 -0.5 2
    endloop
  endfacet
  facet normal 0 0 1
    outer loop
      vertex 2.17368 0.721388 2
      vertex 0.5 -0.5 2
      vertex 2.5 0.700001 2
    endloop
  endfacet
  facet normal 0 0 1
    outer loop
      vertex 1.85295 0.785186 2
      vertex 0.5 -0.5 2
      vertex 2.17368 0.721388 2
    endloop
  endfacet
  facet normal 0 0 1
    outer loop
      vertex 1.54329 0.890302 2
      vertex 0.5 -0.5 2
      vertex 1.85295 0.785186 2
    endloop
  endfacet
  facet normal 0 0 1
    outer loop
      vertex 1.25 1.03494 2
      vertex 0.5 -0.5 2
      vertex 1.54329 0.890302 2
    endloop
  endfacet
  facet normal 0 0 1
    outer loop
      vertex 0.978096 1.21662 2
      vertex 0.5 -0.5 2
      vertex 1.25 1.03494 2
    endloop
  endfacet
  facet normal 0 0 1
    outer loop
      vertex -0.108765 -0.29335 2
      vertex 0.978096 1.21662 2
      vertex 0.732232 1.43223 2
    endloop
  endfacet
  facet normal 0 0 1
    outer loop
      vertex -0.108765 -0.29335 2
      vertex 0.732232 1.43223 2
      vertex 0.516616 1.6781 2
    endloop
  endfacet
  facet normal 0 -0 1
    outer loop
      vertex 0.24118 -0.465927 2
      vertex 0.978096 1.21662 2
      vertex 0 -0.366028 2
    endloop
  endfacet
  facet normal 0 0 1
    outer loop
      vertex -0.108765 -0.29335 2
      vertex 0.516616 1.6781 2
      vertex 0.334936 1.95 2
    endloop
  endfacet
  facet normal 0 0 1
    outer loop
      vertex 0.978096 1.21662 2
      vertex 0.369476 -0.49144 2
      vertex 0.5 -0.5 2
    endloop
  endfacet
  facet normal 0 0 1
    outer loop
      vertex -0.108765 -0.29335 2
      vertex 0.334936 1.95 2
      vertex 0.190301 2.24329 2
    endloop
  endfacet
  facet normal 0 0 1
    outer loop
      vertex 0.978096 1.21662 2
      vertex 0.24118 -0.465927 2
      vertex 0.369476 -0.49144 2
    endloop
  endfacet
  facet normal 0 0 1
    outer loop
      vertex -0.108765 -0.29335 2
      vertex 0.190301 2.24329 2
      vertex 0.0851851 2.55295 2
    endloop
  endfacet
  facet normal 0 0 1
    outer loop
      vertex -0.108765 -0.29335 2
      vertex 0.0851851 2.55295 2
      vertex 0.0213871 2.87368 2
    endloop
  endfacet
  facet normal 0 0 1
    outer loop
      vertex -0.5 0.5 2
      vertex 0.0213871 2.87368 2
      vertex 0 3.2 2
    endloop
  endfacet
  facet normal 0 0 1
    outer loop
      vertex 0.24118 -0.465927 2
      vertex 0 -0.366028 2
      vertex 0.11731 -0.423874 2
    endloop
  endfacet
  facet normal 0.751849 0.659335 0
    outer loop
      vertex -0.207108 -0.207108 6.2
      vertex -0.29335 -0.108765 2
      vertex -0.29335 -0.108765 6.2
    endloop
  endfacet
  facet normal 0.751849 0.659335 0
    outer loop
      vertex -0.29335 -0.108765 2
      vertex -0.207108 -0.207108 6.2
      vertex -0.207108 -0.207108 2
    endloop
  endfacet
  facet normal 0.751706 -0.659498 0
    outer loop
      vertex -0.29335 90.1088 6.2
      vertex -0.207108 90.2071 2
      vertex -0.207108 90.2071 6.2
    endloop
  endfacet
  facet normal 0.751706 -0.659498 0
    outer loop
      vertex -0.207108 90.2071 2
      vertex -0.29335 90.1088 6.2
      vertex -0.29335 90.1088 2
    endloop
  endfacet
  facet normal 0 1 -0
    outer loop
      vertex 69.5 -0.5 2
      vertex 0.5 -0.5 6.2
      vertex 69.5 -0.5 6.2
    endloop
  endfacet
  facet normal 0 1 0
    outer loop
      vertex 0.5 -0.5 6.2
      vertex 69.5 -0.5 2
      vertex 0.5 -0.5 2
    endloop
  endfacet
  facet normal -0.659749 -0.751486 0
    outer loop
      vertex 70.1088 90.2934 2
      vertex 70.2071 90.2071 6.2
      vertex 70.1088 90.2934 6.2
    endloop
  endfacet
  facet normal -0.659749 -0.751486 -0
    outer loop
      vertex 70.2071 90.2071 6.2
      vertex 70.1088 90.2934 2
      vertex 70.2071 90.2071 2
    endloop
  endfacet
  facet normal 0.321472 0.946919 -0
    outer loop
      vertex 0.24118 -0.465927 2
      vertex 0.11731 -0.423874 6.2
      vertex 0.24118 -0.465927 6.2
    endloop
  endfacet
  facet normal 0.321472 0.946919 0
    outer loop
      vertex 0.11731 -0.423874 6.2
      vertex 0.24118 -0.465927 2
      vertex 0.11731 -0.423874 2
    endloop
  endfacet
  facet normal 0.831457 0.555589 0
    outer loop
      vertex -0.29335 -0.108765 6.2
      vertex -0.366028 0 2
      vertex -0.366028 0 6.2
    endloop
  endfacet
  facet normal 0.831457 0.555589 0
    outer loop
      vertex -0.366028 0 2
      vertex -0.29335 -0.108765 6.2
      vertex -0.29335 -0.108765 2
    endloop
  endfacet
  facet normal 0.980795 0.195041 0
    outer loop
      vertex -0.465927 0.24118 6.2
      vertex -0.49144 0.369476 2
      vertex -0.49144 0.369476 6.2
    endloop
  endfacet
  facet normal 0.980795 0.195041 0
    outer loop
      vertex -0.49144 0.369476 2
      vertex -0.465927 0.24118 6.2
      vertex -0.465927 0.24118 2
    endloop
  endfacet
  facet normal 0.83154 -0.555465 0
    outer loop
      vertex -0.366028 90 6.2
      vertex -0.29335 90.1088 2
      vertex -0.29335 90.1088 6.2
    endloop
  endfacet
  facet normal 0.83154 -0.555465 0
    outer loop
      vertex -0.29335 90.1088 2
      vertex -0.366028 90 6.2
      vertex -0.366028 90 2
    endloop
  endfacet
  facet normal 0.194946 -0.980814 0
    outer loop
      vertex 0.24118 90.4659 2
      vertex 0.369476 90.4914 6.2
      vertex 0.24118 90.4659 6.2
    endloop
  endfacet
  facet normal 0.194946 -0.980814 0
    outer loop
      vertex 0.369476 90.4914 6.2
      vertex 0.24118 90.4659 2
      vertex 0.369476 90.4914 2
    endloop
  endfacet
  facet normal 0.980796 -0.195035 0
    outer loop
      vertex -0.49144 89.6305 6.2
      vertex -0.465927 89.7588 2
      vertex -0.465927 89.7588 6.2
    endloop
  endfacet
  facet normal 0.980796 -0.195035 0
    outer loop
      vertex -0.465927 89.7588 2
      vertex -0.49144 89.6305 6.2
      vertex -0.49144 89.6305 2
    endloop
  endfacet
  facet normal -0.751629 0.659586 0
    outer loop
      vertex 70.2071 -0.207108 2
      vertex 70.2934 -0.108765 6.2
      vertex 70.2934 -0.108765 2
    endloop
  endfacet
  facet normal -0.751629 0.659586 0
    outer loop
      vertex 70.2934 -0.108765 6.2
      vertex 70.2071 -0.207108 2
      vertex 70.2071 -0.207108 6.2
    endloop
  endfacet
  facet normal 0.997856 0.0654412 0
    outer loop
      vertex -0.49144 0.369476 6.2
      vertex -0.5 0.5 2
      vertex -0.5 0.5 6.2
    endloop
  endfacet
  facet normal 0.997856 0.0654412 0
    outer loop
      vertex -0.5 0.5 2
      vertex -0.49144 0.369476 6.2
      vertex -0.49144 0.369476 2
    endloop
  endfacet
  facet normal 0.195041 0.980795 -0
    outer loop
      vertex 0.369476 -0.49144 2
      vertex 0.24118 -0.465927 6.2
      vertex 0.369476 -0.49144 6.2
    endloop
  endfacet
  facet normal 0.195041 0.980795 0
    outer loop
      vertex 0.24118 -0.465927 6.2
      vertex 0.369476 -0.49144 2
      vertex 0.24118 -0.465927 2
    endloop
  endfacet
  facet normal -0.997836 0.0657457 0
    outer loop
      vertex 70.4914 0.369476 2
      vertex 70.5 0.5 6.2
      vertex 70.5 0.5 2
    endloop
  endfacet
  facet normal -0.997836 0.0657457 0
    outer loop
      vertex 70.5 0.5 6.2
      vertex 70.4914 0.369476 2
      vertex 70.4914 0.369476 6.2
    endloop
  endfacet
  facet normal 0.946943 -0.321403 0
    outer loop
      vertex -0.465927 89.7588 6.2
      vertex -0.423874 89.8827 2
      vertex -0.423874 89.8827 6.2
    endloop
  endfacet
  facet normal 0.946943 -0.321403 0
    outer loop
      vertex -0.423874 89.8827 2
      vertex -0.465927 89.7588 6.2
      vertex -0.465927 89.7588 2
    endloop
  endfacet
  facet normal 0.659586 -0.751629 0
    outer loop
      vertex -0.207108 90.2071 2
      vertex -0.108765 90.2934 6.2
      vertex -0.207108 90.2071 6.2
    endloop
  endfacet
  facet normal 0.659586 -0.751629 0
    outer loop
      vertex -0.108765 90.2934 6.2
      vertex -0.207108 90.2071 2
      vertex -0.108765 90.2934 2
    endloop
  endfacet
  facet normal 0.0657457 -0.997836 0
    outer loop
      vertex 0.369476 90.4914 2
      vertex 0.5 90.5 6.2
      vertex 0.369476 90.4914 6.2
    endloop
  endfacet
  facet normal 0.0657457 -0.997836 0
    outer loop
      vertex 0.5 90.5 6.2
      vertex 0.369476 90.4914 2
      vertex 0.5 90.5 2
    endloop
  endfacet
  facet normal -0.321403 0.946943 0
    outer loop
      vertex 69.8827 -0.423874 2
      vertex 69.7588 -0.465927 6.2
      vertex 69.8827 -0.423874 6.2
    endloop
  endfacet
  facet normal -0.321403 0.946943 0
    outer loop
      vertex 69.7588 -0.465927 6.2
      vertex 69.8827 -0.423874 2
      vertex 69.7588 -0.465927 2
    endloop
  endfacet
  facet normal 0.321109 -0.947042 0
    outer loop
      vertex 0.11731 90.4239 2
      vertex 0.24118 90.4659 6.2
      vertex 0.11731 90.4239 6.2
    endloop
  endfacet
  facet normal 0.321109 -0.947042 0
    outer loop
      vertex 0.24118 90.4659 6.2
      vertex 0.11731 90.4239 2
      vertex 0.24118 90.4659 2
    endloop
  endfacet
  facet normal 0.946919 0.321472 0
    outer loop
      vertex -0.423874 0.11731 6.2
      vertex -0.465927 0.24118 2
      vertex -0.465927 0.24118 6.2
    endloop
  endfacet
  facet normal 0.946919 0.321472 0
    outer loop
      vertex -0.465927 0.24118 2
      vertex -0.423874 0.11731 6.2
      vertex -0.423874 0.11731 2
    endloop
  endfacet
  facet normal 0.555589 0.831457 -0
    outer loop
      vertex 0 -0.366028 2
      vertex -0.108765 -0.29335 6.2
      vertex 0 -0.366028 6.2
    endloop
  endfacet
  facet normal 0.555589 0.831457 0
    outer loop
      vertex -0.108765 -0.29335 6.2
      vertex 0 -0.366028 2
      vertex -0.108765 -0.29335 2
    endloop
  endfacet
  facet normal 0.659335 0.751849 -0
    outer loop
      vertex -0.108765 -0.29335 2
      vertex -0.207108 -0.207108 6.2
      vertex -0.108765 -0.29335 6.2
    endloop
  endfacet
  facet normal 0.659335 0.751849 0
    outer loop
      vertex -0.207108 -0.207108 6.2
      vertex -0.108765 -0.29335 2
      vertex -0.207108 -0.207108 2
    endloop
  endfacet
  facet normal -0.0654532 0.997856 0
    outer loop
      vertex 69.6305 -0.49144 2
      vertex 69.5 -0.5 6.2
      vertex 69.6305 -0.49144 6.2
    endloop
  endfacet
  facet normal -0.0654532 0.997856 0
    outer loop
      vertex 69.5 -0.5 6.2
      vertex 69.6305 -0.49144 2
      vertex 69.5 -0.5 2
    endloop
  endfacet
  facet normal -0.555465 0.83154 0
    outer loop
      vertex 70.1088 -0.29335 2
      vertex 70 -0.366028 6.2
      vertex 70.1088 -0.29335 6.2
    endloop
  endfacet
  facet normal -0.555465 0.83154 0
    outer loop
      vertex 70 -0.366028 6.2
      vertex 70.1088 -0.29335 2
      vertex 70 -0.366028 2
    endloop
  endfacet
  facet normal -0.751486 -0.659749 0
    outer loop
      vertex 70.2934 90.1088 2
      vertex 70.2071 90.2071 6.2
      vertex 70.2071 90.2071 2
    endloop
  endfacet
  facet normal -0.751486 -0.659749 0
    outer loop
      vertex 70.2071 90.2071 6.2
      vertex 70.2934 90.1088 2
      vertex 70.2934 90.1088 6.2
    endloop
  endfacet
  facet normal -0.896709 -0.442621 0
    outer loop
      vertex 70.4239 89.8827 2
      vertex 70.366 90 6.2
      vertex 70.366 90 2
    endloop
  endfacet
  facet normal -0.896709 -0.442621 0
    outer loop
      vertex 70.366 90 6.2
      vertex 70.4239 89.8827 2
      vertex 70.4239 89.8827 6.2
    endloop
  endfacet
  facet normal 0.997856 -0.0654532 0
    outer loop
      vertex -0.5 89.5 6.2
      vertex -0.49144 89.6305 2
      vertex -0.49144 89.6305 6.2
    endloop
  endfacet
  facet normal 0.997856 -0.0654532 0
    outer loop
      vertex -0.49144 89.6305 2
      vertex -0.5 89.5 6.2
      vertex -0.5 89.5 2
    endloop
  endfacet
  facet normal -0.831815 -0.555053 0
    outer loop
      vertex 70.366 90 2
      vertex 70.2934 90.1088 6.2
      vertex 70.2934 90.1088 2
    endloop
  endfacet
  facet normal -0.831815 -0.555053 0
    outer loop
      vertex 70.2934 90.1088 6.2
      vertex 70.366 90 2
      vertex 70.366 90 6.2
    endloop
  endfacet
  facet normal -0.896724 0.442591 0
    outer loop
      vertex 70.366 0 2
      vertex 70.4239 0.11731 6.2
      vertex 70.4239 0.11731 2
    endloop
  endfacet
  facet normal -0.896724 0.442591 0
    outer loop
      vertex 70.4239 0.11731 6.2
      vertex 70.366 0 2
      vertex 70.366 0 6.2
    endloop
  endfacet
  facet normal -0.442289 0.896873 0
    outer loop
      vertex 70 -0.366028 2
      vertex 69.8827 -0.423874 6.2
      vertex 70 -0.366028 6.2
    endloop
  endfacet
  facet normal -0.442289 0.896873 0
    outer loop
      vertex 69.8827 -0.423874 6.2
      vertex 70 -0.366028 2
      vertex 69.8827 -0.423874 2
    endloop
  endfacet
  facet normal -0.997836 -0.0657577 0
    outer loop
      vertex 70.5 89.5 2
      vertex 70.4914 89.6305 6.2
      vertex 70.4914 89.6305 2
    endloop
  endfacet
  facet normal -0.997836 -0.0657577 0
    outer loop
      vertex 70.4914 89.6305 6.2
      vertex 70.5 89.5 2
      vertex 70.5 89.5 6.2
    endloop
  endfacet
  facet normal -0.442621 -0.896709 0
    outer loop
      vertex 69.8827 90.4239 2
      vertex 70 90.366 6.2
      vertex 69.8827 90.4239 6.2
    endloop
  endfacet
  facet normal -0.442621 -0.896709 -0
    outer loop
      vertex 70 90.366 6.2
      vertex 69.8827 90.4239 2
      vertex 70 90.366 2
    endloop
  endfacet
  facet normal -0.555053 -0.831815 0
    outer loop
      vertex 70 90.366 2
      vertex 70.1088 90.2934 6.2
      vertex 70 90.366 6.2
    endloop
  endfacet
  facet normal -0.555053 -0.831815 -0
    outer loop
      vertex 70.1088 90.2934 6.2
      vertex 70 90.366 2
      vertex 70.1088 90.2934 2
    endloop
  endfacet
  facet normal 0.195093 0.980785 -0
    outer loop
      vertex 3.14705 89.2148 2
      vertex 2.82631 89.2786 9.5
      vertex 3.14705 89.2148 9.5
    endloop
  endfacet
  facet normal 0.195093 0.980785 0
    outer loop
      vertex 2.82631 89.2786 9.5
      vertex 3.14705 89.2148 2
      vertex 2.82631 89.2786 2
    endloop
  endfacet
  facet normal 0.98078 -0.195116 0
    outer loop
      vertex 4.91481 86.153 9.5
      vertex 4.97861 86.4737 2
      vertex 4.97861 86.4737 9.5
    endloop
  endfacet
  facet normal 0.98078 -0.195116 0
    outer loop
      vertex 4.97861 86.4737 2
      vertex 4.91481 86.153 9.5
      vertex 4.91481 86.153 2
    endloop
  endfacet
  facet normal 0.997858 -0.0654128 0
    outer loop
      vertex 4.97861 86.4737 9.5
      vertex 5 86.8 2
      vertex 5 86.8 9.5
    endloop
  endfacet
  facet normal 0.997858 -0.0654128 0
    outer loop
      vertex 5 86.8 2
      vertex 4.97861 86.4737 9.5
      vertex 4.97861 86.4737 2
    endloop
  endfacet
  facet normal -0.980781 -0.19511 0
    outer loop
      vertex 0.0851851 86.153 2
      vertex 0.0213871 86.4737 9.5
      vertex 0.0213871 86.4737 2
    endloop
  endfacet
  facet normal -0.980781 -0.19511 0
    outer loop
      vertex 0.0213871 86.4737 9.5
      vertex 0.0851851 86.153 2
      vertex 0.0851851 86.153 9.5
    endloop
  endfacet
  facet normal 0.0654412 -0.997856 0
    outer loop
      vertex 2.5 84.3 2
      vertex 2.82631 84.3214 9.5
      vertex 2.5 84.3 9.5
    endloop
  endfacet
  facet normal 0.0654412 -0.997856 0
    outer loop
      vertex 2.82631 84.3214 9.5
      vertex 2.5 84.3 2
      vertex 2.82631 84.3214 2
    endloop
  endfacet
  facet normal -0.896878 -0.442277 0
    outer loop
      vertex 0.334936 85.55 2
      vertex 0.190301 85.8433 9.5
      vertex 0.190301 85.8433 2
    endloop
  endfacet
  facet normal -0.896878 -0.442277 0
    outer loop
      vertex 0.190301 85.8433 9.5
      vertex 0.334936 85.55 2
      vertex 0.334936 85.55 9.5
    endloop
  endfacet
  facet normal -0.751889 0.65929 0
    outer loop
      vertex 0.516616 88.3219 2
      vertex 0.732232 88.5678 9.5
      vertex 0.732232 88.5678 2
    endloop
  endfacet
  facet normal -0.751889 0.65929 0
    outer loop
      vertex 0.732232 88.5678 9.5
      vertex 0.516616 88.3219 2
      vertex 0.516616 88.3219 9.5
    endloop
  endfacet
  facet normal 0.946916 0.32148 0
    outer loop
      vertex 4.91481 87.4471 9.5
      vertex 4.8097 87.7567 2
      vertex 4.8097 87.7567 9.5
    endloop
  endfacet
  facet normal 0.946916 0.32148 0
    outer loop
      vertex 4.8097 87.7567 2
      vertex 4.91481 87.4471 9.5
      vertex 4.91481 87.4471 2
    endloop
  endfacet
  facet normal 0.0654412 0.997856 -0
    outer loop
      vertex 2.82631 89.2786 2
      vertex 2.5 89.3 9.5
      vertex 2.82631 89.2786 9.5
    endloop
  endfacet
  facet normal 0.0654412 0.997856 0
    outer loop
      vertex 2.5 89.3 9.5
      vertex 2.82631 89.2786 2
      vertex 2.5 89.3 2
    endloop
  endfacet
  facet normal 0.659307 0.751873 -0
    outer loop
      vertex 4.26777 88.5678 2
      vertex 4.0219 88.7834 9.5
      vertex 4.26777 88.5678 9.5
    endloop
  endfacet
  facet normal 0.659307 0.751873 0
    outer loop
      vertex 4.0219 88.7834 9.5
      vertex 4.26777 88.5678 2
      vertex 4.0219 88.7834 2
    endloop
  endfacet
  facet normal -0.946942 -0.321404 0
    outer loop
      vertex 0.190301 85.8433 2
      vertex 0.0851851 86.153 9.5
      vertex 0.0851851 86.153 2
    endloop
  endfacet
  facet normal -0.946942 -0.321404 0
    outer loop
      vertex 0.0851851 86.153 9.5
      vertex 0.190301 85.8433 2
      vertex 0.190301 85.8433 9.5
    endloop
  endfacet
  facet normal 0.195093 -0.980785 0
    outer loop
      vertex 2.82631 84.3214 2
      vertex 3.14705 84.3852 9.5
      vertex 2.82631 84.3214 9.5
    endloop
  endfacet
  facet normal 0.195093 -0.980785 0
    outer loop
      vertex 3.14705 84.3852 9.5
      vertex 2.82631 84.3214 2
      vertex 3.14705 84.3852 2
    endloop
  endfacet
  facet normal -0.0654392 0.997857 0
    outer loop
      vertex 2.5 89.3 2
      vertex 2.17368 89.2786 9.5
      vertex 2.5 89.3 9.5
    endloop
  endfacet
  facet normal -0.0654392 0.997857 0
    outer loop
      vertex 2.17368 89.2786 9.5
      vertex 2.5 89.3 2
      vertex 2.17368 89.2786 2
    endloop
  endfacet
  facet normal 0.946948 -0.321387 0
    outer loop
      vertex 4.8097 85.8433 9.5
      vertex 4.91481 86.153 2
      vertex 4.91481 86.153 9.5
    endloop
  endfacet
  facet normal 0.946948 -0.321387 0
    outer loop
      vertex 4.91481 86.153 2
      vertex 4.8097 85.8433 9.5
      vertex 4.8097 85.8433 2
    endloop
  endfacet
  facet normal 0.831466 -0.555575 0
    outer loop
      vertex 4.48338 85.2781 9.5
      vertex 4.66506 85.55 2
      vertex 4.66506 85.55 9.5
    endloop
  endfacet
  facet normal 0.831466 -0.555575 0
    outer loop
      vertex 4.66506 85.55 2
      vertex 4.48338 85.2781 9.5
      vertex 4.48338 85.2781 2
    endloop
  endfacet
  facet normal 0.896872 0.44229 0
    outer loop
      vertex 4.8097 87.7567 9.5
      vertex 4.66506 88.05 2
      vertex 4.66506 88.05 9.5
    endloop
  endfacet
  facet normal 0.896872 0.44229 0
    outer loop
      vertex 4.66506 88.05 2
      vertex 4.8097 87.7567 9.5
      vertex 4.8097 87.7567 2
    endloop
  endfacet
  facet normal -0.555612 -0.831442 0
    outer loop
      vertex 0.978096 84.8166 2
      vertex 1.25 84.6349 9.5
      vertex 0.978096 84.8166 9.5
    endloop
  endfacet
  facet normal -0.555612 -0.831442 -0
    outer loop
      vertex 1.25 84.6349 9.5
      vertex 0.978096 84.8166 2
      vertex 1.25 84.6349 2
    endloop
  endfacet
  facet normal -0.321397 -0.946944 0
    outer loop
      vertex 1.54329 84.4903 2
      vertex 1.85295 84.3852 9.5
      vertex 1.54329 84.4903 9.5
    endloop
  endfacet
  facet normal -0.321397 -0.946944 -0
    outer loop
      vertex 1.85295 84.3852 9.5
      vertex 1.54329 84.4903 2
      vertex 1.85295 84.3852 2
    endloop
  endfacet
  facet normal 0 0 1
    outer loop
      vertex 3.95 86.8 9.5
      vertex 5 86.8 9.5
      vertex 4.97861 87.1263 9.5
    endloop
  endfacet
  facet normal 0 0 1
    outer loop
      vertex 3.93759 86.9893 9.5
      vertex 4.97861 87.1263 9.5
      vertex 4.91481 87.4471 9.5
    endloop
  endfacet
  facet normal 0 0 1
    outer loop
      vertex 5 86.8 9.5
      vertex 3.95 86.8 9.5
      vertex 4.97861 86.4737 9.5
    endloop
  endfacet
  facet normal 0 0 1
    outer loop
      vertex 3.90059 87.1753 9.5
      vertex 4.91481 87.4471 9.5
      vertex 4.8097 87.7567 9.5
    endloop
  endfacet
  facet normal -0 0 1
    outer loop
      vertex 3.93759 86.6107 9.5
      vertex 4.97861 86.4737 9.5
      vertex 3.95 86.8 9.5
    endloop
  endfacet
  facet normal 0 0 1
    outer loop
      vertex 3.83962 87.3549 9.5
      vertex 4.8097 87.7567 9.5
      vertex 4.66506 88.05 9.5
    endloop
  endfacet
  facet normal 0 0 1
    outer loop
      vertex 4.97861 86.4737 9.5
      vertex 3.93759 86.6107 9.5
      vertex 4.91481 86.153 9.5
    endloop
  endfacet
  facet normal 0 0 1
    outer loop
      vertex 3.75574 87.525 9.5
      vertex 4.66506 88.05 9.5
      vertex 4.48338 88.3219 9.5
    endloop
  endfacet
  facet normal -0 0 1
    outer loop
      vertex 3.90059 86.4247 9.5
      vertex 4.91481 86.153 9.5
      vertex 3.93759 86.6107 9.5
    endloop
  endfacet
  facet normal 0 0 1
    outer loop
      vertex 3.65036 87.6827 9.5
      vertex 4.48338 88.3219 9.5
      vertex 4.26777 88.5678 9.5
    endloop
  endfacet
  facet normal 0 0 1
    outer loop
      vertex 4.91481 86.153 9.5
      vertex 3.90059 86.4247 9.5
      vertex 4.8097 85.8433 9.5
    endloop
  endfacet
  facet normal 0 0 1
    outer loop
      vertex 3.5253 87.8253 9.5
      vertex 4.26777 88.5678 9.5
      vertex 4.0219 88.7834 9.5
    endloop
  endfacet
  facet normal -0 0 1
    outer loop
      vertex 3.83962 86.2451 9.5
      vertex 4.8097 85.8433 9.5
      vertex 3.90059 86.4247 9.5
    endloop
  endfacet
  facet normal 0 0 1
    outer loop
      vertex 4.8097 85.8433 9.5
      vertex 3.83962 86.2451 9.5
      vertex 4.66506 85.55 9.5
    endloop
  endfacet
  facet normal 0 0 1
    outer loop
      vertex 4.97861 87.1263 9.5
      vertex 3.93759 86.9893 9.5
      vertex 3.95 86.8 9.5
    endloop
  endfacet
  facet normal 0 0 1
    outer loop
      vertex 4.91481 87.4471 9.5
      vertex 3.90059 87.1753 9.5
      vertex 3.93759 86.9893 9.5
    endloop
  endfacet
  facet normal 0 0 1
    outer loop
      vertex 4.8097 87.7567 9.5
      vertex 3.83962 87.3549 9.5
      vertex 3.90059 87.1753 9.5
    endloop
  endfacet
  facet normal 0 0 1
    outer loop
      vertex 4.66506 88.05 9.5
      vertex 3.75574 87.525 9.5
      vertex 3.83962 87.3549 9.5
    endloop
  endfacet
  facet normal 0 0 1
    outer loop
      vertex 3.3827 87.9504 9.5
      vertex 4.0219 88.7834 9.5
      vertex 3.75 88.9651 9.5
    endloop
  endfacet
  facet normal 0 0 1
    outer loop
      vertex 4.48338 88.3219 9.5
      vertex 3.65036 87.6827 9.5
      vertex 3.75574 87.525 9.5
    endloop
  endfacet
  facet normal 0 0 1
    outer loop
      vertex 4.26777 88.5678 9.5
      vertex 3.5253 87.8253 9.5
      vertex 3.65036 87.6827 9.5
    endloop
  endfacet
  facet normal 0 0 1
    outer loop
      vertex 3.225 88.0557 9.5
      vertex 3.75 88.9651 9.5
      vertex 3.45671 89.1097 9.5
    endloop
  endfacet
  facet normal 0 0 1
    outer loop
      vertex 4.0219 88.7834 9.5
      vertex 3.3827 87.9504 9.5
      vertex 3.5253 87.8253 9.5
    endloop
  endfacet
  facet normal 0 0 1
    outer loop
      vertex 3.75 88.9651 9.5
      vertex 3.225 88.0557 9.5
      vertex 3.3827 87.9504 9.5
    endloop
  endfacet
  facet normal 0 0 1
    outer loop
      vertex 3.05489 88.1396 9.5
      vertex 3.45671 89.1097 9.5
      vertex 3.14705 89.2148 9.5
    endloop
  endfacet
  facet normal 0 0 1
    outer loop
      vertex 3.45671 89.1097 9.5
      vertex 3.05489 88.1396 9.5
      vertex 3.225 88.0557 9.5
    endloop
  endfacet
  facet normal 0 0 1
    outer loop
      vertex 3.14705 89.2148 9.5
      vertex 2.87529 88.2006 9.5
      vertex 3.05489 88.1396 9.5
    endloop
  endfacet
  facet normal 0 0 1
    outer loop
      vertex 2.82631 89.2786 9.5
      vertex 2.87529 88.2006 9.5
      vertex 3.14705 89.2148 9.5
    endloop
  endfacet
  facet normal 0 0 1
    outer loop
      vertex 2.82631 89.2786 9.5
      vertex 2.68926 88.2376 9.5
      vertex 2.87529 88.2006 9.5
    endloop
  endfacet
  facet normal 0 0 1
    outer loop
      vertex 2.5 89.3 9.5
      vertex 2.68926 88.2376 9.5
      vertex 2.82631 89.2786 9.5
    endloop
  endfacet
  facet normal 0 0 1
    outer loop
      vertex 2.5 89.3 9.5
      vertex 2.5 88.25 9.5
      vertex 2.68926 88.2376 9.5
    endloop
  endfacet
  facet normal 0 0 1
    outer loop
      vertex 2.5 89.3 9.5
      vertex 2.31074 88.2376 9.5
      vertex 2.5 88.25 9.5
    endloop
  endfacet
  facet normal -0 0 1
    outer loop
      vertex 2.17368 89.2786 9.5
      vertex 2.31074 88.2376 9.5
      vertex 2.5 89.3 9.5
    endloop
  endfacet
  facet normal 0 0 1
    outer loop
      vertex 2.17368 89.2786 9.5
      vertex 2.12471 88.2006 9.5
      vertex 2.31074 88.2376 9.5
    endloop
  endfacet
  facet normal -0 0 1
    outer loop
      vertex 1.85295 89.2148 9.5
      vertex 2.12471 88.2006 9.5
      vertex 2.17368 89.2786 9.5
    endloop
  endfacet
  facet normal 0 0 1
    outer loop
      vertex 2.12471 88.2006 9.5
      vertex 1.85295 89.2148 9.5
      vertex 1.94511 88.1396 9.5
    endloop
  endfacet
  facet normal -0 0 1
    outer loop
      vertex 1.54329 89.1097 9.5
      vertex 1.94511 88.1396 9.5
      vertex 1.85295 89.2148 9.5
    endloop
  endfacet
  facet normal 0 0 1
    outer loop
      vertex 1.94511 88.1396 9.5
      vertex 1.54329 89.1097 9.5
      vertex 1.775 88.0557 9.5
    endloop
  endfacet
  facet normal -0 0 1
    outer loop
      vertex 1.25 88.9651 9.5
      vertex 1.775 88.0557 9.5
      vertex 1.54329 89.1097 9.5
    endloop
  endfacet
  facet normal 0 0 1
    outer loop
      vertex 1.775 88.0557 9.5
      vertex 1.25 88.9651 9.5
      vertex 1.6173 87.9504 9.5
    endloop
  endfacet
  facet normal -0 0 1
    outer loop
      vertex 0.978096 88.7834 9.5
      vertex 1.6173 87.9504 9.5
      vertex 1.25 88.9651 9.5
    endloop
  endfacet
  facet normal 0 0 1
    outer loop
      vertex 1.6173 87.9504 9.5
      vertex 0.978096 88.7834 9.5
      vertex 1.47469 87.8253 9.5
    endloop
  endfacet
  facet normal -0 0 1
    outer loop
      vertex 0.732232 88.5678 9.5
      vertex 1.47469 87.8253 9.5
      vertex 0.978096 88.7834 9.5
    endloop
  endfacet
  facet normal 0 0 1
    outer loop
      vertex 1.47469 87.8253 9.5
      vertex 0.732232 88.5678 9.5
      vertex 1.34964 87.6827 9.5
    endloop
  endfacet
  facet normal -0 0 1
    outer loop
      vertex 0.516616 88.3219 9.5
      vertex 1.34964 87.6827 9.5
      vertex 0.732232 88.5678 9.5
    endloop
  endfacet
  facet normal 0 0 1
    outer loop
      vertex 1.34964 87.6827 9.5
      vertex 0.516616 88.3219 9.5
      vertex 1.24426 87.525 9.5
    endloop
  endfacet
  facet normal 0 0 1
    outer loop
      vertex 1.24426 87.525 9.5
      vertex 0.334936 88.05 9.5
      vertex 1.16037 87.3549 9.5
    endloop
  endfacet
  facet normal -0 0 1
    outer loop
      vertex 0.334936 88.05 9.5
      vertex 1.24426 87.525 9.5
      vertex 0.516616 88.3219 9.5
    endloop
  endfacet
  facet normal -0 0 1
    outer loop
      vertex 3.75574 86.075 9.5
      vertex 4.66506 85.55 9.5
      vertex 3.83962 86.2451 9.5
    endloop
  endfacet
  facet normal 0 0 1
    outer loop
      vertex 4.66506 85.55 9.5
      vertex 3.75574 86.075 9.5
      vertex 4.48338 85.2781 9.5
    endloop
  endfacet
  facet normal -0 0 1
    outer loop
      vertex 3.65036 85.9173 9.5
      vertex 4.48338 85.2781 9.5
      vertex 3.75574 86.075 9.5
    endloop
  endfacet
  facet normal 0 0 1
    outer loop
      vertex 4.48338 85.2781 9.5
      vertex 3.65036 85.9173 9.5
      vertex 4.26777 85.0322 9.5
    endloop
  endfacet
  facet normal -0 0 1
    outer loop
      vertex 3.5253 85.7747 9.5
      vertex 4.26777 85.0322 9.5
      vertex 3.65036 85.9173 9.5
    endloop
  endfacet
  facet normal 0 0 1
    outer loop
      vertex 4.26777 85.0322 9.5
      vertex 3.5253 85.7747 9.5
      vertex 4.0219 84.8166 9.5
    endloop
  endfacet
  facet normal -0 0 1
    outer loop
      vertex 3.3827 85.6496 9.5
      vertex 4.0219 84.8166 9.5
      vertex 3.5253 85.7747 9.5
    endloop
  endfacet
  facet normal 0 0 1
    outer loop
      vertex 4.0219 84.8166 9.5
      vertex 3.3827 85.6496 9.5
      vertex 3.75 84.6349 9.5
    endloop
  endfacet
  facet normal -0 0 1
    outer loop
      vertex 3.225 85.5443 9.5
      vertex 3.75 84.6349 9.5
      vertex 3.3827 85.6496 9.5
    endloop
  endfacet
  facet normal 0 0 1
    outer loop
      vertex 3.75 84.6349 9.5
      vertex 3.225 85.5443 9.5
      vertex 3.45671 84.4903 9.5
    endloop
  endfacet
  facet normal -0 0 1
    outer loop
      vertex 3.05489 85.4604 9.5
      vertex 3.45671 84.4903 9.5
      vertex 3.225 85.5443 9.5
    endloop
  endfacet
  facet normal 0 0 1
    outer loop
      vertex 3.45671 84.4903 9.5
      vertex 3.05489 85.4604 9.5
      vertex 3.14705 84.3852 9.5
    endloop
  endfacet
  facet normal -0 0 1
    outer loop
      vertex 2.87529 85.3994 9.5
      vertex 3.14705 84.3852 9.5
      vertex 3.05489 85.4604 9.5
    endloop
  endfacet
  facet normal 0 0 1
    outer loop
      vertex 2.87529 85.3994 9.5
      vertex 2.82631 84.3214 9.5
      vertex 3.14705 84.3852 9.5
    endloop
  endfacet
  facet normal -0 0 1
    outer loop
      vertex 2.68926 85.3624 9.5
      vertex 2.82631 84.3214 9.5
      vertex 2.87529 85.3994 9.5
    endloop
  endfacet
  facet normal -0 0 1
    outer loop
      vertex 2.5 85.35 9.5
      vertex 2.82631 84.3214 9.5
      vertex 2.68926 85.3624 9.5
    endloop
  endfacet
  facet normal 0 0 1
    outer loop
      vertex 2.5 85.35 9.5
      vertex 2.5 84.3 9.5
      vertex 2.82631 84.3214 9.5
    endloop
  endfacet
  facet normal 0 0 1
    outer loop
      vertex 2.31074 85.3624 9.5
      vertex 2.5 84.3 9.5
      vertex 2.5 85.35 9.5
    endloop
  endfacet
  facet normal 0 0 1
    outer loop
      vertex 2.31074 85.3624 9.5
      vertex 2.17368 84.3214 9.5
      vertex 2.5 84.3 9.5
    endloop
  endfacet
  facet normal 0 0 1
    outer loop
      vertex 2.12471 85.3994 9.5
      vertex 2.17368 84.3214 9.5
      vertex 2.31074 85.3624 9.5
    endloop
  endfacet
  facet normal 0 0 1
    outer loop
      vertex 1.85295 84.3852 9.5
      vertex 2.12471 85.3994 9.5
      vertex 1.94511 85.4604 9.5
    endloop
  endfacet
  facet normal 0 0 1
    outer loop
      vertex 2.12471 85.3994 9.5
      vertex 1.85295 84.3852 9.5
      vertex 2.17368 84.3214 9.5
    endloop
  endfacet
  facet normal 0 0 1
    outer loop
      vertex 1.54329 84.4903 9.5
      vertex 1.94511 85.4604 9.5
      vertex 1.775 85.5443 9.5
    endloop
  endfacet
  facet normal 0 0 1
    outer loop
      vertex 1.25 84.6349 9.5
      vertex 1.775 85.5443 9.5
      vertex 1.6173 85.6496 9.5
    endloop
  endfacet
  facet normal 0 0 1
    outer loop
      vertex 1.94511 85.4604 9.5
      vertex 1.54329 84.4903 9.5
      vertex 1.85295 84.3852 9.5
    endloop
  endfacet
  facet normal 0 0 1
    outer loop
      vertex 0.978096 84.8166 9.5
      vertex 1.6173 85.6496 9.5
      vertex 1.47469 85.7747 9.5
    endloop
  endfacet
  facet normal 0 0 1
    outer loop
      vertex 0.732232 85.0322 9.5
      vertex 1.47469 85.7747 9.5
      vertex 1.34964 85.9173 9.5
    endloop
  endfacet
  facet normal 0 0 1
    outer loop
      vertex 1.775 85.5443 9.5
      vertex 1.25 84.6349 9.5
      vertex 1.54329 84.4903 9.5
    endloop
  endfacet
  facet normal 0 0 1
    outer loop
      vertex 0.516616 85.2781 9.5
      vertex 1.34964 85.9173 9.5
      vertex 1.24426 86.075 9.5
    endloop
  endfacet
  facet normal 0 0 1
    outer loop
      vertex 0.334936 85.55 9.5
      vertex 1.24426 86.075 9.5
      vertex 1.16037 86.2451 9.5
    endloop
  endfacet
  facet normal 0 0 1
    outer loop
      vertex 0.190301 85.8433 9.5
      vertex 1.16037 86.2451 9.5
      vertex 1.09941 86.4247 9.5
    endloop
  endfacet
  facet normal 0 0 1
    outer loop
      vertex 0.0851851 86.153 9.5
      vertex 1.09941 86.4247 9.5
      vertex 1.0624 86.6107 9.5
    endloop
  endfacet
  facet normal 0 0 1
    outer loop
      vertex 1.6173 85.6496 9.5
      vertex 0.978096 84.8166 9.5
      vertex 1.25 84.6349 9.5
    endloop
  endfacet
  facet normal 0 0 1
    outer loop
      vertex 0.0213871 86.4737 9.5
      vertex 1.0624 86.6107 9.5
      vertex 1.05 86.8 9.5
    endloop
  endfacet
  facet normal -0 0 1
    outer loop
      vertex 0.190301 87.7567 9.5
      vertex 1.16037 87.3549 9.5
      vertex 0.334936 88.05 9.5
    endloop
  endfacet
  facet normal 0 0 1
    outer loop
      vertex 1.16037 87.3549 9.5
      vertex 0.190301 87.7567 9.5
      vertex 1.09941 87.1753 9.5
    endloop
  endfacet
  facet normal 0 0 1
    outer loop
      vertex 1.47469 85.7747 9.5
      vertex 0.732232 85.0322 9.5
      vertex 0.978096 84.8166 9.5
    endloop
  endfacet
  facet normal -0 0 1
    outer loop
      vertex 0.0851851 87.4471 9.5
      vertex 1.09941 87.1753 9.5
      vertex 0.190301 87.7567 9.5
    endloop
  endfacet
  facet normal 0 0 1
    outer loop
      vertex 1.34964 85.9173 9.5
      vertex 0.516616 85.2781 9.5
      vertex 0.732232 85.0322 9.5
    endloop
  endfacet
  facet normal 0 0 1
    outer loop
      vertex 1.09941 87.1753 9.5
      vertex 0.0851851 87.4471 9.5
      vertex 1.0624 86.9893 9.5
    endloop
  endfacet
  facet normal 0 0 1
    outer loop
      vertex 1.24426 86.075 9.5
      vertex 0.334936 85.55 9.5
      vertex 0.516616 85.2781 9.5
    endloop
  endfacet
  facet normal -0 0 1
    outer loop
      vertex 0.0213871 87.1263 9.5
      vertex 1.0624 86.9893 9.5
      vertex 0.0851851 87.4471 9.5
    endloop
  endfacet
  facet normal 0 0 1
    outer loop
      vertex 1.16037 86.2451 9.5
      vertex 0.190301 85.8433 9.5
      vertex 0.334936 85.55 9.5
    endloop
  endfacet
  facet normal 0 0 1
    outer loop
      vertex 1.0624 86.9893 9.5
      vertex 0.0213871 87.1263 9.5
      vertex 1.05 86.8 9.5
    endloop
  endfacet
  facet normal 0 0 1
    outer loop
      vertex 1.09941 86.4247 9.5
      vertex 0.0851851 86.153 9.5
      vertex 0.190301 85.8433 9.5
    endloop
  endfacet
  facet normal 0 0 1
    outer loop
      vertex 0 86.8 9.5
      vertex 1.05 86.8 9.5
      vertex 0.0213871 87.1263 9.5
    endloop
  endfacet
  facet normal 0 0 1
    outer loop
      vertex 1.0624 86.6107 9.5
      vertex 0.0213871 86.4737 9.5
      vertex 0.0851851 86.153 9.5
    endloop
  endfacet
  facet normal 0 0 1
    outer loop
      vertex 1.05 86.8 9.5
      vertex 0 86.8 9.5
      vertex 0.0213871 86.4737 9.5
    endloop
  endfacet
  facet normal -0.659317 -0.751865 0
    outer loop
      vertex 0.732232 85.0322 2
      vertex 0.978096 84.8166 9.5
      vertex 0.732232 85.0322 9.5
    endloop
  endfacet
  facet normal -0.659317 -0.751865 -0
    outer loop
      vertex 0.978096 84.8166 9.5
      vertex 0.732232 85.0322 2
      vertex 0.978096 84.8166 2
    endloop
  endfacet
  facet normal 0.659307 -0.751873 0
    outer loop
      vertex 4.0219 84.8166 2
      vertex 4.26777 85.0322 9.5
      vertex 4.0219 84.8166 9.5
    endloop
  endfacet
  facet normal 0.659307 -0.751873 0
    outer loop
      vertex 4.26777 85.0322 9.5
      vertex 4.0219 84.8166 2
      vertex 4.26777 85.0322 2
    endloop
  endfacet
  facet normal 0.442204 -0.896915 0
    outer loop
      vertex 3.45671 84.4903 2
      vertex 3.75 84.6349 9.5
      vertex 3.45671 84.4903 9.5
    endloop
  endfacet
  facet normal 0.442204 -0.896915 0
    outer loop
      vertex 3.75 84.6349 9.5
      vertex 3.45671 84.4903 2
      vertex 3.75 84.6349 2
    endloop
  endfacet
  facet normal 0.997858 0.0654128 0
    outer loop
      vertex 5 86.8 9.5
      vertex 4.97861 87.1263 2
      vertex 4.97861 87.1263 9.5
    endloop
  endfacet
  facet normal 0.997858 0.0654128 0
    outer loop
      vertex 4.97861 87.1263 2
      vertex 5 86.8 9.5
      vertex 5 86.8 2
    endloop
  endfacet
  facet normal -0.751889 -0.65929 0
    outer loop
      vertex 0.732232 85.0322 2
      vertex 0.516616 85.2781 9.5
      vertex 0.516616 85.2781 2
    endloop
  endfacet
  facet normal -0.751889 -0.65929 0
    outer loop
      vertex 0.516616 85.2781 9.5
      vertex 0.732232 85.0322 2
      vertex 0.732232 85.0322 9.5
    endloop
  endfacet
  facet normal 0.831466 0.555575 0
    outer loop
      vertex 4.66506 88.05 9.5
      vertex 4.48338 88.3219 2
      vertex 4.48338 88.3219 9.5
    endloop
  endfacet
  facet normal 0.831466 0.555575 0
    outer loop
      vertex 4.48338 88.3219 2
      vertex 4.66506 88.05 9.5
      vertex 4.66506 88.05 2
    endloop
  endfacet
  facet normal -0.0654392 -0.997857 0
    outer loop
      vertex 2.17368 84.3214 2
      vertex 2.5 84.3 9.5
      vertex 2.17368 84.3214 9.5
    endloop
  endfacet
  facet normal -0.0654392 -0.997857 -0
    outer loop
      vertex 2.5 84.3 9.5
      vertex 2.17368 84.3214 2
      vertex 2.5 84.3 2
    endloop
  endfacet
  facet normal -0.997859 0.0654039 0
    outer loop
      vertex 0 86.8 2
      vertex 0.0213871 87.1263 9.5
      vertex 0.0213871 87.1263 2
    endloop
  endfacet
  facet normal -0.997859 0.0654039 0
    outer loop
      vertex 0.0213871 87.1263 9.5
      vertex 0 86.8 2
      vertex 0 86.8 9.5
    endloop
  endfacet
  facet normal 0.555617 -0.831438 0
    outer loop
      vertex 3.75 84.6349 2
      vertex 4.0219 84.8166 9.5
      vertex 3.75 84.6349 9.5
    endloop
  endfacet
  facet normal 0.555617 -0.831438 0
    outer loop
      vertex 4.0219 84.8166 9.5
      vertex 3.75 84.6349 2
      vertex 4.0219 84.8166 2
    endloop
  endfacet
  facet normal -0.442204 -0.896915 0
    outer loop
      vertex 1.25 84.6349 2
      vertex 1.54329 84.4903 9.5
      vertex 1.25 84.6349 9.5
    endloop
  endfacet
  facet normal -0.442204 -0.896915 -0
    outer loop
      vertex 1.54329 84.4903 9.5
      vertex 1.25 84.6349 2
      vertex 1.54329 84.4903 2
    endloop
  endfacet
  facet normal 0.321397 0.946944 -0
    outer loop
      vertex 3.45671 89.1097 2
      vertex 3.14705 89.2148 9.5
      vertex 3.45671 89.1097 9.5
    endloop
  endfacet
  facet normal 0.321397 0.946944 0
    outer loop
      vertex 3.14705 89.2148 9.5
      vertex 3.45671 89.1097 2
      vertex 3.14705 89.2148 2
    endloop
  endfacet
  facet normal -0.946911 0.321497 0
    outer loop
      vertex 0.0851851 87.4471 2
      vertex 0.190301 87.7567 9.5
      vertex 0.190301 87.7567 2
    endloop
  endfacet
  facet normal -0.946911 0.321497 0
    outer loop
      vertex 0.190301 87.7567 9.5
      vertex 0.0851851 87.4471 2
      vertex 0.0851851 87.4471 9.5
    endloop
  endfacet
  facet normal 0.555617 0.831438 -0
    outer loop
      vertex 4.0219 88.7834 2
      vertex 3.75 88.9651 9.5
      vertex 4.0219 88.7834 9.5
    endloop
  endfacet
  facet normal 0.555617 0.831438 0
    outer loop
      vertex 3.75 88.9651 9.5
      vertex 4.0219 88.7834 2
      vertex 3.75 88.9651 2
    endloop
  endfacet
  facet normal 0.442204 0.896915 -0
    outer loop
      vertex 3.75 88.9651 2
      vertex 3.45671 89.1097 9.5
      vertex 3.75 88.9651 9.5
    endloop
  endfacet
  facet normal 0.442204 0.896915 0
    outer loop
      vertex 3.45671 89.1097 9.5
      vertex 3.75 88.9651 2
      vertex 3.45671 89.1097 2
    endloop
  endfacet
  facet normal -0.831466 0.555575 0
    outer loop
      vertex 0.334936 88.05 2
      vertex 0.516616 88.3219 9.5
      vertex 0.516616 88.3219 2
    endloop
  endfacet
  facet normal -0.831466 0.555575 0
    outer loop
      vertex 0.516616 88.3219 9.5
      vertex 0.334936 88.05 2
      vertex 0.334936 88.05 9.5
    endloop
  endfacet
  facet normal -0.896878 0.442277 0
    outer loop
      vertex 0.190301 87.7567 2
      vertex 0.334936 88.05 9.5
      vertex 0.334936 88.05 2
    endloop
  endfacet
  facet normal -0.896878 0.442277 0
    outer loop
      vertex 0.334936 88.05 9.5
      vertex 0.190301 87.7567 2
      vertex 0.190301 87.7567 9.5
    endloop
  endfacet
  facet normal 0.980792 0.195058 0
    outer loop
      vertex 4.97861 87.1263 9.5
      vertex 4.91481 87.4471 2
      vertex 4.91481 87.4471 9.5
    endloop
  endfacet
  facet normal 0.980792 0.195058 0
    outer loop
      vertex 4.91481 87.4471 2
      vertex 4.97861 87.1263 9.5
      vertex 4.97861 87.1263 2
    endloop
  endfacet
  facet normal 0.751898 0.659279 0
    outer loop
      vertex 4.48338 88.3219 9.5
      vertex 4.26777 88.5678 2
      vertex 4.26777 88.5678 9.5
    endloop
  endfacet
  facet normal 0.751898 0.659279 0
    outer loop
      vertex 4.26777 88.5678 2
      vertex 4.48338 88.3219 9.5
      vertex 4.48338 88.3219 2
    endloop
  endfacet
  facet normal -0.997859 -0.0654039 0
    outer loop
      vertex 0.0213871 86.4737 2
      vertex 0 86.8 9.5
      vertex 0 86.8 2
    endloop
  endfacet
  facet normal -0.997859 -0.0654039 0
    outer loop
      vertex 0 86.8 9.5
      vertex 0.0213871 86.4737 2
      vertex 0.0213871 86.4737 9.5
    endloop
  endfacet
  facet normal 0.321397 -0.946944 0
    outer loop
      vertex 3.14705 84.3852 2
      vertex 3.45671 84.4903 9.5
      vertex 3.14705 84.3852 9.5
    endloop
  endfacet
  facet normal 0.321397 -0.946944 0
    outer loop
      vertex 3.45671 84.4903 9.5
      vertex 3.14705 84.3852 2
      vertex 3.45671 84.4903 2
    endloop
  endfacet
  facet normal -0.980793 0.195052 0
    outer loop
      vertex 0.0213871 87.1263 2
      vertex 0.0851851 87.4471 9.5
      vertex 0.0851851 87.4471 2
    endloop
  endfacet
  facet normal -0.980793 0.195052 0
    outer loop
      vertex 0.0851851 87.4471 9.5
      vertex 0.0213871 87.1263 2
      vertex 0.0213871 87.1263 9.5
    endloop
  endfacet
  facet normal -0.195099 0.980784 0
    outer loop
      vertex 2.17368 89.2786 2
      vertex 1.85295 89.2148 9.5
      vertex 2.17368 89.2786 9.5
    endloop
  endfacet
  facet normal -0.195099 0.980784 0
    outer loop
      vertex 1.85295 89.2148 9.5
      vertex 2.17368 89.2786 2
      vertex 1.85295 89.2148 2
    endloop
  endfacet
  facet normal 0.896872 -0.44229 0
    outer loop
      vertex 4.66506 85.55 9.5
      vertex 4.8097 85.8433 2
      vertex 4.8097 85.8433 9.5
    endloop
  endfacet
  facet normal 0.896872 -0.44229 0
    outer loop
      vertex 4.8097 85.8433 2
      vertex 4.66506 85.55 9.5
      vertex 4.66506 85.55 2
    endloop
  endfacet
  facet normal 0.751898 -0.659279 0
    outer loop
      vertex 4.26777 85.0322 9.5
      vertex 4.48338 85.2781 2
      vertex 4.48338 85.2781 9.5
    endloop
  endfacet
  facet normal 0.751898 -0.659279 0
    outer loop
      vertex 4.48338 85.2781 2
      vertex 4.26777 85.0322 9.5
      vertex 4.26777 85.0322 2
    endloop
  endfacet
  facet normal -0.195099 -0.980784 0
    outer loop
      vertex 1.85295 84.3852 2
      vertex 2.17368 84.3214 9.5
      vertex 1.85295 84.3852 9.5
    endloop
  endfacet
  facet normal -0.195099 -0.980784 -0
    outer loop
      vertex 2.17368 84.3214 9.5
      vertex 1.85295 84.3852 2
      vertex 2.17368 84.3214 2
    endloop
  endfacet
  facet normal -0.321397 0.946944 0
    outer loop
      vertex 1.85295 89.2148 2
      vertex 1.54329 89.1097 9.5
      vertex 1.85295 89.2148 9.5
    endloop
  endfacet
  facet normal -0.321397 0.946944 0
    outer loop
      vertex 1.54329 89.1097 9.5
      vertex 1.85295 89.2148 2
      vertex 1.54329 89.1097 2
    endloop
  endfacet
  facet normal -0.659317 0.751865 0
    outer loop
      vertex 0.978096 88.7834 2
      vertex 0.732232 88.5678 9.5
      vertex 0.978096 88.7834 9.5
    endloop
  endfacet
  facet normal -0.659317 0.751865 0
    outer loop
      vertex 0.732232 88.5678 9.5
      vertex 0.978096 88.7834 2
      vertex 0.732232 88.5678 2
    endloop
  endfacet
  facet normal -0.442204 0.896915 0
    outer loop
      vertex 1.54329 89.1097 2
      vertex 1.25 88.9651 9.5
      vertex 1.54329 89.1097 9.5
    endloop
  endfacet
  facet normal -0.442204 0.896915 0
    outer loop
      vertex 1.25 88.9651 9.5
      vertex 1.54329 89.1097 2
      vertex 1.25 88.9651 2
    endloop
  endfacet
  facet normal -0.831466 -0.555575 0
    outer loop
      vertex 0.516616 85.2781 2
      vertex 0.334936 85.55 9.5
      vertex 0.334936 85.55 2
    endloop
  endfacet
  facet normal -0.831466 -0.555575 0
    outer loop
      vertex 0.334936 85.55 9.5
      vertex 0.516616 85.2781 2
      vertex 0.516616 85.2781 9.5
    endloop
  endfacet
  facet normal -0.555612 0.831442 0
    outer loop
      vertex 1.25 88.9651 2
      vertex 0.978096 88.7834 9.5
      vertex 1.25 88.9651 9.5
    endloop
  endfacet
  facet normal -0.555612 0.831442 0
    outer loop
      vertex 0.978096 88.7834 9.5
      vertex 1.25 88.9651 2
      vertex 0.978096 88.7834 2
    endloop
  endfacet
  facet normal 0.195116 0.98078 -0
    outer loop
      vertex 68.147 89.2148 2
      vertex 67.8263 89.2786 9.5
      vertex 68.147 89.2148 9.5
    endloop
  endfacet
  facet normal 0.195116 0.98078 0
    outer loop
      vertex 67.8263 89.2786 9.5
      vertex 68.147 89.2148 2
      vertex 67.8263 89.2786 2
    endloop
  endfacet
  facet normal 0.98078 -0.195116 0
    outer loop
      vertex 69.9148 86.153 9.5
      vertex 69.9786 86.4737 2
      vertex 69.9786 86.4737 9.5
    endloop
  endfacet
  facet normal 0.98078 -0.195116 0
    outer loop
      vertex 69.9786 86.4737 2
      vertex 69.9148 86.153 9.5
      vertex 69.9148 86.153 2
    endloop
  endfacet
  facet normal 0.997856 -0.0654432 0
    outer loop
      vertex 69.9786 86.4737 9.5
      vertex 70 86.8 2
      vertex 70 86.8 9.5
    endloop
  endfacet
  facet normal 0.997856 -0.0654432 0
    outer loop
      vertex 70 86.8 2
      vertex 69.9786 86.4737 9.5
      vertex 69.9786 86.4737 2
    endloop
  endfacet
  facet normal -0.98078 -0.195116 0
    outer loop
      vertex 65.0852 86.153 2
      vertex 65.0214 86.4737 9.5
      vertex 65.0214 86.4737 2
    endloop
  endfacet
  facet normal -0.98078 -0.195116 0
    outer loop
      vertex 65.0214 86.4737 9.5
      vertex 65.0852 86.153 2
      vertex 65.0852 86.153 9.5
    endloop
  endfacet
  facet normal 0.0654432 -0.997856 0
    outer loop
      vertex 67.5 84.3 2
      vertex 67.8263 84.3214 9.5
      vertex 67.5 84.3 9.5
    endloop
  endfacet
  facet normal 0.0654432 -0.997856 0
    outer loop
      vertex 67.8263 84.3214 9.5
      vertex 67.5 84.3 2
      vertex 67.8263 84.3214 2
    endloop
  endfacet
  facet normal -0.896921 -0.442191 0
    outer loop
      vertex 65.3349 85.55 2
      vertex 65.1903 85.8433 9.5
      vertex 65.1903 85.8433 2
    endloop
  endfacet
  facet normal -0.896921 -0.442191 0
    outer loop
      vertex 65.1903 85.8433 9.5
      vertex 65.3349 85.55 2
      vertex 65.3349 85.55 9.5
    endloop
  endfacet
  facet normal -0.751913 0.659262 0
    outer loop
      vertex 65.5166 88.3219 2
      vertex 65.7322 88.5678 9.5
      vertex 65.7322 88.5678 2
    endloop
  endfacet
  facet normal -0.751913 0.659262 0
    outer loop
      vertex 65.7322 88.5678 9.5
      vertex 65.5166 88.3219 2
      vertex 65.5166 88.3219 9.5
    endloop
  endfacet
  facet normal 0.946926 0.321453 0
    outer loop
      vertex 69.9148 87.4471 9.5
      vertex 69.8097 87.7567 2
      vertex 69.8097 87.7567 9.5
    endloop
  endfacet
  facet normal 0.946926 0.321453 0
    outer loop
      vertex 69.8097 87.7567 2
      vertex 69.9148 87.4471 9.5
      vertex 69.9148 87.4471 2
    endloop
  endfacet
  facet normal 0.0654432 0.997856 -0
    outer loop
      vertex 67.8263 89.2786 2
      vertex 67.5 89.3 9.5
      vertex 67.8263 89.2786 9.5
    endloop
  endfacet
  facet normal 0.0654432 0.997856 0
    outer loop
      vertex 67.5 89.3 9.5
      vertex 67.8263 89.2786 2
      vertex 67.5 89.3 2
    endloop
  endfacet
  facet normal 0.659262 0.751913 -0
    outer loop
      vertex 69.2678 88.5678 2
      vertex 69.0219 88.7834 9.5
      vertex 69.2678 88.5678 9.5
    endloop
  endfacet
  facet normal 0.659262 0.751913 0
    outer loop
      vertex 69.0219 88.7834 9.5
      vertex 69.2678 88.5678 2
      vertex 69.0219 88.7834 2
    endloop
  endfacet
  facet normal 0.195116 -0.98078 0
    outer loop
      vertex 67.8263 84.3214 2
      vertex 68.147 84.3852 9.5
      vertex 67.8263 84.3214 9.5
    endloop
  endfacet
  facet normal 0.195116 -0.98078 0
    outer loop
      vertex 68.147 84.3852 9.5
      vertex 67.8263 84.3214 2
      vertex 68.147 84.3852 2
    endloop
  endfacet
  facet normal -0.0654432 0.997856 0
    outer loop
      vertex 67.5 89.3 2
      vertex 67.1737 89.2786 9.5
      vertex 67.5 89.3 9.5
    endloop
  endfacet
  facet normal -0.0654432 0.997856 0
    outer loop
      vertex 67.1737 89.2786 9.5
      vertex 67.5 89.3 2
      vertex 67.1737 89.2786 2
    endloop
  endfacet
  facet normal 0.946957 -0.32136 0
    outer loop
      vertex 69.8097 85.8433 9.5
      vertex 69.9148 86.153 2
      vertex 69.9148 86.153 9.5
    endloop
  endfacet
  facet normal 0.946957 -0.32136 0
    outer loop
      vertex 69.9148 86.153 2
      vertex 69.8097 85.8433 9.5
      vertex 69.8097 85.8433 2
    endloop
  endfacet
  facet normal -0.946926 0.321453 0
    outer loop
      vertex 65.0852 87.4471 2
      vertex 65.1903 87.7567 9.5
      vertex 65.1903 87.7567 2
    endloop
  endfacet
  facet normal -0.946926 0.321453 0
    outer loop
      vertex 65.1903 87.7567 9.5
      vertex 65.0852 87.4471 2
      vertex 65.0852 87.4471 9.5
    endloop
  endfacet
  facet normal 0.831438 -0.555617 0
    outer loop
      vertex 69.4834 85.2781 9.5
      vertex 69.6651 85.55 2
      vertex 69.6651 85.55 9.5
    endloop
  endfacet
  facet normal 0.831438 -0.555617 0
    outer loop
      vertex 69.6651 85.55 2
      vertex 69.4834 85.2781 9.5
      vertex 69.4834 85.2781 2
    endloop
  endfacet
  facet normal 0.896921 0.442191 0
    outer loop
      vertex 69.8097 87.7567 9.5
      vertex 69.6651 88.05 2
      vertex 69.6651 88.05 9.5
    endloop
  endfacet
  facet normal 0.896921 0.442191 0
    outer loop
      vertex 69.6651 88.05 2
      vertex 69.8097 87.7567 9.5
      vertex 69.8097 87.7567 2
    endloop
  endfacet
  facet normal -0.555617 -0.831438 0
    outer loop
      vertex 65.9781 84.8166 2
      vertex 66.25 84.6349 9.5
      vertex 65.9781 84.8166 9.5
    endloop
  endfacet
  facet normal -0.555617 -0.831438 -0
    outer loop
      vertex 66.25 84.6349 9.5
      vertex 65.9781 84.8166 2
      vertex 66.25 84.6349 2
    endloop
  endfacet
  facet normal -0.32136 -0.946957 0
    outer loop
      vertex 66.5433 84.4903 2
      vertex 66.853 84.3852 9.5
      vertex 66.5433 84.4903 9.5
    endloop
  endfacet
  facet normal -0.32136 -0.946957 -0
    outer loop
      vertex 66.853 84.3852 9.5
      vertex 66.5433 84.4903 2
      vertex 66.853 84.3852 2
    endloop
  endfacet
  facet normal 0 0 1
    outer loop
      vertex 68.95 86.8 9.5
      vertex 70 86.8 9.5
      vertex 69.9786 87.1263 9.5
    endloop
  endfacet
  facet normal 0 0 1
    outer loop
      vertex 68.9376 86.9893 9.5
      vertex 69.9786 87.1263 9.5
      vertex 69.9148 87.4471 9.5
    endloop
  endfacet
  facet normal 0 0 1
    outer loop
      vertex 70 86.8 9.5
      vertex 68.95 86.8 9.5
      vertex 69.9786 86.4737 9.5
    endloop
  endfacet
  facet normal 0 0 1
    outer loop
      vertex 68.9006 87.1753 9.5
      vertex 69.9148 87.4471 9.5
      vertex 69.8097 87.7567 9.5
    endloop
  endfacet
  facet normal -0 0 1
    outer loop
      vertex 68.9376 86.6107 9.5
      vertex 69.9786 86.4737 9.5
      vertex 68.95 86.8 9.5
    endloop
  endfacet
  facet normal 0 0 1
    outer loop
      vertex 68.8396 87.3549 9.5
      vertex 69.8097 87.7567 9.5
      vertex 69.6651 88.05 9.5
    endloop
  endfacet
  facet normal 0 0 1
    outer loop
      vertex 69.9786 86.4737 9.5
      vertex 68.9376 86.6107 9.5
      vertex 69.9148 86.153 9.5
    endloop
  endfacet
  facet normal 0 0 1
    outer loop
      vertex 68.7557 87.525 9.5
      vertex 69.6651 88.05 9.5
      vertex 69.4834 88.3219 9.5
    endloop
  endfacet
  facet normal -0 0 1
    outer loop
      vertex 68.9006 86.4247 9.5
      vertex 69.9148 86.153 9.5
      vertex 68.9376 86.6107 9.5
    endloop
  endfacet
  facet normal 0 0 1
    outer loop
      vertex 68.6504 87.6827 9.5
      vertex 69.4834 88.3219 9.5
      vertex 69.2678 88.5678 9.5
    endloop
  endfacet
  facet normal 0 0 1
    outer loop
      vertex 69.9148 86.153 9.5
      vertex 68.9006 86.4247 9.5
      vertex 69.8097 85.8433 9.5
    endloop
  endfacet
  facet normal 0 0 1
    outer loop
      vertex 68.5253 87.8253 9.5
      vertex 69.2678 88.5678 9.5
      vertex 69.0219 88.7834 9.5
    endloop
  endfacet
  facet normal -0 0 1
    outer loop
      vertex 68.8396 86.2451 9.5
      vertex 69.8097 85.8433 9.5
      vertex 68.9006 86.4247 9.5
    endloop
  endfacet
  facet normal 0 0 1
    outer loop
      vertex 69.8097 85.8433 9.5
      vertex 68.8396 86.2451 9.5
      vertex 69.6651 85.55 9.5
    endloop
  endfacet
  facet normal 0 0 1
    outer loop
      vertex 69.9786 87.1263 9.5
      vertex 68.9376 86.9893 9.5
      vertex 68.95 86.8 9.5
    endloop
  endfacet
  facet normal 0 0 1
    outer loop
      vertex 69.9148 87.4471 9.5
      vertex 68.9006 87.1753 9.5
      vertex 68.9376 86.9893 9.5
    endloop
  endfacet
  facet normal 0 0 1
    outer loop
      vertex 69.8097 87.7567 9.5
      vertex 68.8396 87.3549 9.5
      vertex 68.9006 87.1753 9.5
    endloop
  endfacet
  facet normal 0 0 1
    outer loop
      vertex 69.6651 88.05 9.5
      vertex 68.7557 87.525 9.5
      vertex 68.8396 87.3549 9.5
    endloop
  endfacet
  facet normal 0 0 1
    outer loop
      vertex 68.3827 87.9504 9.5
      vertex 69.0219 88.7834 9.5
      vertex 68.75 88.9651 9.5
    endloop
  endfacet
  facet normal 0 0 1
    outer loop
      vertex 69.4834 88.3219 9.5
      vertex 68.6504 87.6827 9.5
      vertex 68.7557 87.525 9.5
    endloop
  endfacet
  facet normal 0 0 1
    outer loop
      vertex 69.2678 88.5678 9.5
      vertex 68.5253 87.8253 9.5
      vertex 68.6504 87.6827 9.5
    endloop
  endfacet
  facet normal 0 0 1
    outer loop
      vertex 68.225 88.0557 9.5
      vertex 68.75 88.9651 9.5
      vertex 68.4567 89.1097 9.5
    endloop
  endfacet
  facet normal 0 0 1
    outer loop
      vertex 69.0219 88.7834 9.5
      vertex 68.3827 87.9504 9.5
      vertex 68.5253 87.8253 9.5
    endloop
  endfacet
  facet normal 0 0 1
    outer loop
      vertex 68.75 88.9651 9.5
      vertex 68.225 88.0557 9.5
      vertex 68.3827 87.9504 9.5
    endloop
  endfacet
  facet normal 0 0 1
    outer loop
      vertex 68.0549 88.1396 9.5
      vertex 68.4567 89.1097 9.5
      vertex 68.147 89.2148 9.5
    endloop
  endfacet
  facet normal 0 0 1
    outer loop
      vertex 68.4567 89.1097 9.5
      vertex 68.0549 88.1396 9.5
      vertex 68.225 88.0557 9.5
    endloop
  endfacet
  facet normal 0 0 1
    outer loop
      vertex 68.147 89.2148 9.5
      vertex 67.8753 88.2006 9.5
      vertex 68.0549 88.1396 9.5
    endloop
  endfacet
  facet normal 0 0 1
    outer loop
      vertex 67.8263 89.2786 9.5
      vertex 67.8753 88.2006 9.5
      vertex 68.147 89.2148 9.5
    endloop
  endfacet
  facet normal 0 0 1
    outer loop
      vertex 67.8263 89.2786 9.5
      vertex 67.6893 88.2376 9.5
      vertex 67.8753 88.2006 9.5
    endloop
  endfacet
  facet normal 0 0 1
    outer loop
      vertex 67.5 89.3 9.5
      vertex 67.6893 88.2376 9.5
      vertex 67.8263 89.2786 9.5
    endloop
  endfacet
  facet normal 0 0 1
    outer loop
      vertex 67.5 89.3 9.5
      vertex 67.5 88.25 9.5
      vertex 67.6893 88.2376 9.5
    endloop
  endfacet
  facet normal 0 0 1
    outer loop
      vertex 67.5 89.3 9.5
      vertex 67.3107 88.2376 9.5
      vertex 67.5 88.25 9.5
    endloop
  endfacet
  facet normal -0 0 1
    outer loop
      vertex 67.1737 89.2786 9.5
      vertex 67.3107 88.2376 9.5
      vertex 67.5 89.3 9.5
    endloop
  endfacet
  facet normal 0 0 1
    outer loop
      vertex 67.1737 89.2786 9.5
      vertex 67.1247 88.2006 9.5
      vertex 67.3107 88.2376 9.5
    endloop
  endfacet
  facet normal -0 0 1
    outer loop
      vertex 66.853 89.2148 9.5
      vertex 67.1247 88.2006 9.5
      vertex 67.1737 89.2786 9.5
    endloop
  endfacet
  facet normal 0 0 1
    outer loop
      vertex 67.1247 88.2006 9.5
      vertex 66.853 89.2148 9.5
      vertex 66.9451 88.1396 9.5
    endloop
  endfacet
  facet normal -0 0 1
    outer loop
      vertex 66.5433 89.1097 9.5
      vertex 66.9451 88.1396 9.5
      vertex 66.853 89.2148 9.5
    endloop
  endfacet
  facet normal 0 0 1
    outer loop
      vertex 66.9451 88.1396 9.5
      vertex 66.5433 89.1097 9.5
      vertex 66.775 88.0557 9.5
    endloop
  endfacet
  facet normal -0 0 1
    outer loop
      vertex 66.25 88.9651 9.5
      vertex 66.775 88.0557 9.5
      vertex 66.5433 89.1097 9.5
    endloop
  endfacet
  facet normal 0 0 1
    outer loop
      vertex 66.775 88.0557 9.5
      vertex 66.25 88.9651 9.5
      vertex 66.6173 87.9504 9.5
    endloop
  endfacet
  facet normal -0 0 1
    outer loop
      vertex 65.9781 88.7834 9.5
      vertex 66.6173 87.9504 9.5
      vertex 66.25 88.9651 9.5
    endloop
  endfacet
  facet normal 0 0 1
    outer loop
      vertex 66.6173 87.9504 9.5
      vertex 65.9781 88.7834 9.5
      vertex 66.4747 87.8253 9.5
    endloop
  endfacet
  facet normal -0 0 1
    outer loop
      vertex 65.7322 88.5678 9.5
      vertex 66.4747 87.8253 9.5
      vertex 65.9781 88.7834 9.5
    endloop
  endfacet
  facet normal 0 0 1
    outer loop
      vertex 66.4747 87.8253 9.5
      vertex 65.7322 88.5678 9.5
      vertex 66.3496 87.6827 9.5
    endloop
  endfacet
  facet normal -0 0 1
    outer loop
      vertex 65.5166 88.3219 9.5
      vertex 66.3496 87.6827 9.5
      vertex 65.7322 88.5678 9.5
    endloop
  endfacet
  facet normal 0 0 1
    outer loop
      vertex 66.3496 87.6827 9.5
      vertex 65.5166 88.3219 9.5
      vertex 66.2443 87.525 9.5
    endloop
  endfacet
  facet normal 0 0 1
    outer loop
      vertex 66.2443 87.525 9.5
      vertex 65.3349 88.05 9.5
      vertex 66.1604 87.3549 9.5
    endloop
  endfacet
  facet normal -0 0 1
    outer loop
      vertex 65.3349 88.05 9.5
      vertex 66.2443 87.525 9.5
      vertex 65.5166 88.3219 9.5
    endloop
  endfacet
  facet normal -0 0 1
    outer loop
      vertex 68.7557 86.075 9.5
      vertex 69.6651 85.55 9.5
      vertex 68.8396 86.2451 9.5
    endloop
  endfacet
  facet normal 0 0 1
    outer loop
      vertex 69.6651 85.55 9.5
      vertex 68.7557 86.075 9.5
      vertex 69.4834 85.2781 9.5
    endloop
  endfacet
  facet normal -0 0 1
    outer loop
      vertex 68.6504 85.9173 9.5
      vertex 69.4834 85.2781 9.5
      vertex 68.7557 86.075 9.5
    endloop
  endfacet
  facet normal 0 0 1
    outer loop
      vertex 69.4834 85.2781 9.5
      vertex 68.6504 85.9173 9.5
      vertex 69.2678 85.0322 9.5
    endloop
  endfacet
  facet normal -0 0 1
    outer loop
      vertex 68.5253 85.7747 9.5
      vertex 69.2678 85.0322 9.5
      vertex 68.6504 85.9173 9.5
    endloop
  endfacet
  facet normal 0 0 1
    outer loop
      vertex 69.2678 85.0322 9.5
      vertex 68.5253 85.7747 9.5
      vertex 69.0219 84.8166 9.5
    endloop
  endfacet
  facet normal -0 0 1
    outer loop
      vertex 68.3827 85.6496 9.5
      vertex 69.0219 84.8166 9.5
      vertex 68.5253 85.7747 9.5
    endloop
  endfacet
  facet normal 0 0 1
    outer loop
      vertex 69.0219 84.8166 9.5
      vertex 68.3827 85.6496 9.5
      vertex 68.75 84.6349 9.5
    endloop
  endfacet
  facet normal -0 0 1
    outer loop
      vertex 68.225 85.5443 9.5
      vertex 68.75 84.6349 9.5
      vertex 68.3827 85.6496 9.5
    endloop
  endfacet
  facet normal 0 0 1
    outer loop
      vertex 68.75 84.6349 9.5
      vertex 68.225 85.5443 9.5
      vertex 68.4567 84.4903 9.5
    endloop
  endfacet
  facet normal -0 0 1
    outer loop
      vertex 68.0549 85.4604 9.5
      vertex 68.4567 84.4903 9.5
      vertex 68.225 85.5443 9.5
    endloop
  endfacet
  facet normal 0 0 1
    outer loop
      vertex 68.4567 84.4903 9.5
      vertex 68.0549 85.4604 9.5
      vertex 68.147 84.3852 9.5
    endloop
  endfacet
  facet normal -0 0 1
    outer loop
      vertex 67.8753 85.3994 9.5
      vertex 68.147 84.3852 9.5
      vertex 68.0549 85.4604 9.5
    endloop
  endfacet
  facet normal 0 0 1
    outer loop
      vertex 67.8753 85.3994 9.5
      vertex 67.8263 84.3214 9.5
      vertex 68.147 84.3852 9.5
    endloop
  endfacet
  facet normal -0 0 1
    outer loop
      vertex 67.6893 85.3624 9.5
      vertex 67.8263 84.3214 9.5
      vertex 67.8753 85.3994 9.5
    endloop
  endfacet
  facet normal -0 0 1
    outer loop
      vertex 67.5 85.35 9.5
      vertex 67.8263 84.3214 9.5
      vertex 67.6893 85.3624 9.5
    endloop
  endfacet
  facet normal 0 0 1
    outer loop
      vertex 67.5 85.35 9.5
      vertex 67.5 84.3 9.5
      vertex 67.8263 84.3214 9.5
    endloop
  endfacet
  facet normal 0 0 1
    outer loop
      vertex 67.3107 85.3624 9.5
      vertex 67.5 84.3 9.5
      vertex 67.5 85.35 9.5
    endloop
  endfacet
  facet normal 0 0 1
    outer loop
      vertex 67.3107 85.3624 9.5
      vertex 67.1737 84.3214 9.5
      vertex 67.5 84.3 9.5
    endloop
  endfacet
  facet normal 0 0 1
    outer loop
      vertex 67.1247 85.3994 9.5
      vertex 67.1737 84.3214 9.5
      vertex 67.3107 85.3624 9.5
    endloop
  endfacet
  facet normal 0 0 1
    outer loop
      vertex 66.853 84.3852 9.5
      vertex 67.1247 85.3994 9.5
      vertex 66.9451 85.4604 9.5
    endloop
  endfacet
  facet normal 0 0 1
    outer loop
      vertex 67.1247 85.3994 9.5
      vertex 66.853 84.3852 9.5
      vertex 67.1737 84.3214 9.5
    endloop
  endfacet
  facet normal 0 0 1
    outer loop
      vertex 66.5433 84.4903 9.5
      vertex 66.9451 85.4604 9.5
      vertex 66.775 85.5443 9.5
    endloop
  endfacet
  facet normal 0 0 1
    outer loop
      vertex 66.25 84.6349 9.5
      vertex 66.775 85.5443 9.5
      vertex 66.6173 85.6496 9.5
    endloop
  endfacet
  facet normal 0 0 1
    outer loop
      vertex 66.9451 85.4604 9.5
      vertex 66.5433 84.4903 9.5
      vertex 66.853 84.3852 9.5
    endloop
  endfacet
  facet normal 0 0 1
    outer loop
      vertex 65.9781 84.8166 9.5
      vertex 66.6173 85.6496 9.5
      vertex 66.4747 85.7747 9.5
    endloop
  endfacet
  facet normal 0 0 1
    outer loop
      vertex 65.7322 85.0322 9.5
      vertex 66.4747 85.7747 9.5
      vertex 66.3496 85.9173 9.5
    endloop
  endfacet
  facet normal 0 0 1
    outer loop
      vertex 66.775 85.5443 9.5
      vertex 66.25 84.6349 9.5
      vertex 66.5433 84.4903 9.5
    endloop
  endfacet
  facet normal 0 0 1
    outer loop
      vertex 65.5166 85.2781 9.5
      vertex 66.3496 85.9173 9.5
      vertex 66.2443 86.075 9.5
    endloop
  endfacet
  facet normal 0 0 1
    outer loop
      vertex 65.3349 85.55 9.5
      vertex 66.2443 86.075 9.5
      vertex 66.1604 86.2451 9.5
    endloop
  endfacet
  facet normal 0 0 1
    outer loop
      vertex 65.1903 85.8433 9.5
      vertex 66.1604 86.2451 9.5
      vertex 66.0994 86.4247 9.5
    endloop
  endfacet
  facet normal 0 0 1
    outer loop
      vertex 65.0852 86.153 9.5
      vertex 66.0994 86.4247 9.5
      vertex 66.0624 86.6107 9.5
    endloop
  endfacet
  facet normal 0 0 1
    outer loop
      vertex 66.6173 85.6496 9.5
      vertex 65.9781 84.8166 9.5
      vertex 66.25 84.6349 9.5
    endloop
  endfacet
  facet normal 0 0 1
    outer loop
      vertex 65.0214 86.4737 9.5
      vertex 66.0624 86.6107 9.5
      vertex 66.05 86.8 9.5
    endloop
  endfacet
  facet normal -0 0 1
    outer loop
      vertex 65.1903 87.7567 9.5
      vertex 66.1604 87.3549 9.5
      vertex 65.3349 88.05 9.5
    endloop
  endfacet
  facet normal 0 0 1
    outer loop
      vertex 66.1604 87.3549 9.5
      vertex 65.1903 87.7567 9.5
      vertex 66.0994 87.1753 9.5
    endloop
  endfacet
  facet normal 0 0 1
    outer loop
      vertex 66.4747 85.7747 9.5
      vertex 65.7322 85.0322 9.5
      vertex 65.9781 84.8166 9.5
    endloop
  endfacet
  facet normal -0 0 1
    outer loop
      vertex 65.0852 87.4471 9.5
      vertex 66.0994 87.1753 9.5
      vertex 65.1903 87.7567 9.5
    endloop
  endfacet
  facet normal 0 0 1
    outer loop
      vertex 66.3496 85.9173 9.5
      vertex 65.5166 85.2781 9.5
      vertex 65.7322 85.0322 9.5
    endloop
  endfacet
  facet normal 0 0 1
    outer loop
      vertex 66.0994 87.1753 9.5
      vertex 65.0852 87.4471 9.5
      vertex 66.0624 86.9893 9.5
    endloop
  endfacet
  facet normal 0 0 1
    outer loop
      vertex 66.2443 86.075 9.5
      vertex 65.3349 85.55 9.5
      vertex 65.5166 85.2781 9.5
    endloop
  endfacet
  facet normal -0 0 1
    outer loop
      vertex 65.0214 87.1263 9.5
      vertex 66.0624 86.9893 9.5
      vertex 65.0852 87.4471 9.5
    endloop
  endfacet
  facet normal 0 0 1
    outer loop
      vertex 66.1604 86.2451 9.5
      vertex 65.1903 85.8433 9.5
      vertex 65.3349 85.55 9.5
    endloop
  endfacet
  facet normal 0 0 1
    outer loop
      vertex 66.0624 86.9893 9.5
      vertex 65.0214 87.1263 9.5
      vertex 66.05 86.8 9.5
    endloop
  endfacet
  facet normal 0 0 1
    outer loop
      vertex 66.0994 86.4247 9.5
      vertex 65.0852 86.153 9.5
      vertex 65.1903 85.8433 9.5
    endloop
  endfacet
  facet normal 0 0 1
    outer loop
      vertex 65 86.8 9.5
      vertex 66.05 86.8 9.5
      vertex 65.0214 87.1263 9.5
    endloop
  endfacet
  facet normal 0 0 1
    outer loop
      vertex 66.0624 86.6107 9.5
      vertex 65.0214 86.4737 9.5
      vertex 65.0852 86.153 9.5
    endloop
  endfacet
  facet normal 0 0 1
    outer loop
      vertex 66.05 86.8 9.5
      vertex 65 86.8 9.5
      vertex 65.0214 86.4737 9.5
    endloop
  endfacet
  facet normal -0.659262 -0.751913 0
    outer loop
      vertex 65.7322 85.0322 2
      vertex 65.9781 84.8166 9.5
      vertex 65.7322 85.0322 9.5
    endloop
  endfacet
  facet normal -0.659262 -0.751913 -0
    outer loop
      vertex 65.9781 84.8166 9.5
      vertex 65.7322 85.0322 2
      vertex 65.9781 84.8166 2
    endloop
  endfacet
  facet normal 0.659262 -0.751913 0
    outer loop
      vertex 69.0219 84.8166 2
      vertex 69.2678 85.0322 9.5
      vertex 69.0219 84.8166 9.5
    endloop
  endfacet
  facet normal 0.659262 -0.751913 0
    outer loop
      vertex 69.2678 85.0322 9.5
      vertex 69.0219 84.8166 2
      vertex 69.2678 85.0322 2
    endloop
  endfacet
  facet normal 0.442191 -0.896921 0
    outer loop
      vertex 68.4567 84.4903 2
      vertex 68.75 84.6349 9.5
      vertex 68.4567 84.4903 9.5
    endloop
  endfacet
  facet normal 0.442191 -0.896921 0
    outer loop
      vertex 68.75 84.6349 9.5
      vertex 68.4567 84.4903 2
      vertex 68.75 84.6349 2
    endloop
  endfacet
  facet normal 0.997856 0.0654432 0
    outer loop
      vertex 70 86.8 9.5
      vertex 69.9786 87.1263 2
      vertex 69.9786 87.1263 9.5
    endloop
  endfacet
  facet normal 0.997856 0.0654432 0
    outer loop
      vertex 69.9786 87.1263 2
      vertex 70 86.8 9.5
      vertex 70 86.8 2
    endloop
  endfacet
  facet normal -0.751913 -0.659262 0
    outer loop
      vertex 65.7322 85.0322 2
      vertex 65.5166 85.2781 9.5
      vertex 65.5166 85.2781 2
    endloop
  endfacet
  facet normal -0.751913 -0.659262 0
    outer loop
      vertex 65.5166 85.2781 9.5
      vertex 65.7322 85.0322 2
      vertex 65.7322 85.0322 9.5
    endloop
  endfacet
  facet normal 0.831438 0.555617 0
    outer loop
      vertex 69.6651 88.05 9.5
      vertex 69.4834 88.3219 2
      vertex 69.4834 88.3219 9.5
    endloop
  endfacet
  facet normal 0.831438 0.555617 0
    outer loop
      vertex 69.4834 88.3219 2
      vertex 69.6651 88.05 9.5
      vertex 69.6651 88.05 2
    endloop
  endfacet
  facet normal -0.0654432 -0.997856 0
    outer loop
      vertex 67.1737 84.3214 2
      vertex 67.5 84.3 9.5
      vertex 67.1737 84.3214 9.5
    endloop
  endfacet
  facet normal -0.0654432 -0.997856 -0
    outer loop
      vertex 67.5 84.3 9.5
      vertex 67.1737 84.3214 2
      vertex 67.5 84.3 2
    endloop
  endfacet
  facet normal -0.997856 0.0654432 0
    outer loop
      vertex 65 86.8 2
      vertex 65.0214 87.1263 9.5
      vertex 65.0214 87.1263 2
    endloop
  endfacet
  facet normal -0.997856 0.0654432 0
    outer loop
      vertex 65.0214 87.1263 9.5
      vertex 65 86.8 2
      vertex 65 86.8 9.5
    endloop
  endfacet
  facet normal 0.555617 -0.831438 0
    outer loop
      vertex 68.75 84.6349 2
      vertex 69.0219 84.8166 9.5
      vertex 68.75 84.6349 9.5
    endloop
  endfacet
  facet normal 0.555617 -0.831438 0
    outer loop
      vertex 69.0219 84.8166 9.5
      vertex 68.75 84.6349 2
      vertex 69.0219 84.8166 2
    endloop
  endfacet
  facet normal -0.442191 -0.896921 0
    outer loop
      vertex 66.25 84.6349 2
      vertex 66.5433 84.4903 9.5
      vertex 66.25 84.6349 9.5
    endloop
  endfacet
  facet normal -0.442191 -0.896921 -0
    outer loop
      vertex 66.5433 84.4903 9.5
      vertex 66.25 84.6349 2
      vertex 66.5433 84.4903 2
    endloop
  endfacet
  facet normal 0.32136 0.946957 -0
    outer loop
      vertex 68.4567 89.1097 2
      vertex 68.147 89.2148 9.5
      vertex 68.4567 89.1097 9.5
    endloop
  endfacet
  facet normal 0.32136 0.946957 0
    outer loop
      vertex 68.147 89.2148 9.5
      vertex 68.4567 89.1097 2
      vertex 68.147 89.2148 2
    endloop
  endfacet
  facet normal 0.555617 0.831438 -0
    outer loop
      vertex 69.0219 88.7834 2
      vertex 68.75 88.9651 9.5
      vertex 69.0219 88.7834 9.5
    endloop
  endfacet
  facet normal 0.555617 0.831438 0
    outer loop
      vertex 68.75 88.9651 9.5
      vertex 69.0219 88.7834 2
      vertex 68.75 88.9651 2
    endloop
  endfacet
  facet normal -0.831438 0.555617 0
    outer loop
      vertex 65.3349 88.05 2
      vertex 65.5166 88.3219 9.5
      vertex 65.5166 88.3219 2
    endloop
  endfacet
  facet normal -0.831438 0.555617 0
    outer loop
      vertex 65.5166 88.3219 9.5
      vertex 65.3349 88.05 2
      vertex 65.3349 88.05 9.5
    endloop
  endfacet
  facet normal -0.896921 0.442191 0
    outer loop
      vertex 65.1903 87.7567 2
      vertex 65.3349 88.05 9.5
      vertex 65.3349 88.05 2
    endloop
  endfacet
  facet normal -0.896921 0.442191 0
    outer loop
      vertex 65.3349 88.05 9.5
      vertex 65.1903 87.7567 2
      vertex 65.1903 87.7567 9.5
    endloop
  endfacet
  facet normal 0.980792 0.195058 0
    outer loop
      vertex 69.9786 87.1263 9.5
      vertex 69.9148 87.4471 2
      vertex 69.9148 87.4471 9.5
    endloop
  endfacet
  facet normal 0.980792 0.195058 0
    outer loop
      vertex 69.9148 87.4471 2
      vertex 69.9786 87.1263 9.5
      vertex 69.9786 87.1263 2
    endloop
  endfacet
  facet normal 0.751913 0.659262 0
    outer loop
      vertex 69.4834 88.3219 9.5
      vertex 69.2678 88.5678 2
      vertex 69.2678 88.5678 9.5
    endloop
  endfacet
  facet normal 0.751913 0.659262 0
    outer loop
      vertex 69.2678 88.5678 2
      vertex 69.4834 88.3219 9.5
      vertex 69.4834 88.3219 2
    endloop
  endfacet
  facet normal -0.997856 -0.0654432 0
    outer loop
      vertex 65.0214 86.4737 2
      vertex 65 86.8 9.5
      vertex 65 86.8 2
    endloop
  endfacet
  facet normal -0.997856 -0.0654432 0
    outer loop
      vertex 65 86.8 9.5
      vertex 65.0214 86.4737 2
      vertex 65.0214 86.4737 9.5
    endloop
  endfacet
  facet normal 0.32136 -0.946957 0
    outer loop
      vertex 68.147 84.3852 2
      vertex 68.4567 84.4903 9.5
      vertex 68.147 84.3852 9.5
    endloop
  endfacet
  facet normal 0.32136 -0.946957 0
    outer loop
      vertex 68.4567 84.4903 9.5
      vertex 68.147 84.3852 2
      vertex 68.4567 84.4903 2
    endloop
  endfacet
  facet normal -0.980792 0.195058 0
    outer loop
      vertex 65.0214 87.1263 2
      vertex 65.0852 87.4471 9.5
      vertex 65.0852 87.4471 2
    endloop
  endfacet
  facet normal -0.980792 0.195058 0
    outer loop
      vertex 65.0852 87.4471 9.5
      vertex 65.0214 87.1263 2
      vertex 65.0214 87.1263 9.5
    endloop
  endfacet
  facet normal 0.896921 -0.442191 0
    outer loop
      vertex 69.6651 85.55 9.5
      vertex 69.8097 85.8433 2
      vertex 69.8097 85.8433 9.5
    endloop
  endfacet
  facet normal 0.896921 -0.442191 0
    outer loop
      vertex 69.8097 85.8433 2
      vertex 69.6651 85.55 9.5
      vertex 69.6651 85.55 2
    endloop
  endfacet
  facet normal -0.946957 -0.32136 0
    outer loop
      vertex 65.1903 85.8433 2
      vertex 65.0852 86.153 9.5
      vertex 65.0852 86.153 2
    endloop
  endfacet
  facet normal -0.946957 -0.32136 0
    outer loop
      vertex 65.0852 86.153 9.5
      vertex 65.1903 85.8433 2
      vertex 65.1903 85.8433 9.5
    endloop
  endfacet
  facet normal 0.751913 -0.659262 0
    outer loop
      vertex 69.2678 85.0322 9.5
      vertex 69.4834 85.2781 2
      vertex 69.4834 85.2781 9.5
    endloop
  endfacet
  facet normal 0.751913 -0.659262 0
    outer loop
      vertex 69.4834 85.2781 2
      vertex 69.2678 85.0322 9.5
      vertex 69.2678 85.0322 2
    endloop
  endfacet
  facet normal -0.195116 -0.98078 0
    outer loop
      vertex 66.853 84.3852 2
      vertex 67.1737 84.3214 9.5
      vertex 66.853 84.3852 9.5
    endloop
  endfacet
  facet normal -0.195116 -0.98078 -0
    outer loop
      vertex 67.1737 84.3214 9.5
      vertex 66.853 84.3852 2
      vertex 67.1737 84.3214 2
    endloop
  endfacet
  facet normal 0.442191 0.896921 -0
    outer loop
      vertex 68.75 88.9651 2
      vertex 68.4567 89.1097 9.5
      vertex 68.75 88.9651 9.5
    endloop
  endfacet
  facet normal 0.442191 0.896921 0
    outer loop
      vertex 68.4567 89.1097 9.5
      vertex 68.75 88.9651 2
      vertex 68.4567 89.1097 2
    endloop
  endfacet
  facet normal -0.195116 0.98078 0
    outer loop
      vertex 67.1737 89.2786 2
      vertex 66.853 89.2148 9.5
      vertex 67.1737 89.2786 9.5
    endloop
  endfacet
  facet normal -0.195116 0.98078 0
    outer loop
      vertex 66.853 89.2148 9.5
      vertex 67.1737 89.2786 2
      vertex 66.853 89.2148 2
    endloop
  endfacet
  facet normal -0.32136 0.946957 0
    outer loop
      vertex 66.853 89.2148 2
      vertex 66.5433 89.1097 9.5
      vertex 66.853 89.2148 9.5
    endloop
  endfacet
  facet normal -0.32136 0.946957 0
    outer loop
      vertex 66.5433 89.1097 9.5
      vertex 66.853 89.2148 2
      vertex 66.5433 89.1097 2
    endloop
  endfacet
  facet normal -0.659262 0.751913 0
    outer loop
      vertex 65.9781 88.7834 2
      vertex 65.7322 88.5678 9.5
      vertex 65.9781 88.7834 9.5
    endloop
  endfacet
  facet normal -0.659262 0.751913 0
    outer loop
      vertex 65.7322 88.5678 9.5
      vertex 65.9781 88.7834 2
      vertex 65.7322 88.5678 2
    endloop
  endfacet
  facet normal -0.442191 0.896921 0
    outer loop
      vertex 66.5433 89.1097 2
      vertex 66.25 88.9651 9.5
      vertex 66.5433 89.1097 9.5
    endloop
  endfacet
  facet normal -0.442191 0.896921 0
    outer loop
      vertex 66.25 88.9651 9.5
      vertex 66.5433 89.1097 2
      vertex 66.25 88.9651 2
    endloop
  endfacet
  facet normal -0.831438 -0.555617 0
    outer loop
      vertex 65.5166 85.2781 2
      vertex 65.3349 85.55 9.5
      vertex 65.3349 85.55 2
    endloop
  endfacet
  facet normal -0.831438 -0.555617 0
    outer loop
      vertex 65.3349 85.55 9.5
      vertex 65.5166 85.2781 2
      vertex 65.5166 85.2781 9.5
    endloop
  endfacet
  facet normal -0.555617 0.831438 0
    outer loop
      vertex 66.25 88.9651 2
      vertex 65.9781 88.7834 9.5
      vertex 66.25 88.9651 9.5
    endloop
  endfacet
  facet normal -0.555617 0.831438 0
    outer loop
      vertex 65.9781 88.7834 9.5
      vertex 66.25 88.9651 2
      vertex 65.9781 88.7834 2
    endloop
  endfacet
  facet normal 0.321425 0.946935 -0
    outer loop
      vertex 3.45671 5.5097 2
      vertex 3.14705 5.61481 9.5
      vertex 3.45671 5.5097 9.5
    endloop
  endfacet
  facet normal 0.321425 0.946935 0
    outer loop
      vertex 3.14705 5.61481 9.5
      vertex 3.45671 5.5097 2
      vertex 3.14705 5.61481 2
    endloop
  endfacet
  facet normal 0.980784 -0.195099 0
    outer loop
      vertex 4.91481 2.55295 9.5
      vertex 4.97861 2.87368 2
      vertex 4.97861 2.87368 9.5
    endloop
  endfacet
  facet normal 0.980784 -0.195099 0
    outer loop
      vertex 4.97861 2.87368 2
      vertex 4.91481 2.55295 9.5
      vertex 4.91481 2.55295 2
    endloop
  endfacet
  facet normal 0.997859 -0.0654088 0
    outer loop
      vertex 4.97861 2.87368 9.5
      vertex 5 3.2 2
      vertex 5 3.2 9.5
    endloop
  endfacet
  facet normal 0.997859 -0.0654088 0
    outer loop
      vertex 5 3.2 2
      vertex 4.97861 2.87368 9.5
      vertex 4.97861 2.87368 2
    endloop
  endfacet
  facet normal 0.946935 -0.321425 0
    outer loop
      vertex 4.8097 2.24329 9.5
      vertex 4.91481 2.55295 2
      vertex 4.91481 2.55295 9.5
    endloop
  endfacet
  facet normal 0.946935 -0.321425 0
    outer loop
      vertex 4.91481 2.55295 2
      vertex 4.8097 2.24329 9.5
      vertex 4.8097 2.24329 2
    endloop
  endfacet
  facet normal -0.997859 -0.0654 0
    outer loop
      vertex 0.0213871 2.87368 2
      vertex 0 3.2 9.5
      vertex 0 3.2 2
    endloop
  endfacet
  facet normal -0.997859 -0.0654 0
    outer loop
      vertex 0 3.2 9.5
      vertex 0.0213871 2.87368 2
      vertex 0.0213871 2.87368 9.5
    endloop
  endfacet
  facet normal 0.831466 -0.555575 0
    outer loop
      vertex 4.48338 1.6781 9.5
      vertex 4.66506 1.95 2
      vertex 4.66506 1.95 9.5
    endloop
  endfacet
  facet normal 0.831466 -0.555575 0
    outer loop
      vertex 4.66506 1.95 2
      vertex 4.48338 1.6781 9.5
      vertex 4.48338 1.6781 2
    endloop
  endfacet
  facet normal -0.555569 0.83147 0
    outer loop
      vertex 1.25 5.36506 2
      vertex 0.978096 5.18338 9.5
      vertex 1.25 5.36506 9.5
    endloop
  endfacet
  facet normal -0.555569 0.83147 0
    outer loop
      vertex 0.978096 5.18338 9.5
      vertex 1.25 5.36506 2
      vertex 0.978096 5.18338 2
    endloop
  endfacet
  facet normal 0.896866 -0.442302 0
    outer loop
      vertex 4.66506 1.95 9.5
      vertex 4.8097 2.24329 2
      vertex 4.8097 2.24329 9.5
    endloop
  endfacet
  facet normal 0.896866 -0.442302 0
    outer loop
      vertex 4.8097 2.24329 2
      vertex 4.66506 1.95 9.5
      vertex 4.66506 1.95 2
    endloop
  endfacet
  facet normal -0.831466 0.555575 0
    outer loop
      vertex 0.334936 4.45 2
      vertex 0.516616 4.7219 9.5
      vertex 0.516616 4.7219 2
    endloop
  endfacet
  facet normal -0.831466 0.555575 0
    outer loop
      vertex 0.516616 4.7219 9.5
      vertex 0.334936 4.45 2
      vertex 0.334936 4.45 9.5
    endloop
  endfacet
  facet normal -0.94693 0.321441 0
    outer loop
      vertex 0.0851851 3.84705 2
      vertex 0.190301 4.15671 9.5
      vertex 0.190301 4.15671 2
    endloop
  endfacet
  facet normal -0.94693 0.321441 0
    outer loop
      vertex 0.190301 4.15671 9.5
      vertex 0.0851851 3.84705 2
      vertex 0.0851851 3.84705 9.5
    endloop
  endfacet
  facet normal -0.321441 -0.94693 0
    outer loop
      vertex 1.54329 0.890302 2
      vertex 1.85295 0.785186 9.5
      vertex 1.54329 0.890302 9.5
    endloop
  endfacet
  facet normal -0.321441 -0.94693 -0
    outer loop
      vertex 1.85295 0.785186 9.5
      vertex 1.54329 0.890302 2
      vertex 1.85295 0.785186 2
    endloop
  endfacet
  facet normal 0.997859 0.0654088 0
    outer loop
      vertex 5 3.2 9.5
      vertex 4.97861 3.52632 2
      vertex 4.97861 3.52632 9.5
    endloop
  endfacet
  facet normal 0.997859 0.0654088 0
    outer loop
      vertex 4.97861 3.52632 2
      vertex 5 3.2 9.5
      vertex 5 3.2 2
    endloop
  endfacet
  facet normal 0.896866 0.442302 0
    outer loop
      vertex 4.8097 4.15671 9.5
      vertex 4.66506 4.45 2
      vertex 4.66506 4.45 9.5
    endloop
  endfacet
  facet normal 0.896866 0.442302 0
    outer loop
      vertex 4.66506 4.45 2
      vertex 4.8097 4.15671 9.5
      vertex 4.8097 4.15671 2
    endloop
  endfacet
  facet normal 0.659325 0.751858 -0
    outer loop
      vertex 4.26777 4.96777 2
      vertex 4.0219 5.18338 9.5
      vertex 4.26777 4.96777 9.5
    endloop
  endfacet
  facet normal 0.659325 0.751858 0
    outer loop
      vertex 4.0219 5.18338 9.5
      vertex 4.26777 4.96777 2
      vertex 4.0219 5.18338 2
    endloop
  endfacet
  facet normal -0.980785 0.195093 0
    outer loop
      vertex 0.0213871 3.52632 2
      vertex 0.0851851 3.84705 9.5
      vertex 0.0851851 3.84705 2
    endloop
  endfacet
  facet normal -0.980785 0.195093 0
    outer loop
      vertex 0.0851851 3.84705 9.5
      vertex 0.0213871 3.52632 2
      vertex 0.0213871 3.52632 9.5
    endloop
  endfacet
  facet normal -0.751849 -0.659335 0
    outer loop
      vertex 0.732232 1.43223 2
      vertex 0.516616 1.6781 9.5
      vertex 0.516616 1.6781 2
    endloop
  endfacet
  facet normal -0.751849 -0.659335 0
    outer loop
      vertex 0.516616 1.6781 9.5
      vertex 0.732232 1.43223 2
      vertex 0.732232 1.43223 9.5
    endloop
  endfacet
  facet normal 0.980784 0.195099 0
    outer loop
      vertex 4.97861 3.52632 9.5
      vertex 4.91481 3.84705 2
      vertex 4.91481 3.84705 9.5
    endloop
  endfacet
  facet normal 0.980784 0.195099 0
    outer loop
      vertex 4.91481 3.84705 2
      vertex 4.97861 3.52632 9.5
      vertex 4.97861 3.52632 2
    endloop
  endfacet
  facet normal 0.0654016 -0.997859 0
    outer loop
      vertex 2.5 0.700001 2
      vertex 2.82631 0.721388 9.5
      vertex 2.5 0.700001 9.5
    endloop
  endfacet
  facet normal 0.0654016 -0.997859 0
    outer loop
      vertex 2.82631 0.721388 9.5
      vertex 2.5 0.700001 2
      vertex 2.82631 0.721388 2
    endloop
  endfacet
  facet normal 0.0654108 0.997858 -0
    outer loop
      vertex 2.82631 5.67861 2
      vertex 2.5 5.7 9.5
      vertex 2.82631 5.67861 9.5
    endloop
  endfacet
  facet normal 0.0654108 0.997858 0
    outer loop
      vertex 2.5 5.7 9.5
      vertex 2.82631 5.67861 2
      vertex 2.5 5.7 2
    endloop
  endfacet
  facet normal 0.555575 -0.831466 0
    outer loop
      vertex 3.75 1.03494 2
      vertex 4.0219 1.21662 9.5
      vertex 3.75 1.03494 9.5
    endloop
  endfacet
  facet normal 0.555575 -0.831466 0
    outer loop
      vertex 4.0219 1.21662 9.5
      vertex 3.75 1.03494 2
      vertex 4.0219 1.21662 2
    endloop
  endfacet
  facet normal -0.659334 0.75185 0
    outer loop
      vertex 0.978096 5.18338 2
      vertex 0.732232 4.96777 9.5
      vertex 0.978096 5.18338 9.5
    endloop
  endfacet
  facet normal -0.659334 0.75185 0
    outer loop
      vertex 0.732232 4.96777 9.5
      vertex 0.978096 5.18338 2
      vertex 0.732232 4.96777 2
    endloop
  endfacet
  facet normal 0.442297 -0.896869 0
    outer loop
      vertex 3.45671 0.890302 2
      vertex 3.75 1.03494 9.5
      vertex 3.45671 0.890302 9.5
    endloop
  endfacet
  facet normal 0.442297 -0.896869 0
    outer loop
      vertex 3.75 1.03494 9.5
      vertex 3.45671 0.890302 2
      vertex 3.75 1.03494 2
    endloop
  endfacet
  facet normal -0.195099 0.980784 0
    outer loop
      vertex 2.17368 5.67861 2
      vertex 1.85295 5.61481 9.5
      vertex 2.17368 5.67861 9.5
    endloop
  endfacet
  facet normal -0.195099 0.980784 0
    outer loop
      vertex 1.85295 5.61481 9.5
      vertex 2.17368 5.67861 2
      vertex 1.85295 5.61481 2
    endloop
  endfacet
  facet normal 0.831466 0.555575 0
    outer loop
      vertex 4.66506 4.45 9.5
      vertex 4.48338 4.7219 2
      vertex 4.48338 4.7219 9.5
    endloop
  endfacet
  facet normal 0.831466 0.555575 0
    outer loop
      vertex 4.48338 4.7219 2
      vertex 4.66506 4.45 9.5
      vertex 4.66506 4.45 2
    endloop
  endfacet
  facet normal -0.0654088 0.997859 0
    outer loop
      vertex 2.5 5.7 2
      vertex 2.17368 5.67861 9.5
      vertex 2.5 5.7 9.5
    endloop
  endfacet
  facet normal -0.0654088 0.997859 0
    outer loop
      vertex 2.17368 5.67861 9.5
      vertex 2.5 5.7 2
      vertex 2.17368 5.67861 2
    endloop
  endfacet
  facet normal 0.195087 -0.980786 0
    outer loop
      vertex 2.82631 0.721388 2
      vertex 3.14705 0.785186 9.5
      vertex 2.82631 0.721388 9.5
    endloop
  endfacet
  facet normal 0.195087 -0.980786 0
    outer loop
      vertex 3.14705 0.785186 9.5
      vertex 2.82631 0.721388 2
      vertex 3.14705 0.785186 2
    endloop
  endfacet
  facet normal -0.751849 0.659335 0
    outer loop
      vertex 0.516616 4.7219 2
      vertex 0.732232 4.96777 9.5
      vertex 0.732232 4.96777 2
    endloop
  endfacet
  facet normal -0.751849 0.659335 0
    outer loop
      vertex 0.732232 4.96777 9.5
      vertex 0.516616 4.7219 2
      vertex 0.516616 4.7219 9.5
    endloop
  endfacet
  facet normal 0.555575 0.831466 -0
    outer loop
      vertex 4.0219 5.18338 2
      vertex 3.75 5.36506 9.5
      vertex 4.0219 5.18338 9.5
    endloop
  endfacet
  facet normal 0.555575 0.831466 0
    outer loop
      vertex 3.75 5.36506 9.5
      vertex 4.0219 5.18338 2
      vertex 3.75 5.36506 2
    endloop
  endfacet
  facet normal -0.555569 -0.83147 0
    outer loop
      vertex 0.978096 1.21662 2
      vertex 1.25 1.03494 9.5
      vertex 0.978096 1.21662 9.5
    endloop
  endfacet
  facet normal -0.555569 -0.83147 -0
    outer loop
      vertex 1.25 1.03494 9.5
      vertex 0.978096 1.21662 2
      vertex 1.25 1.03494 2
    endloop
  endfacet
  facet normal -0.442297 -0.896869 0
    outer loop
      vertex 1.25 1.03494 2
      vertex 1.54329 0.890302 9.5
      vertex 1.25 1.03494 9.5
    endloop
  endfacet
  facet normal -0.442297 -0.896869 -0
    outer loop
      vertex 1.54329 0.890302 9.5
      vertex 1.25 1.03494 2
      vertex 1.54329 0.890302 2
    endloop
  endfacet
  facet normal -0.442302 0.896866 0
    outer loop
      vertex 1.54329 5.5097 2
      vertex 1.25 5.36506 9.5
      vertex 1.54329 5.5097 9.5
    endloop
  endfacet
  facet normal -0.442302 0.896866 0
    outer loop
      vertex 1.25 5.36506 9.5
      vertex 1.54329 5.5097 2
      vertex 1.25 5.36506 2
    endloop
  endfacet
  facet normal 0.442302 0.896866 -0
    outer loop
      vertex 3.75 5.36506 2
      vertex 3.45671 5.5097 9.5
      vertex 3.75 5.36506 9.5
    endloop
  endfacet
  facet normal 0.442302 0.896866 0
    outer loop
      vertex 3.45671 5.5097 9.5
      vertex 3.75 5.36506 2
      vertex 3.45671 5.5097 2
    endloop
  endfacet
  facet normal 0.195093 0.980785 -0
    outer loop
      vertex 3.14705 5.61481 2
      vertex 2.82631 5.67861 9.5
      vertex 3.14705 5.61481 9.5
    endloop
  endfacet
  facet normal 0.195093 0.980785 0
    outer loop
      vertex 2.82631 5.67861 9.5
      vertex 3.14705 5.61481 2
      vertex 2.82631 5.67861 2
    endloop
  endfacet
  facet normal 0.751858 -0.659325 0
    outer loop
      vertex 4.26777 1.43223 9.5
      vertex 4.48338 1.6781 2
      vertex 4.48338 1.6781 9.5
    endloop
  endfacet
  facet normal 0.751858 -0.659325 0
    outer loop
      vertex 4.48338 1.6781 2
      vertex 4.26777 1.43223 9.5
      vertex 4.26777 1.43223 2
    endloop
  endfacet
  facet normal 0 0 1
    outer loop
      vertex 3.95 3.2 9.5
      vertex 5 3.2 9.5
      vertex 4.97861 3.52632 9.5
    endloop
  endfacet
  facet normal 0 0 1
    outer loop
      vertex 3.93759 3.38926 9.5
      vertex 4.97861 3.52632 9.5
      vertex 4.91481 3.84705 9.5
    endloop
  endfacet
  facet normal 0 0 1
    outer loop
      vertex 5 3.2 9.5
      vertex 3.95 3.2 9.5
      vertex 4.97861 2.87368 9.5
    endloop
  endfacet
  facet normal 0 0 1
    outer loop
      vertex 3.90059 3.57529 9.5
      vertex 4.91481 3.84705 9.5
      vertex 4.8097 4.15671 9.5
    endloop
  endfacet
  facet normal -0 0 1
    outer loop
      vertex 3.93759 3.01074 9.5
      vertex 4.97861 2.87368 9.5
      vertex 3.95 3.2 9.5
    endloop
  endfacet
  facet normal 0 0 1
    outer loop
      vertex 3.83962 3.75489 9.5
      vertex 4.8097 4.15671 9.5
      vertex 4.66506 4.45 9.5
    endloop
  endfacet
  facet normal 0 0 1
    outer loop
      vertex 4.97861 2.87368 9.5
      vertex 3.93759 3.01074 9.5
      vertex 4.91481 2.55295 9.5
    endloop
  endfacet
  facet normal 0 0 1
    outer loop
      vertex 3.75574 3.925 9.5
      vertex 4.66506 4.45 9.5
      vertex 4.48338 4.7219 9.5
    endloop
  endfacet
  facet normal -0 0 1
    outer loop
      vertex 3.90059 2.82471 9.5
      vertex 4.91481 2.55295 9.5
      vertex 3.93759 3.01074 9.5
    endloop
  endfacet
  facet normal 0 0 1
    outer loop
      vertex 3.65036 4.0827 9.5
      vertex 4.48338 4.7219 9.5
      vertex 4.26777 4.96777 9.5
    endloop
  endfacet
  facet normal 0 0 1
    outer loop
      vertex 4.91481 2.55295 9.5
      vertex 3.90059 2.82471 9.5
      vertex 4.8097 2.24329 9.5
    endloop
  endfacet
  facet normal 0 0 1
    outer loop
      vertex 3.5253 4.22531 9.5
      vertex 4.26777 4.96777 9.5
      vertex 4.0219 5.18338 9.5
    endloop
  endfacet
  facet normal -0 0 1
    outer loop
      vertex 3.83962 2.64511 9.5
      vertex 4.8097 2.24329 9.5
      vertex 3.90059 2.82471 9.5
    endloop
  endfacet
  facet normal 0 0 1
    outer loop
      vertex 4.8097 2.24329 9.5
      vertex 3.83962 2.64511 9.5
      vertex 4.66506 1.95 9.5
    endloop
  endfacet
  facet normal 0 0 1
    outer loop
      vertex 4.97861 3.52632 9.5
      vertex 3.93759 3.38926 9.5
      vertex 3.95 3.2 9.5
    endloop
  endfacet
  facet normal 0 0 1
    outer loop
      vertex 4.91481 3.84705 9.5
      vertex 3.90059 3.57529 9.5
      vertex 3.93759 3.38926 9.5
    endloop
  endfacet
  facet normal 0 0 1
    outer loop
      vertex 4.8097 4.15671 9.5
      vertex 3.83962 3.75489 9.5
      vertex 3.90059 3.57529 9.5
    endloop
  endfacet
  facet normal 0 0 1
    outer loop
      vertex 4.66506 4.45 9.5
      vertex 3.75574 3.925 9.5
      vertex 3.83962 3.75489 9.5
    endloop
  endfacet
  facet normal 0 0 1
    outer loop
      vertex 3.3827 4.35036 9.5
      vertex 4.0219 5.18338 9.5
      vertex 3.75 5.36506 9.5
    endloop
  endfacet
  facet normal 0 0 1
    outer loop
      vertex 4.48338 4.7219 9.5
      vertex 3.65036 4.0827 9.5
      vertex 3.75574 3.925 9.5
    endloop
  endfacet
  facet normal 0 0 1
    outer loop
      vertex 4.26777 4.96777 9.5
      vertex 3.5253 4.22531 9.5
      vertex 3.65036 4.0827 9.5
    endloop
  endfacet
  facet normal 0 0 1
    outer loop
      vertex 3.225 4.45574 9.5
      vertex 3.75 5.36506 9.5
      vertex 3.45671 5.5097 9.5
    endloop
  endfacet
  facet normal 0 0 1
    outer loop
      vertex 4.0219 5.18338 9.5
      vertex 3.3827 4.35036 9.5
      vertex 3.5253 4.22531 9.5
    endloop
  endfacet
  facet normal 0 0 1
    outer loop
      vertex 3.75 5.36506 9.5
      vertex 3.225 4.45574 9.5
      vertex 3.3827 4.35036 9.5
    endloop
  endfacet
  facet normal 0 0 1
    outer loop
      vertex 3.05489 4.53963 9.5
      vertex 3.45671 5.5097 9.5
      vertex 3.14705 5.61481 9.5
    endloop
  endfacet
  facet normal 0 0 1
    outer loop
      vertex 3.45671 5.5097 9.5
      vertex 3.05489 4.53963 9.5
      vertex 3.225 4.45574 9.5
    endloop
  endfacet
  facet normal 0 0 1
    outer loop
      vertex 3.14705 5.61481 9.5
      vertex 2.87529 4.60059 9.5
      vertex 3.05489 4.53963 9.5
    endloop
  endfacet
  facet normal 0 0 1
    outer loop
      vertex 2.82631 5.67861 9.5
      vertex 2.87529 4.60059 9.5
      vertex 3.14705 5.61481 9.5
    endloop
  endfacet
  facet normal 0 0 1
    outer loop
      vertex 2.82631 5.67861 9.5
      vertex 2.68926 4.6376 9.5
      vertex 2.87529 4.60059 9.5
    endloop
  endfacet
  facet normal 0 0 1
    outer loop
      vertex 2.5 5.7 9.5
      vertex 2.68926 4.6376 9.5
      vertex 2.82631 5.67861 9.5
    endloop
  endfacet
  facet normal 0 0 1
    outer loop
      vertex 2.5 5.7 9.5
      vertex 2.5 4.65 9.5
      vertex 2.68926 4.6376 9.5
    endloop
  endfacet
  facet normal 0 0 1
    outer loop
      vertex 2.5 5.7 9.5
      vertex 2.31074 4.6376 9.5
      vertex 2.5 4.65 9.5
    endloop
  endfacet
  facet normal -0 0 1
    outer loop
      vertex 2.17368 5.67861 9.5
      vertex 2.31074 4.6376 9.5
      vertex 2.5 5.7 9.5
    endloop
  endfacet
  facet normal 0 0 1
    outer loop
      vertex 2.17368 5.67861 9.5
      vertex 2.12471 4.60059 9.5
      vertex 2.31074 4.6376 9.5
    endloop
  endfacet
  facet normal -0 0 1
    outer loop
      vertex 1.85295 5.61481 9.5
      vertex 2.12471 4.60059 9.5
      vertex 2.17368 5.67861 9.5
    endloop
  endfacet
  facet normal 0 0 1
    outer loop
      vertex 2.12471 4.60059 9.5
      vertex 1.85295 5.61481 9.5
      vertex 1.94511 4.53963 9.5
    endloop
  endfacet
  facet normal -0 0 1
    outer loop
      vertex 1.54329 5.5097 9.5
      vertex 1.94511 4.53963 9.5
      vertex 1.85295 5.61481 9.5
    endloop
  endfacet
  facet normal 0 0 1
    outer loop
      vertex 1.94511 4.53963 9.5
      vertex 1.54329 5.5097 9.5
      vertex 1.775 4.45574 9.5
    endloop
  endfacet
  facet normal -0 0 1
    outer loop
      vertex 1.25 5.36506 9.5
      vertex 1.775 4.45574 9.5
      vertex 1.54329 5.5097 9.5
    endloop
  endfacet
  facet normal 0 0 1
    outer loop
      vertex 1.775 4.45574 9.5
      vertex 1.25 5.36506 9.5
      vertex 1.6173 4.35036 9.5
    endloop
  endfacet
  facet normal -0 0 1
    outer loop
      vertex 0.978096 5.18338 9.5
      vertex 1.6173 4.35036 9.5
      vertex 1.25 5.36506 9.5
    endloop
  endfacet
  facet normal 0 0 1
    outer loop
      vertex 1.6173 4.35036 9.5
      vertex 0.978096 5.18338 9.5
      vertex 1.47469 4.22531 9.5
    endloop
  endfacet
  facet normal -0 0 1
    outer loop
      vertex 0.732232 4.96777 9.5
      vertex 1.47469 4.22531 9.5
      vertex 0.978096 5.18338 9.5
    endloop
  endfacet
  facet normal 0 0 1
    outer loop
      vertex 1.47469 4.22531 9.5
      vertex 0.732232 4.96777 9.5
      vertex 1.34964 4.0827 9.5
    endloop
  endfacet
  facet normal -0 0 1
    outer loop
      vertex 0.516616 4.7219 9.5
      vertex 1.34964 4.0827 9.5
      vertex 0.732232 4.96777 9.5
    endloop
  endfacet
  facet normal 0 0 1
    outer loop
      vertex 1.34964 4.0827 9.5
      vertex 0.516616 4.7219 9.5
      vertex 1.24426 3.925 9.5
    endloop
  endfacet
  facet normal 0 0 1
    outer loop
      vertex 1.24426 3.925 9.5
      vertex 0.334936 4.45 9.5
      vertex 1.16037 3.75489 9.5
    endloop
  endfacet
  facet normal -0 0 1
    outer loop
      vertex 0.334936 4.45 9.5
      vertex 1.24426 3.925 9.5
      vertex 0.516616 4.7219 9.5
    endloop
  endfacet
  facet normal -0 0 1
    outer loop
      vertex 3.75574 2.475 9.5
      vertex 4.66506 1.95 9.5
      vertex 3.83962 2.64511 9.5
    endloop
  endfacet
  facet normal 0 0 1
    outer loop
      vertex 4.66506 1.95 9.5
      vertex 3.75574 2.475 9.5
      vertex 4.48338 1.6781 9.5
    endloop
  endfacet
  facet normal -0 0 1
    outer loop
      vertex 3.65036 2.3173 9.5
      vertex 4.48338 1.6781 9.5
      vertex 3.75574 2.475 9.5
    endloop
  endfacet
  facet normal 0 0 1
    outer loop
      vertex 4.48338 1.6781 9.5
      vertex 3.65036 2.3173 9.5
      vertex 4.26777 1.43223 9.5
    endloop
  endfacet
  facet normal -0 0 1
    outer loop
      vertex 3.5253 2.1747 9.5
      vertex 4.26777 1.43223 9.5
      vertex 3.65036 2.3173 9.5
    endloop
  endfacet
  facet normal 0 0 1
    outer loop
      vertex 4.26777 1.43223 9.5
      vertex 3.5253 2.1747 9.5
      vertex 4.0219 1.21662 9.5
    endloop
  endfacet
  facet normal -0 0 1
    outer loop
      vertex 3.3827 2.04964 9.5
      vertex 4.0219 1.21662 9.5
      vertex 3.5253 2.1747 9.5
    endloop
  endfacet
  facet normal 0 0 1
    outer loop
      vertex 4.0219 1.21662 9.5
      vertex 3.3827 2.04964 9.5
      vertex 3.75 1.03494 9.5
    endloop
  endfacet
  facet normal -0 0 1
    outer loop
      vertex 3.225 1.94426 9.5
      vertex 3.75 1.03494 9.5
      vertex 3.3827 2.04964 9.5
    endloop
  endfacet
  facet normal 0 0 1
    outer loop
      vertex 3.75 1.03494 9.5
      vertex 3.225 1.94426 9.5
      vertex 3.45671 0.890302 9.5
    endloop
  endfacet
  facet normal -0 0 1
    outer loop
      vertex 3.05489 1.86038 9.5
      vertex 3.45671 0.890302 9.5
      vertex 3.225 1.94426 9.5
    endloop
  endfacet
  facet normal 0 0 1
    outer loop
      vertex 3.45671 0.890302 9.5
      vertex 3.05489 1.86038 9.5
      vertex 3.14705 0.785186 9.5
    endloop
  endfacet
  facet normal -0 0 1
    outer loop
      vertex 2.87529 1.79941 9.5
      vertex 3.14705 0.785186 9.5
      vertex 3.05489 1.86038 9.5
    endloop
  endfacet
  facet normal 0 0 1
    outer loop
      vertex 2.87529 1.79941 9.5
      vertex 2.82631 0.721388 9.5
      vertex 3.14705 0.785186 9.5
    endloop
  endfacet
  facet normal -0 0 1
    outer loop
      vertex 2.68926 1.76241 9.5
      vertex 2.82631 0.721388 9.5
      vertex 2.87529 1.79941 9.5
    endloop
  endfacet
  facet normal -0 0 1
    outer loop
      vertex 2.5 1.75 9.5
      vertex 2.82631 0.721388 9.5
      vertex 2.68926 1.76241 9.5
    endloop
  endfacet
  facet normal 0 0 1
    outer loop
      vertex 2.5 1.75 9.5
      vertex 2.5 0.700001 9.5
      vertex 2.82631 0.721388 9.5
    endloop
  endfacet
  facet normal 0 0 1
    outer loop
      vertex 2.31074 1.76241 9.5
      vertex 2.5 0.700001 9.5
      vertex 2.5 1.75 9.5
    endloop
  endfacet
  facet normal 0 0 1
    outer loop
      vertex 2.31074 1.76241 9.5
      vertex 2.17368 0.721388 9.5
      vertex 2.5 0.700001 9.5
    endloop
  endfacet
  facet normal 0 0 1
    outer loop
      vertex 2.12471 1.79941 9.5
      vertex 2.17368 0.721388 9.5
      vertex 2.31074 1.76241 9.5
    endloop
  endfacet
  facet normal 0 0 1
    outer loop
      vertex 1.85295 0.785186 9.5
      vertex 2.12471 1.79941 9.5
      vertex 1.94511 1.86038 9.5
    endloop
  endfacet
  facet normal 0 0 1
    outer loop
      vertex 2.12471 1.79941 9.5
      vertex 1.85295 0.785186 9.5
      vertex 2.17368 0.721388 9.5
    endloop
  endfacet
  facet normal 0 0 1
    outer loop
      vertex 1.54329 0.890302 9.5
      vertex 1.94511 1.86038 9.5
      vertex 1.775 1.94426 9.5
    endloop
  endfacet
  facet normal 0 0 1
    outer loop
      vertex 1.25 1.03494 9.5
      vertex 1.775 1.94426 9.5
      vertex 1.6173 2.04964 9.5
    endloop
  endfacet
  facet normal 0 0 1
    outer loop
      vertex 1.94511 1.86038 9.5
      vertex 1.54329 0.890302 9.5
      vertex 1.85295 0.785186 9.5
    endloop
  endfacet
  facet normal 0 0 1
    outer loop
      vertex 0.978096 1.21662 9.5
      vertex 1.6173 2.04964 9.5
      vertex 1.47469 2.1747 9.5
    endloop
  endfacet
  facet normal 0 0 1
    outer loop
      vertex 0.732232 1.43223 9.5
      vertex 1.47469 2.1747 9.5
      vertex 1.34964 2.3173 9.5
    endloop
  endfacet
  facet normal 0 0 1
    outer loop
      vertex 1.775 1.94426 9.5
      vertex 1.25 1.03494 9.5
      vertex 1.54329 0.890302 9.5
    endloop
  endfacet
  facet normal 0 0 1
    outer loop
      vertex 0.516616 1.6781 9.5
      vertex 1.34964 2.3173 9.5
      vertex 1.24426 2.475 9.5
    endloop
  endfacet
  facet normal 0 0 1
    outer loop
      vertex 0.334936 1.95 9.5
      vertex 1.24426 2.475 9.5
      vertex 1.16037 2.64511 9.5
    endloop
  endfacet
  facet normal 0 0 1
    outer loop
      vertex 0.190301 2.24329 9.5
      vertex 1.16037 2.64511 9.5
      vertex 1.09941 2.82471 9.5
    endloop
  endfacet
  facet normal 0 0 1
    outer loop
      vertex 0.0851851 2.55295 9.5
      vertex 1.09941 2.82471 9.5
      vertex 1.0624 3.01074 9.5
    endloop
  endfacet
  facet normal 0 0 1
    outer loop
      vertex 1.6173 2.04964 9.5
      vertex 0.978096 1.21662 9.5
      vertex 1.25 1.03494 9.5
    endloop
  endfacet
  facet normal 0 0 1
    outer loop
      vertex 0.0213871 2.87368 9.5
      vertex 1.0624 3.01074 9.5
      vertex 1.05 3.2 9.5
    endloop
  endfacet
  facet normal -0 0 1
    outer loop
      vertex 0.190301 4.15671 9.5
      vertex 1.16037 3.75489 9.5
      vertex 0.334936 4.45 9.5
    endloop
  endfacet
  facet normal 0 0 1
    outer loop
      vertex 1.16037 3.75489 9.5
      vertex 0.190301 4.15671 9.5
      vertex 1.09941 3.57529 9.5
    endloop
  endfacet
  facet normal 0 0 1
    outer loop
      vertex 1.47469 2.1747 9.5
      vertex 0.732232 1.43223 9.5
      vertex 0.978096 1.21662 9.5
    endloop
  endfacet
  facet normal -0 0 1
    outer loop
      vertex 0.0851851 3.84705 9.5
      vertex 1.09941 3.57529 9.5
      vertex 0.190301 4.15671 9.5
    endloop
  endfacet
  facet normal 0 0 1
    outer loop
      vertex 1.34964 2.3173 9.5
      vertex 0.516616 1.6781 9.5
      vertex 0.732232 1.43223 9.5
    endloop
  endfacet
  facet normal 0 0 1
    outer loop
      vertex 1.09941 3.57529 9.5
      vertex 0.0851851 3.84705 9.5
      vertex 1.0624 3.38926 9.5
    endloop
  endfacet
  facet normal 0 0 1
    outer loop
      vertex 1.24426 2.475 9.5
      vertex 0.334936 1.95 9.5
      vertex 0.516616 1.6781 9.5
    endloop
  endfacet
  facet normal -0 0 1
    outer loop
      vertex 0.0213871 3.52632 9.5
      vertex 1.0624 3.38926 9.5
      vertex 0.0851851 3.84705 9.5
    endloop
  endfacet
  facet normal 0 0 1
    outer loop
      vertex 1.16037 2.64511 9.5
      vertex 0.190301 2.24329 9.5
      vertex 0.334936 1.95 9.5
    endloop
  endfacet
  facet normal 0 0 1
    outer loop
      vertex 1.0624 3.38926 9.5
      vertex 0.0213871 3.52632 9.5
      vertex 1.05 3.2 9.5
    endloop
  endfacet
  facet normal 0 0 1
    outer loop
      vertex 1.09941 2.82471 9.5
      vertex 0.0851851 2.55295 9.5
      vertex 0.190301 2.24329 9.5
    endloop
  endfacet
  facet normal 0 0 1
    outer loop
      vertex 0 3.2 9.5
      vertex 1.05 3.2 9.5
      vertex 0.0213871 3.52632 9.5
    endloop
  endfacet
  facet normal 0 0 1
    outer loop
      vertex 1.0624 3.01074 9.5
      vertex 0.0213871 2.87368 9.5
      vertex 0.0851851 2.55295 9.5
    endloop
  endfacet
  facet normal 0 0 1
    outer loop
      vertex 1.05 3.2 9.5
      vertex 0 3.2 9.5
      vertex 0.0213871 2.87368 9.5
    endloop
  endfacet
  facet normal -0.980785 -0.195093 0
    outer loop
      vertex 0.0851851 2.55295 2
      vertex 0.0213871 2.87368 9.5
      vertex 0.0213871 2.87368 2
    endloop
  endfacet
  facet normal -0.980785 -0.195093 0
    outer loop
      vertex 0.0213871 2.87368 9.5
      vertex 0.0851851 2.55295 2
      vertex 0.0851851 2.55295 9.5
    endloop
  endfacet
  facet normal -0.896872 -0.44229 0
    outer loop
      vertex 0.334936 1.95 2
      vertex 0.190301 2.24329 9.5
      vertex 0.190301 2.24329 2
    endloop
  endfacet
  facet normal -0.896872 -0.44229 0
    outer loop
      vertex 0.190301 2.24329 9.5
      vertex 0.334936 1.95 2
      vertex 0.334936 1.95 9.5
    endloop
  endfacet
  facet normal 0.321441 -0.94693 0
    outer loop
      vertex 3.14705 0.785186 2
      vertex 3.45671 0.890302 9.5
      vertex 3.14705 0.785186 9.5
    endloop
  endfacet
  facet normal 0.321441 -0.94693 0
    outer loop
      vertex 3.45671 0.890302 9.5
      vertex 3.14705 0.785186 2
      vertex 3.45671 0.890302 2
    endloop
  endfacet
  facet normal -0.94693 -0.321441 0
    outer loop
      vertex 0.190301 2.24329 2
      vertex 0.0851851 2.55295 9.5
      vertex 0.0851851 2.55295 2
    endloop
  endfacet
  facet normal -0.94693 -0.321441 0
    outer loop
      vertex 0.0851851 2.55295 9.5
      vertex 0.190301 2.24329 2
      vertex 0.190301 2.24329 9.5
    endloop
  endfacet
  facet normal 0.946935 0.321425 0
    outer loop
      vertex 4.91481 3.84705 9.5
      vertex 4.8097 4.15671 2
      vertex 4.8097 4.15671 9.5
    endloop
  endfacet
  facet normal 0.946935 0.321425 0
    outer loop
      vertex 4.8097 4.15671 2
      vertex 4.91481 3.84705 9.5
      vertex 4.91481 3.84705 2
    endloop
  endfacet
  facet normal -0.896872 0.44229 0
    outer loop
      vertex 0.190301 4.15671 2
      vertex 0.334936 4.45 9.5
      vertex 0.334936 4.45 2
    endloop
  endfacet
  facet normal -0.896872 0.44229 0
    outer loop
      vertex 0.334936 4.45 9.5
      vertex 0.190301 4.15671 2
      vertex 0.190301 4.15671 9.5
    endloop
  endfacet
  facet normal -0.321425 0.946935 0
    outer loop
      vertex 1.85295 5.61481 2
      vertex 1.54329 5.5097 9.5
      vertex 1.85295 5.61481 9.5
    endloop
  endfacet
  facet normal -0.321425 0.946935 0
    outer loop
      vertex 1.54329 5.5097 9.5
      vertex 1.85295 5.61481 2
      vertex 1.54329 5.5097 2
    endloop
  endfacet
  facet normal 0.659325 -0.751858 0
    outer loop
      vertex 4.0219 1.21662 2
      vertex 4.26777 1.43223 9.5
      vertex 4.0219 1.21662 9.5
    endloop
  endfacet
  facet normal 0.659325 -0.751858 0
    outer loop
      vertex 4.26777 1.43223 9.5
      vertex 4.0219 1.21662 2
      vertex 4.26777 1.43223 2
    endloop
  endfacet
  facet normal -0.195093 -0.980785 0
    outer loop
      vertex 1.85295 0.785186 2
      vertex 2.17368 0.721388 9.5
      vertex 1.85295 0.785186 9.5
    endloop
  endfacet
  facet normal -0.195093 -0.980785 -0
    outer loop
      vertex 2.17368 0.721388 9.5
      vertex 1.85295 0.785186 2
      vertex 2.17368 0.721388 2
    endloop
  endfacet
  facet normal 0.751858 0.659325 0
    outer loop
      vertex 4.48338 4.7219 9.5
      vertex 4.26777 4.96777 2
      vertex 4.26777 4.96777 9.5
    endloop
  endfacet
  facet normal 0.751858 0.659325 0
    outer loop
      vertex 4.26777 4.96777 2
      vertex 4.48338 4.7219 9.5
      vertex 4.48338 4.7219 2
    endloop
  endfacet
  facet normal -0.0653996 -0.997859 0
    outer loop
      vertex 2.17368 0.721388 2
      vertex 2.5 0.700001 9.5
      vertex 2.17368 0.721388 9.5
    endloop
  endfacet
  facet normal -0.0653996 -0.997859 -0
    outer loop
      vertex 2.5 0.700001 9.5
      vertex 2.17368 0.721388 2
      vertex 2.5 0.700001 2
    endloop
  endfacet
  facet normal -0.997859 0.0654 0
    outer loop
      vertex 0 3.2 2
      vertex 0.0213871 3.52632 9.5
      vertex 0.0213871 3.52632 2
    endloop
  endfacet
  facet normal -0.997859 0.0654 0
    outer loop
      vertex 0.0213871 3.52632 9.5
      vertex 0 3.2 2
      vertex 0 3.2 9.5
    endloop
  endfacet
  facet normal -0.659334 -0.75185 0
    outer loop
      vertex 0.732232 1.43223 2
      vertex 0.978096 1.21662 9.5
      vertex 0.732232 1.43223 9.5
    endloop
  endfacet
  facet normal -0.659334 -0.75185 -0
    outer loop
      vertex 0.978096 1.21662 9.5
      vertex 0.732232 1.43223 2
      vertex 0.978096 1.21662 2
    endloop
  endfacet
  facet normal -0.831466 -0.555575 0
    outer loop
      vertex 0.516616 1.6781 2
      vertex 0.334936 1.95 9.5
      vertex 0.334936 1.95 2
    endloop
  endfacet
  facet normal -0.831466 -0.555575 0
    outer loop
      vertex 0.334936 1.95 9.5
      vertex 0.516616 1.6781 2
      vertex 0.516616 1.6781 9.5
    endloop
  endfacet
  facet normal 0.321387 0.946948 -0
    outer loop
      vertex 68.4567 5.5097 2
      vertex 68.147 5.61481 9.5
      vertex 68.4567 5.5097 9.5
    endloop
  endfacet
  facet normal 0.321387 0.946948 0
    outer loop
      vertex 68.147 5.61481 9.5
      vertex 68.4567 5.5097 2
      vertex 68.147 5.61481 2
    endloop
  endfacet
  facet normal 0.980784 -0.195099 0
    outer loop
      vertex 69.9148 2.55295 9.5
      vertex 69.9786 2.87368 2
      vertex 69.9786 2.87368 9.5
    endloop
  endfacet
  facet normal 0.980784 -0.195099 0
    outer loop
      vertex 69.9786 2.87368 2
      vertex 69.9148 2.55295 9.5
      vertex 69.9148 2.55295 2
    endloop
  endfacet
  facet normal 0.997857 -0.0654392 0
    outer loop
      vertex 69.9786 2.87368 9.5
      vertex 70 3.2 2
      vertex 70 3.2 9.5
    endloop
  endfacet
  facet normal 0.997857 -0.0654392 0
    outer loop
      vertex 70 3.2 2
      vertex 69.9786 2.87368 9.5
      vertex 69.9786 2.87368 2
    endloop
  endfacet
  facet normal 0.946944 -0.321397 0
    outer loop
      vertex 69.8097 2.24329 9.5
      vertex 69.9148 2.55295 2
      vertex 69.9148 2.55295 9.5
    endloop
  endfacet
  facet normal 0.946944 -0.321397 0
    outer loop
      vertex 69.9148 2.55295 2
      vertex 69.8097 2.24329 9.5
      vertex 69.8097 2.24329 2
    endloop
  endfacet
  facet normal -0.997857 -0.0654392 0
    outer loop
      vertex 65.0214 2.87368 2
      vertex 65 3.2 9.5
      vertex 65 3.2 2
    endloop
  endfacet
  facet normal -0.997857 -0.0654392 0
    outer loop
      vertex 65 3.2 9.5
      vertex 65.0214 2.87368 2
      vertex 65.0214 2.87368 9.5
    endloop
  endfacet
  facet normal 0.831438 -0.555617 0
    outer loop
      vertex 69.4834 1.6781 9.5
      vertex 69.6651 1.95 2
      vertex 69.6651 1.95 9.5
    endloop
  endfacet
  facet normal 0.831438 -0.555617 0
    outer loop
      vertex 69.6651 1.95 2
      vertex 69.4834 1.6781 9.5
      vertex 69.4834 1.6781 2
    endloop
  endfacet
  facet normal -0.555575 0.831466 0
    outer loop
      vertex 66.25 5.36506 2
      vertex 65.9781 5.18338 9.5
      vertex 66.25 5.36506 9.5
    endloop
  endfacet
  facet normal -0.555575 0.831466 0
    outer loop
      vertex 65.9781 5.18338 9.5
      vertex 66.25 5.36506 2
      vertex 65.9781 5.18338 2
    endloop
  endfacet
  facet normal 0.896915 -0.442204 0
    outer loop
      vertex 69.6651 1.95 9.5
      vertex 69.8097 2.24329 2
      vertex 69.8097 2.24329 9.5
    endloop
  endfacet
  facet normal 0.896915 -0.442204 0
    outer loop
      vertex 69.8097 2.24329 2
      vertex 69.6651 1.95 9.5
      vertex 69.6651 1.95 2
    endloop
  endfacet
  facet normal -0.831438 0.555617 0
    outer loop
      vertex 65.3349 4.45 2
      vertex 65.5166 4.7219 9.5
      vertex 65.5166 4.7219 2
    endloop
  endfacet
  facet normal -0.831438 0.555617 0
    outer loop
      vertex 65.5166 4.7219 9.5
      vertex 65.3349 4.45 2
      vertex 65.3349 4.45 9.5
    endloop
  endfacet
  facet normal -0.946944 0.321397 0
    outer loop
      vertex 65.0852 3.84705 2
      vertex 65.1903 4.15671 9.5
      vertex 65.1903 4.15671 2
    endloop
  endfacet
  facet normal -0.946944 0.321397 0
    outer loop
      vertex 65.1903 4.15671 9.5
      vertex 65.0852 3.84705 2
      vertex 65.0852 3.84705 9.5
    endloop
  endfacet
  facet normal -0.321404 -0.946942 0
    outer loop
      vertex 66.5433 0.890302 2
      vertex 66.853 0.785186 9.5
      vertex 66.5433 0.890302 9.5
    endloop
  endfacet
  facet normal -0.321404 -0.946942 -0
    outer loop
      vertex 66.853 0.785186 9.5
      vertex 66.5433 0.890302 2
      vertex 66.853 0.785186 2
    endloop
  endfacet
  facet normal 0.997857 0.0654392 0
    outer loop
      vertex 70 3.2 9.5
      vertex 69.9786 3.52632 2
      vertex 69.9786 3.52632 9.5
    endloop
  endfacet
  facet normal 0.997857 0.0654392 0
    outer loop
      vertex 69.9786 3.52632 2
      vertex 70 3.2 9.5
      vertex 70 3.2 2
    endloop
  endfacet
  facet normal 0.896915 0.442204 0
    outer loop
      vertex 69.8097 4.15671 9.5
      vertex 69.6651 4.45 2
      vertex 69.6651 4.45 9.5
    endloop
  endfacet
  facet normal 0.896915 0.442204 0
    outer loop
      vertex 69.6651 4.45 2
      vertex 69.8097 4.15671 9.5
      vertex 69.8097 4.15671 2
    endloop
  endfacet
  facet normal 0.659279 0.751898 -0
    outer loop
      vertex 69.2678 4.96777 2
      vertex 69.0219 5.18338 9.5
      vertex 69.2678 4.96777 9.5
    endloop
  endfacet
  facet normal 0.659279 0.751898 0
    outer loop
      vertex 69.0219 5.18338 9.5
      vertex 69.2678 4.96777 2
      vertex 69.0219 5.18338 2
    endloop
  endfacet
  facet normal -0.980784 0.195099 0
    outer loop
      vertex 65.0214 3.52632 2
      vertex 65.0852 3.84705 9.5
      vertex 65.0852 3.84705 2
    endloop
  endfacet
  facet normal -0.980784 0.195099 0
    outer loop
      vertex 65.0852 3.84705 9.5
      vertex 65.0214 3.52632 2
      vertex 65.0214 3.52632 9.5
    endloop
  endfacet
  facet normal 0.751873 0.659307 0
    outer loop
      vertex 69.4834 4.7219 9.5
      vertex 69.2678 4.96777 2
      vertex 69.2678 4.96777 9.5
    endloop
  endfacet
  facet normal 0.751873 0.659307 0
    outer loop
      vertex 69.2678 4.96777 2
      vertex 69.4834 4.7219 9.5
      vertex 69.4834 4.7219 2
    endloop
  endfacet
  facet normal -0.751873 -0.659307 0
    outer loop
      vertex 65.7322 1.43223 2
      vertex 65.5166 1.6781 9.5
      vertex 65.5166 1.6781 2
    endloop
  endfacet
  facet normal -0.751873 -0.659307 0
    outer loop
      vertex 65.5166 1.6781 9.5
      vertex 65.7322 1.43223 2
      vertex 65.7322 1.43223 9.5
    endloop
  endfacet
  facet normal 0.980784 0.195099 0
    outer loop
      vertex 69.9786 3.52632 9.5
      vertex 69.9148 3.84705 2
      vertex 69.9148 3.84705 9.5
    endloop
  endfacet
  facet normal 0.980784 0.195099 0
    outer loop
      vertex 69.9148 3.84705 2
      vertex 69.9786 3.52632 9.5
      vertex 69.9786 3.52632 2
    endloop
  endfacet
  facet normal 0.0654036 -0.997859 0
    outer loop
      vertex 67.5 0.700001 2
      vertex 67.8263 0.721388 9.5
      vertex 67.5 0.700001 9.5
    endloop
  endfacet
  facet normal 0.0654036 -0.997859 0
    outer loop
      vertex 67.8263 0.721388 9.5
      vertex 67.5 0.700001 2
      vertex 67.8263 0.721388 2
    endloop
  endfacet
  facet normal 0.0654128 0.997858 -0
    outer loop
      vertex 67.8263 5.67861 2
      vertex 67.5 5.7 9.5
      vertex 67.8263 5.67861 9.5
    endloop
  endfacet
  facet normal 0.0654128 0.997858 0
    outer loop
      vertex 67.5 5.7 9.5
      vertex 67.8263 5.67861 2
      vertex 67.5 5.7 2
    endloop
  endfacet
  facet normal 0.555575 -0.831466 0
    outer loop
      vertex 68.75 1.03494 2
      vertex 69.0219 1.21662 9.5
      vertex 68.75 1.03494 9.5
    endloop
  endfacet
  facet normal 0.555575 -0.831466 0
    outer loop
      vertex 69.0219 1.21662 9.5
      vertex 68.75 1.03494 2
      vertex 69.0219 1.21662 2
    endloop
  endfacet
  facet normal 0.442285 -0.896875 0
    outer loop
      vertex 68.4567 0.890302 2
      vertex 68.75 1.03494 9.5
      vertex 68.4567 0.890302 9.5
    endloop
  endfacet
  facet normal 0.442285 -0.896875 0
    outer loop
      vertex 68.75 1.03494 9.5
      vertex 68.4567 0.890302 2
      vertex 68.75 1.03494 2
    endloop
  endfacet
  facet normal -0.195116 0.98078 0
    outer loop
      vertex 67.1737 5.67861 2
      vertex 66.853 5.61481 9.5
      vertex 67.1737 5.67861 9.5
    endloop
  endfacet
  facet normal -0.195116 0.98078 0
    outer loop
      vertex 66.853 5.61481 9.5
      vertex 67.1737 5.67861 2
      vertex 66.853 5.61481 2
    endloop
  endfacet
  facet normal 0.831438 0.555617 0
    outer loop
      vertex 69.6651 4.45 9.5
      vertex 69.4834 4.7219 2
      vertex 69.4834 4.7219 9.5
    endloop
  endfacet
  facet normal 0.831438 0.555617 0
    outer loop
      vertex 69.4834 4.7219 2
      vertex 69.6651 4.45 9.5
      vertex 69.6651 4.45 2
    endloop
  endfacet
  facet normal -0.0654128 0.997858 0
    outer loop
      vertex 67.5 5.7 2
      vertex 67.1737 5.67861 9.5
      vertex 67.5 5.7 9.5
    endloop
  endfacet
  facet normal -0.0654128 0.997858 0
    outer loop
      vertex 67.1737 5.67861 9.5
      vertex 67.5 5.7 2
      vertex 67.1737 5.67861 2
    endloop
  endfacet
  facet normal 0.19511 -0.980781 0
    outer loop
      vertex 67.8263 0.721388 2
      vertex 68.147 0.785186 9.5
      vertex 67.8263 0.721388 9.5
    endloop
  endfacet
  facet normal 0.19511 -0.980781 0
    outer loop
      vertex 68.147 0.785186 9.5
      vertex 67.8263 0.721388 2
      vertex 68.147 0.785186 2
    endloop
  endfacet
  facet normal -0.751873 0.659307 0
    outer loop
      vertex 65.5166 4.7219 2
      vertex 65.7322 4.96777 9.5
      vertex 65.7322 4.96777 2
    endloop
  endfacet
  facet normal -0.751873 0.659307 0
    outer loop
      vertex 65.7322 4.96777 9.5
      vertex 65.5166 4.7219 2
      vertex 65.5166 4.7219 9.5
    endloop
  endfacet
  facet normal 0.555575 0.831466 -0
    outer loop
      vertex 69.0219 5.18338 2
      vertex 68.75 5.36506 9.5
      vertex 69.0219 5.18338 9.5
    endloop
  endfacet
  facet normal 0.555575 0.831466 0
    outer loop
      vertex 68.75 5.36506 9.5
      vertex 69.0219 5.18338 2
      vertex 68.75 5.36506 2
    endloop
  endfacet
  facet normal -0.555575 -0.831466 0
    outer loop
      vertex 65.9781 1.21662 2
      vertex 66.25 1.03494 9.5
      vertex 65.9781 1.21662 9.5
    endloop
  endfacet
  facet normal -0.555575 -0.831466 -0
    outer loop
      vertex 66.25 1.03494 9.5
      vertex 65.9781 1.21662 2
      vertex 66.25 1.03494 2
    endloop
  endfacet
  facet normal -0.442285 -0.896875 0
    outer loop
      vertex 66.25 1.03494 2
      vertex 66.5433 0.890302 9.5
      vertex 66.25 1.03494 9.5
    endloop
  endfacet
  facet normal -0.442285 -0.896875 -0
    outer loop
      vertex 66.5433 0.890302 9.5
      vertex 66.25 1.03494 2
      vertex 66.5433 0.890302 2
    endloop
  endfacet
  facet normal -0.44229 0.896872 0
    outer loop
      vertex 66.5433 5.5097 2
      vertex 66.25 5.36506 9.5
      vertex 66.5433 5.5097 9.5
    endloop
  endfacet
  facet normal -0.44229 0.896872 0
    outer loop
      vertex 66.25 5.36506 9.5
      vertex 66.5433 5.5097 2
      vertex 66.25 5.36506 2
    endloop
  endfacet
  facet normal 0.44229 0.896872 -0
    outer loop
      vertex 68.75 5.36506 2
      vertex 68.4567 5.5097 9.5
      vertex 68.75 5.36506 9.5
    endloop
  endfacet
  facet normal 0.44229 0.896872 0
    outer loop
      vertex 68.4567 5.5097 9.5
      vertex 68.75 5.36506 2
      vertex 68.4567 5.5097 2
    endloop
  endfacet
  facet normal 0.195116 0.98078 -0
    outer loop
      vertex 68.147 5.61481 2
      vertex 67.8263 5.67861 9.5
      vertex 68.147 5.61481 9.5
    endloop
  endfacet
  facet normal 0.195116 0.98078 0
    outer loop
      vertex 67.8263 5.67861 9.5
      vertex 68.147 5.61481 2
      vertex 67.8263 5.67861 2
    endloop
  endfacet
  facet normal 0.751873 -0.659307 0
    outer loop
      vertex 69.2678 1.43223 9.5
      vertex 69.4834 1.6781 2
      vertex 69.4834 1.6781 9.5
    endloop
  endfacet
  facet normal 0.751873 -0.659307 0
    outer loop
      vertex 69.4834 1.6781 2
      vertex 69.2678 1.43223 9.5
      vertex 69.2678 1.43223 2
    endloop
  endfacet
  facet normal 0 0 1
    outer loop
      vertex 68.95 3.2 9.5
      vertex 70 3.2 9.5
      vertex 69.9786 3.52632 9.5
    endloop
  endfacet
  facet normal 0 0 1
    outer loop
      vertex 68.9376 3.38926 9.5
      vertex 69.9786 3.52632 9.5
      vertex 69.9148 3.84705 9.5
    endloop
  endfacet
  facet normal 0 0 1
    outer loop
      vertex 70 3.2 9.5
      vertex 68.95 3.2 9.5
      vertex 69.9786 2.87368 9.5
    endloop
  endfacet
  facet normal 0 0 1
    outer loop
      vertex 68.9006 3.57529 9.5
      vertex 69.9148 3.84705 9.5
      vertex 69.8097 4.15671 9.5
    endloop
  endfacet
  facet normal -0 0 1
    outer loop
      vertex 68.9376 3.01074 9.5
      vertex 69.9786 2.87368 9.5
      vertex 68.95 3.2 9.5
    endloop
  endfacet
  facet normal 0 0 1
    outer loop
      vertex 68.8396 3.75489 9.5
      vertex 69.8097 4.15671 9.5
      vertex 69.6651 4.45 9.5
    endloop
  endfacet
  facet normal 0 0 1
    outer loop
      vertex 69.9786 2.87368 9.5
      vertex 68.9376 3.01074 9.5
      vertex 69.9148 2.55295 9.5
    endloop
  endfacet
  facet normal 0 0 1
    outer loop
      vertex 68.7557 3.925 9.5
      vertex 69.6651 4.45 9.5
      vertex 69.4834 4.7219 9.5
    endloop
  endfacet
  facet normal -0 0 1
    outer loop
      vertex 68.9006 2.82471 9.5
      vertex 69.9148 2.55295 9.5
      vertex 68.9376 3.01074 9.5
    endloop
  endfacet
  facet normal 0 0 1
    outer loop
      vertex 68.6504 4.0827 9.5
      vertex 69.4834 4.7219 9.5
      vertex 69.2678 4.96777 9.5
    endloop
  endfacet
  facet normal 0 0 1
    outer loop
      vertex 69.9148 2.55295 9.5
      vertex 68.9006 2.82471 9.5
      vertex 69.8097 2.24329 9.5
    endloop
  endfacet
  facet normal 0 0 1
    outer loop
      vertex 68.5253 4.22531 9.5
      vertex 69.2678 4.96777 9.5
      vertex 69.0219 5.18338 9.5
    endloop
  endfacet
  facet normal -0 0 1
    outer loop
      vertex 68.8396 2.64511 9.5
      vertex 69.8097 2.24329 9.5
      vertex 68.9006 2.82471 9.5
    endloop
  endfacet
  facet normal 0 0 1
    outer loop
      vertex 69.8097 2.24329 9.5
      vertex 68.8396 2.64511 9.5
      vertex 69.6651 1.95 9.5
    endloop
  endfacet
  facet normal 0 0 1
    outer loop
      vertex 69.9786 3.52632 9.5
      vertex 68.9376 3.38926 9.5
      vertex 68.95 3.2 9.5
    endloop
  endfacet
  facet normal 0 0 1
    outer loop
      vertex 69.9148 3.84705 9.5
      vertex 68.9006 3.57529 9.5
      vertex 68.9376 3.38926 9.5
    endloop
  endfacet
  facet normal 0 0 1
    outer loop
      vertex 69.8097 4.15671 9.5
      vertex 68.8396 3.75489 9.5
      vertex 68.9006 3.57529 9.5
    endloop
  endfacet
  facet normal 0 0 1
    outer loop
      vertex 69.6651 4.45 9.5
      vertex 68.7557 3.925 9.5
      vertex 68.8396 3.75489 9.5
    endloop
  endfacet
  facet normal 0 0 1
    outer loop
      vertex 68.3827 4.35036 9.5
      vertex 69.0219 5.18338 9.5
      vertex 68.75 5.36506 9.5
    endloop
  endfacet
  facet normal 0 0 1
    outer loop
      vertex 69.4834 4.7219 9.5
      vertex 68.6504 4.0827 9.5
      vertex 68.7557 3.925 9.5
    endloop
  endfacet
  facet normal 0 0 1
    outer loop
      vertex 69.2678 4.96777 9.5
      vertex 68.5253 4.22531 9.5
      vertex 68.6504 4.0827 9.5
    endloop
  endfacet
  facet normal 0 0 1
    outer loop
      vertex 68.225 4.45574 9.5
      vertex 68.75 5.36506 9.5
      vertex 68.4567 5.5097 9.5
    endloop
  endfacet
  facet normal 0 0 1
    outer loop
      vertex 69.0219 5.18338 9.5
      vertex 68.3827 4.35036 9.5
      vertex 68.5253 4.22531 9.5
    endloop
  endfacet
  facet normal 0 0 1
    outer loop
      vertex 68.75 5.36506 9.5
      vertex 68.225 4.45574 9.5
      vertex 68.3827 4.35036 9.5
    endloop
  endfacet
  facet normal 0 0 1
    outer loop
      vertex 68.0549 4.53963 9.5
      vertex 68.4567 5.5097 9.5
      vertex 68.147 5.61481 9.5
    endloop
  endfacet
  facet normal 0 0 1
    outer loop
      vertex 68.4567 5.5097 9.5
      vertex 68.0549 4.53963 9.5
      vertex 68.225 4.45574 9.5
    endloop
  endfacet
  facet normal 0 0 1
    outer loop
      vertex 68.147 5.61481 9.5
      vertex 67.8753 4.60059 9.5
      vertex 68.0549 4.53963 9.5
    endloop
  endfacet
  facet normal 0 0 1
    outer loop
      vertex 67.8263 5.67861 9.5
      vertex 67.8753 4.60059 9.5
      vertex 68.147 5.61481 9.5
    endloop
  endfacet
  facet normal 0 0 1
    outer loop
      vertex 67.8263 5.67861 9.5
      vertex 67.6893 4.6376 9.5
      vertex 67.8753 4.60059 9.5
    endloop
  endfacet
  facet normal 0 0 1
    outer loop
      vertex 67.5 5.7 9.5
      vertex 67.6893 4.6376 9.5
      vertex 67.8263 5.67861 9.5
    endloop
  endfacet
  facet normal 0 0 1
    outer loop
      vertex 67.5 5.7 9.5
      vertex 67.5 4.65 9.5
      vertex 67.6893 4.6376 9.5
    endloop
  endfacet
  facet normal 0 0 1
    outer loop
      vertex 67.5 5.7 9.5
      vertex 67.3107 4.6376 9.5
      vertex 67.5 4.65 9.5
    endloop
  endfacet
  facet normal -0 0 1
    outer loop
      vertex 67.1737 5.67861 9.5
      vertex 67.3107 4.6376 9.5
      vertex 67.5 5.7 9.5
    endloop
  endfacet
  facet normal 0 0 1
    outer loop
      vertex 67.1737 5.67861 9.5
      vertex 67.1247 4.60059 9.5
      vertex 67.3107 4.6376 9.5
    endloop
  endfacet
  facet normal -0 0 1
    outer loop
      vertex 66.853 5.61481 9.5
      vertex 67.1247 4.60059 9.5
      vertex 67.1737 5.67861 9.5
    endloop
  endfacet
  facet normal 0 0 1
    outer loop
      vertex 67.1247 4.60059 9.5
      vertex 66.853 5.61481 9.5
      vertex 66.9451 4.53963 9.5
    endloop
  endfacet
  facet normal -0 0 1
    outer loop
      vertex 66.5433 5.5097 9.5
      vertex 66.9451 4.53963 9.5
      vertex 66.853 5.61481 9.5
    endloop
  endfacet
  facet normal 0 0 1
    outer loop
      vertex 66.9451 4.53963 9.5
      vertex 66.5433 5.5097 9.5
      vertex 66.775 4.45574 9.5
    endloop
  endfacet
  facet normal -0 0 1
    outer loop
      vertex 66.25 5.36506 9.5
      vertex 66.775 4.45574 9.5
      vertex 66.5433 5.5097 9.5
    endloop
  endfacet
  facet normal 0 0 1
    outer loop
      vertex 66.775 4.45574 9.5
      vertex 66.25 5.36506 9.5
      vertex 66.6173 4.35036 9.5
    endloop
  endfacet
  facet normal -0 0 1
    outer loop
      vertex 65.9781 5.18338 9.5
      vertex 66.6173 4.35036 9.5
      vertex 66.25 5.36506 9.5
    endloop
  endfacet
  facet normal 0 0 1
    outer loop
      vertex 66.6173 4.35036 9.5
      vertex 65.9781 5.18338 9.5
      vertex 66.4747 4.22531 9.5
    endloop
  endfacet
  facet normal -0 0 1
    outer loop
      vertex 65.7322 4.96777 9.5
      vertex 66.4747 4.22531 9.5
      vertex 65.9781 5.18338 9.5
    endloop
  endfacet
  facet normal 0 0 1
    outer loop
      vertex 66.4747 4.22531 9.5
      vertex 65.7322 4.96777 9.5
      vertex 66.3496 4.0827 9.5
    endloop
  endfacet
  facet normal -0 0 1
    outer loop
      vertex 65.5166 4.7219 9.5
      vertex 66.3496 4.0827 9.5
      vertex 65.7322 4.96777 9.5
    endloop
  endfacet
  facet normal 0 0 1
    outer loop
      vertex 66.3496 4.0827 9.5
      vertex 65.5166 4.7219 9.5
      vertex 66.2443 3.925 9.5
    endloop
  endfacet
  facet normal 0 0 1
    outer loop
      vertex 66.2443 3.925 9.5
      vertex 65.3349 4.45 9.5
      vertex 66.1604 3.75489 9.5
    endloop
  endfacet
  facet normal -0 0 1
    outer loop
      vertex 65.3349 4.45 9.5
      vertex 66.2443 3.925 9.5
      vertex 65.5166 4.7219 9.5
    endloop
  endfacet
  facet normal -0 0 1
    outer loop
      vertex 68.7557 2.475 9.5
      vertex 69.6651 1.95 9.5
      vertex 68.8396 2.64511 9.5
    endloop
  endfacet
  facet normal 0 0 1
    outer loop
      vertex 69.6651 1.95 9.5
      vertex 68.7557 2.475 9.5
      vertex 69.4834 1.6781 9.5
    endloop
  endfacet
  facet normal -0 0 1
    outer loop
      vertex 68.6504 2.3173 9.5
      vertex 69.4834 1.6781 9.5
      vertex 68.7557 2.475 9.5
    endloop
  endfacet
  facet normal 0 0 1
    outer loop
      vertex 69.4834 1.6781 9.5
      vertex 68.6504 2.3173 9.5
      vertex 69.2678 1.43223 9.5
    endloop
  endfacet
  facet normal -0 0 1
    outer loop
      vertex 68.5253 2.1747 9.5
      vertex 69.2678 1.43223 9.5
      vertex 68.6504 2.3173 9.5
    endloop
  endfacet
  facet normal 0 0 1
    outer loop
      vertex 69.2678 1.43223 9.5
      vertex 68.5253 2.1747 9.5
      vertex 69.0219 1.21662 9.5
    endloop
  endfacet
  facet normal -0 0 1
    outer loop
      vertex 68.3827 2.04964 9.5
      vertex 69.0219 1.21662 9.5
      vertex 68.5253 2.1747 9.5
    endloop
  endfacet
  facet normal 0 0 1
    outer loop
      vertex 69.0219 1.21662 9.5
      vertex 68.3827 2.04964 9.5
      vertex 68.75 1.03494 9.5
    endloop
  endfacet
  facet normal -0 0 1
    outer loop
      vertex 68.225 1.94426 9.5
      vertex 68.75 1.03494 9.5
      vertex 68.3827 2.04964 9.5
    endloop
  endfacet
  facet normal 0 0 1
    outer loop
      vertex 68.75 1.03494 9.5
      vertex 68.225 1.94426 9.5
      vertex 68.4567 0.890302 9.5
    endloop
  endfacet
  facet normal -0 0 1
    outer loop
      vertex 68.0549 1.86038 9.5
      vertex 68.4567 0.890302 9.5
      vertex 68.225 1.94426 9.5
    endloop
  endfacet
  facet normal 0 0 1
    outer loop
      vertex 68.4567 0.890302 9.5
      vertex 68.0549 1.86038 9.5
      vertex 68.147 0.785186 9.5
    endloop
  endfacet
  facet normal -0 0 1
    outer loop
      vertex 67.8753 1.79941 9.5
      vertex 68.147 0.785186 9.5
      vertex 68.0549 1.86038 9.5
    endloop
  endfacet
  facet normal 0 0 1
    outer loop
      vertex 67.8753 1.79941 9.5
      vertex 67.8263 0.721388 9.5
      vertex 68.147 0.785186 9.5
    endloop
  endfacet
  facet normal -0 0 1
    outer loop
      vertex 67.6893 1.76241 9.5
      vertex 67.8263 0.721388 9.5
      vertex 67.8753 1.79941 9.5
    endloop
  endfacet
  facet normal -0 0 1
    outer loop
      vertex 67.5 1.75 9.5
      vertex 67.8263 0.721388 9.5
      vertex 67.6893 1.76241 9.5
    endloop
  endfacet
  facet normal 0 0 1
    outer loop
      vertex 67.5 1.75 9.5
      vertex 67.5 0.700001 9.5
      vertex 67.8263 0.721388 9.5
    endloop
  endfacet
  facet normal 0 0 1
    outer loop
      vertex 67.3107 1.76241 9.5
      vertex 67.5 0.700001 9.5
      vertex 67.5 1.75 9.5
    endloop
  endfacet
  facet normal 0 0 1
    outer loop
      vertex 67.3107 1.76241 9.5
      vertex 67.1737 0.721388 9.5
      vertex 67.5 0.700001 9.5
    endloop
  endfacet
  facet normal 0 0 1
    outer loop
      vertex 67.1247 1.79941 9.5
      vertex 67.1737 0.721388 9.5
      vertex 67.3107 1.76241 9.5
    endloop
  endfacet
  facet normal 0 0 1
    outer loop
      vertex 66.853 0.785186 9.5
      vertex 67.1247 1.79941 9.5
      vertex 66.9451 1.86038 9.5
    endloop
  endfacet
  facet normal 0 0 1
    outer loop
      vertex 67.1247 1.79941 9.5
      vertex 66.853 0.785186 9.5
      vertex 67.1737 0.721388 9.5
    endloop
  endfacet
  facet normal 0 0 1
    outer loop
      vertex 66.5433 0.890302 9.5
      vertex 66.9451 1.86038 9.5
      vertex 66.775 1.94426 9.5
    endloop
  endfacet
  facet normal 0 0 1
    outer loop
      vertex 66.25 1.03494 9.5
      vertex 66.775 1.94426 9.5
      vertex 66.6173 2.04964 9.5
    endloop
  endfacet
  facet normal 0 0 1
    outer loop
      vertex 66.9451 1.86038 9.5
      vertex 66.5433 0.890302 9.5
      vertex 66.853 0.785186 9.5
    endloop
  endfacet
  facet normal 0 0 1
    outer loop
      vertex 65.9781 1.21662 9.5
      vertex 66.6173 2.04964 9.5
      vertex 66.4747 2.1747 9.5
    endloop
  endfacet
  facet normal 0 0 1
    outer loop
      vertex 65.7322 1.43223 9.5
      vertex 66.4747 2.1747 9.5
      vertex 66.3496 2.3173 9.5
    endloop
  endfacet
  facet normal 0 0 1
    outer loop
      vertex 66.775 1.94426 9.5
      vertex 66.25 1.03494 9.5
      vertex 66.5433 0.890302 9.5
    endloop
  endfacet
  facet normal 0 0 1
    outer loop
      vertex 65.5166 1.6781 9.5
      vertex 66.3496 2.3173 9.5
      vertex 66.2443 2.475 9.5
    endloop
  endfacet
  facet normal 0 0 1
    outer loop
      vertex 65.3349 1.95 9.5
      vertex 66.2443 2.475 9.5
      vertex 66.1604 2.64511 9.5
    endloop
  endfacet
  facet normal 0 0 1
    outer loop
      vertex 65.1903 2.24329 9.5
      vertex 66.1604 2.64511 9.5
      vertex 66.0994 2.82471 9.5
    endloop
  endfacet
  facet normal 0 0 1
    outer loop
      vertex 65.0852 2.55295 9.5
      vertex 66.0994 2.82471 9.5
      vertex 66.0624 3.01074 9.5
    endloop
  endfacet
  facet normal 0 0 1
    outer loop
      vertex 66.6173 2.04964 9.5
      vertex 65.9781 1.21662 9.5
      vertex 66.25 1.03494 9.5
    endloop
  endfacet
  facet normal 0 0 1
    outer loop
      vertex 65.0214 2.87368 9.5
      vertex 66.0624 3.01074 9.5
      vertex 66.05 3.2 9.5
    endloop
  endfacet
  facet normal -0 0 1
    outer loop
      vertex 65.1903 4.15671 9.5
      vertex 66.1604 3.75489 9.5
      vertex 65.3349 4.45 9.5
    endloop
  endfacet
  facet normal 0 0 1
    outer loop
      vertex 66.1604 3.75489 9.5
      vertex 65.1903 4.15671 9.5
      vertex 66.0994 3.57529 9.5
    endloop
  endfacet
  facet normal 0 0 1
    outer loop
      vertex 66.4747 2.1747 9.5
      vertex 65.7322 1.43223 9.5
      vertex 65.9781 1.21662 9.5
    endloop
  endfacet
  facet normal -0 0 1
    outer loop
      vertex 65.0852 3.84705 9.5
      vertex 66.0994 3.57529 9.5
      vertex 65.1903 4.15671 9.5
    endloop
  endfacet
  facet normal 0 0 1
    outer loop
      vertex 66.3496 2.3173 9.5
      vertex 65.5166 1.6781 9.5
      vertex 65.7322 1.43223 9.5
    endloop
  endfacet
  facet normal 0 0 1
    outer loop
      vertex 66.0994 3.57529 9.5
      vertex 65.0852 3.84705 9.5
      vertex 66.0624 3.38926 9.5
    endloop
  endfacet
  facet normal 0 0 1
    outer loop
      vertex 66.2443 2.475 9.5
      vertex 65.3349 1.95 9.5
      vertex 65.5166 1.6781 9.5
    endloop
  endfacet
  facet normal -0 0 1
    outer loop
      vertex 65.0214 3.52632 9.5
      vertex 66.0624 3.38926 9.5
      vertex 65.0852 3.84705 9.5
    endloop
  endfacet
  facet normal 0 0 1
    outer loop
      vertex 66.1604 2.64511 9.5
      vertex 65.1903 2.24329 9.5
      vertex 65.3349 1.95 9.5
    endloop
  endfacet
  facet normal 0 0 1
    outer loop
      vertex 66.0624 3.38926 9.5
      vertex 65.0214 3.52632 9.5
      vertex 66.05 3.2 9.5
    endloop
  endfacet
  facet normal 0 0 1
    outer loop
      vertex 66.0994 2.82471 9.5
      vertex 65.0852 2.55295 9.5
      vertex 65.1903 2.24329 9.5
    endloop
  endfacet
  facet normal 0 0 1
    outer loop
      vertex 65 3.2 9.5
      vertex 66.05 3.2 9.5
      vertex 65.0214 3.52632 9.5
    endloop
  endfacet
  facet normal 0 0 1
    outer loop
      vertex 66.0624 3.01074 9.5
      vertex 65.0214 2.87368 9.5
      vertex 65.0852 2.55295 9.5
    endloop
  endfacet
  facet normal 0 0 1
    outer loop
      vertex 66.05 3.2 9.5
      vertex 65 3.2 9.5
      vertex 65.0214 2.87368 9.5
    endloop
  endfacet
  facet normal -0.980784 -0.195099 0
    outer loop
      vertex 65.0852 2.55295 2
      vertex 65.0214 2.87368 9.5
      vertex 65.0214 2.87368 2
    endloop
  endfacet
  facet normal -0.980784 -0.195099 0
    outer loop
      vertex 65.0214 2.87368 9.5
      vertex 65.0852 2.55295 2
      vertex 65.0852 2.55295 9.5
    endloop
  endfacet
  facet normal -0.896915 -0.442204 0
    outer loop
      vertex 65.3349 1.95 2
      vertex 65.1903 2.24329 9.5
      vertex 65.1903 2.24329 2
    endloop
  endfacet
  facet normal -0.896915 -0.442204 0
    outer loop
      vertex 65.1903 2.24329 9.5
      vertex 65.3349 1.95 2
      vertex 65.3349 1.95 9.5
    endloop
  endfacet
  facet normal 0.321404 -0.946942 0
    outer loop
      vertex 68.147 0.785186 2
      vertex 68.4567 0.890302 9.5
      vertex 68.147 0.785186 9.5
    endloop
  endfacet
  facet normal 0.321404 -0.946942 0
    outer loop
      vertex 68.4567 0.890302 9.5
      vertex 68.147 0.785186 2
      vertex 68.4567 0.890302 2
    endloop
  endfacet
  facet normal -0.946944 -0.321397 0
    outer loop
      vertex 65.1903 2.24329 2
      vertex 65.0852 2.55295 9.5
      vertex 65.0852 2.55295 2
    endloop
  endfacet
  facet normal -0.946944 -0.321397 0
    outer loop
      vertex 65.0852 2.55295 9.5
      vertex 65.1903 2.24329 2
      vertex 65.1903 2.24329 9.5
    endloop
  endfacet
  facet normal 0.946944 0.321397 0
    outer loop
      vertex 69.9148 3.84705 9.5
      vertex 69.8097 4.15671 2
      vertex 69.8097 4.15671 9.5
    endloop
  endfacet
  facet normal 0.946944 0.321397 0
    outer loop
      vertex 69.8097 4.15671 2
      vertex 69.9148 3.84705 9.5
      vertex 69.9148 3.84705 2
    endloop
  endfacet
  facet normal -0.896915 0.442204 0
    outer loop
      vertex 65.1903 4.15671 2
      vertex 65.3349 4.45 9.5
      vertex 65.3349 4.45 2
    endloop
  endfacet
  facet normal -0.896915 0.442204 0
    outer loop
      vertex 65.3349 4.45 9.5
      vertex 65.1903 4.15671 2
      vertex 65.1903 4.15671 9.5
    endloop
  endfacet
  facet normal -0.659279 0.751898 0
    outer loop
      vertex 65.9781 5.18338 2
      vertex 65.7322 4.96777 9.5
      vertex 65.9781 5.18338 9.5
    endloop
  endfacet
  facet normal -0.659279 0.751898 0
    outer loop
      vertex 65.7322 4.96777 9.5
      vertex 65.9781 5.18338 2
      vertex 65.7322 4.96777 2
    endloop
  endfacet
  facet normal -0.321387 0.946948 0
    outer loop
      vertex 66.853 5.61481 2
      vertex 66.5433 5.5097 9.5
      vertex 66.853 5.61481 9.5
    endloop
  endfacet
  facet normal -0.321387 0.946948 0
    outer loop
      vertex 66.5433 5.5097 9.5
      vertex 66.853 5.61481 2
      vertex 66.5433 5.5097 2
    endloop
  endfacet
  facet normal 0.659279 -0.751898 0
    outer loop
      vertex 69.0219 1.21662 2
      vertex 69.2678 1.43223 9.5
      vertex 69.0219 1.21662 9.5
    endloop
  endfacet
  facet normal 0.659279 -0.751898 0
    outer loop
      vertex 69.2678 1.43223 9.5
      vertex 69.0219 1.21662 2
      vertex 69.2678 1.43223 2
    endloop
  endfacet
  facet normal -0.19511 -0.980781 0
    outer loop
      vertex 66.853 0.785186 2
      vertex 67.1737 0.721388 9.5
      vertex 66.853 0.785186 9.5
    endloop
  endfacet
  facet normal -0.19511 -0.980781 -0
    outer loop
      vertex 67.1737 0.721388 9.5
      vertex 66.853 0.785186 2
      vertex 67.1737 0.721388 2
    endloop
  endfacet
  facet normal -0.0654036 -0.997859 0
    outer loop
      vertex 67.1737 0.721388 2
      vertex 67.5 0.700001 9.5
      vertex 67.1737 0.721388 9.5
    endloop
  endfacet
  facet normal -0.0654036 -0.997859 -0
    outer loop
      vertex 67.5 0.700001 9.5
      vertex 67.1737 0.721388 2
      vertex 67.5 0.700001 2
    endloop
  endfacet
  facet normal -0.997857 0.0654392 0
    outer loop
      vertex 65 3.2 2
      vertex 65.0214 3.52632 9.5
      vertex 65.0214 3.52632 2
    endloop
  endfacet
  facet normal -0.997857 0.0654392 0
    outer loop
      vertex 65.0214 3.52632 9.5
      vertex 65 3.2 2
      vertex 65 3.2 9.5
    endloop
  endfacet
  facet normal -0.659279 -0.751898 0
    outer loop
      vertex 65.7322 1.43223 2
      vertex 65.9781 1.21662 9.5
      vertex 65.7322 1.43223 9.5
    endloop
  endfacet
  facet normal -0.659279 -0.751898 -0
    outer loop
      vertex 65.9781 1.21662 9.5
      vertex 65.7322 1.43223 2
      vertex 65.9781 1.21662 2
    endloop
  endfacet
  facet normal -0.831438 -0.555617 0
    outer loop
      vertex 65.5166 1.6781 2
      vertex 65.3349 1.95 9.5
      vertex 65.3349 1.95 2
    endloop
  endfacet
  facet normal -0.831438 -0.555617 0
    outer loop
      vertex 65.3349 1.95 9.5
      vertex 65.5166 1.6781 2
      vertex 65.5166 1.6781 9.5
    endloop
  endfacet
  facet normal 1 -0 0
    outer loop
      vertex 1 62 9.1
      vertex 1 78 2
      vertex 1 78 9.1
    endloop
  endfacet
  facet normal 1 0 0
    outer loop
      vertex 1 78 2
      vertex 1 62 9.1
      vertex 1 62 2
    endloop
  endfacet
  facet normal -0 0 1
    outer loop
      vertex -0.2 78 9.1
      vertex 1 62 9.1
      vertex 1 78 9.1
    endloop
  endfacet
  facet normal 0 0 1
    outer loop
      vertex 1 62 9.1
      vertex -0.2 78 9.1
      vertex -0.2 62 9.1
    endloop
  endfacet
  facet normal -1 0 0
    outer loop
      vertex -0.2 78 2
      vertex -0.2 77 7.05
      vertex -0.2 78 9.1
    endloop
  endfacet
  facet normal -1 0 0
    outer loop
      vertex -0.2 78 2
      vertex -0.2 63 7.05
      vertex -0.2 77 7.05
    endloop
  endfacet
  facet normal -1 0 0
    outer loop
      vertex -0.2 62 9.1
      vertex -0.2 63 7.05
      vertex -0.2 62 2
    endloop
  endfacet
  facet normal -1 0 0
    outer loop
      vertex -0.2 62 2
      vertex -0.2 63 7.05
      vertex -0.2 78 2
    endloop
  endfacet
  facet normal -1 0 0
    outer loop
      vertex -0.2 77 8.25
      vertex -0.2 78 9.1
      vertex -0.2 77 7.05
    endloop
  endfacet
  facet normal -1 0 0
    outer loop
      vertex -0.2 63 8.25
      vertex -0.2 78 9.1
      vertex -0.2 77 8.25
    endloop
  endfacet
  facet normal -1 0 0
    outer loop
      vertex -0.2 63 8.25
      vertex -0.2 62 9.1
      vertex -0.2 78 9.1
    endloop
  endfacet
  facet normal -1 0 0
    outer loop
      vertex -0.2 63 7.05
      vertex -0.2 62 9.1
      vertex -0.2 63 8.25
    endloop
  endfacet
  facet normal 0 -1 0
    outer loop
      vertex -0.2 62 2
      vertex 1 62 9.1
      vertex -0.2 62 9.1
    endloop
  endfacet
  facet normal 0 -1 -0
    outer loop
      vertex 1 62 9.1
      vertex -0.2 62 2
      vertex 1 62 2
    endloop
  endfacet
  facet normal 0 1 -0
    outer loop
      vertex 1 78 2
      vertex -0.2 78 9.1
      vertex 1 78 9.1
    endloop
  endfacet
  facet normal 0 1 0
    outer loop
      vertex -0.2 78 9.1
      vertex 1 78 2
      vertex -0.2 78 2
    endloop
  endfacet
  facet normal -0.707107 0 0.707106
    outer loop
      vertex -0.799999 63 7.65
      vertex -0.2 77 8.25
      vertex -0.799999 77 7.65
    endloop
  endfacet
  facet normal -0.707107 0 0.707106
    outer loop
      vertex -0.2 77 8.25
      vertex -0.799999 63 7.65
      vertex -0.2 63 8.25
    endloop
  endfacet
  facet normal -1 0 0
    outer loop
      vertex -0.799999 63 7.64
      vertex -0.799999 77 7.65
      vertex -0.799999 77 7.64
    endloop
  endfacet
  facet normal -1 -0 0
    outer loop
      vertex -0.799999 77 7.65
      vertex -0.799999 63 7.64
      vertex -0.799999 63 7.65
    endloop
  endfacet
  facet normal 0 -1 0
    outer loop
      vertex -0.799999 63 7.64
      vertex -0.2 63 8.25
      vertex -0.799999 63 7.65
    endloop
  endfacet
  facet normal 0 -1 -0
    outer loop
      vertex -0.2 63 8.25
      vertex -0.799999 63 7.64
      vertex -0.2 63 7.05
    endloop
  endfacet
  facet normal 0 1 0
    outer loop
      vertex -0.2 77 8.25
      vertex -0.799999 77 7.64
      vertex -0.799999 77 7.65
    endloop
  endfacet
  facet normal -0 1 0
    outer loop
      vertex -0.799999 77 7.64
      vertex -0.2 77 8.25
      vertex -0.2 77 7.05
    endloop
  endfacet
  facet normal -0.701141 0 -0.713023
    outer loop
      vertex -0.799999 63 7.64
      vertex -0.2 77 7.05
      vertex -0.2 63 7.05
    endloop
  endfacet
  facet normal -0.701141 0 -0.713023
    outer loop
      vertex -0.2 77 7.05
      vertex -0.799999 63 7.64
      vertex -0.799999 77 7.64
    endloop
  endfacet
  facet normal 1 -0 0
    outer loop
      vertex 1 16 9.1
      vertex 1 32 2
      vertex 1 32 9.1
    endloop
  endfacet
  facet normal 1 0 0
    outer loop
      vertex 1 32 2
      vertex 1 16 9.1
      vertex 1 16 2
    endloop
  endfacet
  facet normal -0 0 1
    outer loop
      vertex -0.2 32 9.1
      vertex 1 16 9.1
      vertex 1 32 9.1
    endloop
  endfacet
  facet normal 0 0 1
    outer loop
      vertex 1 16 9.1
      vertex -0.2 32 9.1
      vertex -0.2 16 9.1
    endloop
  endfacet
  facet normal -1 0 0
    outer loop
      vertex -0.2 32 2
      vertex -0.2 31 7.05
      vertex -0.2 32 9.1
    endloop
  endfacet
  facet normal -1 0 0
    outer loop
      vertex -0.2 32 2
      vertex -0.2 17 7.05
      vertex -0.2 31 7.05
    endloop
  endfacet
  facet normal -1 0 0
    outer loop
      vertex -0.2 16 9.1
      vertex -0.2 17 7.05
      vertex -0.2 16 2
    endloop
  endfacet
  facet normal -1 0 0
    outer loop
      vertex -0.2 16 2
      vertex -0.2 17 7.05
      vertex -0.2 32 2
    endloop
  endfacet
  facet normal -1 0 0
    outer loop
      vertex -0.2 31 8.25
      vertex -0.2 32 9.1
      vertex -0.2 31 7.05
    endloop
  endfacet
  facet normal -1 0 0
    outer loop
      vertex -0.2 17 8.25
      vertex -0.2 32 9.1
      vertex -0.2 31 8.25
    endloop
  endfacet
  facet normal -1 0 0
    outer loop
      vertex -0.2 17 8.25
      vertex -0.2 16 9.1
      vertex -0.2 32 9.1
    endloop
  endfacet
  facet normal -1 0 0
    outer loop
      vertex -0.2 17 7.05
      vertex -0.2 16 9.1
      vertex -0.2 17 8.25
    endloop
  endfacet
  facet normal 0 -1 0
    outer loop
      vertex -0.2 16 2
      vertex 1 16 9.1
      vertex -0.2 16 9.1
    endloop
  endfacet
  facet normal 0 -1 -0
    outer loop
      vertex 1 16 9.1
      vertex -0.2 16 2
      vertex 1 16 2
    endloop
  endfacet
  facet normal 0 1 -0
    outer loop
      vertex 1 32 2
      vertex -0.2 32 9.1
      vertex 1 32 9.1
    endloop
  endfacet
  facet normal 0 1 0
    outer loop
      vertex -0.2 32 9.1
      vertex 1 32 2
      vertex -0.2 32 2
    endloop
  endfacet
  facet normal -0.707107 0 0.707106
    outer loop
      vertex -0.799999 17 7.65
      vertex -0.2 31 8.25
      vertex -0.799999 31 7.65
    endloop
  endfacet
  facet normal -0.707107 0 0.707106
    outer loop
      vertex -0.2 31 8.25
      vertex -0.799999 17 7.65
      vertex -0.2 17 8.25
    endloop
  endfacet
  facet normal -1 0 0
    outer loop
      vertex -0.799999 17 7.64
      vertex -0.799999 31 7.65
      vertex -0.799999 31 7.64
    endloop
  endfacet
  facet normal -1 -0 0
    outer loop
      vertex -0.799999 31 7.65
      vertex -0.799999 17 7.64
      vertex -0.799999 17 7.65
    endloop
  endfacet
  facet normal 0 -1 0
    outer loop
      vertex -0.799999 17 7.64
      vertex -0.2 17 8.25
      vertex -0.799999 17 7.65
    endloop
  endfacet
  facet normal 0 -1 -0
    outer loop
      vertex -0.2 17 8.25
      vertex -0.799999 17 7.64
      vertex -0.2 17 7.05
    endloop
  endfacet
  facet normal 0 1 0
    outer loop
      vertex -0.2 31 8.25
      vertex -0.799999 31 7.64
      vertex -0.799999 31 7.65
    endloop
  endfacet
  facet normal -0 1 0
    outer loop
      vertex -0.799999 31 7.64
      vertex -0.2 31 8.25
      vertex -0.2 31 7.05
    endloop
  endfacet
  facet normal -0.701141 0 -0.713023
    outer loop
      vertex -0.799999 17 7.64
      vertex -0.2 31 7.05
      vertex -0.2 17 7.05
    endloop
  endfacet
  facet normal -0.701141 0 -0.713023
    outer loop
      vertex -0.2 31 7.05
      vertex -0.799999 17 7.64
      vertex -0.799999 31 7.64
    endloop
  endfacet
  facet normal 1 0 0
    outer loop
      vertex 70.2 77 7.05
      vertex 70.2 78 9.1
      vertex 70.2 77 8.25
    endloop
  endfacet
  facet normal 1 0 0
    outer loop
      vertex 70.2 78 9.1
      vertex 70.2 63 8.25
      vertex 70.2 77 8.25
    endloop
  endfacet
  facet normal 1 0 0
    outer loop
      vertex 70.2 63 8.25
      vertex 70.2 62 9.1
      vertex 70.2 63 7.05
    endloop
  endfacet
  facet normal 1 -0 0
    outer loop
      vertex 70.2 62 9.1
      vertex 70.2 63 8.25
      vertex 70.2 78 9.1
    endloop
  endfacet
  facet normal 1 0 0
    outer loop
      vertex 70.2 78 9.1
      vertex 70.2 77 7.05
      vertex 70.2 78 2
    endloop
  endfacet
  facet normal 1 -0 0
    outer loop
      vertex 70.2 63 7.05
      vertex 70.2 78 2
      vertex 70.2 77 7.05
    endloop
  endfacet
  facet normal 1 0 0
    outer loop
      vertex 70.2 63 7.05
      vertex 70.2 62 2
      vertex 70.2 78 2
    endloop
  endfacet
  facet normal 1 0 0
    outer loop
      vertex 70.2 62 2
      vertex 70.2 63 7.05
      vertex 70.2 62 9.1
    endloop
  endfacet
  facet normal -0 0 1
    outer loop
      vertex 69 78 9.1
      vertex 70.2 62 9.1
      vertex 70.2 78 9.1
    endloop
  endfacet
  facet normal 0 0 1
    outer loop
      vertex 70.2 62 9.1
      vertex 69 78 9.1
      vertex 69 62 9.1
    endloop
  endfacet
  facet normal -1 0 0
    outer loop
      vertex 69 62 2
      vertex 69 78 9.1
      vertex 69 78 2
    endloop
  endfacet
  facet normal -1 -0 0
    outer loop
      vertex 69 78 9.1
      vertex 69 62 2
      vertex 69 62 9.1
    endloop
  endfacet
  facet normal 0 -1 0
    outer loop
      vertex 69 62 2
      vertex 70.2 62 9.1
      vertex 69 62 9.1
    endloop
  endfacet
  facet normal 0 -1 -0
    outer loop
      vertex 70.2 62 9.1
      vertex 69 62 2
      vertex 70.2 62 2
    endloop
  endfacet
  facet normal 0 1 -0
    outer loop
      vertex 70.2 78 2
      vertex 69 78 9.1
      vertex 70.2 78 9.1
    endloop
  endfacet
  facet normal 0 1 0
    outer loop
      vertex 69 78 9.1
      vertex 70.2 78 2
      vertex 69 78 2
    endloop
  endfacet
  facet normal 1 -0 0
    outer loop
      vertex 70.8 63 7.65
      vertex 70.8 77 7.64
      vertex 70.8 77 7.65
    endloop
  endfacet
  facet normal 1 0 0
    outer loop
      vertex 70.8 77 7.64
      vertex 70.8 63 7.65
      vertex 70.8 63 7.64
    endloop
  endfacet
  facet normal 0 -1 0
    outer loop
      vertex 70.2 63 8.25
      vertex 70.8 63 7.64
      vertex 70.8 63 7.65
    endloop
  endfacet
  facet normal -0 -1 0
    outer loop
      vertex 70.8 63 7.64
      vertex 70.2 63 8.25
      vertex 70.2 63 7.05
    endloop
  endfacet
  facet normal 0 1 -0
    outer loop
      vertex 70.8 77 7.64
      vertex 70.2 77 8.25
      vertex 70.8 77 7.65
    endloop
  endfacet
  facet normal 0 1 0
    outer loop
      vertex 70.2 77 8.25
      vertex 70.8 77 7.64
      vertex 70.2 77 7.05
    endloop
  endfacet
  facet normal 0.70114 0 -0.713024
    outer loop
      vertex 70.2 63 7.05
      vertex 70.8 77 7.64
      vertex 70.8 63 7.64
    endloop
  endfacet
  facet normal 0.70114 0 -0.713024
    outer loop
      vertex 70.8 77 7.64
      vertex 70.2 63 7.05
      vertex 70.2 77 7.05
    endloop
  endfacet
  facet normal 0.707107 0 0.707107
    outer loop
      vertex 70.2 77 8.25
      vertex 70.8 63 7.65
      vertex 70.8 77 7.65
    endloop
  endfacet
  facet normal 0.707107 0 0.707107
    outer loop
      vertex 70.8 63 7.65
      vertex 70.2 77 8.25
      vertex 70.2 63 8.25
    endloop
  endfacet
  facet normal 1 0 0
    outer loop
      vertex 70.2 31 7.05
      vertex 70.2 32 9.1
      vertex 70.2 31 8.25
    endloop
  endfacet
  facet normal 1 0 0
    outer loop
      vertex 70.2 32 9.1
      vertex 70.2 17 8.25
      vertex 70.2 31 8.25
    endloop
  endfacet
  facet normal 1 0 0
    outer loop
      vertex 70.2 17 8.25
      vertex 70.2 16 9.1
      vertex 70.2 17 7.05
    endloop
  endfacet
  facet normal 1 -0 0
    outer loop
      vertex 70.2 16 9.1
      vertex 70.2 17 8.25
      vertex 70.2 32 9.1
    endloop
  endfacet
  facet normal 1 0 0
    outer loop
      vertex 70.2 32 9.1
      vertex 70.2 31 7.05
      vertex 70.2 32 2
    endloop
  endfacet
  facet normal 1 -0 0
    outer loop
      vertex 70.2 17 7.05
      vertex 70.2 32 2
      vertex 70.2 31 7.05
    endloop
  endfacet
  facet normal 1 0 0
    outer loop
      vertex 70.2 17 7.05
      vertex 70.2 16 2
      vertex 70.2 32 2
    endloop
  endfacet
  facet normal 1 0 0
    outer loop
      vertex 70.2 16 2
      vertex 70.2 17 7.05
      vertex 70.2 16 9.1
    endloop
  endfacet
  facet normal -0 0 1
    outer loop
      vertex 69 32 9.1
      vertex 70.2 16 9.1
      vertex 70.2 32 9.1
    endloop
  endfacet
  facet normal 0 0 1
    outer loop
      vertex 70.2 16 9.1
      vertex 69 32 9.1
      vertex 69 16 9.1
    endloop
  endfacet
  facet normal -1 0 0
    outer loop
      vertex 69 16 2
      vertex 69 32 9.1
      vertex 69 32 2
    endloop
  endfacet
  facet normal -1 -0 0
    outer loop
      vertex 69 32 9.1
      vertex 69 16 2
      vertex 69 16 9.1
    endloop
  endfacet
  facet normal 0 -1 0
    outer loop
      vertex 69 16 2
      vertex 70.2 16 9.1
      vertex 69 16 9.1
    endloop
  endfacet
  facet normal 0 -1 -0
    outer loop
      vertex 70.2 16 9.1
      vertex 69 16 2
      vertex 70.2 16 2
    endloop
  endfacet
  facet normal 0 1 -0
    outer loop
      vertex 70.2 32 2
      vertex 69 32 9.1
      vertex 70.2 32 9.1
    endloop
  endfacet
  facet normal 0 1 0
    outer loop
      vertex 69 32 9.1
      vertex 70.2 32 2
      vertex 69 32 2
    endloop
  endfacet
  facet normal 1 -0 0
    outer loop
      vertex 70.8 17 7.65
      vertex 70.8 31 7.64
      vertex 70.8 31 7.65
    endloop
  endfacet
  facet normal 1 0 0
    outer loop
      vertex 70.8 31 7.64
      vertex 70.8 17 7.65
      vertex 70.8 17 7.64
    endloop
  endfacet
  facet normal 0 -1 0
    outer loop
      vertex 70.2 17 8.25
      vertex 70.8 17 7.64
      vertex 70.8 17 7.65
    endloop
  endfacet
  facet normal -0 -1 0
    outer loop
      vertex 70.8 17 7.64
      vertex 70.2 17 8.25
      vertex 70.2 17 7.05
    endloop
  endfacet
  facet normal 0 1 -0
    outer loop
      vertex 70.8 31 7.64
      vertex 70.2 31 8.25
      vertex 70.8 31 7.65
    endloop
  endfacet
  facet normal 0 1 0
    outer loop
      vertex 70.2 31 8.25
      vertex 70.8 31 7.64
      vertex 70.2 31 7.05
    endloop
  endfacet
  facet normal 0.70114 0 -0.713024
    outer loop
      vertex 70.2 17 7.05
      vertex 70.8 31 7.64
      vertex 70.8 17 7.64
    endloop
  endfacet
  facet normal 0.70114 0 -0.713024
    outer loop
      vertex 70.8 31 7.64
      vertex 70.2 17 7.05
      vertex 70.2 31 7.05
    endloop
  endfacet
  facet normal 0.707107 0 0.707107
    outer loop
      vertex 70.2 31 8.25
      vertex 70.8 17 7.65
      vertex 70.8 31 7.65
    endloop
  endfacet
  facet normal 0.707107 0 0.707107
    outer loop
      vertex 70.8 17 7.65
      vertex 70.2 31 8.25
      vertex 70.2 17 8.25
    endloop
  endfacet
  facet normal -0.707107 0 0.707107
    outer loop
      vertex 29.75 39.65 5.35
      vertex 30.1 50 5.7
      vertex 29.75 50.35 5.35
    endloop
  endfacet
  facet normal -0.707107 0 0.707107
    outer loop
      vertex 29.75 39.65 5.35
      vertex 30.1 30.2 5.7
      vertex 30.1 50 5.7
    endloop
  endfacet
  facet normal -0.707107 -3.82599e-17 0.707107
    outer loop
      vertex 26.4 36.3 2
      vertex 30.1 30.2 5.7
      vertex 29.75 39.65 5.35
    endloop
  endfacet
  facet normal -0.707107 0 0.707107
    outer loop
      vertex 26.4 29.5 2
      vertex 30.1 30.2 5.7
      vertex 26.4 36.3 2
    endloop
  endfacet
  facet normal -0.707107 2.69159e-15 0.707107
    outer loop
      vertex 30.1 30.2 5.7
      vertex 26.4 29.5 2
      vertex 29.4 29.5 5
    endloop
  endfacet
  facet normal 0.707107 0 0.707107
    outer loop
      vertex 40.1 50 5.7
      vertex 40.15 40.35 5.65
      vertex 40.15 50.05 5.65
    endloop
  endfacet
  facet normal 0.707107 -0 0.707107
    outer loop
      vertex 40.1 30.2 5.7
      vertex 40.15 40.35 5.65
      vertex 40.1 50 5.7
    endloop
  endfacet
  facet normal 0.707107 1.82924e-16 0.707107
    outer loop
      vertex 40.1 30.2 5.7
      vertex 43.8 36.7 2
      vertex 40.15 40.35 5.65
    endloop
  endfacet
  facet normal 0.707107 -4.78504e-15 0.707107
    outer loop
      vertex 43.8 29.5 2
      vertex 40.1 30.2 5.7
      vertex 40.8 29.5 5
    endloop
  endfacet
  facet normal 0.707107 0 0.707107
    outer loop
      vertex 40.1 30.2 5.7
      vertex 43.8 29.5 2
      vertex 43.8 36.7 2
    endloop
  endfacet
  facet normal 0 -0.707107 0.707107
    outer loop
      vertex 29.4 29.5 5
      vertex 40.1 30.2 5.7
      vertex 30.1 30.2 5.7
    endloop
  endfacet
  facet normal 0 -0.707107 0.707107
    outer loop
      vertex 40.1 30.2 5.7
      vertex 29.4 29.5 5
      vertex 40.8 29.5 5
    endloop
  endfacet
  facet normal -0 0 1
    outer loop
      vertex 31.7 41.6 5.7
      vertex 38.5 38.6 5.7
      vertex 38.5 41.6 5.7
    endloop
  endfacet
  facet normal 0 0 1
    outer loop
      vertex 38.5 38.6 5.7
      vertex 31.7 41.6 5.7
      vertex 31.7 38.6 5.7
    endloop
  endfacet
  facet normal 0 0 1
    outer loop
      vertex 38.5 41.6 5.7
      vertex 40.1 50 5.7
      vertex 38.5 48.4 5.7
    endloop
  endfacet
  facet normal 0 0 1
    outer loop
      vertex 40.1 50 5.7
      vertex 31.7 48.4 5.7
      vertex 38.5 48.4 5.7
    endloop
  endfacet
  facet normal 0 0 1
    outer loop
      vertex 30.1 50 5.7
      vertex 31.7 41.6 5.7
      vertex 31.7 48.4 5.7
    endloop
  endfacet
  facet normal 0 0 1
    outer loop
      vertex 31.7 41.6 5.7
      vertex 30.1 50 5.7
      vertex 31.7 38.6 5.7
    endloop
  endfacet
  facet normal 0 0 1
    outer loop
      vertex 30.1 30.2 5.7
      vertex 31.7 38.6 5.7
      vertex 30.1 50 5.7
    endloop
  endfacet
  facet normal -0 0 1
    outer loop
      vertex 30.1 50 5.7
      vertex 31.7 48.4 5.7
      vertex 40.1 50 5.7
    endloop
  endfacet
  facet normal 0 0 1
    outer loop
      vertex 40.1 50 5.7
      vertex 38.5 41.6 5.7
      vertex 40.1 30.2 5.7
    endloop
  endfacet
  facet normal -0 0 1
    outer loop
      vertex 38.5 38.6 5.7
      vertex 40.1 30.2 5.7
      vertex 38.5 41.6 5.7
    endloop
  endfacet
  facet normal -0 0 1
    outer loop
      vertex 38.5 31.8 5.7
      vertex 40.1 30.2 5.7
      vertex 38.5 38.6 5.7
    endloop
  endfacet
  facet normal -0 0 1
    outer loop
      vertex 31.7 31.8 5.7
      vertex 40.1 30.2 5.7
      vertex 38.5 31.8 5.7
    endloop
  endfacet
  facet normal 0 0 1
    outer loop
      vertex 31.7 31.8 5.7
      vertex 30.1 30.2 5.7
      vertex 40.1 30.2 5.7
    endloop
  endfacet
  facet normal 0 0 1
    outer loop
      vertex 31.7 38.6 5.7
      vertex 30.1 30.2 5.7
      vertex 31.7 31.8 5.7
    endloop
  endfacet
  facet normal -0.707107 0 0.707107
    outer loop
      vertex 40.2 50.4 5.7
      vertex 40.15 50.05 5.65
      vertex 40.2 40.4 5.7
    endloop
  endfacet
  facet normal -0.707107 -1.07189e-14 0.707107
    outer loop
      vertex 39.35 50.85 4.85
      vertex 40.2 50.4 5.7
      vertex 39.55 51.05 5.05
    endloop
  endfacet
  facet normal -0.707107 8.24912e-15 0.707107
    outer loop
      vertex 40.2 50.4 5.7
      vertex 39.35 50.85 4.85
      vertex 40.15 50.05 5.65
    endloop
  endfacet
  facet normal -0.707107 0 0.707107
    outer loop
      vertex 40.2 40.4 5.7
      vertex 40.15 50.05 5.65
      vertex 40.15 40.35 5.65
    endloop
  endfacet
  facet normal 0.707107 0 0.707107
    outer loop
      vertex 50.2 50.4 5.7
      vertex 53.9 36.7 2
      vertex 53.9 54.1 2
    endloop
  endfacet
  facet normal 0.707107 0 0.707107
    outer loop
      vertex 53.9 36.7 2
      vertex 50.2 50.4 5.7
      vertex 50.2 40.4 5.7
    endloop
  endfacet
  facet normal 0 -0.707107 0.707107
    outer loop
      vertex 50.2 40.4 5.7
      vertex 43.8 36.7 2
      vertex 53.9 36.7 2
    endloop
  endfacet
  facet normal 0 -0.707107 0.707107
    outer loop
      vertex 40.2 40.4 5.7
      vertex 43.8 36.7 2
      vertex 50.2 40.4 5.7
    endloop
  endfacet
  facet normal -1.72065e-14 -0.707107 0.707107
    outer loop
      vertex 43.8 36.7 2
      vertex 40.2 40.4 5.7
      vertex 40.15 40.35 5.65
    endloop
  endfacet
  facet normal 0 0.707107 0.707107
    outer loop
      vertex 50.2 50.4 5.7
      vertex 40.75 51.05 5.05
      vertex 40.2 50.4 5.7
    endloop
  endfacet
  facet normal -0 0.707107 0.707107
    outer loop
      vertex 43.8 54.1 2
      vertex 50.2 50.4 5.7
      vertex 53.9 54.1 2
    endloop
  endfacet
  facet normal -1.93681e-16 0.707107 0.707107
    outer loop
      vertex 50.2 50.4 5.7
      vertex 43.8 54.1 2
      vertex 40.75 51.05 5.05
    endloop
  endfacet
  facet normal 0 0.707107 0.707107
    outer loop
      vertex 40.2 50.4 5.7
      vertex 40.75 51.05 5.05
      vertex 39.55 51.05 5.05
    endloop
  endfacet
  facet normal 0 0 1
    outer loop
      vertex 50.2 50.4 5.7
      vertex 48.6 48.8 5.7
      vertex 50.2 40.4 5.7
    endloop
  endfacet
  facet normal 0 0 1
    outer loop
      vertex 50.2 50.4 5.7
      vertex 41.8 48.8 5.7
      vertex 48.6 48.8 5.7
    endloop
  endfacet
  facet normal 0 0 1
    outer loop
      vertex 41.8 48.8 5.7
      vertex 40.2 50.4 5.7
      vertex 41.8 42 5.7
    endloop
  endfacet
  facet normal -0 0 1
    outer loop
      vertex 40.2 50.4 5.7
      vertex 41.8 48.8 5.7
      vertex 50.2 50.4 5.7
    endloop
  endfacet
  facet normal -0 0 1
    outer loop
      vertex 48.6 42 5.7
      vertex 50.2 40.4 5.7
      vertex 48.6 48.8 5.7
    endloop
  endfacet
  facet normal -0 0 1
    outer loop
      vertex 41.8 42 5.7
      vertex 50.2 40.4 5.7
      vertex 48.6 42 5.7
    endloop
  endfacet
  facet normal 0 0 1
    outer loop
      vertex 41.8 42 5.7
      vertex 40.2 40.4 5.7
      vertex 50.2 40.4 5.7
    endloop
  endfacet
  facet normal 0 0 1
    outer loop
      vertex 40.2 40.4 5.7
      vertex 41.8 42 5.7
      vertex 40.2 50.4 5.7
    endloop
  endfacet
  facet normal -0.707107 0 0.707107
    outer loop
      vertex 26.4 53.7 2
      vertex 30.1 61.7 5.7
      vertex 26.4 65.4 2
    endloop
  endfacet
  facet normal -0.707107 0 0.707107
    outer loop
      vertex 26.4 53.7 2
      vertex 30.1 51.7 5.7
      vertex 30.1 61.7 5.7
    endloop
  endfacet
  facet normal -0.707107 1.29626e-16 0.707107
    outer loop
      vertex 30.1 51.7 5.7
      vertex 26.4 53.7 2
      vertex 29.25 50.85 4.85
    endloop
  endfacet
  facet normal 0 0.707107 0.707107
    outer loop
      vertex 43.8 65.4 2
      vertex 30.1 61.7 5.7
      vertex 40.1 61.7 5.7
    endloop
  endfacet
  facet normal 0 0.707107 0.707107
    outer loop
      vertex 30.1 61.7 5.7
      vertex 43.8 65.4 2
      vertex 26.4 65.4 2
    endloop
  endfacet
  facet normal 0 0 1
    outer loop
      vertex 40.1 61.7 5.7
      vertex 38.5 60.1 5.7
      vertex 40.1 51.7 5.7
    endloop
  endfacet
  facet normal 0 0 1
    outer loop
      vertex 40.1 61.7 5.7
      vertex 31.7 60.1 5.7
      vertex 38.5 60.1 5.7
    endloop
  endfacet
  facet normal 0 0 1
    outer loop
      vertex 31.7 60.1 5.7
      vertex 30.1 61.7 5.7
      vertex 31.7 53.3 5.7
    endloop
  endfacet
  facet normal -0 0 1
    outer loop
      vertex 30.1 61.7 5.7
      vertex 31.7 60.1 5.7
      vertex 40.1 61.7 5.7
    endloop
  endfacet
  facet normal -0 0 1
    outer loop
      vertex 38.5 53.3 5.7
      vertex 40.1 51.7 5.7
      vertex 38.5 60.1 5.7
    endloop
  endfacet
  facet normal -0 0 1
    outer loop
      vertex 31.7 53.3 5.7
      vertex 40.1 51.7 5.7
      vertex 38.5 53.3 5.7
    endloop
  endfacet
  facet normal 0 0 1
    outer loop
      vertex 31.7 53.3 5.7
      vertex 30.1 51.7 5.7
      vertex 40.1 51.7 5.7
    endloop
  endfacet
  facet normal 0 0 1
    outer loop
      vertex 30.1 51.7 5.7
      vertex 31.7 53.3 5.7
      vertex 30.1 61.7 5.7
    endloop
  endfacet
  facet normal 0 -0.707107 0.707107
    outer loop
      vertex 40.1 51.7 5.7
      vertex 39.55 51.05 5.05
      vertex 40.75 51.05 5.05
    endloop
  endfacet
  facet normal -1.41308e-13 -0.707107 0.707107
    outer loop
      vertex 40.1 51.7 5.7
      vertex 39.35 50.85 4.85
      vertex 39.55 51.05 5.05
    endloop
  endfacet
  facet normal 0 -0.707107 0.707107
    outer loop
      vertex 30.1 51.7 5.7
      vertex 39.35 50.85 4.85
      vertex 40.1 51.7 5.7
    endloop
  endfacet
  facet normal 0 -0.707107 0.707107
    outer loop
      vertex 39.35 50.85 4.85
      vertex 30.1 51.7 5.7
      vertex 29.25 50.85 4.85
    endloop
  endfacet
  facet normal 0.707107 0 0.707107
    outer loop
      vertex 40.1 61.7 5.7
      vertex 43.8 54.1 2
      vertex 43.8 65.4 2
    endloop
  endfacet
  facet normal 0.707107 -0 0.707107
    outer loop
      vertex 40.1 51.7 5.7
      vertex 43.8 54.1 2
      vertex 40.1 61.7 5.7
    endloop
  endfacet
  facet normal 0.707107 -6.33581e-16 0.707107
    outer loop
      vertex 43.8 54.1 2
      vertex 40.1 51.7 5.7
      vertex 40.75 51.05 5.05
    endloop
  endfacet
  facet normal 0.707107 0 0.707107
    outer loop
      vertex 29.4 50 5.7
      vertex 29.75 39.65 5.35
      vertex 29.75 50.35 5.35
    endloop
  endfacet
  facet normal 0.707107 0 0.707107
    outer loop
      vertex 29.75 39.65 5.35
      vertex 29.4 50 5.7
      vertex 29.4 40 5.7
    endloop
  endfacet
  facet normal -0.707107 0 0.707107
    outer loop
      vertex 15.7 53.7 2
      vertex 19.4 40 5.7
      vertex 19.4 50 5.7
    endloop
  endfacet
  facet normal -0.707107 0 0.707107
    outer loop
      vertex 19.4 40 5.7
      vertex 15.7 53.7 2
      vertex 15.7 36.3 2
    endloop
  endfacet
  facet normal 2.06075e-14 0.707107 0.707107
    outer loop
      vertex 39.35 50.85 4.85
      vertex 40.1 50 5.7
      vertex 40.15 50.05 5.65
    endloop
  endfacet
  facet normal 0 0.707107 0.707107
    outer loop
      vertex 39.35 50.85 4.85
      vertex 30.1 50 5.7
      vertex 40.1 50 5.7
    endloop
  endfacet
  facet normal 8.88313e-17 0.707107 0.707107
    outer loop
      vertex 39.35 50.85 4.85
      vertex 29.75 50.35 5.35
      vertex 30.1 50 5.7
    endloop
  endfacet
  facet normal -0 0.707107 0.707107
    outer loop
      vertex 29.25 50.85 4.85
      vertex 29.75 50.35 5.35
      vertex 39.35 50.85 4.85
    endloop
  endfacet
  facet normal -8.97196e-16 0.707107 0.707107
    outer loop
      vertex 29.25 50.85 4.85
      vertex 29.4 50 5.7
      vertex 29.75 50.35 5.35
    endloop
  endfacet
  facet normal -6.29611e-16 0.707107 0.707107
    outer loop
      vertex 26.4 53.7 2
      vertex 29.4 50 5.7
      vertex 29.25 50.85 4.85
    endloop
  endfacet
  facet normal 0 0.707107 0.707107
    outer loop
      vertex 26.4 53.7 2
      vertex 19.4 50 5.7
      vertex 29.4 50 5.7
    endloop
  endfacet
  facet normal 0 0.707107 0.707107
    outer loop
      vertex 19.4 50 5.7
      vertex 26.4 53.7 2
      vertex 15.7 53.7 2
    endloop
  endfacet
  facet normal 0 0 1
    outer loop
      vertex 29.4 50 5.7
      vertex 27.8 48.4 5.7
      vertex 29.4 40 5.7
    endloop
  endfacet
  facet normal 0 0 1
    outer loop
      vertex 29.4 50 5.7
      vertex 21 48.4 5.7
      vertex 27.8 48.4 5.7
    endloop
  endfacet
  facet normal 0 0 1
    outer loop
      vertex 21 48.4 5.7
      vertex 19.4 50 5.7
      vertex 21 41.6 5.7
    endloop
  endfacet
  facet normal -0 0 1
    outer loop
      vertex 19.4 50 5.7
      vertex 21 48.4 5.7
      vertex 29.4 50 5.7
    endloop
  endfacet
  facet normal -0 0 1
    outer loop
      vertex 27.8 41.6 5.7
      vertex 29.4 40 5.7
      vertex 27.8 48.4 5.7
    endloop
  endfacet
  facet normal -0 0 1
    outer loop
      vertex 21 41.6 5.7
      vertex 29.4 40 5.7
      vertex 27.8 41.6 5.7
    endloop
  endfacet
  facet normal 0 0 1
    outer loop
      vertex 21 41.6 5.7
      vertex 19.4 40 5.7
      vertex 29.4 40 5.7
    endloop
  endfacet
  facet normal 0 0 1
    outer loop
      vertex 19.4 40 5.7
      vertex 21 41.6 5.7
      vertex 19.4 50 5.7
    endloop
  endfacet
  facet normal -6.69549e-16 -0.707107 0.707107
    outer loop
      vertex 29.4 40 5.7
      vertex 26.4 36.3 2
      vertex 29.75 39.65 5.35
    endloop
  endfacet
  facet normal 0 -0.707107 0.707107
    outer loop
      vertex 19.4 40 5.7
      vertex 26.4 36.3 2
      vertex 29.4 40 5.7
    endloop
  endfacet
  facet normal 0 -0.707107 0.707107
    outer loop
      vertex 26.4 36.3 2
      vertex 19.4 40 5.7
      vertex 15.7 36.3 2
    endloop
  endfacet
  facet normal 0 -1 0
    outer loop
      vertex 26.4 29.5 2
      vertex 40.8 29.5 5
      vertex 29.4 29.5 5
    endloop
  endfacet
  facet normal 0 -1 -0
    outer loop
      vertex 40.8 29.5 5
      vertex 26.4 29.5 2
      vertex 43.8 29.5 2
    endloop
  endfacet
  facet normal -0.195072 -0.980789 0
    outer loop
      vertex 2.68926 88.2376 8.31
      vertex 2.87529 88.2006 9.5
      vertex 2.68926 88.2376 9.5
    endloop
  endfacet
  facet normal -0.195072 -0.980789 -0
    outer loop
      vertex 2.87529 88.2006 9.5
      vertex 2.68926 88.2376 8.31
      vertex 2.87529 88.2006 8.31
    endloop
  endfacet
  facet normal -0.980783 0.195102 0
    outer loop
      vertex 3.90059 86.4247 8.31
      vertex 3.93759 86.6107 9.5
      vertex 3.93759 86.6107 8.31
    endloop
  endfacet
  facet normal -0.980783 0.195102 0
    outer loop
      vertex 3.93759 86.6107 9.5
      vertex 3.90059 86.4247 8.31
      vertex 3.90059 86.4247 9.5
    endloop
  endfacet
  facet normal -0.997858 0.0654169 0
    outer loop
      vertex 3.93759 86.6107 8.31
      vertex 3.95 86.8 9.5
      vertex 3.95 86.8 8.31
    endloop
  endfacet
  facet normal -0.997858 0.0654169 0
    outer loop
      vertex 3.95 86.8 9.5
      vertex 3.93759 86.6107 8.31
      vertex 3.93759 86.6107 9.5
    endloop
  endfacet
  facet normal 0.89686 -0.442314 0
    outer loop
      vertex 1.16037 87.3549 9.5
      vertex 1.24426 87.525 8.31
      vertex 1.24426 87.525 9.5
    endloop
  endfacet
  facet normal 0.89686 -0.442314 0
    outer loop
      vertex 1.24426 87.525 8.31
      vertex 1.16037 87.3549 9.5
      vertex 1.16037 87.3549 8.31
    endloop
  endfacet
  facet normal -0.442335 -0.89685 0
    outer loop
      vertex 3.05489 88.1396 8.31
      vertex 3.225 88.0557 9.5
      vertex 3.05489 88.1396 9.5
    endloop
  endfacet
  facet normal -0.442335 -0.89685 -0
    outer loop
      vertex 3.225 88.0557 9.5
      vertex 3.05489 88.1396 8.31
      vertex 3.225 88.0557 8.31
    endloop
  endfacet
  facet normal -0.659474 0.751727 0
    outer loop
      vertex 3.5253 85.7747 8.31
      vertex 3.3827 85.6496 9.5
      vertex 3.5253 85.7747 9.5
    endloop
  endfacet
  facet normal -0.659474 0.751727 0
    outer loop
      vertex 3.3827 85.6496 9.5
      vertex 3.5253 85.7747 8.31
      vertex 3.3827 85.6496 8.31
    endloop
  endfacet
  facet normal 0.89686 0.442314 0
    outer loop
      vertex 1.24426 86.075 9.5
      vertex 1.16037 86.2451 8.31
      vertex 1.16037 86.2451 9.5
    endloop
  endfacet
  facet normal 0.89686 0.442314 0
    outer loop
      vertex 1.16037 86.2451 8.31
      vertex 1.24426 86.075 9.5
      vertex 1.24426 86.075 8.31
    endloop
  endfacet
  facet normal 0.997861 -0.0653644 0
    outer loop
      vertex 1.05 86.8 9.5
      vertex 1.0624 86.9893 8.31
      vertex 1.0624 86.9893 9.5
    endloop
  endfacet
  facet normal 0.997861 -0.0653644 0
    outer loop
      vertex 1.0624 86.9893 8.31
      vertex 1.05 86.8 9.5
      vertex 1.05 86.8 8.31
    endloop
  endfacet
  facet normal 0.94694 0.321411 0
    outer loop
      vertex 1.16037 86.2451 9.5
      vertex 1.09941 86.4247 8.31
      vertex 1.09941 86.4247 9.5
    endloop
  endfacet
  facet normal 0.94694 0.321411 0
    outer loop
      vertex 1.09941 86.4247 8.31
      vertex 1.16037 86.2451 9.5
      vertex 1.16037 86.2451 8.31
    endloop
  endfacet
  facet normal -0.0653782 -0.997861 0
    outer loop
      vertex 2.5 88.25 8.31
      vertex 2.68926 88.2376 9.5
      vertex 2.5 88.25 9.5
    endloop
  endfacet
  facet normal -0.0653782 -0.997861 -0
    outer loop
      vertex 2.68926 88.2376 9.5
      vertex 2.5 88.25 8.31
      vertex 2.68926 88.2376 8.31
    endloop
  endfacet
  facet normal -0.980783 -0.195102 0
    outer loop
      vertex 3.93759 86.9893 8.31
      vertex 3.90059 87.1753 9.5
      vertex 3.90059 87.1753 8.31
    endloop
  endfacet
  facet normal -0.980783 -0.195102 0
    outer loop
      vertex 3.90059 87.1753 9.5
      vertex 3.93759 86.9893 8.31
      vertex 3.93759 86.9893 9.5
    endloop
  endfacet
  facet normal -0.555309 0.831644 0
    outer loop
      vertex 3.3827 85.6496 8.31
      vertex 3.225 85.5443 9.5
      vertex 3.3827 85.6496 9.5
    endloop
  endfacet
  facet normal -0.555309 0.831644 0
    outer loop
      vertex 3.225 85.5443 9.5
      vertex 3.3827 85.6496 8.31
      vertex 3.225 85.5443 8.31
    endloop
  endfacet
  facet normal 0.555309 0.831644 -0
    outer loop
      vertex 1.775 85.5443 8.31
      vertex 1.6173 85.6496 9.5
      vertex 1.775 85.5443 9.5
    endloop
  endfacet
  facet normal 0.555309 0.831644 0
    outer loop
      vertex 1.6173 85.6496 9.5
      vertex 1.775 85.5443 8.31
      vertex 1.6173 85.6496 8.31
    endloop
  endfacet
  facet normal 0.980773 -0.195153 0
    outer loop
      vertex 1.0624 86.9893 9.5
      vertex 1.09941 87.1753 8.31
      vertex 1.09941 87.1753 9.5
    endloop
  endfacet
  facet normal 0.980773 -0.195153 0
    outer loop
      vertex 1.09941 87.1753 8.31
      vertex 1.0624 86.9893 9.5
      vertex 1.0624 86.9893 8.31
    endloop
  endfacet
  facet normal -0.83145 -0.5556 0
    outer loop
      vertex 3.75574 87.525 8.31
      vertex 3.65036 87.6827 9.5
      vertex 3.65036 87.6827 8.31
    endloop
  endfacet
  facet normal -0.83145 -0.5556 0
    outer loop
      vertex 3.65036 87.6827 9.5
      vertex 3.75574 87.525 8.31
      vertex 3.75574 87.525 9.5
    endloop
  endfacet
  facet normal 0.659448 0.75175 -0
    outer loop
      vertex 1.6173 85.6496 8.31
      vertex 1.47469 85.7747 9.5
      vertex 1.6173 85.6496 9.5
    endloop
  endfacet
  facet normal 0.659448 0.75175 0
    outer loop
      vertex 1.47469 85.7747 9.5
      vertex 1.6173 85.6496 8.31
      vertex 1.47469 85.7747 8.31
    endloop
  endfacet
  facet normal 0.997861 0.0653644 0
    outer loop
      vertex 1.0624 86.6107 9.5
      vertex 1.05 86.8 8.31
      vertex 1.05 86.8 9.5
    endloop
  endfacet
  facet normal 0.997861 0.0653644 0
    outer loop
      vertex 1.05 86.8 8.31
      vertex 1.0624 86.6107 9.5
      vertex 1.0624 86.6107 8.31
    endloop
  endfacet
  facet normal -0.0653782 0.997861 0
    outer loop
      vertex 2.68926 85.3624 8.31
      vertex 2.5 85.35 9.5
      vertex 2.68926 85.3624 9.5
    endloop
  endfacet
  facet normal -0.0653782 0.997861 0
    outer loop
      vertex 2.5 85.35 9.5
      vertex 2.68926 85.3624 8.31
      vertex 2.5 85.35 8.31
    endloop
  endfacet
  facet normal 0.0653782 0.997861 -0
    outer loop
      vertex 2.5 85.35 8.31
      vertex 2.31074 85.3624 9.5
      vertex 2.5 85.35 9.5
    endloop
  endfacet
  facet normal 0.0653782 0.997861 0
    outer loop
      vertex 2.31074 85.3624 9.5
      vertex 2.5 85.35 8.31
      vertex 2.31074 85.3624 8.31
    endloop
  endfacet
  facet normal -0.3216 0.946876 0
    outer loop
      vertex 3.05489 85.4604 8.31
      vertex 2.87529 85.3994 9.5
      vertex 3.05489 85.4604 9.5
    endloop
  endfacet
  facet normal -0.3216 0.946876 0
    outer loop
      vertex 2.87529 85.3994 9.5
      vertex 3.05489 85.4604 8.31
      vertex 2.87529 85.3994 8.31
    endloop
  endfacet
  facet normal -0.997858 -0.0654169 0
    outer loop
      vertex 3.95 86.8 8.31
      vertex 3.93759 86.9893 9.5
      vertex 3.93759 86.9893 8.31
    endloop
  endfacet
  facet normal -0.997858 -0.0654169 0
    outer loop
      vertex 3.93759 86.9893 9.5
      vertex 3.95 86.8 8.31
      vertex 3.95 86.8 9.5
    endloop
  endfacet
  facet normal -0.751832 -0.659355 0
    outer loop
      vertex 3.65036 87.6827 8.31
      vertex 3.5253 87.8253 9.5
      vertex 3.5253 87.8253 8.31
    endloop
  endfacet
  facet normal -0.751832 -0.659355 0
    outer loop
      vertex 3.5253 87.8253 9.5
      vertex 3.65036 87.6827 8.31
      vertex 3.65036 87.6827 9.5
    endloop
  endfacet
  facet normal -0.442335 0.89685 0
    outer loop
      vertex 3.225 85.5443 8.31
      vertex 3.05489 85.4604 9.5
      vertex 3.225 85.5443 9.5
    endloop
  endfacet
  facet normal -0.442335 0.89685 0
    outer loop
      vertex 3.05489 85.4604 9.5
      vertex 3.225 85.5443 8.31
      vertex 3.05489 85.4604 8.31
    endloop
  endfacet
  facet normal 0.442335 -0.89685 0
    outer loop
      vertex 1.775 88.0557 8.31
      vertex 1.94511 88.1396 9.5
      vertex 1.775 88.0557 9.5
    endloop
  endfacet
  facet normal 0.442335 -0.89685 0
    outer loop
      vertex 1.94511 88.1396 9.5
      vertex 1.775 88.0557 8.31
      vertex 1.94511 88.1396 8.31
    endloop
  endfacet
  facet normal 0.751858 0.659325 0
    outer loop
      vertex 1.47469 85.7747 9.5
      vertex 1.34964 85.9173 8.31
      vertex 1.34964 85.9173 9.5
    endloop
  endfacet
  facet normal 0.751858 0.659325 0
    outer loop
      vertex 1.34964 85.9173 8.31
      vertex 1.47469 85.7747 9.5
      vertex 1.47469 85.7747 8.31
    endloop
  endfacet
  facet normal 0.751858 -0.659325 0
    outer loop
      vertex 1.34964 87.6827 9.5
      vertex 1.47469 87.8253 8.31
      vertex 1.47469 87.8253 9.5
    endloop
  endfacet
  facet normal 0.751858 -0.659325 0
    outer loop
      vertex 1.47469 87.8253 8.31
      vertex 1.34964 87.6827 9.5
      vertex 1.34964 87.6827 8.31
    endloop
  endfacet
  facet normal -0.83145 0.5556 0
    outer loop
      vertex 3.65036 85.9173 8.31
      vertex 3.75574 86.075 9.5
      vertex 3.75574 86.075 8.31
    endloop
  endfacet
  facet normal -0.83145 0.5556 0
    outer loop
      vertex 3.75574 86.075 9.5
      vertex 3.65036 85.9173 8.31
      vertex 3.65036 85.9173 9.5
    endloop
  endfacet
  facet normal 0.94694 -0.321411 0
    outer loop
      vertex 1.09941 87.1753 9.5
      vertex 1.16037 87.3549 8.31
      vertex 1.16037 87.3549 9.5
    endloop
  endfacet
  facet normal 0.94694 -0.321411 0
    outer loop
      vertex 1.16037 87.3549 8.31
      vertex 1.09941 87.1753 9.5
      vertex 1.09941 87.1753 8.31
    endloop
  endfacet
  facet normal 0 0 1
    outer loop
      vertex 3.93759 86.9893 8.31
      vertex 3.93759 86.6107 8.31
      vertex 3.95 86.8 8.31
    endloop
  endfacet
  facet normal 0 0 1
    outer loop
      vertex 3.90059 87.1753 8.31
      vertex 3.93759 86.6107 8.31
      vertex 3.93759 86.9893 8.31
    endloop
  endfacet
  facet normal 0 0 1
    outer loop
      vertex 3.90059 87.1753 8.31
      vertex 3.90059 86.4247 8.31
      vertex 3.93759 86.6107 8.31
    endloop
  endfacet
  facet normal 0 0 1
    outer loop
      vertex 3.83962 87.3549 8.31
      vertex 3.90059 86.4247 8.31
      vertex 3.90059 87.1753 8.31
    endloop
  endfacet
  facet normal 0 0 1
    outer loop
      vertex 3.83962 87.3549 8.31
      vertex 3.83962 86.2451 8.31
      vertex 3.90059 86.4247 8.31
    endloop
  endfacet
  facet normal 0 0 1
    outer loop
      vertex 3.75574 87.525 8.31
      vertex 3.83962 86.2451 8.31
      vertex 3.83962 87.3549 8.31
    endloop
  endfacet
  facet normal 0 0 1
    outer loop
      vertex 3.75574 87.525 8.31
      vertex 3.75574 86.075 8.31
      vertex 3.83962 86.2451 8.31
    endloop
  endfacet
  facet normal 0 0 1
    outer loop
      vertex 3.65036 87.6827 8.31
      vertex 3.75574 86.075 8.31
      vertex 3.75574 87.525 8.31
    endloop
  endfacet
  facet normal 0 0 1
    outer loop
      vertex 3.65036 87.6827 8.31
      vertex 3.65036 85.9173 8.31
      vertex 3.75574 86.075 8.31
    endloop
  endfacet
  facet normal 0 0 1
    outer loop
      vertex 3.5253 87.8253 8.31
      vertex 3.65036 85.9173 8.31
      vertex 3.65036 87.6827 8.31
    endloop
  endfacet
  facet normal 0 0 1
    outer loop
      vertex 3.5253 87.8253 8.31
      vertex 3.5253 85.7747 8.31
      vertex 3.65036 85.9173 8.31
    endloop
  endfacet
  facet normal 0 0 1
    outer loop
      vertex 3.3827 87.9504 8.31
      vertex 3.5253 85.7747 8.31
      vertex 3.5253 87.8253 8.31
    endloop
  endfacet
  facet normal 0 0 1
    outer loop
      vertex 3.3827 87.9504 8.31
      vertex 3.3827 85.6496 8.31
      vertex 3.5253 85.7747 8.31
    endloop
  endfacet
  facet normal 0 0 1
    outer loop
      vertex 3.225 88.0557 8.31
      vertex 3.3827 85.6496 8.31
      vertex 3.3827 87.9504 8.31
    endloop
  endfacet
  facet normal 0 0 1
    outer loop
      vertex 3.225 88.0557 8.31
      vertex 3.225 85.5443 8.31
      vertex 3.3827 85.6496 8.31
    endloop
  endfacet
  facet normal 0 0 1
    outer loop
      vertex 3.05489 88.1396 8.31
      vertex 3.225 85.5443 8.31
      vertex 3.225 88.0557 8.31
    endloop
  endfacet
  facet normal 0 0 1
    outer loop
      vertex 3.05489 88.1396 8.31
      vertex 3.05489 85.4604 8.31
      vertex 3.225 85.5443 8.31
    endloop
  endfacet
  facet normal 0 0 1
    outer loop
      vertex 2.87529 88.2006 8.31
      vertex 3.05489 85.4604 8.31
      vertex 3.05489 88.1396 8.31
    endloop
  endfacet
  facet normal 0 0 1
    outer loop
      vertex 2.87529 88.2006 8.31
      vertex 2.87529 85.3994 8.31
      vertex 3.05489 85.4604 8.31
    endloop
  endfacet
  facet normal 0 0 1
    outer loop
      vertex 2.68926 88.2376 8.31
      vertex 2.87529 85.3994 8.31
      vertex 2.87529 88.2006 8.31
    endloop
  endfacet
  facet normal 0 0 1
    outer loop
      vertex 2.68926 88.2376 8.31
      vertex 2.68926 85.3624 8.31
      vertex 2.87529 85.3994 8.31
    endloop
  endfacet
  facet normal 0 0 1
    outer loop
      vertex 2.5 88.25 8.31
      vertex 2.68926 85.3624 8.31
      vertex 2.68926 88.2376 8.31
    endloop
  endfacet
  facet normal 0 0 1
    outer loop
      vertex 2.5 88.25 8.31
      vertex 2.5 85.35 8.31
      vertex 2.68926 85.3624 8.31
    endloop
  endfacet
  facet normal -0 0 1
    outer loop
      vertex 2.31074 88.2376 8.31
      vertex 2.5 85.35 8.31
      vertex 2.5 88.25 8.31
    endloop
  endfacet
  facet normal 0 0 1
    outer loop
      vertex 2.31074 88.2376 8.31
      vertex 2.31074 85.3624 8.31
      vertex 2.5 85.35 8.31
    endloop
  endfacet
  facet normal -0 0 1
    outer loop
      vertex 2.12471 88.2006 8.31
      vertex 2.31074 85.3624 8.31
      vertex 2.31074 88.2376 8.31
    endloop
  endfacet
  facet normal 0 0 1
    outer loop
      vertex 2.12471 88.2006 8.31
      vertex 2.12471 85.3994 8.31
      vertex 2.31074 85.3624 8.31
    endloop
  endfacet
  facet normal -0 0 1
    outer loop
      vertex 1.94511 88.1396 8.31
      vertex 2.12471 85.3994 8.31
      vertex 2.12471 88.2006 8.31
    endloop
  endfacet
  facet normal 0 0 1
    outer loop
      vertex 1.94511 88.1396 8.31
      vertex 1.94511 85.4604 8.31
      vertex 2.12471 85.3994 8.31
    endloop
  endfacet
  facet normal -0 0 1
    outer loop
      vertex 1.775 88.0557 8.31
      vertex 1.94511 85.4604 8.31
      vertex 1.94511 88.1396 8.31
    endloop
  endfacet
  facet normal 0 0 1
    outer loop
      vertex 1.775 88.0557 8.31
      vertex 1.775 85.5443 8.31
      vertex 1.94511 85.4604 8.31
    endloop
  endfacet
  facet normal -0 0 1
    outer loop
      vertex 1.6173 87.9504 8.31
      vertex 1.775 85.5443 8.31
      vertex 1.775 88.0557 8.31
    endloop
  endfacet
  facet normal 0 0 1
    outer loop
      vertex 1.6173 87.9504 8.31
      vertex 1.6173 85.6496 8.31
      vertex 1.775 85.5443 8.31
    endloop
  endfacet
  facet normal -0 0 1
    outer loop
      vertex 1.47469 87.8253 8.31
      vertex 1.6173 85.6496 8.31
      vertex 1.6173 87.9504 8.31
    endloop
  endfacet
  facet normal 0 0 1
    outer loop
      vertex 1.47469 87.8253 8.31
      vertex 1.47469 85.7747 8.31
      vertex 1.6173 85.6496 8.31
    endloop
  endfacet
  facet normal -0 0 1
    outer loop
      vertex 1.34964 87.6827 8.31
      vertex 1.47469 85.7747 8.31
      vertex 1.47469 87.8253 8.31
    endloop
  endfacet
  facet normal 0 0 1
    outer loop
      vertex 1.34964 87.6827 8.31
      vertex 1.34964 85.9173 8.31
      vertex 1.47469 85.7747 8.31
    endloop
  endfacet
  facet normal -0 0 1
    outer loop
      vertex 1.24426 87.525 8.31
      vertex 1.34964 85.9173 8.31
      vertex 1.34964 87.6827 8.31
    endloop
  endfacet
  facet normal 0 0 1
    outer loop
      vertex 1.24426 87.525 8.31
      vertex 1.24426 86.075 8.31
      vertex 1.34964 85.9173 8.31
    endloop
  endfacet
  facet normal -0 0 1
    outer loop
      vertex 1.16037 87.3549 8.31
      vertex 1.24426 86.075 8.31
      vertex 1.24426 87.525 8.31
    endloop
  endfacet
  facet normal 0 0 1
    outer loop
      vertex 1.16037 87.3549 8.31
      vertex 1.16037 86.2451 8.31
      vertex 1.24426 86.075 8.31
    endloop
  endfacet
  facet normal -0 0 1
    outer loop
      vertex 1.09941 87.1753 8.31
      vertex 1.16037 86.2451 8.31
      vertex 1.16037 87.3549 8.31
    endloop
  endfacet
  facet normal 0 0 1
    outer loop
      vertex 1.09941 87.1753 8.31
      vertex 1.09941 86.4247 8.31
      vertex 1.16037 86.2451 8.31
    endloop
  endfacet
  facet normal -0 0 1
    outer loop
      vertex 1.0624 86.9893 8.31
      vertex 1.09941 86.4247 8.31
      vertex 1.09941 87.1753 8.31
    endloop
  endfacet
  facet normal 0 0 1
    outer loop
      vertex 1.0624 86.9893 8.31
      vertex 1.0624 86.6107 8.31
      vertex 1.09941 86.4247 8.31
    endloop
  endfacet
  facet normal 0 -0 1
    outer loop
      vertex 1.0624 86.6107 8.31
      vertex 1.0624 86.9893 8.31
      vertex 1.05 86.8 8.31
    endloop
  endfacet
  facet normal 0.442335 0.89685 -0
    outer loop
      vertex 1.94511 85.4604 8.31
      vertex 1.775 85.5443 9.5
      vertex 1.94511 85.4604 9.5
    endloop
  endfacet
  facet normal 0.442335 0.89685 0
    outer loop
      vertex 1.775 85.5443 9.5
      vertex 1.94511 85.4604 8.31
      vertex 1.775 85.5443 8.31
    endloop
  endfacet
  facet normal 0.980773 0.195153 0
    outer loop
      vertex 1.09941 86.4247 9.5
      vertex 1.0624 86.6107 8.31
      vertex 1.0624 86.6107 9.5
    endloop
  endfacet
  facet normal 0.980773 0.195153 0
    outer loop
      vertex 1.0624 86.6107 8.31
      vertex 1.09941 86.4247 9.5
      vertex 1.09941 86.4247 8.31
    endloop
  endfacet
  facet normal -0.195072 0.980789 0
    outer loop
      vertex 2.87529 85.3994 8.31
      vertex 2.68926 85.3624 9.5
      vertex 2.87529 85.3994 9.5
    endloop
  endfacet
  facet normal -0.195072 0.980789 0
    outer loop
      vertex 2.68926 85.3624 9.5
      vertex 2.87529 85.3994 8.31
      vertex 2.68926 85.3624 8.31
    endloop
  endfacet
  facet normal -0.896881 0.442272 0
    outer loop
      vertex 3.75574 86.075 8.31
      vertex 3.83962 86.2451 9.5
      vertex 3.83962 86.2451 8.31
    endloop
  endfacet
  facet normal -0.896881 0.442272 0
    outer loop
      vertex 3.83962 86.2451 9.5
      vertex 3.75574 86.075 8.31
      vertex 3.75574 86.075 9.5
    endloop
  endfacet
  facet normal 0.83145 -0.5556 0
    outer loop
      vertex 1.24426 87.525 9.5
      vertex 1.34964 87.6827 8.31
      vertex 1.34964 87.6827 9.5
    endloop
  endfacet
  facet normal 0.83145 -0.5556 0
    outer loop
      vertex 1.34964 87.6827 8.31
      vertex 1.24426 87.525 9.5
      vertex 1.24426 87.525 8.31
    endloop
  endfacet
  facet normal -0.896881 -0.442272 0
    outer loop
      vertex 3.83962 87.3549 8.31
      vertex 3.75574 87.525 9.5
      vertex 3.75574 87.525 8.31
    endloop
  endfacet
  facet normal -0.896881 -0.442272 0
    outer loop
      vertex 3.75574 87.525 9.5
      vertex 3.83962 87.3549 8.31
      vertex 3.83962 87.3549 9.5
    endloop
  endfacet
  facet normal -0.555309 -0.831644 0
    outer loop
      vertex 3.225 88.0557 8.31
      vertex 3.3827 87.9504 9.5
      vertex 3.225 88.0557 9.5
    endloop
  endfacet
  facet normal -0.555309 -0.831644 -0
    outer loop
      vertex 3.3827 87.9504 9.5
      vertex 3.225 88.0557 8.31
      vertex 3.3827 87.9504 8.31
    endloop
  endfacet
  facet normal 0.3216 -0.946876 0
    outer loop
      vertex 1.94511 88.1396 8.31
      vertex 2.12471 88.2006 9.5
      vertex 1.94511 88.1396 9.5
    endloop
  endfacet
  facet normal 0.3216 -0.946876 0
    outer loop
      vertex 2.12471 88.2006 9.5
      vertex 1.94511 88.1396 8.31
      vertex 2.12471 88.2006 8.31
    endloop
  endfacet
  facet normal 0.3216 0.946876 -0
    outer loop
      vertex 2.12471 85.3994 8.31
      vertex 1.94511 85.4604 9.5
      vertex 2.12471 85.3994 9.5
    endloop
  endfacet
  facet normal 0.3216 0.946876 0
    outer loop
      vertex 1.94511 85.4604 9.5
      vertex 2.12471 85.3994 8.31
      vertex 1.94511 85.4604 8.31
    endloop
  endfacet
  facet normal 0.659448 -0.75175 0
    outer loop
      vertex 1.47469 87.8253 8.31
      vertex 1.6173 87.9504 9.5
      vertex 1.47469 87.8253 9.5
    endloop
  endfacet
  facet normal 0.659448 -0.75175 0
    outer loop
      vertex 1.6173 87.9504 9.5
      vertex 1.47469 87.8253 8.31
      vertex 1.6173 87.9504 8.31
    endloop
  endfacet
  facet normal -0.751832 0.659355 0
    outer loop
      vertex 3.5253 85.7747 8.31
      vertex 3.65036 85.9173 9.5
      vertex 3.65036 85.9173 8.31
    endloop
  endfacet
  facet normal -0.751832 0.659355 0
    outer loop
      vertex 3.65036 85.9173 9.5
      vertex 3.5253 85.7747 8.31
      vertex 3.5253 85.7747 9.5
    endloop
  endfacet
  facet normal 0.195072 -0.980789 0
    outer loop
      vertex 2.12471 88.2006 8.31
      vertex 2.31074 88.2376 9.5
      vertex 2.12471 88.2006 9.5
    endloop
  endfacet
  facet normal 0.195072 -0.980789 0
    outer loop
      vertex 2.31074 88.2376 9.5
      vertex 2.12471 88.2006 8.31
      vertex 2.31074 88.2376 8.31
    endloop
  endfacet
  facet normal -0.946924 0.321458 0
    outer loop
      vertex 3.83962 86.2451 8.31
      vertex 3.90059 86.4247 9.5
      vertex 3.90059 86.4247 8.31
    endloop
  endfacet
  facet normal -0.946924 0.321458 0
    outer loop
      vertex 3.90059 86.4247 9.5
      vertex 3.83962 86.2451 8.31
      vertex 3.83962 86.2451 9.5
    endloop
  endfacet
  facet normal -0.3216 -0.946876 0
    outer loop
      vertex 2.87529 88.2006 8.31
      vertex 3.05489 88.1396 9.5
      vertex 2.87529 88.2006 9.5
    endloop
  endfacet
  facet normal -0.3216 -0.946876 -0
    outer loop
      vertex 3.05489 88.1396 9.5
      vertex 2.87529 88.2006 8.31
      vertex 3.05489 88.1396 8.31
    endloop
  endfacet
  facet normal 0.195072 0.980789 -0
    outer loop
      vertex 2.31074 85.3624 8.31
      vertex 2.12471 85.3994 9.5
      vertex 2.31074 85.3624 9.5
    endloop
  endfacet
  facet normal 0.195072 0.980789 0
    outer loop
      vertex 2.12471 85.3994 9.5
      vertex 2.31074 85.3624 8.31
      vertex 2.12471 85.3994 8.31
    endloop
  endfacet
  facet normal -0.946924 -0.321458 0
    outer loop
      vertex 3.90059 87.1753 8.31
      vertex 3.83962 87.3549 9.5
      vertex 3.83962 87.3549 8.31
    endloop
  endfacet
  facet normal -0.946924 -0.321458 0
    outer loop
      vertex 3.83962 87.3549 9.5
      vertex 3.90059 87.1753 8.31
      vertex 3.90059 87.1753 9.5
    endloop
  endfacet
  facet normal 0.0653782 -0.997861 0
    outer loop
      vertex 2.31074 88.2376 8.31
      vertex 2.5 88.25 9.5
      vertex 2.31074 88.2376 9.5
    endloop
  endfacet
  facet normal 0.0653782 -0.997861 0
    outer loop
      vertex 2.5 88.25 9.5
      vertex 2.31074 88.2376 8.31
      vertex 2.5 88.25 8.31
    endloop
  endfacet
  facet normal 0.555309 -0.831644 0
    outer loop
      vertex 1.6173 87.9504 8.31
      vertex 1.775 88.0557 9.5
      vertex 1.6173 87.9504 9.5
    endloop
  endfacet
  facet normal 0.555309 -0.831644 0
    outer loop
      vertex 1.775 88.0557 9.5
      vertex 1.6173 87.9504 8.31
      vertex 1.775 88.0557 8.31
    endloop
  endfacet
  facet normal 0.83145 0.5556 0
    outer loop
      vertex 1.34964 85.9173 9.5
      vertex 1.24426 86.075 8.31
      vertex 1.24426 86.075 9.5
    endloop
  endfacet
  facet normal 0.83145 0.5556 0
    outer loop
      vertex 1.24426 86.075 8.31
      vertex 1.34964 85.9173 9.5
      vertex 1.34964 85.9173 8.31
    endloop
  endfacet
  facet normal -0.659474 -0.751727 0
    outer loop
      vertex 3.3827 87.9504 8.31
      vertex 3.5253 87.8253 9.5
      vertex 3.3827 87.9504 9.5
    endloop
  endfacet
  facet normal -0.659474 -0.751727 -0
    outer loop
      vertex 3.5253 87.8253 9.5
      vertex 3.3827 87.9504 8.31
      vertex 3.5253 87.8253 8.31
    endloop
  endfacet
  facet normal -0.195102 -0.980783 0
    outer loop
      vertex 67.6893 88.2376 8.31
      vertex 67.8753 88.2006 9.5
      vertex 67.6893 88.2376 9.5
    endloop
  endfacet
  facet normal -0.195102 -0.980783 -0
    outer loop
      vertex 67.8753 88.2006 9.5
      vertex 67.6893 88.2376 8.31
      vertex 67.8753 88.2006 8.31
    endloop
  endfacet
  facet normal -0.980783 0.195102 0
    outer loop
      vertex 68.9006 86.4247 8.31
      vertex 68.9376 86.6107 9.5
      vertex 68.9376 86.6107 8.31
    endloop
  endfacet
  facet normal -0.980783 0.195102 0
    outer loop
      vertex 68.9376 86.6107 9.5
      vertex 68.9006 86.4247 8.31
      vertex 68.9006 86.4247 9.5
    endloop
  endfacet
  facet normal -0.997861 0.0653644 0
    outer loop
      vertex 68.9376 86.6107 8.31
      vertex 68.95 86.8 9.5
      vertex 68.95 86.8 8.31
    endloop
  endfacet
  facet normal -0.997861 0.0653644 0
    outer loop
      vertex 68.95 86.8 9.5
      vertex 68.9376 86.6107 8.31
      vertex 68.9376 86.6107 9.5
    endloop
  endfacet
  facet normal 0.896839 -0.442356 0
    outer loop
      vertex 66.1604 87.3549 9.5
      vertex 66.2443 87.525 8.31
      vertex 66.2443 87.525 9.5
    endloop
  endfacet
  facet normal 0.896839 -0.442356 0
    outer loop
      vertex 66.2443 87.525 8.31
      vertex 66.1604 87.3549 9.5
      vertex 66.1604 87.3549 8.31
    endloop
  endfacet
  facet normal -0.442356 -0.896839 0
    outer loop
      vertex 68.0549 88.1396 8.31
      vertex 68.225 88.0557 9.5
      vertex 68.0549 88.1396 9.5
    endloop
  endfacet
  facet normal -0.442356 -0.896839 -0
    outer loop
      vertex 68.225 88.0557 9.5
      vertex 68.0549 88.1396 8.31
      vertex 68.225 88.0557 8.31
    endloop
  endfacet
  facet normal -0.659474 0.751727 0
    outer loop
      vertex 68.5253 85.7747 8.31
      vertex 68.3827 85.6496 9.5
      vertex 68.5253 85.7747 9.5
    endloop
  endfacet
  facet normal -0.659474 0.751727 0
    outer loop
      vertex 68.3827 85.6496 9.5
      vertex 68.5253 85.7747 8.31
      vertex 68.3827 85.6496 8.31
    endloop
  endfacet
  facet normal 0.896839 0.442356 0
    outer loop
      vertex 66.2443 86.075 9.5
      vertex 66.1604 86.2451 8.31
      vertex 66.1604 86.2451 9.5
    endloop
  endfacet
  facet normal 0.896839 0.442356 0
    outer loop
      vertex 66.1604 86.2451 8.31
      vertex 66.2443 86.075 9.5
      vertex 66.2443 86.075 8.31
    endloop
  endfacet
  facet normal 0.997861 -0.0653644 0
    outer loop
      vertex 66.05 86.8 9.5
      vertex 66.0624 86.9893 8.31
      vertex 66.0624 86.9893 9.5
    endloop
  endfacet
  facet normal 0.997861 -0.0653644 0
    outer loop
      vertex 66.0624 86.9893 8.31
      vertex 66.05 86.8 9.5
      vertex 66.05 86.8 8.31
    endloop
  endfacet
  facet normal 0.946876 0.3216 0
    outer loop
      vertex 66.1604 86.2451 9.5
      vertex 66.0994 86.4247 8.31
      vertex 66.0994 86.4247 9.5
    endloop
  endfacet
  facet normal 0.946876 0.3216 0
    outer loop
      vertex 66.0994 86.4247 8.31
      vertex 66.1604 86.2451 9.5
      vertex 66.1604 86.2451 8.31
    endloop
  endfacet
  facet normal -0.0653644 -0.997861 0
    outer loop
      vertex 67.5 88.25 8.31
      vertex 67.6893 88.2376 9.5
      vertex 67.5 88.25 9.5
    endloop
  endfacet
  facet normal -0.0653644 -0.997861 -0
    outer loop
      vertex 67.6893 88.2376 9.5
      vertex 67.5 88.25 8.31
      vertex 67.6893 88.2376 8.31
    endloop
  endfacet
  facet normal 0.0653644 0.997861 -0
    outer loop
      vertex 67.5 85.35 8.31
      vertex 67.3107 85.3624 9.5
      vertex 67.5 85.35 9.5
    endloop
  endfacet
  facet normal 0.0653644 0.997861 0
    outer loop
      vertex 67.3107 85.3624 9.5
      vertex 67.5 85.35 8.31
      vertex 67.3107 85.3624 8.31
    endloop
  endfacet
  facet normal -0.980783 -0.195102 0
    outer loop
      vertex 68.9376 86.9893 8.31
      vertex 68.9006 87.1753 9.5
      vertex 68.9006 87.1753 8.31
    endloop
  endfacet
  facet normal -0.980783 -0.195102 0
    outer loop
      vertex 68.9006 87.1753 9.5
      vertex 68.9376 86.9893 8.31
      vertex 68.9376 86.9893 9.5
    endloop
  endfacet
  facet normal -0.555309 0.831644 0
    outer loop
      vertex 68.3827 85.6496 8.31
      vertex 68.225 85.5443 9.5
      vertex 68.3827 85.6496 9.5
    endloop
  endfacet
  facet normal -0.555309 0.831644 0
    outer loop
      vertex 68.225 85.5443 9.5
      vertex 68.3827 85.6496 8.31
      vertex 68.225 85.5443 8.31
    endloop
  endfacet
  facet normal 0.555309 0.831644 -0
    outer loop
      vertex 66.775 85.5443 8.31
      vertex 66.6173 85.6496 9.5
      vertex 66.775 85.5443 9.5
    endloop
  endfacet
  facet normal 0.555309 0.831644 0
    outer loop
      vertex 66.6173 85.6496 9.5
      vertex 66.775 85.5443 8.31
      vertex 66.6173 85.6496 8.31
    endloop
  endfacet
  facet normal 0.980783 -0.195102 0
    outer loop
      vertex 66.0624 86.9893 9.5
      vertex 66.0994 87.1753 8.31
      vertex 66.0994 87.1753 9.5
    endloop
  endfacet
  facet normal 0.980783 -0.195102 0
    outer loop
      vertex 66.0994 87.1753 8.31
      vertex 66.0624 86.9893 9.5
      vertex 66.0624 86.9893 8.31
    endloop
  endfacet
  facet normal -0.831644 -0.555309 0
    outer loop
      vertex 68.7557 87.525 8.31
      vertex 68.6504 87.6827 9.5
      vertex 68.6504 87.6827 8.31
    endloop
  endfacet
  facet normal -0.831644 -0.555309 0
    outer loop
      vertex 68.6504 87.6827 9.5
      vertex 68.7557 87.525 8.31
      vertex 68.7557 87.525 9.5
    endloop
  endfacet
  facet normal 0.659474 0.751727 -0
    outer loop
      vertex 66.6173 85.6496 8.31
      vertex 66.4747 85.7747 9.5
      vertex 66.6173 85.6496 9.5
    endloop
  endfacet
  facet normal 0.659474 0.751727 0
    outer loop
      vertex 66.4747 85.7747 9.5
      vertex 66.6173 85.6496 8.31
      vertex 66.4747 85.7747 8.31
    endloop
  endfacet
  facet normal 0.997861 0.0653644 0
    outer loop
      vertex 66.0624 86.6107 9.5
      vertex 66.05 86.8 8.31
      vertex 66.05 86.8 9.5
    endloop
  endfacet
  facet normal 0.997861 0.0653644 0
    outer loop
      vertex 66.05 86.8 8.31
      vertex 66.0624 86.6107 9.5
      vertex 66.0624 86.6107 8.31
    endloop
  endfacet
  facet normal -0.0653644 0.997861 0
    outer loop
      vertex 67.6893 85.3624 8.31
      vertex 67.5 85.35 9.5
      vertex 67.6893 85.3624 9.5
    endloop
  endfacet
  facet normal -0.0653644 0.997861 0
    outer loop
      vertex 67.5 85.35 9.5
      vertex 67.6893 85.3624 8.31
      vertex 67.5 85.35 8.31
    endloop
  endfacet
  facet normal -0.3216 0.946876 0
    outer loop
      vertex 68.0549 85.4604 8.31
      vertex 67.8753 85.3994 9.5
      vertex 68.0549 85.4604 9.5
    endloop
  endfacet
  facet normal -0.3216 0.946876 0
    outer loop
      vertex 67.8753 85.3994 9.5
      vertex 68.0549 85.4604 8.31
      vertex 67.8753 85.3994 8.31
    endloop
  endfacet
  facet normal 0.0653644 -0.997861 0
    outer loop
      vertex 67.3107 88.2376 8.31
      vertex 67.5 88.25 9.5
      vertex 67.3107 88.2376 9.5
    endloop
  endfacet
  facet normal 0.0653644 -0.997861 0
    outer loop
      vertex 67.5 88.25 9.5
      vertex 67.3107 88.2376 8.31
      vertex 67.5 88.25 8.31
    endloop
  endfacet
  facet normal -0.997861 -0.0653644 0
    outer loop
      vertex 68.95 86.8 8.31
      vertex 68.9376 86.9893 9.5
      vertex 68.9376 86.9893 8.31
    endloop
  endfacet
  facet normal -0.997861 -0.0653644 0
    outer loop
      vertex 68.9376 86.9893 9.5
      vertex 68.95 86.8 8.31
      vertex 68.95 86.8 9.5
    endloop
  endfacet
  facet normal -0.751727 -0.659474 0
    outer loop
      vertex 68.6504 87.6827 8.31
      vertex 68.5253 87.8253 9.5
      vertex 68.5253 87.8253 8.31
    endloop
  endfacet
  facet normal -0.751727 -0.659474 0
    outer loop
      vertex 68.5253 87.8253 9.5
      vertex 68.6504 87.6827 8.31
      vertex 68.6504 87.6827 9.5
    endloop
  endfacet
  facet normal -0.442356 0.896839 0
    outer loop
      vertex 68.225 85.5443 8.31
      vertex 68.0549 85.4604 9.5
      vertex 68.225 85.5443 9.5
    endloop
  endfacet
  facet normal -0.442356 0.896839 0
    outer loop
      vertex 68.0549 85.4604 9.5
      vertex 68.225 85.5443 8.31
      vertex 68.0549 85.4604 8.31
    endloop
  endfacet
  facet normal 0.442356 -0.896839 0
    outer loop
      vertex 66.775 88.0557 8.31
      vertex 66.9451 88.1396 9.5
      vertex 66.775 88.0557 9.5
    endloop
  endfacet
  facet normal 0.442356 -0.896839 0
    outer loop
      vertex 66.9451 88.1396 9.5
      vertex 66.775 88.0557 8.31
      vertex 66.9451 88.1396 8.31
    endloop
  endfacet
  facet normal 0.751727 0.659474 0
    outer loop
      vertex 66.4747 85.7747 9.5
      vertex 66.3496 85.9173 8.31
      vertex 66.3496 85.9173 9.5
    endloop
  endfacet
  facet normal 0.751727 0.659474 0
    outer loop
      vertex 66.3496 85.9173 8.31
      vertex 66.4747 85.7747 9.5
      vertex 66.4747 85.7747 8.31
    endloop
  endfacet
  facet normal 0.751727 -0.659474 0
    outer loop
      vertex 66.3496 87.6827 9.5
      vertex 66.4747 87.8253 8.31
      vertex 66.4747 87.8253 9.5
    endloop
  endfacet
  facet normal 0.751727 -0.659474 0
    outer loop
      vertex 66.4747 87.8253 8.31
      vertex 66.3496 87.6827 9.5
      vertex 66.3496 87.6827 8.31
    endloop
  endfacet
  facet normal -0.831644 0.555309 0
    outer loop
      vertex 68.6504 85.9173 8.31
      vertex 68.7557 86.075 9.5
      vertex 68.7557 86.075 8.31
    endloop
  endfacet
  facet normal -0.831644 0.555309 0
    outer loop
      vertex 68.7557 86.075 9.5
      vertex 68.6504 85.9173 8.31
      vertex 68.6504 85.9173 9.5
    endloop
  endfacet
  facet normal 0.946876 -0.3216 0
    outer loop
      vertex 66.0994 87.1753 9.5
      vertex 66.1604 87.3549 8.31
      vertex 66.1604 87.3549 9.5
    endloop
  endfacet
  facet normal 0.946876 -0.3216 0
    outer loop
      vertex 66.1604 87.3549 8.31
      vertex 66.0994 87.1753 9.5
      vertex 66.0994 87.1753 8.31
    endloop
  endfacet
  facet normal 0 0 1
    outer loop
      vertex 68.9376 86.9893 8.31
      vertex 68.9376 86.6107 8.31
      vertex 68.95 86.8 8.31
    endloop
  endfacet
  facet normal 0 0 1
    outer loop
      vertex 68.9006 87.1753 8.31
      vertex 68.9376 86.6107 8.31
      vertex 68.9376 86.9893 8.31
    endloop
  endfacet
  facet normal 0 0 1
    outer loop
      vertex 68.9006 87.1753 8.31
      vertex 68.9006 86.4247 8.31
      vertex 68.9376 86.6107 8.31
    endloop
  endfacet
  facet normal 0 0 1
    outer loop
      vertex 68.8396 87.3549 8.31
      vertex 68.9006 86.4247 8.31
      vertex 68.9006 87.1753 8.31
    endloop
  endfacet
  facet normal 0 0 1
    outer loop
      vertex 68.8396 87.3549 8.31
      vertex 68.8396 86.2451 8.31
      vertex 68.9006 86.4247 8.31
    endloop
  endfacet
  facet normal 0 0 1
    outer loop
      vertex 68.7557 87.525 8.31
      vertex 68.8396 86.2451 8.31
      vertex 68.8396 87.3549 8.31
    endloop
  endfacet
  facet normal 0 0 1
    outer loop
      vertex 68.7557 87.525 8.31
      vertex 68.7557 86.075 8.31
      vertex 68.8396 86.2451 8.31
    endloop
  endfacet
  facet normal 0 0 1
    outer loop
      vertex 68.6504 87.6827 8.31
      vertex 68.7557 86.075 8.31
      vertex 68.7557 87.525 8.31
    endloop
  endfacet
  facet normal 0 0 1
    outer loop
      vertex 68.6504 87.6827 8.31
      vertex 68.6504 85.9173 8.31
      vertex 68.7557 86.075 8.31
    endloop
  endfacet
  facet normal 0 0 1
    outer loop
      vertex 68.5253 87.8253 8.31
      vertex 68.6504 85.9173 8.31
      vertex 68.6504 87.6827 8.31
    endloop
  endfacet
  facet normal 0 0 1
    outer loop
      vertex 68.5253 87.8253 8.31
      vertex 68.5253 85.7747 8.31
      vertex 68.6504 85.9173 8.31
    endloop
  endfacet
  facet normal 0 0 1
    outer loop
      vertex 68.3827 87.9504 8.31
      vertex 68.5253 85.7747 8.31
      vertex 68.5253 87.8253 8.31
    endloop
  endfacet
  facet normal 0 0 1
    outer loop
      vertex 68.3827 87.9504 8.31
      vertex 68.3827 85.6496 8.31
      vertex 68.5253 85.7747 8.31
    endloop
  endfacet
  facet normal 0 0 1
    outer loop
      vertex 68.225 88.0557 8.31
      vertex 68.3827 85.6496 8.31
      vertex 68.3827 87.9504 8.31
    endloop
  endfacet
  facet normal 0 0 1
    outer loop
      vertex 68.225 88.0557 8.31
      vertex 68.225 85.5443 8.31
      vertex 68.3827 85.6496 8.31
    endloop
  endfacet
  facet normal 0 0 1
    outer loop
      vertex 68.0549 88.1396 8.31
      vertex 68.225 85.5443 8.31
      vertex 68.225 88.0557 8.31
    endloop
  endfacet
  facet normal 0 0 1
    outer loop
      vertex 68.0549 88.1396 8.31
      vertex 68.0549 85.4604 8.31
      vertex 68.225 85.5443 8.31
    endloop
  endfacet
  facet normal 0 0 1
    outer loop
      vertex 67.8753 88.2006 8.31
      vertex 68.0549 85.4604 8.31
      vertex 68.0549 88.1396 8.31
    endloop
  endfacet
  facet normal 0 0 1
    outer loop
      vertex 67.8753 88.2006 8.31
      vertex 67.8753 85.3994 8.31
      vertex 68.0549 85.4604 8.31
    endloop
  endfacet
  facet normal 0 0 1
    outer loop
      vertex 67.6893 88.2376 8.31
      vertex 67.8753 85.3994 8.31
      vertex 67.8753 88.2006 8.31
    endloop
  endfacet
  facet normal 0 0 1
    outer loop
      vertex 67.6893 88.2376 8.31
      vertex 67.6893 85.3624 8.31
      vertex 67.8753 85.3994 8.31
    endloop
  endfacet
  facet normal 0 0 1
    outer loop
      vertex 67.5 88.25 8.31
      vertex 67.6893 85.3624 8.31
      vertex 67.6893 88.2376 8.31
    endloop
  endfacet
  facet normal 0 0 1
    outer loop
      vertex 67.5 88.25 8.31
      vertex 67.5 85.35 8.31
      vertex 67.6893 85.3624 8.31
    endloop
  endfacet
  facet normal -0 0 1
    outer loop
      vertex 67.3107 88.2376 8.31
      vertex 67.5 85.35 8.31
      vertex 67.5 88.25 8.31
    endloop
  endfacet
  facet normal 0 0 1
    outer loop
      vertex 67.3107 88.2376 8.31
      vertex 67.3107 85.3624 8.31
      vertex 67.5 85.35 8.31
    endloop
  endfacet
  facet normal -0 0 1
    outer loop
      vertex 67.1247 88.2006 8.31
      vertex 67.3107 85.3624 8.31
      vertex 67.3107 88.2376 8.31
    endloop
  endfacet
  facet normal 0 0 1
    outer loop
      vertex 67.1247 88.2006 8.31
      vertex 67.1247 85.3994 8.31
      vertex 67.3107 85.3624 8.31
    endloop
  endfacet
  facet normal -0 0 1
    outer loop
      vertex 66.9451 88.1396 8.31
      vertex 67.1247 85.3994 8.31
      vertex 67.1247 88.2006 8.31
    endloop
  endfacet
  facet normal 0 0 1
    outer loop
      vertex 66.9451 88.1396 8.31
      vertex 66.9451 85.4604 8.31
      vertex 67.1247 85.3994 8.31
    endloop
  endfacet
  facet normal -0 0 1
    outer loop
      vertex 66.775 88.0557 8.31
      vertex 66.9451 85.4604 8.31
      vertex 66.9451 88.1396 8.31
    endloop
  endfacet
  facet normal 0 0 1
    outer loop
      vertex 66.775 88.0557 8.31
      vertex 66.775 85.5443 8.31
      vertex 66.9451 85.4604 8.31
    endloop
  endfacet
  facet normal -0 0 1
    outer loop
      vertex 66.6173 87.9504 8.31
      vertex 66.775 85.5443 8.31
      vertex 66.775 88.0557 8.31
    endloop
  endfacet
  facet normal 0 0 1
    outer loop
      vertex 66.6173 87.9504 8.31
      vertex 66.6173 85.6496 8.31
      vertex 66.775 85.5443 8.31
    endloop
  endfacet
  facet normal -0 0 1
    outer loop
      vertex 66.4747 87.8253 8.31
      vertex 66.6173 85.6496 8.31
      vertex 66.6173 87.9504 8.31
    endloop
  endfacet
  facet normal 0 0 1
    outer loop
      vertex 66.4747 87.8253 8.31
      vertex 66.4747 85.7747 8.31
      vertex 66.6173 85.6496 8.31
    endloop
  endfacet
  facet normal -0 0 1
    outer loop
      vertex 66.3496 87.6827 8.31
      vertex 66.4747 85.7747 8.31
      vertex 66.4747 87.8253 8.31
    endloop
  endfacet
  facet normal 0 0 1
    outer loop
      vertex 66.3496 87.6827 8.31
      vertex 66.3496 85.9173 8.31
      vertex 66.4747 85.7747 8.31
    endloop
  endfacet
  facet normal -0 0 1
    outer loop
      vertex 66.2443 87.525 8.31
      vertex 66.3496 85.9173 8.31
      vertex 66.3496 87.6827 8.31
    endloop
  endfacet
  facet normal 0 0 1
    outer loop
      vertex 66.2443 87.525 8.31
      vertex 66.2443 86.075 8.31
      vertex 66.3496 85.9173 8.31
    endloop
  endfacet
  facet normal -0 0 1
    outer loop
      vertex 66.1604 87.3549 8.31
      vertex 66.2443 86.075 8.31
      vertex 66.2443 87.525 8.31
    endloop
  endfacet
  facet normal 0 0 1
    outer loop
      vertex 66.1604 87.3549 8.31
      vertex 66.1604 86.2451 8.31
      vertex 66.2443 86.075 8.31
    endloop
  endfacet
  facet normal -0 0 1
    outer loop
      vertex 66.0994 87.1753 8.31
      vertex 66.1604 86.2451 8.31
      vertex 66.1604 87.3549 8.31
    endloop
  endfacet
  facet normal 0 0 1
    outer loop
      vertex 66.0994 87.1753 8.31
      vertex 66.0994 86.4247 8.31
      vertex 66.1604 86.2451 8.31
    endloop
  endfacet
  facet normal -0 0 1
    outer loop
      vertex 66.0624 86.9893 8.31
      vertex 66.0994 86.4247 8.31
      vertex 66.0994 87.1753 8.31
    endloop
  endfacet
  facet normal 0 0 1
    outer loop
      vertex 66.0624 86.9893 8.31
      vertex 66.0624 86.6107 8.31
      vertex 66.0994 86.4247 8.31
    endloop
  endfacet
  facet normal 0 -0 1
    outer loop
      vertex 66.0624 86.6107 8.31
      vertex 66.0624 86.9893 8.31
      vertex 66.05 86.8 8.31
    endloop
  endfacet
  facet normal 0.442356 0.896839 -0
    outer loop
      vertex 66.9451 85.4604 8.31
      vertex 66.775 85.5443 9.5
      vertex 66.9451 85.4604 9.5
    endloop
  endfacet
  facet normal 0.442356 0.896839 0
    outer loop
      vertex 66.775 85.5443 9.5
      vertex 66.9451 85.4604 8.31
      vertex 66.775 85.5443 8.31
    endloop
  endfacet
  facet normal 0.980783 0.195102 0
    outer loop
      vertex 66.0994 86.4247 9.5
      vertex 66.0624 86.6107 8.31
      vertex 66.0624 86.6107 9.5
    endloop
  endfacet
  facet normal 0.980783 0.195102 0
    outer loop
      vertex 66.0624 86.6107 8.31
      vertex 66.0994 86.4247 9.5
      vertex 66.0994 86.4247 8.31
    endloop
  endfacet
  facet normal -0.195102 0.980783 0
    outer loop
      vertex 67.8753 85.3994 8.31
      vertex 67.6893 85.3624 9.5
      vertex 67.8753 85.3994 9.5
    endloop
  endfacet
  facet normal -0.195102 0.980783 0
    outer loop
      vertex 67.6893 85.3624 9.5
      vertex 67.8753 85.3994 8.31
      vertex 67.6893 85.3624 8.31
    endloop
  endfacet
  facet normal -0.896839 0.442356 0
    outer loop
      vertex 68.7557 86.075 8.31
      vertex 68.8396 86.2451 9.5
      vertex 68.8396 86.2451 8.31
    endloop
  endfacet
  facet normal -0.896839 0.442356 0
    outer loop
      vertex 68.8396 86.2451 9.5
      vertex 68.7557 86.075 8.31
      vertex 68.7557 86.075 9.5
    endloop
  endfacet
  facet normal 0.831644 -0.555309 0
    outer loop
      vertex 66.2443 87.525 9.5
      vertex 66.3496 87.6827 8.31
      vertex 66.3496 87.6827 9.5
    endloop
  endfacet
  facet normal 0.831644 -0.555309 0
    outer loop
      vertex 66.3496 87.6827 8.31
      vertex 66.2443 87.525 9.5
      vertex 66.2443 87.525 8.31
    endloop
  endfacet
  facet normal -0.896839 -0.442356 0
    outer loop
      vertex 68.8396 87.3549 8.31
      vertex 68.7557 87.525 9.5
      vertex 68.7557 87.525 8.31
    endloop
  endfacet
  facet normal -0.896839 -0.442356 0
    outer loop
      vertex 68.7557 87.525 9.5
      vertex 68.8396 87.3549 8.31
      vertex 68.8396 87.3549 9.5
    endloop
  endfacet
  facet normal -0.555309 -0.831644 0
    outer loop
      vertex 68.225 88.0557 8.31
      vertex 68.3827 87.9504 9.5
      vertex 68.225 88.0557 9.5
    endloop
  endfacet
  facet normal -0.555309 -0.831644 -0
    outer loop
      vertex 68.3827 87.9504 9.5
      vertex 68.225 88.0557 8.31
      vertex 68.3827 87.9504 8.31
    endloop
  endfacet
  facet normal 0.3216 -0.946876 0
    outer loop
      vertex 66.9451 88.1396 8.31
      vertex 67.1247 88.2006 9.5
      vertex 66.9451 88.1396 9.5
    endloop
  endfacet
  facet normal 0.3216 -0.946876 0
    outer loop
      vertex 67.1247 88.2006 9.5
      vertex 66.9451 88.1396 8.31
      vertex 67.1247 88.2006 8.31
    endloop
  endfacet
  facet normal 0.3216 0.946876 -0
    outer loop
      vertex 67.1247 85.3994 8.31
      vertex 66.9451 85.4604 9.5
      vertex 67.1247 85.3994 9.5
    endloop
  endfacet
  facet normal 0.3216 0.946876 0
    outer loop
      vertex 66.9451 85.4604 9.5
      vertex 67.1247 85.3994 8.31
      vertex 66.9451 85.4604 8.31
    endloop
  endfacet
  facet normal -0.751727 0.659474 0
    outer loop
      vertex 68.5253 85.7747 8.31
      vertex 68.6504 85.9173 9.5
      vertex 68.6504 85.9173 8.31
    endloop
  endfacet
  facet normal -0.751727 0.659474 0
    outer loop
      vertex 68.6504 85.9173 9.5
      vertex 68.5253 85.7747 8.31
      vertex 68.5253 85.7747 9.5
    endloop
  endfacet
  facet normal 0.195102 -0.980783 0
    outer loop
      vertex 67.1247 88.2006 8.31
      vertex 67.3107 88.2376 9.5
      vertex 67.1247 88.2006 9.5
    endloop
  endfacet
  facet normal 0.195102 -0.980783 0
    outer loop
      vertex 67.3107 88.2376 9.5
      vertex 67.1247 88.2006 8.31
      vertex 67.3107 88.2376 8.31
    endloop
  endfacet
  facet normal -0.946876 0.3216 0
    outer loop
      vertex 68.8396 86.2451 8.31
      vertex 68.9006 86.4247 9.5
      vertex 68.9006 86.4247 8.31
    endloop
  endfacet
  facet normal -0.946876 0.3216 0
    outer loop
      vertex 68.9006 86.4247 9.5
      vertex 68.8396 86.2451 8.31
      vertex 68.8396 86.2451 9.5
    endloop
  endfacet
  facet normal -0.3216 -0.946876 0
    outer loop
      vertex 67.8753 88.2006 8.31
      vertex 68.0549 88.1396 9.5
      vertex 67.8753 88.2006 9.5
    endloop
  endfacet
  facet normal -0.3216 -0.946876 -0
    outer loop
      vertex 68.0549 88.1396 9.5
      vertex 67.8753 88.2006 8.31
      vertex 68.0549 88.1396 8.31
    endloop
  endfacet
  facet normal 0.195102 0.980783 -0
    outer loop
      vertex 67.3107 85.3624 8.31
      vertex 67.1247 85.3994 9.5
      vertex 67.3107 85.3624 9.5
    endloop
  endfacet
  facet normal 0.195102 0.980783 0
    outer loop
      vertex 67.1247 85.3994 9.5
      vertex 67.3107 85.3624 8.31
      vertex 67.1247 85.3994 8.31
    endloop
  endfacet
  facet normal -0.946876 -0.3216 0
    outer loop
      vertex 68.9006 87.1753 8.31
      vertex 68.8396 87.3549 9.5
      vertex 68.8396 87.3549 8.31
    endloop
  endfacet
  facet normal -0.946876 -0.3216 0
    outer loop
      vertex 68.8396 87.3549 9.5
      vertex 68.9006 87.1753 8.31
      vertex 68.9006 87.1753 9.5
    endloop
  endfacet
  facet normal 0.659474 -0.751727 0
    outer loop
      vertex 66.4747 87.8253 8.31
      vertex 66.6173 87.9504 9.5
      vertex 66.4747 87.8253 9.5
    endloop
  endfacet
  facet normal 0.659474 -0.751727 0
    outer loop
      vertex 66.6173 87.9504 9.5
      vertex 66.4747 87.8253 8.31
      vertex 66.6173 87.9504 8.31
    endloop
  endfacet
  facet normal 0.555309 -0.831644 0
    outer loop
      vertex 66.6173 87.9504 8.31
      vertex 66.775 88.0557 9.5
      vertex 66.6173 87.9504 9.5
    endloop
  endfacet
  facet normal 0.555309 -0.831644 0
    outer loop
      vertex 66.775 88.0557 9.5
      vertex 66.6173 87.9504 8.31
      vertex 66.775 88.0557 8.31
    endloop
  endfacet
  facet normal 0.831644 0.555309 0
    outer loop
      vertex 66.3496 85.9173 9.5
      vertex 66.2443 86.075 8.31
      vertex 66.2443 86.075 9.5
    endloop
  endfacet
  facet normal 0.831644 0.555309 0
    outer loop
      vertex 66.2443 86.075 8.31
      vertex 66.3496 85.9173 9.5
      vertex 66.3496 85.9173 8.31
    endloop
  endfacet
  facet normal -0.659474 -0.751727 0
    outer loop
      vertex 68.3827 87.9504 8.31
      vertex 68.5253 87.8253 9.5
      vertex 68.3827 87.9504 9.5
    endloop
  endfacet
  facet normal -0.659474 -0.751727 -0
    outer loop
      vertex 68.5253 87.8253 9.5
      vertex 68.3827 87.9504 8.31
      vertex 68.5253 87.8253 8.31
    endloop
  endfacet
  facet normal -0.321458 0.946924 0
    outer loop
      vertex 3.05489 1.86038 8.31
      vertex 2.87529 1.79941 9.5
      vertex 3.05489 1.86038 9.5
    endloop
  endfacet
  facet normal -0.321458 0.946924 0
    outer loop
      vertex 2.87529 1.79941 9.5
      vertex 3.05489 1.86038 8.31
      vertex 2.87529 1.79941 8.31
    endloop
  endfacet
  facet normal -0.980789 0.195072 0
    outer loop
      vertex 3.90059 2.82471 8.31
      vertex 3.93759 3.01074 9.5
      vertex 3.93759 3.01074 8.31
    endloop
  endfacet
  facet normal -0.980789 0.195072 0
    outer loop
      vertex 3.93759 3.01074 9.5
      vertex 3.90059 2.82471 8.31
      vertex 3.90059 2.82471 9.5
    endloop
  endfacet
  facet normal -0.997857 0.0654307 0
    outer loop
      vertex 3.93759 3.01074 8.31
      vertex 3.95 3.2 9.5
      vertex 3.95 3.2 8.31
    endloop
  endfacet
  facet normal -0.997857 0.0654307 0
    outer loop
      vertex 3.95 3.2 9.5
      vertex 3.93759 3.01074 8.31
      vertex 3.93759 3.01074 9.5
    endloop
  endfacet
  facet normal -0.5556 -0.83145 0
    outer loop
      vertex 3.225 4.45574 8.31
      vertex 3.3827 4.35036 9.5
      vertex 3.225 4.45574 9.5
    endloop
  endfacet
  facet normal -0.5556 -0.83145 -0
    outer loop
      vertex 3.3827 4.35036 9.5
      vertex 3.225 4.45574 8.31
      vertex 3.3827 4.35036 8.31
    endloop
  endfacet
  facet normal -0.0654307 0.997857 0
    outer loop
      vertex 2.68926 1.76241 8.31
      vertex 2.5 1.75 9.5
      vertex 2.68926 1.76241 9.5
    endloop
  endfacet
  facet normal -0.0654307 0.997857 0
    outer loop
      vertex 2.5 1.75 9.5
      vertex 2.68926 1.76241 8.31
      vertex 2.5 1.75 8.31
    endloop
  endfacet
  facet normal 0 0 1
    outer loop
      vertex 3.93759 3.38926 8.31
      vertex 3.93759 3.01074 8.31
      vertex 3.95 3.2 8.31
    endloop
  endfacet
  facet normal 0 0 1
    outer loop
      vertex 3.90059 3.57529 8.31
      vertex 3.93759 3.01074 8.31
      vertex 3.93759 3.38926 8.31
    endloop
  endfacet
  facet normal 0 0 1
    outer loop
      vertex 3.90059 3.57529 8.31
      vertex 3.90059 2.82471 8.31
      vertex 3.93759 3.01074 8.31
    endloop
  endfacet
  facet normal 0 0 1
    outer loop
      vertex 3.83962 3.75489 8.31
      vertex 3.90059 2.82471 8.31
      vertex 3.90059 3.57529 8.31
    endloop
  endfacet
  facet normal 0 0 1
    outer loop
      vertex 3.83962 3.75489 8.31
      vertex 3.83962 2.64511 8.31
      vertex 3.90059 2.82471 8.31
    endloop
  endfacet
  facet normal 0 0 1
    outer loop
      vertex 3.75574 3.925 8.31
      vertex 3.83962 2.64511 8.31
      vertex 3.83962 3.75489 8.31
    endloop
  endfacet
  facet normal 0 0 1
    outer loop
      vertex 3.75574 3.925 8.31
      vertex 3.75574 2.475 8.31
      vertex 3.83962 2.64511 8.31
    endloop
  endfacet
  facet normal 0 0 1
    outer loop
      vertex 3.65036 4.0827 8.31
      vertex 3.75574 2.475 8.31
      vertex 3.75574 3.925 8.31
    endloop
  endfacet
  facet normal 0 0 1
    outer loop
      vertex 3.65036 4.0827 8.31
      vertex 3.65036 2.3173 8.31
      vertex 3.75574 2.475 8.31
    endloop
  endfacet
  facet normal 0 0 1
    outer loop
      vertex 3.5253 4.22531 8.31
      vertex 3.65036 2.3173 8.31
      vertex 3.65036 4.0827 8.31
    endloop
  endfacet
  facet normal 0 0 1
    outer loop
      vertex 3.5253 4.22531 8.31
      vertex 3.5253 2.1747 8.31
      vertex 3.65036 2.3173 8.31
    endloop
  endfacet
  facet normal 0 0 1
    outer loop
      vertex 3.3827 4.35036 8.31
      vertex 3.5253 2.1747 8.31
      vertex 3.5253 4.22531 8.31
    endloop
  endfacet
  facet normal 0 0 1
    outer loop
      vertex 3.3827 4.35036 8.31
      vertex 3.3827 2.04964 8.31
      vertex 3.5253 2.1747 8.31
    endloop
  endfacet
  facet normal 0 0 1
    outer loop
      vertex 3.225 4.45574 8.31
      vertex 3.3827 2.04964 8.31
      vertex 3.3827 4.35036 8.31
    endloop
  endfacet
  facet normal 0 0 1
    outer loop
      vertex 3.225 4.45574 8.31
      vertex 3.225 1.94426 8.31
      vertex 3.3827 2.04964 8.31
    endloop
  endfacet
  facet normal 0 0 1
    outer loop
      vertex 3.05489 4.53963 8.31
      vertex 3.225 1.94426 8.31
      vertex 3.225 4.45574 8.31
    endloop
  endfacet
  facet normal 0 0 1
    outer loop
      vertex 3.05489 4.53963 8.31
      vertex 3.05489 1.86038 8.31
      vertex 3.225 1.94426 8.31
    endloop
  endfacet
  facet normal 0 0 1
    outer loop
      vertex 2.87529 4.60059 8.31
      vertex 3.05489 1.86038 8.31
      vertex 3.05489 4.53963 8.31
    endloop
  endfacet
  facet normal 0 0 1
    outer loop
      vertex 2.87529 4.60059 8.31
      vertex 2.87529 1.79941 8.31
      vertex 3.05489 1.86038 8.31
    endloop
  endfacet
  facet normal 0 0 1
    outer loop
      vertex 2.68926 4.6376 8.31
      vertex 2.87529 1.79941 8.31
      vertex 2.87529 4.60059 8.31
    endloop
  endfacet
  facet normal 0 0 1
    outer loop
      vertex 2.68926 4.6376 8.31
      vertex 2.68926 1.76241 8.31
      vertex 2.87529 1.79941 8.31
    endloop
  endfacet
  facet normal 0 0 1
    outer loop
      vertex 2.5 4.65 8.31
      vertex 2.68926 1.76241 8.31
      vertex 2.68926 4.6376 8.31
    endloop
  endfacet
  facet normal 0 0 1
    outer loop
      vertex 2.5 4.65 8.31
      vertex 2.5 1.75 8.31
      vertex 2.68926 1.76241 8.31
    endloop
  endfacet
  facet normal -0 0 1
    outer loop
      vertex 2.31074 4.6376 8.31
      vertex 2.5 1.75 8.31
      vertex 2.5 4.65 8.31
    endloop
  endfacet
  facet normal 0 0 1
    outer loop
      vertex 2.31074 4.6376 8.31
      vertex 2.31074 1.76241 8.31
      vertex 2.5 1.75 8.31
    endloop
  endfacet
  facet normal -0 0 1
    outer loop
      vertex 2.12471 4.60059 8.31
      vertex 2.31074 1.76241 8.31
      vertex 2.31074 4.6376 8.31
    endloop
  endfacet
  facet normal 0 0 1
    outer loop
      vertex 2.12471 4.60059 8.31
      vertex 2.12471 1.79941 8.31
      vertex 2.31074 1.76241 8.31
    endloop
  endfacet
  facet normal -0 0 1
    outer loop
      vertex 1.94511 4.53963 8.31
      vertex 2.12471 1.79941 8.31
      vertex 2.12471 4.60059 8.31
    endloop
  endfacet
  facet normal 0 0 1
    outer loop
      vertex 1.94511 4.53963 8.31
      vertex 1.94511 1.86038 8.31
      vertex 2.12471 1.79941 8.31
    endloop
  endfacet
  facet normal -0 0 1
    outer loop
      vertex 1.775 4.45574 8.31
      vertex 1.94511 1.86038 8.31
      vertex 1.94511 4.53963 8.31
    endloop
  endfacet
  facet normal 0 0 1
    outer loop
      vertex 1.775 4.45574 8.31
      vertex 1.775 1.94426 8.31
      vertex 1.94511 1.86038 8.31
    endloop
  endfacet
  facet normal -0 0 1
    outer loop
      vertex 1.6173 4.35036 8.31
      vertex 1.775 1.94426 8.31
      vertex 1.775 4.45574 8.31
    endloop
  endfacet
  facet normal 0 0 1
    outer loop
      vertex 1.6173 4.35036 8.31
      vertex 1.6173 2.04964 8.31
      vertex 1.775 1.94426 8.31
    endloop
  endfacet
  facet normal -0 0 1
    outer loop
      vertex 1.47469 4.22531 8.31
      vertex 1.6173 2.04964 8.31
      vertex 1.6173 4.35036 8.31
    endloop
  endfacet
  facet normal 0 0 1
    outer loop
      vertex 1.47469 4.22531 8.31
      vertex 1.47469 2.1747 8.31
      vertex 1.6173 2.04964 8.31
    endloop
  endfacet
  facet normal -0 0 1
    outer loop
      vertex 1.34964 4.0827 8.31
      vertex 1.47469 2.1747 8.31
      vertex 1.47469 4.22531 8.31
    endloop
  endfacet
  facet normal 0 0 1
    outer loop
      vertex 1.34964 4.0827 8.31
      vertex 1.34964 2.3173 8.31
      vertex 1.47469 2.1747 8.31
    endloop
  endfacet
  facet normal -0 0 1
    outer loop
      vertex 1.24426 3.925 8.31
      vertex 1.34964 2.3173 8.31
      vertex 1.34964 4.0827 8.31
    endloop
  endfacet
  facet normal 0 0 1
    outer loop
      vertex 1.24426 3.925 8.31
      vertex 1.24426 2.475 8.31
      vertex 1.34964 2.3173 8.31
    endloop
  endfacet
  facet normal -0 0 1
    outer loop
      vertex 1.16037 3.75489 8.31
      vertex 1.24426 2.475 8.31
      vertex 1.24426 3.925 8.31
    endloop
  endfacet
  facet normal 0 0 1
    outer loop
      vertex 1.16037 3.75489 8.31
      vertex 1.16037 2.64511 8.31
      vertex 1.24426 2.475 8.31
    endloop
  endfacet
  facet normal -0 0 1
    outer loop
      vertex 1.09941 3.57529 8.31
      vertex 1.16037 2.64511 8.31
      vertex 1.16037 3.75489 8.31
    endloop
  endfacet
  facet normal 0 0 1
    outer loop
      vertex 1.09941 3.57529 8.31
      vertex 1.09941 2.82471 8.31
      vertex 1.16037 2.64511 8.31
    endloop
  endfacet
  facet normal -0 0 1
    outer loop
      vertex 1.0624 3.38926 8.31
      vertex 1.09941 2.82471 8.31
      vertex 1.09941 3.57529 8.31
    endloop
  endfacet
  facet normal 0 0 1
    outer loop
      vertex 1.0624 3.38926 8.31
      vertex 1.0624 3.01074 8.31
      vertex 1.09941 2.82471 8.31
    endloop
  endfacet
  facet normal 0 -0 1
    outer loop
      vertex 1.0624 3.01074 8.31
      vertex 1.0624 3.38926 8.31
      vertex 1.05 3.2 8.31
    endloop
  endfacet
  facet normal -0.83145 0.5556 0
    outer loop
      vertex 3.65036 2.3173 8.31
      vertex 3.75574 2.475 9.5
      vertex 3.75574 2.475 8.31
    endloop
  endfacet
  facet normal -0.83145 0.5556 0
    outer loop
      vertex 3.75574 2.475 9.5
      vertex 3.65036 2.3173 8.31
      vertex 3.65036 2.3173 9.5
    endloop
  endfacet
  facet normal 0.751858 0.659325 0
    outer loop
      vertex 1.47469 2.1747 9.5
      vertex 1.34964 2.3173 8.31
      vertex 1.34964 2.3173 9.5
    endloop
  endfacet
  facet normal 0.751858 0.659325 0
    outer loop
      vertex 1.34964 2.3173 8.31
      vertex 1.47469 2.1747 9.5
      vertex 1.47469 2.1747 8.31
    endloop
  endfacet
  facet normal 0.94694 0.321411 0
    outer loop
      vertex 1.16037 2.64511 9.5
      vertex 1.09941 2.82471 8.31
      vertex 1.09941 2.82471 9.5
    endloop
  endfacet
  facet normal 0.94694 0.321411 0
    outer loop
      vertex 1.09941 2.82471 8.31
      vertex 1.16037 2.64511 9.5
      vertex 1.16037 2.64511 8.31
    endloop
  endfacet
  facet normal 0.997861 -0.0653782 0
    outer loop
      vertex 1.05 3.2 9.5
      vertex 1.0624 3.38926 8.31
      vertex 1.0624 3.38926 9.5
    endloop
  endfacet
  facet normal 0.997861 -0.0653782 0
    outer loop
      vertex 1.0624 3.38926 8.31
      vertex 1.05 3.2 9.5
      vertex 1.05 3.2 8.31
    endloop
  endfacet
  facet normal 0.83145 0.5556 0
    outer loop
      vertex 1.34964 2.3173 9.5
      vertex 1.24426 2.475 8.31
      vertex 1.24426 2.475 9.5
    endloop
  endfacet
  facet normal 0.83145 0.5556 0
    outer loop
      vertex 1.24426 2.475 8.31
      vertex 1.34964 2.3173 9.5
      vertex 1.34964 2.3173 8.31
    endloop
  endfacet
  facet normal 0.321458 0.946924 -0
    outer loop
      vertex 2.12471 1.79941 8.31
      vertex 1.94511 1.86038 9.5
      vertex 2.12471 1.79941 9.5
    endloop
  endfacet
  facet normal 0.321458 0.946924 0
    outer loop
      vertex 1.94511 1.86038 9.5
      vertex 2.12471 1.79941 8.31
      vertex 1.94511 1.86038 8.31
    endloop
  endfacet
  facet normal 0.659329 0.751854 -0
    outer loop
      vertex 1.6173 2.04964 8.31
      vertex 1.47469 2.1747 9.5
      vertex 1.6173 2.04964 9.5
    endloop
  endfacet
  facet normal 0.659329 0.751854 0
    outer loop
      vertex 1.47469 2.1747 9.5
      vertex 1.6173 2.04964 8.31
      vertex 1.47469 2.1747 8.31
    endloop
  endfacet
  facet normal -0.321411 -0.94694 0
    outer loop
      vertex 2.87529 4.60059 8.31
      vertex 3.05489 4.53963 9.5
      vertex 2.87529 4.60059 9.5
    endloop
  endfacet
  facet normal -0.321411 -0.94694 -0
    outer loop
      vertex 3.05489 4.53963 9.5
      vertex 2.87529 4.60059 8.31
      vertex 3.05489 4.53963 8.31
    endloop
  endfacet
  facet normal 0.94694 -0.321411 0
    outer loop
      vertex 1.09941 3.57529 9.5
      vertex 1.16037 3.75489 8.31
      vertex 1.16037 3.75489 9.5
    endloop
  endfacet
  facet normal 0.94694 -0.321411 0
    outer loop
      vertex 1.16037 3.75489 8.31
      vertex 1.09941 3.57529 9.5
      vertex 1.09941 3.57529 8.31
    endloop
  endfacet
  facet normal -0.751832 0.659355 0
    outer loop
      vertex 3.5253 2.1747 8.31
      vertex 3.65036 2.3173 9.5
      vertex 3.65036 2.3173 8.31
    endloop
  endfacet
  facet normal -0.751832 0.659355 0
    outer loop
      vertex 3.65036 2.3173 9.5
      vertex 3.5253 2.1747 8.31
      vertex 3.5253 2.1747 9.5
    endloop
  endfacet
  facet normal 0.980779 -0.195122 0
    outer loop
      vertex 1.0624 3.38926 9.5
      vertex 1.09941 3.57529 8.31
      vertex 1.09941 3.57529 9.5
    endloop
  endfacet
  facet normal 0.980779 -0.195122 0
    outer loop
      vertex 1.09941 3.57529 8.31
      vertex 1.0624 3.38926 9.5
      vertex 1.0624 3.38926 8.31
    endloop
  endfacet
  facet normal -0.946924 -0.321458 0
    outer loop
      vertex 3.90059 3.57529 8.31
      vertex 3.83962 3.75489 9.5
      vertex 3.83962 3.75489 8.31
    endloop
  endfacet
  facet normal -0.946924 -0.321458 0
    outer loop
      vertex 3.83962 3.75489 9.5
      vertex 3.90059 3.57529 8.31
      vertex 3.90059 3.57529 9.5
    endloop
  endfacet
  facet normal 0.83145 -0.5556 0
    outer loop
      vertex 1.24426 3.925 9.5
      vertex 1.34964 4.0827 8.31
      vertex 1.34964 4.0827 9.5
    endloop
  endfacet
  facet normal 0.83145 -0.5556 0
    outer loop
      vertex 1.34964 4.0827 8.31
      vertex 1.24426 3.925 9.5
      vertex 1.24426 3.925 8.31
    endloop
  endfacet
  facet normal -0.0653782 -0.997861 0
    outer loop
      vertex 2.5 4.65 8.31
      vertex 2.68926 4.6376 9.5
      vertex 2.5 4.65 9.5
    endloop
  endfacet
  facet normal -0.0653782 -0.997861 -0
    outer loop
      vertex 2.68926 4.6376 9.5
      vertex 2.5 4.65 8.31
      vertex 2.68926 4.6376 8.31
    endloop
  endfacet
  facet normal -0.83145 -0.5556 0
    outer loop
      vertex 3.75574 3.925 8.31
      vertex 3.65036 4.0827 9.5
      vertex 3.65036 4.0827 8.31
    endloop
  endfacet
  facet normal -0.83145 -0.5556 0
    outer loop
      vertex 3.65036 4.0827 9.5
      vertex 3.75574 3.925 8.31
      vertex 3.75574 3.925 9.5
    endloop
  endfacet
  facet normal -0.659355 0.751832 0
    outer loop
      vertex 3.5253 2.1747 8.31
      vertex 3.3827 2.04964 9.5
      vertex 3.5253 2.1747 9.5
    endloop
  endfacet
  facet normal -0.659355 0.751832 0
    outer loop
      vertex 3.3827 2.04964 9.5
      vertex 3.5253 2.1747 8.31
      vertex 3.3827 2.04964 8.31
    endloop
  endfacet
  facet normal -0.659325 -0.751858 0
    outer loop
      vertex 3.3827 4.35036 8.31
      vertex 3.5253 4.22531 9.5
      vertex 3.3827 4.35036 9.5
    endloop
  endfacet
  facet normal -0.659325 -0.751858 -0
    outer loop
      vertex 3.5253 4.22531 9.5
      vertex 3.3827 4.35036 8.31
      vertex 3.5253 4.22531 8.31
    endloop
  endfacet
  facet normal -0.195072 0.980789 0
    outer loop
      vertex 2.87529 1.79941 8.31
      vertex 2.68926 1.76241 9.5
      vertex 2.87529 1.79941 9.5
    endloop
  endfacet
  facet normal -0.195072 0.980789 0
    outer loop
      vertex 2.68926 1.76241 9.5
      vertex 2.87529 1.79941 8.31
      vertex 2.68926 1.76241 8.31
    endloop
  endfacet
  facet normal -0.442251 0.896891 0
    outer loop
      vertex 3.225 1.94426 8.31
      vertex 3.05489 1.86038 9.5
      vertex 3.225 1.94426 9.5
    endloop
  endfacet
  facet normal -0.442251 0.896891 0
    outer loop
      vertex 3.05489 1.86038 9.5
      vertex 3.225 1.94426 8.31
      vertex 3.05489 1.86038 8.31
    endloop
  endfacet
  facet normal -0.195122 -0.980779 0
    outer loop
      vertex 2.68926 4.6376 8.31
      vertex 2.87529 4.60059 9.5
      vertex 2.68926 4.6376 9.5
    endloop
  endfacet
  facet normal -0.195122 -0.980779 -0
    outer loop
      vertex 2.87529 4.60059 9.5
      vertex 2.68926 4.6376 8.31
      vertex 2.87529 4.60059 8.31
    endloop
  endfacet
  facet normal 0.442251 0.896891 -0
    outer loop
      vertex 1.94511 1.86038 8.31
      vertex 1.775 1.94426 9.5
      vertex 1.94511 1.86038 9.5
    endloop
  endfacet
  facet normal 0.442251 0.896891 0
    outer loop
      vertex 1.775 1.94426 9.5
      vertex 1.94511 1.86038 8.31
      vertex 1.775 1.94426 8.31
    endloop
  endfacet
  facet normal 0.980779 0.195122 0
    outer loop
      vertex 1.09941 2.82471 9.5
      vertex 1.0624 3.01074 8.31
      vertex 1.0624 3.01074 9.5
    endloop
  endfacet
  facet normal 0.980779 0.195122 0
    outer loop
      vertex 1.0624 3.01074 8.31
      vertex 1.09941 2.82471 9.5
      vertex 1.09941 2.82471 8.31
    endloop
  endfacet
  facet normal -0.980789 -0.195072 0
    outer loop
      vertex 3.93759 3.38926 8.31
      vertex 3.90059 3.57529 9.5
      vertex 3.90059 3.57529 8.31
    endloop
  endfacet
  facet normal -0.980789 -0.195072 0
    outer loop
      vertex 3.90059 3.57529 9.5
      vertex 3.93759 3.38926 8.31
      vertex 3.93759 3.38926 9.5
    endloop
  endfacet
  facet normal -0.896891 -0.442251 0
    outer loop
      vertex 3.83962 3.75489 8.31
      vertex 3.75574 3.925 9.5
      vertex 3.75574 3.925 8.31
    endloop
  endfacet
  facet normal -0.896891 -0.442251 0
    outer loop
      vertex 3.75574 3.925 9.5
      vertex 3.83962 3.75489 8.31
      vertex 3.83962 3.75489 9.5
    endloop
  endfacet
  facet normal -0.5556 0.83145 0
    outer loop
      vertex 3.3827 2.04964 8.31
      vertex 3.225 1.94426 9.5
      vertex 3.3827 2.04964 9.5
    endloop
  endfacet
  facet normal -0.5556 0.83145 0
    outer loop
      vertex 3.225 1.94426 9.5
      vertex 3.3827 2.04964 8.31
      vertex 3.225 1.94426 8.31
    endloop
  endfacet
  facet normal -0.442293 -0.896871 0
    outer loop
      vertex 3.05489 4.53963 8.31
      vertex 3.225 4.45574 9.5
      vertex 3.05489 4.53963 9.5
    endloop
  endfacet
  facet normal -0.442293 -0.896871 -0
    outer loop
      vertex 3.225 4.45574 9.5
      vertex 3.05489 4.53963 8.31
      vertex 3.225 4.45574 8.31
    endloop
  endfacet
  facet normal 0.442293 -0.896871 0
    outer loop
      vertex 1.775 4.45574 8.31
      vertex 1.94511 4.53963 9.5
      vertex 1.775 4.45574 9.5
    endloop
  endfacet
  facet normal 0.442293 -0.896871 0
    outer loop
      vertex 1.94511 4.53963 9.5
      vertex 1.775 4.45574 8.31
      vertex 1.94511 4.53963 8.31
    endloop
  endfacet
  facet normal 0.896871 -0.442293 0
    outer loop
      vertex 1.16037 3.75489 9.5
      vertex 1.24426 3.925 8.31
      vertex 1.24426 3.925 9.5
    endloop
  endfacet
  facet normal 0.896871 -0.442293 0
    outer loop
      vertex 1.24426 3.925 8.31
      vertex 1.16037 3.75489 9.5
      vertex 1.16037 3.75489 8.31
    endloop
  endfacet
  facet normal 0.997861 0.0653782 0
    outer loop
      vertex 1.0624 3.01074 9.5
      vertex 1.05 3.2 8.31
      vertex 1.05 3.2 9.5
    endloop
  endfacet
  facet normal 0.997861 0.0653782 0
    outer loop
      vertex 1.05 3.2 8.31
      vertex 1.0624 3.01074 9.5
      vertex 1.0624 3.01074 8.31
    endloop
  endfacet
  facet normal 0.195122 -0.980779 0
    outer loop
      vertex 2.12471 4.60059 8.31
      vertex 2.31074 4.6376 9.5
      vertex 2.12471 4.60059 9.5
    endloop
  endfacet
  facet normal 0.195122 -0.980779 0
    outer loop
      vertex 2.31074 4.6376 9.5
      vertex 2.12471 4.60059 8.31
      vertex 2.31074 4.6376 8.31
    endloop
  endfacet
  facet normal 0.659299 -0.751881 0
    outer loop
      vertex 1.47469 4.22531 8.31
      vertex 1.6173 4.35036 9.5
      vertex 1.47469 4.22531 9.5
    endloop
  endfacet
  facet normal 0.659299 -0.751881 0
    outer loop
      vertex 1.6173 4.35036 9.5
      vertex 1.47469 4.22531 8.31
      vertex 1.6173 4.35036 8.31
    endloop
  endfacet
  facet normal -0.997857 -0.0654307 0
    outer loop
      vertex 3.95 3.2 8.31
      vertex 3.93759 3.38926 9.5
      vertex 3.93759 3.38926 8.31
    endloop
  endfacet
  facet normal -0.997857 -0.0654307 0
    outer loop
      vertex 3.93759 3.38926 9.5
      vertex 3.95 3.2 8.31
      vertex 3.95 3.2 9.5
    endloop
  endfacet
  facet normal -0.896891 0.442251 0
    outer loop
      vertex 3.75574 2.475 8.31
      vertex 3.83962 2.64511 9.5
      vertex 3.83962 2.64511 8.31
    endloop
  endfacet
  facet normal -0.896891 0.442251 0
    outer loop
      vertex 3.83962 2.64511 9.5
      vertex 3.75574 2.475 8.31
      vertex 3.75574 2.475 9.5
    endloop
  endfacet
  facet normal -0.751854 -0.659329 0
    outer loop
      vertex 3.65036 4.0827 8.31
      vertex 3.5253 4.22531 9.5
      vertex 3.5253 4.22531 8.31
    endloop
  endfacet
  facet normal -0.751854 -0.659329 0
    outer loop
      vertex 3.5253 4.22531 9.5
      vertex 3.65036 4.0827 8.31
      vertex 3.65036 4.0827 9.5
    endloop
  endfacet
  facet normal -0.946924 0.321458 0
    outer loop
      vertex 3.83962 2.64511 8.31
      vertex 3.90059 2.82471 9.5
      vertex 3.90059 2.82471 8.31
    endloop
  endfacet
  facet normal -0.946924 0.321458 0
    outer loop
      vertex 3.90059 2.82471 9.5
      vertex 3.83962 2.64511 8.31
      vertex 3.83962 2.64511 9.5
    endloop
  endfacet
  facet normal 0.0654307 0.997857 -0
    outer loop
      vertex 2.5 1.75 8.31
      vertex 2.31074 1.76241 9.5
      vertex 2.5 1.75 9.5
    endloop
  endfacet
  facet normal 0.0654307 0.997857 0
    outer loop
      vertex 2.31074 1.76241 9.5
      vertex 2.5 1.75 8.31
      vertex 2.31074 1.76241 8.31
    endloop
  endfacet
  facet normal 0.195072 0.980789 -0
    outer loop
      vertex 2.31074 1.76241 8.31
      vertex 2.12471 1.79941 9.5
      vertex 2.31074 1.76241 9.5
    endloop
  endfacet
  facet normal 0.195072 0.980789 0
    outer loop
      vertex 2.12471 1.79941 9.5
      vertex 2.31074 1.76241 8.31
      vertex 2.12471 1.79941 8.31
    endloop
  endfacet
  facet normal 0.0653782 -0.997861 0
    outer loop
      vertex 2.31074 4.6376 8.31
      vertex 2.5 4.65 9.5
      vertex 2.31074 4.6376 9.5
    endloop
  endfacet
  facet normal 0.0653782 -0.997861 0
    outer loop
      vertex 2.5 4.65 9.5
      vertex 2.31074 4.6376 8.31
      vertex 2.5 4.65 8.31
    endloop
  endfacet
  facet normal 0.5556 0.83145 -0
    outer loop
      vertex 1.775 1.94426 8.31
      vertex 1.6173 2.04964 9.5
      vertex 1.775 1.94426 9.5
    endloop
  endfacet
  facet normal 0.5556 0.83145 0
    outer loop
      vertex 1.6173 2.04964 9.5
      vertex 1.775 1.94426 8.31
      vertex 1.6173 2.04964 8.31
    endloop
  endfacet
  facet normal 0.751881 -0.659299 0
    outer loop
      vertex 1.34964 4.0827 9.5
      vertex 1.47469 4.22531 8.31
      vertex 1.47469 4.22531 9.5
    endloop
  endfacet
  facet normal 0.751881 -0.659299 0
    outer loop
      vertex 1.47469 4.22531 8.31
      vertex 1.34964 4.0827 9.5
      vertex 1.34964 4.0827 8.31
    endloop
  endfacet
  facet normal 0.896871 0.442293 0
    outer loop
      vertex 1.24426 2.475 9.5
      vertex 1.16037 2.64511 8.31
      vertex 1.16037 2.64511 9.5
    endloop
  endfacet
  facet normal 0.896871 0.442293 0
    outer loop
      vertex 1.16037 2.64511 8.31
      vertex 1.24426 2.475 9.5
      vertex 1.24426 2.475 8.31
    endloop
  endfacet
  facet normal 0.321411 -0.94694 0
    outer loop
      vertex 1.94511 4.53963 8.31
      vertex 2.12471 4.60059 9.5
      vertex 1.94511 4.53963 9.5
    endloop
  endfacet
  facet normal 0.321411 -0.94694 0
    outer loop
      vertex 2.12471 4.60059 9.5
      vertex 1.94511 4.53963 8.31
      vertex 2.12471 4.60059 8.31
    endloop
  endfacet
  facet normal 0.5556 -0.83145 0
    outer loop
      vertex 1.6173 4.35036 8.31
      vertex 1.775 4.45574 9.5
      vertex 1.6173 4.35036 9.5
    endloop
  endfacet
  facet normal 0.5556 -0.83145 0
    outer loop
      vertex 1.775 4.45574 9.5
      vertex 1.6173 4.35036 8.31
      vertex 1.775 4.45574 8.31
    endloop
  endfacet
  facet normal -0.321458 0.946924 0
    outer loop
      vertex 68.0549 1.86038 8.31
      vertex 67.8753 1.79941 9.5
      vertex 68.0549 1.86038 9.5
    endloop
  endfacet
  facet normal -0.321458 0.946924 0
    outer loop
      vertex 67.8753 1.79941 9.5
      vertex 68.0549 1.86038 8.31
      vertex 67.8753 1.79941 8.31
    endloop
  endfacet
  facet normal -0.980789 0.195072 0
    outer loop
      vertex 68.9006 2.82471 8.31
      vertex 68.9376 3.01074 9.5
      vertex 68.9376 3.01074 8.31
    endloop
  endfacet
  facet normal -0.980789 0.195072 0
    outer loop
      vertex 68.9376 3.01074 9.5
      vertex 68.9006 2.82471 8.31
      vertex 68.9006 2.82471 9.5
    endloop
  endfacet
  facet normal -0.997861 0.0653782 0
    outer loop
      vertex 68.9376 3.01074 8.31
      vertex 68.95 3.2 9.5
      vertex 68.95 3.2 8.31
    endloop
  endfacet
  facet normal -0.997861 0.0653782 0
    outer loop
      vertex 68.95 3.2 9.5
      vertex 68.9376 3.01074 8.31
      vertex 68.9376 3.01074 9.5
    endloop
  endfacet
  facet normal -0.5556 -0.83145 0
    outer loop
      vertex 68.225 4.45574 8.31
      vertex 68.3827 4.35036 9.5
      vertex 68.225 4.45574 9.5
    endloop
  endfacet
  facet normal -0.5556 -0.83145 -0
    outer loop
      vertex 68.3827 4.35036 9.5
      vertex 68.225 4.45574 8.31
      vertex 68.3827 4.35036 8.31
    endloop
  endfacet
  facet normal -0.0654169 0.997858 0
    outer loop
      vertex 67.6893 1.76241 8.31
      vertex 67.5 1.75 9.5
      vertex 67.6893 1.76241 9.5
    endloop
  endfacet
  facet normal -0.0654169 0.997858 0
    outer loop
      vertex 67.5 1.75 9.5
      vertex 67.6893 1.76241 8.31
      vertex 67.5 1.75 8.31
    endloop
  endfacet
  facet normal 0 0 1
    outer loop
      vertex 68.9376 3.38926 8.31
      vertex 68.9376 3.01074 8.31
      vertex 68.95 3.2 8.31
    endloop
  endfacet
  facet normal 0 0 1
    outer loop
      vertex 68.9006 3.57529 8.31
      vertex 68.9376 3.01074 8.31
      vertex 68.9376 3.38926 8.31
    endloop
  endfacet
  facet normal 0 0 1
    outer loop
      vertex 68.9006 3.57529 8.31
      vertex 68.9006 2.82471 8.31
      vertex 68.9376 3.01074 8.31
    endloop
  endfacet
  facet normal 0 0 1
    outer loop
      vertex 68.8396 3.75489 8.31
      vertex 68.9006 2.82471 8.31
      vertex 68.9006 3.57529 8.31
    endloop
  endfacet
  facet normal 0 0 1
    outer loop
      vertex 68.8396 3.75489 8.31
      vertex 68.8396 2.64511 8.31
      vertex 68.9006 2.82471 8.31
    endloop
  endfacet
  facet normal 0 0 1
    outer loop
      vertex 68.7557 3.925 8.31
      vertex 68.8396 2.64511 8.31
      vertex 68.8396 3.75489 8.31
    endloop
  endfacet
  facet normal 0 0 1
    outer loop
      vertex 68.7557 3.925 8.31
      vertex 68.7557 2.475 8.31
      vertex 68.8396 2.64511 8.31
    endloop
  endfacet
  facet normal 0 0 1
    outer loop
      vertex 68.6504 4.0827 8.31
      vertex 68.7557 2.475 8.31
      vertex 68.7557 3.925 8.31
    endloop
  endfacet
  facet normal 0 0 1
    outer loop
      vertex 68.6504 4.0827 8.31
      vertex 68.6504 2.3173 8.31
      vertex 68.7557 2.475 8.31
    endloop
  endfacet
  facet normal 0 0 1
    outer loop
      vertex 68.5253 4.22531 8.31
      vertex 68.6504 2.3173 8.31
      vertex 68.6504 4.0827 8.31
    endloop
  endfacet
  facet normal 0 0 1
    outer loop
      vertex 68.5253 4.22531 8.31
      vertex 68.5253 2.1747 8.31
      vertex 68.6504 2.3173 8.31
    endloop
  endfacet
  facet normal 0 0 1
    outer loop
      vertex 68.3827 4.35036 8.31
      vertex 68.5253 2.1747 8.31
      vertex 68.5253 4.22531 8.31
    endloop
  endfacet
  facet normal 0 0 1
    outer loop
      vertex 68.3827 4.35036 8.31
      vertex 68.3827 2.04964 8.31
      vertex 68.5253 2.1747 8.31
    endloop
  endfacet
  facet normal 0 0 1
    outer loop
      vertex 68.225 4.45574 8.31
      vertex 68.3827 2.04964 8.31
      vertex 68.3827 4.35036 8.31
    endloop
  endfacet
  facet normal 0 0 1
    outer loop
      vertex 68.225 4.45574 8.31
      vertex 68.225 1.94426 8.31
      vertex 68.3827 2.04964 8.31
    endloop
  endfacet
  facet normal 0 0 1
    outer loop
      vertex 68.0549 4.53963 8.31
      vertex 68.225 1.94426 8.31
      vertex 68.225 4.45574 8.31
    endloop
  endfacet
  facet normal 0 0 1
    outer loop
      vertex 68.0549 4.53963 8.31
      vertex 68.0549 1.86038 8.31
      vertex 68.225 1.94426 8.31
    endloop
  endfacet
  facet normal 0 0 1
    outer loop
      vertex 67.8753 4.60059 8.31
      vertex 68.0549 1.86038 8.31
      vertex 68.0549 4.53963 8.31
    endloop
  endfacet
  facet normal 0 0 1
    outer loop
      vertex 67.8753 4.60059 8.31
      vertex 67.8753 1.79941 8.31
      vertex 68.0549 1.86038 8.31
    endloop
  endfacet
  facet normal 0 0 1
    outer loop
      vertex 67.6893 4.6376 8.31
      vertex 67.8753 1.79941 8.31
      vertex 67.8753 4.60059 8.31
    endloop
  endfacet
  facet normal 0 0 1
    outer loop
      vertex 67.6893 4.6376 8.31
      vertex 67.6893 1.76241 8.31
      vertex 67.8753 1.79941 8.31
    endloop
  endfacet
  facet normal 0 0 1
    outer loop
      vertex 67.5 4.65 8.31
      vertex 67.6893 1.76241 8.31
      vertex 67.6893 4.6376 8.31
    endloop
  endfacet
  facet normal 0 0 1
    outer loop
      vertex 67.5 4.65 8.31
      vertex 67.5 1.75 8.31
      vertex 67.6893 1.76241 8.31
    endloop
  endfacet
  facet normal -0 0 1
    outer loop
      vertex 67.3107 4.6376 8.31
      vertex 67.5 1.75 8.31
      vertex 67.5 4.65 8.31
    endloop
  endfacet
  facet normal 0 0 1
    outer loop
      vertex 67.3107 4.6376 8.31
      vertex 67.3107 1.76241 8.31
      vertex 67.5 1.75 8.31
    endloop
  endfacet
  facet normal -0 0 1
    outer loop
      vertex 67.1247 4.60059 8.31
      vertex 67.3107 1.76241 8.31
      vertex 67.3107 4.6376 8.31
    endloop
  endfacet
  facet normal 0 0 1
    outer loop
      vertex 67.1247 4.60059 8.31
      vertex 67.1247 1.79941 8.31
      vertex 67.3107 1.76241 8.31
    endloop
  endfacet
  facet normal -0 0 1
    outer loop
      vertex 66.9451 4.53963 8.31
      vertex 67.1247 1.79941 8.31
      vertex 67.1247 4.60059 8.31
    endloop
  endfacet
  facet normal 0 0 1
    outer loop
      vertex 66.9451 4.53963 8.31
      vertex 66.9451 1.86038 8.31
      vertex 67.1247 1.79941 8.31
    endloop
  endfacet
  facet normal -0 0 1
    outer loop
      vertex 66.775 4.45574 8.31
      vertex 66.9451 1.86038 8.31
      vertex 66.9451 4.53963 8.31
    endloop
  endfacet
  facet normal 0 0 1
    outer loop
      vertex 66.775 4.45574 8.31
      vertex 66.775 1.94426 8.31
      vertex 66.9451 1.86038 8.31
    endloop
  endfacet
  facet normal -0 0 1
    outer loop
      vertex 66.6173 4.35036 8.31
      vertex 66.775 1.94426 8.31
      vertex 66.775 4.45574 8.31
    endloop
  endfacet
  facet normal 0 0 1
    outer loop
      vertex 66.6173 4.35036 8.31
      vertex 66.6173 2.04964 8.31
      vertex 66.775 1.94426 8.31
    endloop
  endfacet
  facet normal -0 0 1
    outer loop
      vertex 66.4747 4.22531 8.31
      vertex 66.6173 2.04964 8.31
      vertex 66.6173 4.35036 8.31
    endloop
  endfacet
  facet normal 0 0 1
    outer loop
      vertex 66.4747 4.22531 8.31
      vertex 66.4747 2.1747 8.31
      vertex 66.6173 2.04964 8.31
    endloop
  endfacet
  facet normal -0 0 1
    outer loop
      vertex 66.3496 4.0827 8.31
      vertex 66.4747 2.1747 8.31
      vertex 66.4747 4.22531 8.31
    endloop
  endfacet
  facet normal 0 0 1
    outer loop
      vertex 66.3496 4.0827 8.31
      vertex 66.3496 2.3173 8.31
      vertex 66.4747 2.1747 8.31
    endloop
  endfacet
  facet normal -0 0 1
    outer loop
      vertex 66.2443 3.925 8.31
      vertex 66.3496 2.3173 8.31
      vertex 66.3496 4.0827 8.31
    endloop
  endfacet
  facet normal 0 0 1
    outer loop
      vertex 66.2443 3.925 8.31
      vertex 66.2443 2.475 8.31
      vertex 66.3496 2.3173 8.31
    endloop
  endfacet
  facet normal -0 0 1
    outer loop
      vertex 66.1604 3.75489 8.31
      vertex 66.2443 2.475 8.31
      vertex 66.2443 3.925 8.31
    endloop
  endfacet
  facet normal 0 0 1
    outer loop
      vertex 66.1604 3.75489 8.31
      vertex 66.1604 2.64511 8.31
      vertex 66.2443 2.475 8.31
    endloop
  endfacet
  facet normal -0 0 1
    outer loop
      vertex 66.0994 3.57529 8.31
      vertex 66.1604 2.64511 8.31
      vertex 66.1604 3.75489 8.31
    endloop
  endfacet
  facet normal 0 0 1
    outer loop
      vertex 66.0994 3.57529 8.31
      vertex 66.0994 2.82471 8.31
      vertex 66.1604 2.64511 8.31
    endloop
  endfacet
  facet normal -0 0 1
    outer loop
      vertex 66.0624 3.38926 8.31
      vertex 66.0994 2.82471 8.31
      vertex 66.0994 3.57529 8.31
    endloop
  endfacet
  facet normal 0 0 1
    outer loop
      vertex 66.0624 3.38926 8.31
      vertex 66.0624 3.01074 8.31
      vertex 66.0994 2.82471 8.31
    endloop
  endfacet
  facet normal 0 -0 1
    outer loop
      vertex 66.0624 3.01074 8.31
      vertex 66.0624 3.38926 8.31
      vertex 66.05 3.2 8.31
    endloop
  endfacet
  facet normal -0.831644 0.555309 0
    outer loop
      vertex 68.6504 2.3173 8.31
      vertex 68.7557 2.475 9.5
      vertex 68.7557 2.475 8.31
    endloop
  endfacet
  facet normal -0.831644 0.555309 0
    outer loop
      vertex 68.7557 2.475 9.5
      vertex 68.6504 2.3173 8.31
      vertex 68.6504 2.3173 9.5
    endloop
  endfacet
  facet normal 0.751727 0.659474 0
    outer loop
      vertex 66.4747 2.1747 9.5
      vertex 66.3496 2.3173 8.31
      vertex 66.3496 2.3173 9.5
    endloop
  endfacet
  facet normal 0.751727 0.659474 0
    outer loop
      vertex 66.3496 2.3173 8.31
      vertex 66.4747 2.1747 9.5
      vertex 66.4747 2.1747 8.31
    endloop
  endfacet
  facet normal 0.946876 0.3216 0
    outer loop
      vertex 66.1604 2.64511 9.5
      vertex 66.0994 2.82471 8.31
      vertex 66.0994 2.82471 9.5
    endloop
  endfacet
  facet normal 0.946876 0.3216 0
    outer loop
      vertex 66.0994 2.82471 8.31
      vertex 66.1604 2.64511 9.5
      vertex 66.1604 2.64511 8.31
    endloop
  endfacet
  facet normal 0.997861 -0.0653782 0
    outer loop
      vertex 66.05 3.2 9.5
      vertex 66.0624 3.38926 8.31
      vertex 66.0624 3.38926 9.5
    endloop
  endfacet
  facet normal 0.997861 -0.0653782 0
    outer loop
      vertex 66.0624 3.38926 8.31
      vertex 66.05 3.2 9.5
      vertex 66.05 3.2 8.31
    endloop
  endfacet
  facet normal 0.831644 0.555309 0
    outer loop
      vertex 66.3496 2.3173 9.5
      vertex 66.2443 2.475 8.31
      vertex 66.2443 2.475 9.5
    endloop
  endfacet
  facet normal 0.831644 0.555309 0
    outer loop
      vertex 66.2443 2.475 8.31
      vertex 66.3496 2.3173 9.5
      vertex 66.3496 2.3173 8.31
    endloop
  endfacet
  facet normal 0.321458 0.946924 -0
    outer loop
      vertex 67.1247 1.79941 8.31
      vertex 66.9451 1.86038 9.5
      vertex 67.1247 1.79941 9.5
    endloop
  endfacet
  facet normal 0.321458 0.946924 0
    outer loop
      vertex 66.9451 1.86038 9.5
      vertex 67.1247 1.79941 8.31
      vertex 66.9451 1.86038 8.31
    endloop
  endfacet
  facet normal 0.659355 0.751832 -0
    outer loop
      vertex 66.6173 2.04964 8.31
      vertex 66.4747 2.1747 9.5
      vertex 66.6173 2.04964 9.5
    endloop
  endfacet
  facet normal 0.659355 0.751832 0
    outer loop
      vertex 66.4747 2.1747 9.5
      vertex 66.6173 2.04964 8.31
      vertex 66.4747 2.1747 8.31
    endloop
  endfacet
  facet normal -0.321411 -0.94694 0
    outer loop
      vertex 67.8753 4.60059 8.31
      vertex 68.0549 4.53963 9.5
      vertex 67.8753 4.60059 9.5
    endloop
  endfacet
  facet normal -0.321411 -0.94694 -0
    outer loop
      vertex 68.0549 4.53963 9.5
      vertex 67.8753 4.60059 8.31
      vertex 68.0549 4.53963 8.31
    endloop
  endfacet
  facet normal 0.946876 -0.3216 0
    outer loop
      vertex 66.0994 3.57529 9.5
      vertex 66.1604 3.75489 8.31
      vertex 66.1604 3.75489 9.5
    endloop
  endfacet
  facet normal 0.946876 -0.3216 0
    outer loop
      vertex 66.1604 3.75489 8.31
      vertex 66.0994 3.57529 9.5
      vertex 66.0994 3.57529 8.31
    endloop
  endfacet
  facet normal -0.751727 0.659474 0
    outer loop
      vertex 68.5253 2.1747 8.31
      vertex 68.6504 2.3173 9.5
      vertex 68.6504 2.3173 8.31
    endloop
  endfacet
  facet normal -0.751727 0.659474 0
    outer loop
      vertex 68.6504 2.3173 9.5
      vertex 68.5253 2.1747 8.31
      vertex 68.5253 2.1747 9.5
    endloop
  endfacet
  facet normal 0.980789 -0.195072 0
    outer loop
      vertex 66.0624 3.38926 9.5
      vertex 66.0994 3.57529 8.31
      vertex 66.0994 3.57529 9.5
    endloop
  endfacet
  facet normal 0.980789 -0.195072 0
    outer loop
      vertex 66.0994 3.57529 8.31
      vertex 66.0624 3.38926 9.5
      vertex 66.0624 3.38926 8.31
    endloop
  endfacet
  facet normal -0.946876 -0.3216 0
    outer loop
      vertex 68.9006 3.57529 8.31
      vertex 68.8396 3.75489 9.5
      vertex 68.8396 3.75489 8.31
    endloop
  endfacet
  facet normal -0.946876 -0.3216 0
    outer loop
      vertex 68.8396 3.75489 9.5
      vertex 68.9006 3.57529 8.31
      vertex 68.9006 3.57529 9.5
    endloop
  endfacet
  facet normal 0.831644 -0.555309 0
    outer loop
      vertex 66.2443 3.925 9.5
      vertex 66.3496 4.0827 8.31
      vertex 66.3496 4.0827 9.5
    endloop
  endfacet
  facet normal 0.831644 -0.555309 0
    outer loop
      vertex 66.3496 4.0827 8.31
      vertex 66.2443 3.925 9.5
      vertex 66.2443 3.925 8.31
    endloop
  endfacet
  facet normal -0.0653644 -0.997861 0
    outer loop
      vertex 67.5 4.65 8.31
      vertex 67.6893 4.6376 9.5
      vertex 67.5 4.65 9.5
    endloop
  endfacet
  facet normal -0.0653644 -0.997861 -0
    outer loop
      vertex 67.6893 4.6376 9.5
      vertex 67.5 4.65 8.31
      vertex 67.6893 4.6376 8.31
    endloop
  endfacet
  facet normal -0.831644 -0.555309 0
    outer loop
      vertex 68.7557 3.925 8.31
      vertex 68.6504 4.0827 9.5
      vertex 68.6504 4.0827 8.31
    endloop
  endfacet
  facet normal -0.831644 -0.555309 0
    outer loop
      vertex 68.6504 4.0827 9.5
      vertex 68.7557 3.925 8.31
      vertex 68.7557 3.925 9.5
    endloop
  endfacet
  facet normal -0.659355 0.751832 0
    outer loop
      vertex 68.5253 2.1747 8.31
      vertex 68.3827 2.04964 9.5
      vertex 68.5253 2.1747 9.5
    endloop
  endfacet
  facet normal -0.659355 0.751832 0
    outer loop
      vertex 68.3827 2.04964 9.5
      vertex 68.5253 2.1747 8.31
      vertex 68.3827 2.04964 8.31
    endloop
  endfacet
  facet normal -0.659325 -0.751858 0
    outer loop
      vertex 68.3827 4.35036 8.31
      vertex 68.5253 4.22531 9.5
      vertex 68.3827 4.35036 9.5
    endloop
  endfacet
  facet normal -0.659325 -0.751858 -0
    outer loop
      vertex 68.5253 4.22531 9.5
      vertex 68.3827 4.35036 8.31
      vertex 68.5253 4.22531 8.31
    endloop
  endfacet
  facet normal -0.195102 0.980783 0
    outer loop
      vertex 67.8753 1.79941 8.31
      vertex 67.6893 1.76241 9.5
      vertex 67.8753 1.79941 9.5
    endloop
  endfacet
  facet normal -0.195102 0.980783 0
    outer loop
      vertex 67.6893 1.76241 9.5
      vertex 67.8753 1.79941 8.31
      vertex 67.6893 1.76241 8.31
    endloop
  endfacet
  facet normal -0.442272 0.896881 0
    outer loop
      vertex 68.225 1.94426 8.31
      vertex 68.0549 1.86038 9.5
      vertex 68.225 1.94426 9.5
    endloop
  endfacet
  facet normal -0.442272 0.896881 0
    outer loop
      vertex 68.0549 1.86038 9.5
      vertex 68.225 1.94426 8.31
      vertex 68.0549 1.86038 8.31
    endloop
  endfacet
  facet normal -0.195153 -0.980773 0
    outer loop
      vertex 67.6893 4.6376 8.31
      vertex 67.8753 4.60059 9.5
      vertex 67.6893 4.6376 9.5
    endloop
  endfacet
  facet normal -0.195153 -0.980773 -0
    outer loop
      vertex 67.8753 4.60059 9.5
      vertex 67.6893 4.6376 8.31
      vertex 67.8753 4.60059 8.31
    endloop
  endfacet
  facet normal 0.442272 0.896881 -0
    outer loop
      vertex 66.9451 1.86038 8.31
      vertex 66.775 1.94426 9.5
      vertex 66.9451 1.86038 9.5
    endloop
  endfacet
  facet normal 0.442272 0.896881 0
    outer loop
      vertex 66.775 1.94426 9.5
      vertex 66.9451 1.86038 8.31
      vertex 66.775 1.94426 8.31
    endloop
  endfacet
  facet normal 0.980789 0.195072 0
    outer loop
      vertex 66.0994 2.82471 9.5
      vertex 66.0624 3.01074 8.31
      vertex 66.0624 3.01074 9.5
    endloop
  endfacet
  facet normal 0.980789 0.195072 0
    outer loop
      vertex 66.0624 3.01074 8.31
      vertex 66.0994 2.82471 9.5
      vertex 66.0994 2.82471 8.31
    endloop
  endfacet
  facet normal -0.980789 -0.195072 0
    outer loop
      vertex 68.9376 3.38926 8.31
      vertex 68.9006 3.57529 9.5
      vertex 68.9006 3.57529 8.31
    endloop
  endfacet
  facet normal -0.980789 -0.195072 0
    outer loop
      vertex 68.9006 3.57529 9.5
      vertex 68.9376 3.38926 8.31
      vertex 68.9376 3.38926 9.5
    endloop
  endfacet
  facet normal -0.89685 -0.442335 0
    outer loop
      vertex 68.8396 3.75489 8.31
      vertex 68.7557 3.925 9.5
      vertex 68.7557 3.925 8.31
    endloop
  endfacet
  facet normal -0.89685 -0.442335 0
    outer loop
      vertex 68.7557 3.925 9.5
      vertex 68.8396 3.75489 8.31
      vertex 68.8396 3.75489 9.5
    endloop
  endfacet
  facet normal -0.5556 0.83145 0
    outer loop
      vertex 68.3827 2.04964 8.31
      vertex 68.225 1.94426 9.5
      vertex 68.3827 2.04964 9.5
    endloop
  endfacet
  facet normal -0.5556 0.83145 0
    outer loop
      vertex 68.225 1.94426 9.5
      vertex 68.3827 2.04964 8.31
      vertex 68.225 1.94426 8.31
    endloop
  endfacet
  facet normal -0.442314 -0.89686 0
    outer loop
      vertex 68.0549 4.53963 8.31
      vertex 68.225 4.45574 9.5
      vertex 68.0549 4.53963 9.5
    endloop
  endfacet
  facet normal -0.442314 -0.89686 -0
    outer loop
      vertex 68.225 4.45574 9.5
      vertex 68.0549 4.53963 8.31
      vertex 68.225 4.45574 8.31
    endloop
  endfacet
  facet normal 0.442314 -0.89686 0
    outer loop
      vertex 66.775 4.45574 8.31
      vertex 66.9451 4.53963 9.5
      vertex 66.775 4.45574 9.5
    endloop
  endfacet
  facet normal 0.442314 -0.89686 0
    outer loop
      vertex 66.9451 4.53963 9.5
      vertex 66.775 4.45574 8.31
      vertex 66.9451 4.53963 8.31
    endloop
  endfacet
  facet normal 0.89685 -0.442335 0
    outer loop
      vertex 66.1604 3.75489 9.5
      vertex 66.2443 3.925 8.31
      vertex 66.2443 3.925 9.5
    endloop
  endfacet
  facet normal 0.89685 -0.442335 0
    outer loop
      vertex 66.2443 3.925 8.31
      vertex 66.1604 3.75489 9.5
      vertex 66.1604 3.75489 8.31
    endloop
  endfacet
  facet normal 0.997861 0.0653782 0
    outer loop
      vertex 66.0624 3.01074 9.5
      vertex 66.05 3.2 8.31
      vertex 66.05 3.2 9.5
    endloop
  endfacet
  facet normal 0.997861 0.0653782 0
    outer loop
      vertex 66.05 3.2 8.31
      vertex 66.0624 3.01074 9.5
      vertex 66.0624 3.01074 8.31
    endloop
  endfacet
  facet normal 0.195153 -0.980773 0
    outer loop
      vertex 67.1247 4.60059 8.31
      vertex 67.3107 4.6376 9.5
      vertex 67.1247 4.60059 9.5
    endloop
  endfacet
  facet normal 0.195153 -0.980773 0
    outer loop
      vertex 67.3107 4.6376 9.5
      vertex 67.1247 4.60059 8.31
      vertex 67.3107 4.6376 8.31
    endloop
  endfacet
  facet normal 0.659325 -0.751858 0
    outer loop
      vertex 66.4747 4.22531 8.31
      vertex 66.6173 4.35036 9.5
      vertex 66.4747 4.22531 9.5
    endloop
  endfacet
  facet normal 0.659325 -0.751858 0
    outer loop
      vertex 66.6173 4.35036 9.5
      vertex 66.4747 4.22531 8.31
      vertex 66.6173 4.35036 8.31
    endloop
  endfacet
  facet normal 0.321411 -0.94694 0
    outer loop
      vertex 66.9451 4.53963 8.31
      vertex 67.1247 4.60059 9.5
      vertex 66.9451 4.53963 9.5
    endloop
  endfacet
  facet normal 0.321411 -0.94694 0
    outer loop
      vertex 67.1247 4.60059 9.5
      vertex 66.9451 4.53963 8.31
      vertex 67.1247 4.60059 8.31
    endloop
  endfacet
  facet normal -0.997861 -0.0653782 0
    outer loop
      vertex 68.95 3.2 8.31
      vertex 68.9376 3.38926 9.5
      vertex 68.9376 3.38926 8.31
    endloop
  endfacet
  facet normal -0.997861 -0.0653782 0
    outer loop
      vertex 68.9376 3.38926 9.5
      vertex 68.95 3.2 8.31
      vertex 68.95 3.2 9.5
    endloop
  endfacet
  facet normal -0.89685 0.442335 0
    outer loop
      vertex 68.7557 2.475 8.31
      vertex 68.8396 2.64511 9.5
      vertex 68.8396 2.64511 8.31
    endloop
  endfacet
  facet normal -0.89685 0.442335 0
    outer loop
      vertex 68.8396 2.64511 9.5
      vertex 68.7557 2.475 8.31
      vertex 68.7557 2.475 9.5
    endloop
  endfacet
  facet normal -0.75175 -0.659448 0
    outer loop
      vertex 68.6504 4.0827 8.31
      vertex 68.5253 4.22531 9.5
      vertex 68.5253 4.22531 8.31
    endloop
  endfacet
  facet normal -0.75175 -0.659448 0
    outer loop
      vertex 68.5253 4.22531 9.5
      vertex 68.6504 4.0827 8.31
      vertex 68.6504 4.0827 9.5
    endloop
  endfacet
  facet normal -0.946876 0.3216 0
    outer loop
      vertex 68.8396 2.64511 8.31
      vertex 68.9006 2.82471 9.5
      vertex 68.9006 2.82471 8.31
    endloop
  endfacet
  facet normal -0.946876 0.3216 0
    outer loop
      vertex 68.9006 2.82471 9.5
      vertex 68.8396 2.64511 8.31
      vertex 68.8396 2.64511 9.5
    endloop
  endfacet
  facet normal 0.0654169 0.997858 -0
    outer loop
      vertex 67.5 1.75 8.31
      vertex 67.3107 1.76241 9.5
      vertex 67.5 1.75 9.5
    endloop
  endfacet
  facet normal 0.0654169 0.997858 0
    outer loop
      vertex 67.3107 1.76241 9.5
      vertex 67.5 1.75 8.31
      vertex 67.3107 1.76241 8.31
    endloop
  endfacet
  facet normal 0.195102 0.980783 -0
    outer loop
      vertex 67.3107 1.76241 8.31
      vertex 67.1247 1.79941 9.5
      vertex 67.3107 1.76241 9.5
    endloop
  endfacet
  facet normal 0.195102 0.980783 0
    outer loop
      vertex 67.1247 1.79941 9.5
      vertex 67.3107 1.76241 8.31
      vertex 67.1247 1.79941 8.31
    endloop
  endfacet
  facet normal 0.0653644 -0.997861 0
    outer loop
      vertex 67.3107 4.6376 8.31
      vertex 67.5 4.65 9.5
      vertex 67.3107 4.6376 9.5
    endloop
  endfacet
  facet normal 0.0653644 -0.997861 0
    outer loop
      vertex 67.5 4.65 9.5
      vertex 67.3107 4.6376 8.31
      vertex 67.5 4.65 8.31
    endloop
  endfacet
  facet normal 0.5556 0.83145 -0
    outer loop
      vertex 66.775 1.94426 8.31
      vertex 66.6173 2.04964 9.5
      vertex 66.775 1.94426 9.5
    endloop
  endfacet
  facet normal 0.5556 0.83145 0
    outer loop
      vertex 66.6173 2.04964 9.5
      vertex 66.775 1.94426 8.31
      vertex 66.6173 2.04964 8.31
    endloop
  endfacet
  facet normal 0.75175 -0.659448 0
    outer loop
      vertex 66.3496 4.0827 9.5
      vertex 66.4747 4.22531 8.31
      vertex 66.4747 4.22531 9.5
    endloop
  endfacet
  facet normal 0.75175 -0.659448 0
    outer loop
      vertex 66.4747 4.22531 8.31
      vertex 66.3496 4.0827 9.5
      vertex 66.3496 4.0827 8.31
    endloop
  endfacet
  facet normal 0.89685 0.442335 0
    outer loop
      vertex 66.2443 2.475 9.5
      vertex 66.1604 2.64511 8.31
      vertex 66.1604 2.64511 9.5
    endloop
  endfacet
  facet normal 0.89685 0.442335 0
    outer loop
      vertex 66.1604 2.64511 8.31
      vertex 66.2443 2.475 9.5
      vertex 66.2443 2.475 8.31
    endloop
  endfacet
  facet normal 0.5556 -0.83145 0
    outer loop
      vertex 66.6173 4.35036 8.31
      vertex 66.775 4.45574 9.5
      vertex 66.6173 4.35036 9.5
    endloop
  endfacet
  facet normal 0.5556 -0.83145 0
    outer loop
      vertex 66.775 4.45574 9.5
      vertex 66.6173 4.35036 8.31
      vertex 66.775 4.45574 8.31
    endloop
  endfacet
  facet normal -0.707107 0 -0.707107
    outer loop
      vertex 40.15 40.35 3.25
      vertex 38.9 48.8 4.5
      vertex 40.15 50.05 3.25
    endloop
  endfacet
  facet normal -0.707107 -0 -0.707107
    outer loop
      vertex 38.9 48.8 4.5
      vertex 40.15 40.35 3.25
      vertex 38.9 41.2 4.5
    endloop
  endfacet
  facet normal -0.707107 -2.67629e-15 -0.707107
    outer loop
      vertex 40.15 40.35 3.25
      vertex 40 40.1 3.4
      vertex 38.9 41.2 4.5
    endloop
  endfacet
  facet normal -0.707107 -4.66858e-08 -0.707107
    outer loop
      vertex 43.4 37.1 5.72205e-07
      vertex 40 40.1 3.4
      vertex 40.15 40.35 3.25
    endloop
  endfacet
  facet normal -0.707107 -6.32203e-08 -0.707107
    outer loop
      vertex 43.4 37.1 5.72205e-07
      vertex 38.9 39 4.5
      vertex 40 40.1 3.4
    endloop
  endfacet
  facet normal -0.707107 0 -0.707107
    outer loop
      vertex 43.4 37.1 5.72205e-07
      vertex 38.9 31.4 4.5
      vertex 38.9 39 4.5
    endloop
  endfacet
  facet normal -0.707107 0 -0.707107
    outer loop
      vertex 43.4 30.7 5.72205e-07
      vertex 38.9 31.4 4.5
      vertex 43.4 37.1 5.72205e-07
    endloop
  endfacet
  facet normal -0.707107 1.06476e-07 -0.707107
    outer loop
      vertex 38.9 31.4 4.5
      vertex 43.4 30.7 5.72205e-07
      vertex 39.6 30.7 3.8
    endloop
  endfacet
  facet normal 0.707107 0 -0.707107
    outer loop
      vertex 30.2 40.1 3.4
      vertex 31.3 48.8 4.5
      vertex 31.3 41.2 4.5
    endloop
  endfacet
  facet normal 0.707107 -5.16818e-17 -0.707107
    outer loop
      vertex 31.3 48.8 4.5
      vertex 30.2 40.1 3.4
      vertex 29.75 50.35 2.95
    endloop
  endfacet
  facet normal 0.707107 0 -0.707107
    outer loop
      vertex 30.2 40.1 3.4
      vertex 29.75 39.65 2.95
      vertex 29.75 50.35 2.95
    endloop
  endfacet
  facet normal 0.707107 7.92976e-16 -0.707107
    outer loop
      vertex 31.3 39 4.5
      vertex 29.75 39.65 2.95
      vertex 30.2 40.1 3.4
    endloop
  endfacet
  facet normal 0.707107 -9.66326e-08 -0.707107
    outer loop
      vertex 31.3 39 4.5
      vertex 26.8 36.7 5.72205e-07
      vertex 29.75 39.65 2.95
    endloop
  endfacet
  facet normal 0.707107 0 -0.707107
    outer loop
      vertex 31.3 31.4 4.5
      vertex 26.8 36.7 5.72205e-07
      vertex 31.3 39 4.5
    endloop
  endfacet
  facet normal 0.707107 1.06476e-07 -0.707107
    outer loop
      vertex 26.8 30.7 5.72205e-07
      vertex 31.3 31.4 4.5
      vertex 30.6 30.7 3.8
    endloop
  endfacet
  facet normal 0.707107 0 -0.707107
    outer loop
      vertex 31.3 31.4 4.5
      vertex 26.8 30.7 5.72205e-07
      vertex 26.8 36.7 5.72205e-07
    endloop
  endfacet
  facet normal 0 -0.707107 -0.707107
    outer loop
      vertex 30.2 40.1 3.4
      vertex 38.9 39 4.5
      vertex 31.3 39 4.5
    endloop
  endfacet
  facet normal 0 -0.707107 -0.707107
    outer loop
      vertex 38.9 39 4.5
      vertex 30.2 40.1 3.4
      vertex 40 40.1 3.4
    endloop
  endfacet
  facet normal 0 0 -1
    outer loop
      vertex 38.9 31.4 4.5
      vertex 38.5 31.8 4.5
      vertex 38.9 39 4.5
    endloop
  endfacet
  facet normal 0 0 -1
    outer loop
      vertex 38.9 31.4 4.5
      vertex 31.7 31.8 4.5
      vertex 38.5 31.8 4.5
    endloop
  endfacet
  facet normal -0 0 -1
    outer loop
      vertex 31.7 31.8 4.5
      vertex 31.3 31.4 4.5
      vertex 31.7 38.6 4.5
    endloop
  endfacet
  facet normal 0 0 -1
    outer loop
      vertex 31.3 31.4 4.5
      vertex 31.7 31.8 4.5
      vertex 38.9 31.4 4.5
    endloop
  endfacet
  facet normal 0 0 -1
    outer loop
      vertex 38.5 38.6 4.5
      vertex 38.9 39 4.5
      vertex 38.5 31.8 4.5
    endloop
  endfacet
  facet normal 0 0 -1
    outer loop
      vertex 31.7 38.6 4.5
      vertex 38.9 39 4.5
      vertex 38.5 38.6 4.5
    endloop
  endfacet
  facet normal 0 0 -1
    outer loop
      vertex 31.7 38.6 4.5
      vertex 31.3 39 4.5
      vertex 38.9 39 4.5
    endloop
  endfacet
  facet normal 0 0 -1
    outer loop
      vertex 31.3 39 4.5
      vertex 31.7 38.6 4.5
      vertex 31.3 31.4 4.5
    endloop
  endfacet
  facet normal 0 0.707107 -0.707107
    outer loop
      vertex 39.6 30.7 3.8
      vertex 31.3 31.4 4.5
      vertex 38.9 31.4 4.5
    endloop
  endfacet
  facet normal 0 0.707107 -0.707107
    outer loop
      vertex 31.3 31.4 4.5
      vertex 39.6 30.7 3.8
      vertex 30.6 30.7 3.8
    endloop
  endfacet
  facet normal -0 -0.707107 -0.707107
    outer loop
      vertex 40.75 51.05 2.65
      vertex 41.4 49.2 4.5
      vertex 39.55 51.05 2.65
    endloop
  endfacet
  facet normal 1.12985e-07 -0.707107 -0.707107
    outer loop
      vertex 43.4 53.7 5.72205e-07
      vertex 41.4 49.2 4.5
      vertex 40.75 51.05 2.65
    endloop
  endfacet
  facet normal 0 -0.707107 -0.707107
    outer loop
      vertex 41.4 49.2 4.5
      vertex 43.4 53.7 5.72205e-07
      vertex 49 49.2 4.5
    endloop
  endfacet
  facet normal 0 -0.707107 -0.707107
    outer loop
      vertex 49 49.2 4.5
      vertex 43.4 53.7 5.72205e-07
      vertex 53.5 53.7 5.72205e-07
    endloop
  endfacet
  facet normal 0.707107 0 -0.707107
    outer loop
      vertex 40.15 50.05 3.25
      vertex 41.4 41.6 4.5
      vertex 40.15 40.35 3.25
    endloop
  endfacet
  facet normal 0.707107 0 -0.707107
    outer loop
      vertex 41.4 41.6 4.5
      vertex 40.15 50.05 3.25
      vertex 41.4 49.2 4.5
    endloop
  endfacet
  facet normal 0.707107 1.59131e-15 -0.707107
    outer loop
      vertex 40.15 50.05 3.25
      vertex 39.55 51.05 2.65
      vertex 41.4 49.2 4.5
    endloop
  endfacet
  facet normal 0.707107 5.88785e-15 -0.707107
    outer loop
      vertex 39.55 51.05 2.65
      vertex 40.15 50.05 3.25
      vertex 39.35 50.85 2.45
    endloop
  endfacet
  facet normal 0 0.707107 -0.707107
    outer loop
      vertex 43.4 37.1 5.72205e-07
      vertex 41.4 41.6 4.5
      vertex 49 41.6 4.5
    endloop
  endfacet
  facet normal 0 0.707107 -0.707107
    outer loop
      vertex 43.4 37.1 5.72205e-07
      vertex 49 41.6 4.5
      vertex 53.5 37.1 5.72205e-07
    endloop
  endfacet
  facet normal 6.22477e-08 0.707107 -0.707107
    outer loop
      vertex 41.4 41.6 4.5
      vertex 43.4 37.1 5.72205e-07
      vertex 40.15 40.35 3.25
    endloop
  endfacet
  facet normal 0 0 -1
    outer loop
      vertex 49 41.6 4.5
      vertex 48.6 42 4.5
      vertex 49 49.2 4.5
    endloop
  endfacet
  facet normal 0 0 -1
    outer loop
      vertex 49 41.6 4.5
      vertex 41.8 42 4.5
      vertex 48.6 42 4.5
    endloop
  endfacet
  facet normal -0 0 -1
    outer loop
      vertex 41.8 42 4.5
      vertex 41.4 41.6 4.5
      vertex 41.8 48.8 4.5
    endloop
  endfacet
  facet normal 0 0 -1
    outer loop
      vertex 41.4 41.6 4.5
      vertex 41.8 42 4.5
      vertex 49 41.6 4.5
    endloop
  endfacet
  facet normal 0 0 -1
    outer loop
      vertex 48.6 48.8 4.5
      vertex 49 49.2 4.5
      vertex 48.6 42 4.5
    endloop
  endfacet
  facet normal 0 0 -1
    outer loop
      vertex 41.8 48.8 4.5
      vertex 49 49.2 4.5
      vertex 48.6 48.8 4.5
    endloop
  endfacet
  facet normal 0 0 -1
    outer loop
      vertex 41.8 48.8 4.5
      vertex 41.4 49.2 4.5
      vertex 49 49.2 4.5
    endloop
  endfacet
  facet normal 0 0 -1
    outer loop
      vertex 41.4 49.2 4.5
      vertex 41.8 48.8 4.5
      vertex 41.4 41.6 4.5
    endloop
  endfacet
  facet normal -0.707107 0 -0.707107
    outer loop
      vertex 53.5 53.7 5.72205e-07
      vertex 49 41.6 4.5
      vertex 49 49.2 4.5
    endloop
  endfacet
  facet normal -0.707107 0 -0.707107
    outer loop
      vertex 49 41.6 4.5
      vertex 53.5 53.7 5.72205e-07
      vertex 53.5 37.1 5.72205e-07
    endloop
  endfacet
  facet normal 0.707107 0 -0.707107
    outer loop
      vertex 31.3 60.5 4.5
      vertex 26.8 53.3 5.72205e-07
      vertex 26.8 65 5.72205e-07
    endloop
  endfacet
  facet normal 0.707107 0 -0.707107
    outer loop
      vertex 31.3 52.9 4.5
      vertex 26.8 53.3 5.72205e-07
      vertex 31.3 60.5 4.5
    endloop
  endfacet
  facet normal 0.707107 8.25735e-08 -0.707107
    outer loop
      vertex 26.8 53.3 5.72205e-07
      vertex 31.3 52.9 4.5
      vertex 29.25 50.85 2.45
    endloop
  endfacet
  facet normal -0.707107 0 -0.707107
    outer loop
      vertex 43.4 53.7 5.72205e-07
      vertex 38.9 60.5 4.5
      vertex 43.4 65 5.72205e-07
    endloop
  endfacet
  facet normal -0.707107 0 -0.707107
    outer loop
      vertex 43.4 53.7 5.72205e-07
      vertex 38.9 52.9 4.5
      vertex 38.9 60.5 4.5
    endloop
  endfacet
  facet normal -0.707107 7.63415e-08 -0.707107
    outer loop
      vertex 38.9 52.9 4.5
      vertex 43.4 53.7 5.72205e-07
      vertex 40.75 51.05 2.65
    endloop
  endfacet
  facet normal 0 0.707107 -0.707107
    outer loop
      vertex 39.55 51.05 2.65
      vertex 38.9 52.9 4.5
      vertex 40.75 51.05 2.65
    endloop
  endfacet
  facet normal 1.08336e-14 0.707107 -0.707107
    outer loop
      vertex 39.35 50.85 2.45
      vertex 38.9 52.9 4.5
      vertex 39.55 51.05 2.65
    endloop
  endfacet
  facet normal 0 0.707107 -0.707107
    outer loop
      vertex 39.35 50.85 2.45
      vertex 31.3 52.9 4.5
      vertex 38.9 52.9 4.5
    endloop
  endfacet
  facet normal 0 0.707107 -0.707107
    outer loop
      vertex 31.3 52.9 4.5
      vertex 39.35 50.85 2.45
      vertex 29.25 50.85 2.45
    endloop
  endfacet
  facet normal 0 -0.707107 -0.707107
    outer loop
      vertex 26.8 65 5.72205e-07
      vertex 38.9 60.5 4.5
      vertex 31.3 60.5 4.5
    endloop
  endfacet
  facet normal 0 -0.707107 -0.707107
    outer loop
      vertex 38.9 60.5 4.5
      vertex 26.8 65 5.72205e-07
      vertex 43.4 65 5.72205e-07
    endloop
  endfacet
  facet normal 0 0 -1
    outer loop
      vertex 38.9 52.9 4.5
      vertex 38.5 53.3 4.5
      vertex 38.9 60.5 4.5
    endloop
  endfacet
  facet normal 0 0 -1
    outer loop
      vertex 38.9 52.9 4.5
      vertex 31.7 53.3 4.5
      vertex 38.5 53.3 4.5
    endloop
  endfacet
  facet normal -0 0 -1
    outer loop
      vertex 31.7 53.3 4.5
      vertex 31.3 52.9 4.5
      vertex 31.7 60.1 4.5
    endloop
  endfacet
  facet normal 0 0 -1
    outer loop
      vertex 31.3 52.9 4.5
      vertex 31.7 53.3 4.5
      vertex 38.9 52.9 4.5
    endloop
  endfacet
  facet normal 0 0 -1
    outer loop
      vertex 38.5 60.1 4.5
      vertex 38.9 60.5 4.5
      vertex 38.5 53.3 4.5
    endloop
  endfacet
  facet normal 0 0 -1
    outer loop
      vertex 31.7 60.1 4.5
      vertex 38.9 60.5 4.5
      vertex 38.5 60.1 4.5
    endloop
  endfacet
  facet normal 0 0 -1
    outer loop
      vertex 31.7 60.1 4.5
      vertex 31.3 60.5 4.5
      vertex 38.9 60.5 4.5
    endloop
  endfacet
  facet normal 0 0 -1
    outer loop
      vertex 31.3 60.5 4.5
      vertex 31.7 60.1 4.5
      vertex 31.3 52.9 4.5
    endloop
  endfacet
  facet normal 0 -0.707107 -0.707107
    outer loop
      vertex 26.8 53.3 5.72205e-07
      vertex 28.2 48.8 4.5
      vertex 20.6 48.8 4.5
    endloop
  endfacet
  facet normal 1.01296e-15 -0.707107 -0.707107
    outer loop
      vertex 28.2 48.8 4.5
      vertex 29.25 50.85 2.45
      vertex 29.75 50.35 2.95
    endloop
  endfacet
  facet normal -0 -0.707107 -0.707107
    outer loop
      vertex 26.8 53.3 5.72205e-07
      vertex 20.6 48.8 4.5
      vertex 16.1 53.3 5.72205e-07
    endloop
  endfacet
  facet normal -1.0921e-07 -0.707107 -0.707107
    outer loop
      vertex 28.2 48.8 4.5
      vertex 26.8 53.3 5.72205e-07
      vertex 29.25 50.85 2.45
    endloop
  endfacet
  facet normal 0 -0.707107 -0.707107
    outer loop
      vertex 39.35 50.85 2.45
      vertex 38.9 48.8 4.5
      vertex 31.3 48.8 4.5
    endloop
  endfacet
  facet normal -1.00293e-16 -0.707107 -0.707107
    outer loop
      vertex 39.35 50.85 2.45
      vertex 31.3 48.8 4.5
      vertex 29.75 50.35 2.95
    endloop
  endfacet
  facet normal -0 -0.707107 -0.707107
    outer loop
      vertex 39.35 50.85 2.45
      vertex 29.75 50.35 2.95
      vertex 29.25 50.85 2.45
    endloop
  endfacet
  facet normal -1.88411e-15 -0.707107 -0.707107
    outer loop
      vertex 38.9 48.8 4.5
      vertex 39.35 50.85 2.45
      vertex 40.15 50.05 3.25
    endloop
  endfacet
  facet normal 0.707107 0 -0.707107
    outer loop
      vertex 20.6 41.2 4.5
      vertex 16.1 53.3 5.72205e-07
      vertex 20.6 48.8 4.5
    endloop
  endfacet
  facet normal 0.707107 0 -0.707107
    outer loop
      vertex 16.1 53.3 5.72205e-07
      vertex 20.6 41.2 4.5
      vertex 16.1 36.7 5.72205e-07
    endloop
  endfacet
  facet normal 0 0 -1
    outer loop
      vertex 28.2 41.2 4.5
      vertex 27.8 41.6 4.5
      vertex 28.2 48.8 4.5
    endloop
  endfacet
  facet normal 0 0 -1
    outer loop
      vertex 28.2 41.2 4.5
      vertex 21 41.6 4.5
      vertex 27.8 41.6 4.5
    endloop
  endfacet
  facet normal -0 0 -1
    outer loop
      vertex 21 41.6 4.5
      vertex 20.6 41.2 4.5
      vertex 21 48.4 4.5
    endloop
  endfacet
  facet normal 0 0 -1
    outer loop
      vertex 20.6 41.2 4.5
      vertex 21 41.6 4.5
      vertex 28.2 41.2 4.5
    endloop
  endfacet
  facet normal 0 0 -1
    outer loop
      vertex 27.8 48.4 4.5
      vertex 28.2 48.8 4.5
      vertex 27.8 41.6 4.5
    endloop
  endfacet
  facet normal 0 0 -1
    outer loop
      vertex 21 48.4 4.5
      vertex 28.2 48.8 4.5
      vertex 27.8 48.4 4.5
    endloop
  endfacet
  facet normal 0 0 -1
    outer loop
      vertex 21 48.4 4.5
      vertex 20.6 48.8 4.5
      vertex 28.2 48.8 4.5
    endloop
  endfacet
  facet normal 0 0 -1
    outer loop
      vertex 20.6 48.8 4.5
      vertex 21 48.4 4.5
      vertex 20.6 41.2 4.5
    endloop
  endfacet
  facet normal -0.707107 0 -0.707107
    outer loop
      vertex 29.75 50.35 2.95
      vertex 28.2 41.2 4.5
      vertex 28.2 48.8 4.5
    endloop
  endfacet
  facet normal -0.707107 0 -0.707107
    outer loop
      vertex 28.2 41.2 4.5
      vertex 29.75 50.35 2.95
      vertex 29.75 39.65 2.95
    endloop
  endfacet
  facet normal 0 0.707107 -0.707107
    outer loop
      vertex 40 40.1 3.4
      vertex 31.3 41.2 4.5
      vertex 38.9 41.2 4.5
    endloop
  endfacet
  facet normal 0 0.707107 -0.707107
    outer loop
      vertex 31.3 41.2 4.5
      vertex 40 40.1 3.4
      vertex 30.2 40.1 3.4
    endloop
  endfacet
  facet normal -6.8578e-08 0.707107 -0.707107
    outer loop
      vertex 26.8 36.7 5.72205e-07
      vertex 28.2 41.2 4.5
      vertex 29.75 39.65 2.95
    endloop
  endfacet
  facet normal 0 0.707107 -0.707107
    outer loop
      vertex 28.2 41.2 4.5
      vertex 26.8 36.7 5.72205e-07
      vertex 20.6 41.2 4.5
    endloop
  endfacet
  facet normal 0 0.707107 -0.707107
    outer loop
      vertex 20.6 41.2 4.5
      vertex 26.8 36.7 5.72205e-07
      vertex 16.1 36.7 5.72205e-07
    endloop
  endfacet
  facet normal 0 0 -1
    outer loop
      vertex 38.9 41.2 4.5
      vertex 38.5 41.6 4.5
      vertex 38.9 48.8 4.5
    endloop
  endfacet
  facet normal 0 0 -1
    outer loop
      vertex 38.9 41.2 4.5
      vertex 31.7 41.6 4.5
      vertex 38.5 41.6 4.5
    endloop
  endfacet
  facet normal -0 0 -1
    outer loop
      vertex 31.7 41.6 4.5
      vertex 31.3 41.2 4.5
      vertex 31.7 48.4 4.5
    endloop
  endfacet
  facet normal 0 0 -1
    outer loop
      vertex 31.3 41.2 4.5
      vertex 31.7 41.6 4.5
      vertex 38.9 41.2 4.5
    endloop
  endfacet
  facet normal 0 0 -1
    outer loop
      vertex 38.5 48.4 4.5
      vertex 38.9 48.8 4.5
      vertex 38.5 41.6 4.5
    endloop
  endfacet
  facet normal 0 0 -1
    outer loop
      vertex 31.7 48.4 4.5
      vertex 38.9 48.8 4.5
      vertex 38.5 48.4 4.5
    endloop
  endfacet
  facet normal 0 0 -1
    outer loop
      vertex 31.7 48.4 4.5
      vertex 31.3 48.8 4.5
      vertex 38.9 48.8 4.5
    endloop
  endfacet
  facet normal 0 0 -1
    outer loop
      vertex 31.3 48.8 4.5
      vertex 31.7 48.4 4.5
      vertex 31.3 41.2 4.5
    endloop
  endfacet
  facet normal 0 1 0
    outer loop
      vertex 43.4 30.7 5.72205e-07
      vertex 30.6 30.7 3.8
      vertex 39.6 30.7 3.8
    endloop
  endfacet
  facet normal 0 1 0
    outer loop
      vertex 30.6 30.7 3.8
      vertex 43.4 30.7 5.72205e-07
      vertex 26.8 30.7 5.72205e-07
    endloop
  endfacet
  facet normal -1 0 0
    outer loop
      vertex 38.5 31.8 4.5
      vertex 38.5 38.6 5.7
      vertex 38.5 38.6 4.5
    endloop
  endfacet
  facet normal -1 -0 0
    outer loop
      vertex 38.5 38.6 5.7
      vertex 38.5 31.8 4.5
      vertex 38.5 31.8 5.7
    endloop
  endfacet
  facet normal 1 -0 0
    outer loop
      vertex 31.7 31.8 5.7
      vertex 31.7 38.6 4.5
      vertex 31.7 38.6 5.7
    endloop
  endfacet
  facet normal 1 0 0
    outer loop
      vertex 31.7 38.6 4.5
      vertex 31.7 31.8 5.7
      vertex 31.7 31.8 4.5
    endloop
  endfacet
  facet normal 0 1 -0
    outer loop
      vertex 38.5 31.8 4.5
      vertex 31.7 31.8 5.7
      vertex 38.5 31.8 5.7
    endloop
  endfacet
  facet normal 0 1 0
    outer loop
      vertex 31.7 31.8 5.7
      vertex 38.5 31.8 4.5
      vertex 31.7 31.8 4.5
    endloop
  endfacet
  facet normal 0 -1 0
    outer loop
      vertex 31.7 38.6 4.5
      vertex 38.5 38.6 5.7
      vertex 31.7 38.6 5.7
    endloop
  endfacet
  facet normal 0 -1 -0
    outer loop
      vertex 38.5 38.6 5.7
      vertex 31.7 38.6 4.5
      vertex 38.5 38.6 4.5
    endloop
  endfacet
  facet normal -1 0 0
    outer loop
      vertex 48.6 42 4.5
      vertex 48.6 48.8 5.7
      vertex 48.6 48.8 4.5
    endloop
  endfacet
  facet normal -1 -0 0
    outer loop
      vertex 48.6 48.8 5.7
      vertex 48.6 42 4.5
      vertex 48.6 42 5.7
    endloop
  endfacet
  facet normal 1 -0 0
    outer loop
      vertex 41.8 42 5.7
      vertex 41.8 48.8 4.5
      vertex 41.8 48.8 5.7
    endloop
  endfacet
  facet normal 1 0 0
    outer loop
      vertex 41.8 48.8 4.5
      vertex 41.8 42 5.7
      vertex 41.8 42 4.5
    endloop
  endfacet
  facet normal 0 1 -0
    outer loop
      vertex 48.6 42 4.5
      vertex 41.8 42 5.7
      vertex 48.6 42 5.7
    endloop
  endfacet
  facet normal 0 1 0
    outer loop
      vertex 41.8 42 5.7
      vertex 48.6 42 4.5
      vertex 41.8 42 4.5
    endloop
  endfacet
  facet normal 0 -1 0
    outer loop
      vertex 41.8 48.8 4.5
      vertex 48.6 48.8 5.7
      vertex 41.8 48.8 5.7
    endloop
  endfacet
  facet normal 0 -1 -0
    outer loop
      vertex 48.6 48.8 5.7
      vertex 41.8 48.8 4.5
      vertex 48.6 48.8 4.5
    endloop
  endfacet
  facet normal -1 0 0
    outer loop
      vertex 38.5 53.3 4.5
      vertex 38.5 60.1 5.7
      vertex 38.5 60.1 4.5
    endloop
  endfacet
  facet normal -1 -0 0
    outer loop
      vertex 38.5 60.1 5.7
      vertex 38.5 53.3 4.5
      vertex 38.5 53.3 5.7
    endloop
  endfacet
  facet normal 1 -0 0
    outer loop
      vertex 31.7 53.3 5.7
      vertex 31.7 60.1 4.5
      vertex 31.7 60.1 5.7
    endloop
  endfacet
  facet normal 1 0 0
    outer loop
      vertex 31.7 60.1 4.5
      vertex 31.7 53.3 5.7
      vertex 31.7 53.3 4.5
    endloop
  endfacet
  facet normal 0 1 -0
    outer loop
      vertex 38.5 53.3 4.5
      vertex 31.7 53.3 5.7
      vertex 38.5 53.3 5.7
    endloop
  endfacet
  facet normal 0 1 0
    outer loop
      vertex 31.7 53.3 5.7
      vertex 38.5 53.3 4.5
      vertex 31.7 53.3 4.5
    endloop
  endfacet
  facet normal 0 -1 0
    outer loop
      vertex 31.7 60.1 4.5
      vertex 38.5 60.1 5.7
      vertex 31.7 60.1 5.7
    endloop
  endfacet
  facet normal 0 -1 -0
    outer loop
      vertex 38.5 60.1 5.7
      vertex 31.7 60.1 4.5
      vertex 38.5 60.1 4.5
    endloop
  endfacet
  facet normal -1 0 0
    outer loop
      vertex 27.8 41.6 4.5
      vertex 27.8 48.4 5.7
      vertex 27.8 48.4 4.5
    endloop
  endfacet
  facet normal -1 -0 0
    outer loop
      vertex 27.8 48.4 5.7
      vertex 27.8 41.6 4.5
      vertex 27.8 41.6 5.7
    endloop
  endfacet
  facet normal 1 -0 0
    outer loop
      vertex 21 41.6 5.7
      vertex 21 48.4 4.5
      vertex 21 48.4 5.7
    endloop
  endfacet
  facet normal 1 0 0
    outer loop
      vertex 21 48.4 4.5
      vertex 21 41.6 5.7
      vertex 21 41.6 4.5
    endloop
  endfacet
  facet normal 0 1 -0
    outer loop
      vertex 27.8 41.6 4.5
      vertex 21 41.6 5.7
      vertex 27.8 41.6 5.7
    endloop
  endfacet
  facet normal 0 1 0
    outer loop
      vertex 21 41.6 5.7
      vertex 27.8 41.6 4.5
      vertex 21 41.6 4.5
    endloop
  endfacet
  facet normal 0 -1 0
    outer loop
      vertex 21 48.4 4.5
      vertex 27.8 48.4 5.7
      vertex 21 48.4 5.7
    endloop
  endfacet
  facet normal 0 -1 -0
    outer loop
      vertex 27.8 48.4 5.7
      vertex 21 48.4 4.5
      vertex 27.8 48.4 4.5
    endloop
  endfacet
  facet normal -1 0 0
    outer loop
      vertex 38.5 41.6 4.5
      vertex 38.5 48.4 5.7
      vertex 38.5 48.4 4.5
    endloop
  endfacet
  facet normal -1 -0 0
    outer loop
      vertex 38.5 48.4 5.7
      vertex 38.5 41.6 4.5
      vertex 38.5 41.6 5.7
    endloop
  endfacet
  facet normal 1 -0 0
    outer loop
      vertex 31.7 41.6 5.7
      vertex 31.7 48.4 4.5
      vertex 31.7 48.4 5.7
    endloop
  endfacet
  facet normal 1 0 0
    outer loop
      vertex 31.7 48.4 4.5
      vertex 31.7 41.6 5.7
      vertex 31.7 41.6 4.5
    endloop
  endfacet
  facet normal 0 1 -0
    outer loop
      vertex 38.5 41.6 4.5
      vertex 31.7 41.6 5.7
      vertex 38.5 41.6 5.7
    endloop
  endfacet
  facet normal 0 1 0
    outer loop
      vertex 31.7 41.6 5.7
      vertex 38.5 41.6 4.5
      vertex 31.7 41.6 4.5
    endloop
  endfacet
  facet normal 0 -1 0
    outer loop
      vertex 31.7 48.4 4.5
      vertex 38.5 48.4 5.7
      vertex 31.7 48.4 5.7
    endloop
  endfacet
  facet normal 0 -1 -0
    outer loop
      vertex 38.5 48.4 5.7
      vertex 31.7 48.4 4.5
      vertex 38.5 48.4 4.5
    endloop
  endfacet
  facet normal -1 0 0
    outer loop
      vertex 42 90.5 5.01
      vertex 42 92.5 6.2
      vertex 42 92.5 5.01
    endloop
  endfacet
  facet normal -1 -0 0
    outer loop
      vertex 42 92.5 6.2
      vertex 42 90.5 5.01
      vertex 42 90.5 6.2
    endloop
  endfacet
  facet normal -0 0 1
    outer loop
      vertex 28 92.5 5.01
      vertex 42 90.5 5.01
      vertex 42 92.5 5.01
    endloop
  endfacet
  facet normal 0 0 1
    outer loop
      vertex 42 90.5 5.01
      vertex 28 92.5 5.01
      vertex 28 90.5 5.01
    endloop
  endfacet
  facet normal 1 -0 0
    outer loop
      vertex 28 90.5 6.2
      vertex 28 92.5 5.01
      vertex 28 92.5 6.2
    endloop
  endfacet
  facet normal 1 0 0
    outer loop
      vertex 28 92.5 5.01
      vertex 28 90.5 6.2
      vertex 28 90.5 5.01
    endloop
  endfacet
  facet normal 0 -0.708859 -0.70535
    outer loop
      vertex 22.75 22.3 5.72205e-07
      vertex 48.7599 20.3099 2
      vertex 24.74 20.3099 2
    endloop
  endfacet
  facet normal 0 -0.708859 -0.70535
    outer loop
      vertex 48.7599 20.3099 2
      vertex 22.75 22.3 5.72205e-07
      vertex 50.75 22.3 5.72205e-07
    endloop
  endfacet
  facet normal 0.708877 0 -0.705332
    outer loop
      vertex 24.74 7.29005 2
      vertex 22.75 22.3 5.72205e-07
      vertex 24.74 20.3099 2
    endloop
  endfacet
  facet normal 0.708877 0 -0.705332
    outer loop
      vertex 22.75 22.3 5.72205e-07
      vertex 24.74 7.29005 2
      vertex 22.75 5.3 5.72205e-07
    endloop
  endfacet
  facet normal -0.708859 0 -0.70535
    outer loop
      vertex 50.75 22.3 5.72205e-07
      vertex 48.7599 7.29005 2
      vertex 48.7599 20.3099 2
    endloop
  endfacet
  facet normal -0.708859 0 -0.70535
    outer loop
      vertex 48.7599 7.29005 2
      vertex 50.75 22.3 5.72205e-07
      vertex 50.75 5.3 5.72205e-07
    endloop
  endfacet
  facet normal 0 0.708868 -0.705341
    outer loop
      vertex 50.75 5.3 5.72205e-07
      vertex 24.74 7.29005 2
      vertex 48.7599 7.29005 2
    endloop
  endfacet
  facet normal 0 0.708868 -0.705341
    outer loop
      vertex 24.74 7.29005 2
      vertex 50.75 5.3 5.72205e-07
      vertex 22.75 5.3 5.72205e-07
    endloop
  endfacet
endsolid OpenSCAD_Model
